Algorithm: GEMM Simple
Result Matrix:
4005 4005 3570 4045 3585 3772 4326 4445 4166 3956 3968 4419 3463 4087 3927 3525 4038 3635 4076 3931 3949 3851 4117 4186 4252 4002 3841 4083 4150 3773 3969 4171 3900 4198 3957 3928 4053 3944 3664 4120 3783 4070 3991 3778 3736 3981 3835 3801 4075 4274 3949 3699 3926 3807 4025 3883 3914 3748 3873 4073 4183 3865 4145 4200 3922 4091 4226 4142 4346 3692 3850 4039 4288 4011 3812 3873 4397 3924 3764 4158 4144 4145 4299 3815 4082 4298 4201 3775 3874 4279 4145 4337 3807 4376 4074 3750 4104 3931 4190 4097 4268 4398 4116 3877 3952 4216 3891 4193 3660 4592 4167 4044 3952 3853 4318 4168 4076 4162 3944 3576 4455 3891 3787 4262 3967 3951 3736 4214 4069 3993 4244 3808 3910 3997 3772 4167 3770 4225 4325 3995 4097 3933 4161 3508 3792 3857 4131 4027 4044 4195 4064 4315 4083 3822 4121 3919 4152 3898 3733 3989 4126 4216 3710 3721 3616 4017 3601 3640 3915 4182 3918 4179 4016 3846 4129 3694 3801 3974 3818 4143 3769 4052 4146 4162 4373 3852 4177 4268 3376 3742 4213 4006 4011 4113 4329 3889 3873 4167 4117 4021 
4024 3997 3883 3956 4087 3945 4094 4368 4035 4117 4167 4160 3553 4065 4033 3736 4229 3782 4103 3954 3988 3961 4203 4265 4131 3766 4038 4122 4549 4007 4411 4003 4055 4073 4049 3791 3930 4027 3843 4026 4084 4137 3908 4245 3857 3891 3735 3848 4168 4024 4072 3982 4025 3924 4313 3667 3685 3751 3795 4014 4045 4076 4237 4126 3983 4133 4251 4070 4502 3795 3715 4056 4048 3934 3839 3749 4192 3633 3902 4071 4174 4187 4407 3996 3887 4152 4316 3863 3890 4173 4076 4439 3913 4414 3948 3767 4152 3963 4062 3913 4089 4129 4073 4065 3606 4241 4287 4093 3989 4583 4119 4179 3943 3682 4296 4205 4104 4256 4189 3772 4292 4221 3854 4268 3913 4109 3903 4575 4137 3911 4435 3931 4026 3837 3661 4072 3773 4302 4251 4006 3995 4089 4032 3525 4001 4041 3929 3802 4058 4183 4071 4416 4223 3869 4077 3620 4239 4166 3800 4188 4082 3981 3940 3906 3715 4230 4031 3547 3817 4284 3992 4529 3927 3905 4391 3910 4219 4182 3682 4102 4050 4175 4225 4134 4221 4236 4254 4246 3825 3777 4262 4022 4216 4308 4094 3909 4114 4351 4018 4330 
3893 3807 3494 3560 3622 3843 4128 4245 4027 3803 3767 4159 3346 3826 3842 3607 3677 3603 3698 3787 3928 3902 3898 3919 4051 3641 3847 4091 4097 3762 3984 4075 3982 3861 3713 3561 3728 3827 3490 3890 3833 3803 3756 3619 3697 3502 3538 3971 3988 3827 3630 3744 3947 3613 3797 3544 3353 3660 3620 4096 3983 3784 4153 4018 3665 4012 4209 3746 4147 3776 3801 3882 3805 4037 3636 3581 4018 3616 3490 3875 4029 3744 4004 3444 3786 4034 4050 3782 3503 4086 3638 3968 3798 4211 3773 3617 3997 3901 3901 3617 3944 4145 3808 3743 3771 3887 3846 3776 3585 4612 4057 3946 3719 3808 4090 3925 3741 3884 3797 3516 4199 4020 3593 3975 3724 4116 3693 3981 4050 3917 4014 3855 3915 3852 3857 3984 3599 3947 4156 4039 3770 3896 4093 3438 3911 3785 3992 4033 3827 3735 4023 4171 3979 3533 4248 3601 4043 3695 3544 3985 3725 4138 3452 3666 3348 4030 3559 3683 3683 3861 3708 3985 3868 3667 3923 3525 3788 3752 3909 3763 3724 3834 3919 4168 4112 3972 4171 3970 3601 3726 4151 3506 3987 4075 4188 3786 3659 4062 3917 3916 
4432 4625 4170 4091 4428 4495 4561 4824 4603 4418 4639 4607 3878 4499 4308 3993 4384 4054 4348 4250 4376 4206 4392 4586 4101 4003 4260 4773 4791 4499 4452 4658 4134 4255 3958 4283 4277 4313 4089 4586 4433 4543 4165 4149 4248 3924 4081 4273 4653 4399 4115 4396 4550 4268 4430 4162 3831 4239 4320 4556 4688 4270 4644 4459 4248 4491 4613 4279 4875 4341 4329 4290 4631 4511 3946 4251 4558 4097 3916 4494 4419 4509 4865 4087 4362 4754 4552 4232 4122 4700 4087 4658 4156 4811 4214 4363 4285 4390 4493 4339 4242 4622 4488 4644 4223 4507 4505 4437 4078 4982 4415 4425 4460 4382 4726 4453 4316 4412 4355 4067 4764 4314 4200 4704 4337 4390 4207 4690 4566 4292 4792 4185 4466 4352 4243 4320 4217 4386 4296 4282 4132 4237 4363 3987 4275 4466 4632 4230 4293 4111 4785 4713 4500 4036 4527 3950 4633 4268 3997 4689 4233 4483 4112 3975 3854 4484 4287 4089 4176 4404 4249 4526 4498 4221 4486 4247 4431 4197 4274 4204 4296 4471 4280 4684 4633 4434 4516 4600 4086 4114 4645 4157 4514 4625 4606 4328 4302 4660 4386 4741 
4657 4478 4306 4507 4783 4505 4903 4584 4837 4509 4638 4783 4320 4650 4462 4137 4559 4306 4724 4427 4488 4610 4604 4759 4504 4344 4250 4785 4951 4589 4908 4736 4466 4435 4379 4512 4308 4286 4254 4759 4680 4525 4511 4524 4438 4434 4484 4371 4732 4815 4509 4421 4767 4439 4374 4347 4032 4373 4337 4817 4861 4362 4802 4666 4460 4826 4523 4489 5268 4587 4466 4590 4510 4625 4282 4302 4957 4328 4323 4726 4675 4439 4959 4466 4298 4842 4448 4528 4464 4681 4584 4884 4365 5053 4603 4307 4566 4368 4603 4564 4662 4769 4881 4481 4493 4961 4708 4868 4158 5296 5024 4686 4645 4465 4921 4568 4596 4597 4454 4516 5010 4895 4319 4735 4855 4803 4446 4867 4765 4735 4873 4374 4706 4345 4460 4791 4577 4667 4825 4350 4534 4280 4627 3994 4596 4759 4568 4404 4371 4570 4904 4901 4555 4268 4926 4257 4951 4469 4325 4581 4469 4786 4244 4347 4313 4631 4200 4346 4334 4545 4346 4792 4545 4481 4754 4699 4365 4371 4531 4380 4570 4641 4779 4764 4771 4715 4788 4727 4385 4395 4782 4334 4594 4944 4729 4819 4416 4792 4521 5010 
4337 4061 3737 3896 3677 4073 4391 4556 4393 4016 3839 4497 3716 3976 4249 3734 3887 3664 4071 4075 4108 4145 4201 4410 4045 3950 4091 4124 4295 3949 4211 4082 4130 4008 3919 4038 3801 3885 3653 4322 4144 4218 3990 4000 4138 3818 4121 4019 4174 4385 4136 3657 4105 3836 4134 3880 3697 3888 3867 4226 3983 3859 4224 4300 3848 4400 4153 4190 4650 4200 3879 4011 4037 3986 4007 4124 4313 3798 3664 4014 4085 3866 4543 4008 4119 4386 4385 4013 3963 4113 4001 4457 4007 4266 4231 4000 4041 4175 4237 3909 4138 4383 4186 4150 3921 4313 4328 4077 3850 4910 4194 4194 4139 3831 4309 4136 4208 4109 3867 3659 4436 4211 4137 4213 4209 4142 3912 4692 4147 4233 4583 3861 4113 3882 3939 4209 4226 4143 4198 4285 4040 4240 3970 3665 3961 4348 4102 4192 4307 4328 4296 4501 4231 3891 4499 3781 4238 4043 3776 4066 4192 3997 3834 3830 3782 4206 3722 3808 3879 4285 3879 4234 4329 4303 4248 3911 4130 4055 3640 4143 4141 4233 4261 4428 4460 4125 4326 4122 3778 3816 4247 3659 4273 4426 4361 4091 3972 4450 4237 4334 
3913 3865 3578 3913 3805 4003 4544 4438 4066 4078 4046 4220 3621 4225 3968 3708 3991 3757 4247 4167 4014 3765 3995 4179 3951 3816 3864 4305 4234 3877 4150 4116 4064 3896 3715 4017 3989 3656 3686 4157 3962 4207 4114 3982 3873 3937 3744 4131 4074 3820 3813 3817 4009 3837 4031 3798 3800 3887 3755 4203 4111 3808 4268 4328 3931 4424 4165 3821 4428 3950 4039 4120 4232 3931 3679 3761 4423 3671 3741 4216 4091 4015 4517 3801 4016 4169 4002 3776 3965 4039 3907 4276 3846 4210 4049 3844 3940 3836 4260 4118 4176 4157 4283 3951 3687 3954 3685 4113 3946 4464 4093 4142 3907 3660 4364 4128 4037 4062 3793 3834 4614 3857 3660 4152 4068 4107 3900 4391 4018 4025 4208 3930 4127 3984 3763 4121 3776 4119 4268 4183 3878 3742 4041 3447 3832 3982 4025 3962 3847 3966 4249 4562 3938 3891 4382 3592 4099 3945 3623 4257 4081 3979 3610 3773 3548 4136 3657 3499 3904 4468 3927 4070 4144 4011 4081 3823 3893 3773 3925 4014 3755 4019 4100 4172 4109 4012 4131 4042 3722 3604 4406 3954 4159 4390 4142 4068 4217 4176 4104 4049 
4245 4033 3829 3898 3964 4003 4160 4467 4118 4120 4066 4342 3765 4222 4170 3749 4006 3837 4025 3952 3952 4096 4018 4343 4139 3817 3816 4262 4436 4032 4285 4155 4013 4004 3719 4093 4011 3799 3883 4168 3926 4264 4046 4020 3766 3852 3820 4069 4174 4125 4029 3833 4013 3953 4047 4008 3823 4055 4003 3914 4239 4179 4246 4004 3982 4259 4231 4292 4499 3790 3969 3981 4062 4155 3777 3899 4466 3895 3726 4213 4157 4139 4454 3914 4092 4222 3979 4002 3887 4032 4103 4406 3889 4554 3906 3985 3995 3741 4109 4015 4089 4100 4278 4031 3927 4118 4226 4153 3836 4590 4182 4284 4090 3876 4302 4059 4007 4161 3924 3767 4422 4272 3776 4338 3914 4061 3932 4227 4255 4168 4265 3840 3947 4057 4126 4223 3894 3988 4299 4143 4105 3737 4127 3622 3842 3849 4188 3965 4038 4193 4162 4393 4023 3607 4251 3797 4242 4129 3774 4019 4059 4158 3830 3860 3574 4063 3758 3550 3948 4156 3903 4321 4339 4027 4218 4057 3938 3960 3933 3999 4004 4210 4237 4514 4316 4039 4250 4322 3609 3955 4240 3803 4187 4329 4375 4246 3949 4241 3968 4298 
4183 3759 3664 4001 3815 3849 4204 4179 4073 4024 3828 3981 3464 4052 3676 3815 3830 3666 4017 3972 3827 3762 3810 4042 4001 3758 3756 4144 4244 3901 4064 4275 3819 3859 3670 3958 3639 3873 3517 3937 3689 4197 4031 3969 3624 3820 3778 3836 4088 4083 3752 3743 4098 3863 3882 3961 3803 3827 3683 4016 4028 3744 4037 4040 4054 3958 4207 3838 4429 3914 3842 3998 3923 4004 3615 3862 4275 3792 3933 3841 3902 4055 4208 3998 3813 4035 3841 3838 3803 3973 3940 4115 3621 4370 3946 3796 4217 3587 3847 3920 4032 4035 3963 3996 3924 4046 3844 4150 3562 4575 4170 3946 3996 3810 4188 3989 4074 3783 3737 3546 4347 4036 3677 4028 3761 3778 3737 4240 4069 3848 4204 3696 4124 3906 3678 4239 3936 3976 4003 4046 3989 3731 4046 3497 3701 3895 3927 3810 4042 4068 3997 4278 3873 3919 4156 3786 4167 3947 3778 4198 3911 3910 3493 3859 3588 4051 3560 3448 3934 3994 3628 3891 4152 3890 4410 3721 4049 3833 3866 4069 3964 4110 3999 4005 4106 3700 4166 4148 3617 3819 4060 3943 4115 4145 4230 3636 3765 4069 3848 3966 
4412 4059 3693 3958 4143 4029 4334 4352 4233 4071 4344 4306 3723 4185 4010 3838 4129 3786 4232 4062 3994 4127 4111 4386 4232 3739 3914 4179 4564 4042 4180 4329 4061 3775 3736 3841 3857 3898 3671 4393 4009 4272 3939 3904 4036 3875 4168 3927 4117 4139 4112 3791 4128 4074 3843 3968 3698 3903 3993 4311 4212 3922 4483 4393 3984 4221 4154 4270 4526 4017 3868 4015 4013 4030 3913 3937 4599 3753 3988 4166 4042 3983 4425 3986 4267 4197 4154 4053 3865 4125 4332 4372 4058 4408 4088 4031 4264 4032 4232 3977 4248 4265 4258 3978 3990 4456 4221 4374 3851 4825 4305 4101 3960 4025 4439 4224 4280 3942 4000 3877 4467 4315 3898 4238 4066 4272 3861 4526 4252 4045 4496 4080 3996 3910 4007 4218 3820 4303 4402 3917 4004 4159 4122 3724 3919 4246 4274 4069 3925 4100 4373 4494 4034 3959 4414 3609 4479 4050 3998 4279 4164 4211 3819 3811 3940 4347 4020 3938 3946 4452 4027 4283 4080 4184 4187 3842 3996 3802 3669 3952 3997 4239 4213 4239 4503 4101 4251 4347 3921 3684 4459 3860 4147 4368 4231 4033 3928 4101 4184 4417 
4013 4073 3771 3900 3880 4073 4286 4621 4281 4131 4160 4426 3796 4238 4112 3926 4192 3873 4209 4033 4028 4065 4323 4397 4448 3915 4042 4236 4455 4093 4248 4028 3994 4120 3882 3900 3987 3891 3814 4142 4162 4164 3979 3913 4128 3868 3921 4019 4206 4298 4076 3825 4038 3922 4075 3847 3710 3854 4005 4077 4240 3996 3892 4422 3999 4433 4184 4115 4416 3919 3948 4230 4389 4067 3839 3726 4502 3786 3789 4185 4185 4002 4622 4069 4101 4306 4319 3842 3891 4273 4146 4099 4105 4411 4176 4059 4046 3965 4184 4041 3931 4166 4260 4052 3808 4151 4179 4041 3740 4495 4347 4267 4225 3959 4322 4155 4229 4175 3990 3900 4566 4064 3857 4260 3990 4089 3878 4500 4127 4157 4290 3909 4073 4118 3699 4359 3846 4201 4136 4308 4135 3933 4182 3670 3944 4202 4229 4009 4170 3922 4121 4491 3909 3977 4354 3566 4327 3947 3880 4006 4003 4218 3915 3891 3307 4151 3738 3947 3856 4339 3811 4404 4217 4273 4111 3856 4300 3934 4052 4244 4003 4215 4107 4252 4044 4182 4073 4432 3702 3864 4407 3841 4302 4281 4431 3963 4031 4305 4201 4277 
4345 3849 3908 3855 3972 3922 4246 4023 4088 4023 4041 4342 3512 4051 3947 3867 3972 3599 4041 3893 3878 3553 4005 4201 3903 3664 3869 4164 4314 3860 4214 3971 3708 3823 3649 3999 3811 3797 3841 4195 4209 4130 4044 3903 4094 3764 3852 3815 4312 3933 3914 3842 4019 3866 3973 3746 3774 3892 3935 4242 4304 4001 4142 4285 4147 4326 4053 4223 4290 3801 3853 3843 4074 3995 3733 3715 4359 3773 3673 3817 4074 3733 4519 3863 3870 4214 4202 3841 3682 4044 3919 4088 4013 4399 4097 3982 3938 4179 4011 3922 3890 4143 4178 3933 3873 4246 3755 4004 3619 4685 4181 4097 4057 3846 4267 3982 3895 3981 4044 3850 4318 4042 4223 4248 4052 4087 3819 4395 3911 3827 4453 3901 4119 3973 3818 3979 3831 4102 4248 4061 3962 3719 4033 3502 3851 4074 3971 3919 4062 3739 4308 4219 4127 3953 3991 3700 4000 3700 3438 4279 4123 4219 3892 3792 3354 4454 3812 3697 3928 4226 3803 4297 3999 4102 4063 3768 4209 3823 3640 4013 3929 4099 3929 4056 4098 3952 4253 4212 3799 3586 4217 3911 4305 4303 4199 3917 3990 4247 4147 4400 
4113 3931 3885 4246 4031 3923 4564 4509 4356 4079 4155 4328 3716 3919 4163 3921 4125 3736 4104 4124 3989 3953 4241 4308 4207 3733 3911 4286 4528 4139 4377 4257 4089 4012 3761 4057 4204 3870 3510 4225 4227 4356 3976 3919 3941 4077 3916 3863 4260 3862 3990 3942 4072 4122 4057 4138 3784 3961 3918 4338 4296 4063 4094 4131 4001 4231 4387 4183 4325 3996 3915 4004 4145 4050 3762 3761 4447 3685 3771 4171 4194 3958 4436 3835 4048 4215 4121 3885 3853 4276 4134 4327 4066 4557 4370 4035 4073 3868 4175 3976 4102 4314 4336 4287 4042 4288 4057 4390 3802 4673 4137 4264 4221 4047 4200 4156 4074 3908 3905 3827 4680 4137 4058 4154 4117 4079 3834 4251 4088 4098 4212 3912 4055 4251 3949 4386 3873 4367 4209 4274 4250 3866 4436 3811 3868 3977 4230 4398 4010 4195 4099 4275 3971 4046 4112 3703 4297 3909 3819 4298 3976 4231 3902 3909 3525 4284 3825 3837 3978 4474 3981 4405 4078 4166 4289 3992 4083 3864 3922 4095 4113 4223 4133 4330 4201 4187 4279 4571 3785 3643 4313 3834 4069 4342 4425 4309 4153 4133 4047 4331 
3990 3943 3653 3613 3560 3722 3979 4224 3947 3928 3843 4100 3368 3801 3716 3595 3849 3623 4124 3703 3764 3921 3837 3804 3763 3702 3999 3925 4122 3802 4121 3764 3843 3817 3436 3869 3853 3598 3659 4047 3808 3987 3567 3791 3848 3830 3747 3652 3982 3832 3828 3607 4040 3626 3771 3879 3602 3862 3746 3967 3845 3746 3976 3975 3840 4157 4028 3928 4331 3743 3864 3936 4061 3901 3483 3575 4079 3553 3469 3955 3875 3932 4317 3482 3948 4089 3897 3762 3804 4134 3633 4274 3664 4170 3845 3716 3936 3939 4004 3850 3922 3982 4066 3965 3813 3913 3796 4027 3728 4554 3983 3997 3918 3635 3988 3965 3873 3862 3949 3692 4104 3619 3635 3965 3817 3788 3749 4185 3933 3706 4055 3775 3998 3723 3779 3811 3719 3957 3779 3984 3803 3548 4061 3308 3873 3974 3797 3871 4071 4131 4041 4172 3897 3742 4093 3607 4182 3589 3551 4104 3838 3825 3648 3546 3396 3908 3425 3478 3709 3972 3873 3900 4104 3872 3895 3697 4062 3759 3893 3915 3899 3912 3850 4086 3902 3941 4145 4166 3637 3769 4041 3801 3865 4152 3886 3758 3996 4133 3818 4026 
4302 4195 4192 4173 4339 4145 4380 4719 4253 4323 4394 4434 3884 4448 4232 3763 4350 4009 4306 4122 4163 4249 4174 4471 4192 4018 4022 4397 4496 4206 4352 4412 4144 4166 3985 4016 4047 4002 3858 4232 4064 4209 3972 4235 4003 4085 4030 4063 4331 4005 4188 4026 4334 4167 4175 4138 3809 4013 3906 4190 4407 4058 4456 4363 4154 4337 4386 4211 4816 3991 3972 4090 4442 4408 3888 3968 4542 4059 4015 4338 4234 4239 4385 3972 3996 4303 4215 4092 3850 4367 4186 4560 4076 4674 4120 4025 4408 4170 4205 4255 4118 4406 4366 4103 4054 4310 4406 4400 3975 4756 4633 4364 4108 4302 4664 4247 4345 4201 4111 4001 4648 4407 3928 4268 4067 4312 3961 4694 4499 4257 4417 4229 4383 3931 4091 4355 4075 4246 4661 4263 3965 3914 4198 3764 4241 4246 4380 4135 4100 4170 4446 4550 4464 3954 4325 3803 4518 4250 4046 4242 4133 4417 3895 4102 3875 4281 4252 3761 4035 4431 3984 4377 4158 4140 4508 4165 4327 4008 4107 4062 4219 4346 4387 4430 4362 4255 4484 4453 3957 3948 4590 3837 4358 4575 4422 4170 4134 4606 4458 4365 
3906 3764 3655 3696 3609 3594 4170 4219 4287 4072 4047 3914 3418 3861 3856 3650 3613 3683 3922 3548 3549 3684 3987 3855 3825 3708 3758 4014 4106 3711 3778 4119 4129 3969 3821 3661 3834 3697 3492 4015 3896 3969 3736 3884 3836 3828 3659 3756 3974 3957 3737 3775 4138 3650 3931 3804 3476 3723 3927 3756 3883 3859 4036 3981 3892 4036 4056 3953 4403 3786 3851 3841 3962 3776 3693 3663 4217 3403 3561 3854 3992 3929 4130 3685 4072 4209 4030 3720 3736 3875 3629 4197 3723 4166 3880 3788 3726 3864 4158 3773 3717 4129 3926 3874 3534 3862 3814 4242 3849 4327 3966 4093 3651 3629 4024 4071 3800 3802 3644 3497 4268 3896 3626 4036 3804 3812 3788 4096 3954 3874 4162 3594 3915 3891 3608 3814 3705 4008 3944 4095 3784 3875 3607 3328 3734 3997 3904 4080 4052 4050 4009 4353 3887 3534 4203 3472 4224 3904 3615 3973 3783 3753 3564 3719 3455 4289 3505 3486 3654 4082 3758 3990 3930 3971 3828 3636 4089 3761 3541 3769 3975 3874 3918 4000 4069 3865 4076 3839 3645 3529 4006 3606 3882 4156 4217 3781 4135 3871 3876 3915 
4111 3705 3545 3545 3875 3823 4261 3889 3876 3888 3861 4080 3640 3977 3924 3658 3994 3304 3981 3877 3543 3830 3756 3968 3948 3494 3889 3974 4101 3924 4076 3982 3681 3767 3664 3854 3566 3692 3574 4026 3844 3905 3679 3925 3486 3765 3598 3674 3795 3858 3721 3531 4078 3828 3600 3889 3407 3789 3758 3892 3963 3788 4029 3914 3886 3754 3828 3762 4243 3747 3533 3748 3878 3995 3553 3751 4122 3579 3621 3787 3801 3789 4275 3747 4084 4034 3958 3609 3646 3825 3636 3879 3682 4085 3975 3879 3656 3732 3790 3799 3494 3861 3855 3854 3687 3911 3935 3852 3775 4596 3699 4152 3749 3863 4139 4061 3818 3968 3910 3603 4171 4052 3732 3830 3736 4136 3635 3969 4014 3971 4266 3578 3935 3821 3811 4016 3614 3974 4119 4124 3766 3530 4090 3426 3815 3863 3984 3819 3767 3940 3956 4129 3863 3622 4097 3418 3975 3700 3782 3911 3919 3879 3566 3812 3540 4170 3819 3706 3665 3891 3867 3883 4101 3846 3973 3879 3880 3462 3665 3807 3871 4110 3972 4057 4004 3763 4049 4003 3436 3733 3801 3697 3966 4182 4193 3783 3570 3787 3780 4160 
4057 3786 3776 4096 4050 4110 4304 4339 4368 3877 4127 4212 3553 4069 4027 3665 3868 3592 3940 3967 4023 3568 4136 4182 4171 4199 3882 4136 4122 3933 3950 4196 3862 3850 3818 3754 3706 3836 3772 3940 3928 4012 3637 3727 3812 3752 3811 3847 4127 4190 3822 3891 4103 3690 4077 3595 3488 3754 3915 4037 3892 3798 4288 4279 3951 4123 4357 3986 4431 3979 3620 4098 4136 3890 3681 3892 4291 3783 3654 4115 4032 4065 4442 3722 4226 4182 4276 3846 3711 4276 4101 4320 3916 4192 3828 3868 4093 3828 4018 3939 3906 4142 3946 3912 3814 4173 3862 4061 3931 4501 4072 4055 3717 4141 4304 4106 4036 3996 3848 3690 4320 3899 3979 3991 3857 3903 3963 4245 4094 3894 4159 3851 4042 3923 3839 4044 3782 4158 4133 3850 3652 3967 4200 3582 3848 4175 4158 3937 3963 3895 4060 4455 4106 3875 3950 3457 4215 3687 3605 4105 3920 3999 3743 3697 3616 4120 3808 3797 3875 4335 3915 4165 4106 3953 4003 4130 3841 3692 3623 3952 3852 4210 3947 4108 4051 3894 4179 4162 3550 3621 4076 3852 4137 4198 4139 3994 3813 4190 4154 4260 
4389 4145 4009 4088 4153 4127 4456 4831 4473 4225 4602 4781 3852 4744 4220 3982 4307 4141 4323 4129 4248 4311 4220 4388 4433 3876 4172 4343 4654 4166 4235 4318 4226 4403 4004 4045 4074 4036 3926 4437 4132 4584 3964 3868 4126 4204 4247 4215 4533 4238 4166 4319 4160 4163 4206 4155 3866 4234 4210 4473 4395 4117 4365 4376 4209 4338 4559 4196 4537 4234 4295 4083 4153 4330 4009 4078 4484 3963 3959 4160 4290 4536 4540 4251 4277 4299 4357 4290 4051 4214 4184 4582 4215 4689 4357 4177 4305 4058 4252 4280 4095 4328 4606 4085 4120 4177 4168 4293 3862 4816 4390 4328 4263 4185 4531 4632 4035 4292 4267 3955 4531 4363 4140 4542 4033 4429 4208 4424 4110 4285 4444 4135 4294 4193 4040 4195 4092 4330 4559 4403 4220 4127 4340 3964 4126 4102 4359 4356 4303 4300 4528 4870 4285 4105 4229 4072 4765 4260 3957 4276 4124 4296 3996 4044 3825 4488 4113 4021 4177 4528 4054 4454 4451 4131 4360 4015 4333 4053 4186 4052 4478 4447 4385 4527 4452 4050 4460 4455 3685 3924 4432 3847 4589 4695 4595 4139 4261 4501 4250 4542 
4103 3842 3703 3495 3708 3698 4193 4055 4007 4070 3892 3977 3540 4087 3928 3701 3926 3657 4009 3835 4052 4081 3870 3947 3946 3586 3881 3804 4109 4016 4113 3858 3837 3963 3586 3957 3860 3721 3696 4010 4074 4120 4109 3865 3827 3900 3572 3882 3999 3858 3623 3677 3960 4026 4012 4032 3647 3711 3919 4036 4032 3855 3912 4126 3966 4107 4019 3883 4514 3867 3689 3831 3893 3859 3625 3564 4210 3568 3640 4094 3865 3912 4419 3892 4229 4249 4191 3719 3932 3973 3799 4032 3730 4123 3922 3912 3829 3801 4164 3765 3838 3964 4107 3975 3906 4021 3952 4039 3797 4409 3883 4179 3638 3829 4072 4059 3924 3887 3807 3756 4296 4061 3861 4230 3902 3929 3696 4031 3794 4010 4246 3609 3948 3960 3904 4144 3820 3901 4154 4155 3983 3550 4036 3273 3897 3839 3980 3828 4027 3933 4024 4205 3978 3736 4093 3870 3909 3700 3714 4047 3919 3987 3957 3890 3401 4204 3568 3501 3755 4041 3775 3957 3962 3959 3999 3782 4239 3833 3770 3879 3825 3938 3790 4101 4011 3835 4038 3942 3417 3837 4089 3907 3794 4393 4192 3968 4090 4179 3864 4245 
4244 4268 3949 4109 4126 3899 4465 4586 4243 4391 4452 4448 3624 4286 4122 3724 4163 3874 4242 3995 3974 4123 4191 4304 4343 3635 3993 4344 4495 4288 4287 4348 4019 3958 3875 4177 4133 4025 3788 4209 4011 4346 3988 3970 3696 4019 4245 4008 4339 4299 4177 3796 4231 4243 4120 4139 3595 4165 3751 4237 4500 3979 4289 4158 4237 4505 4196 4072 4573 3729 3831 4127 4364 4378 3834 3799 4441 3817 3923 4270 4236 4300 4453 4032 3980 4480 4186 4021 3855 4471 4320 4538 3962 4587 4060 4006 4188 3881 4277 4021 4075 4220 4121 3812 4010 4410 4427 4389 3868 4890 4405 4163 4174 4293 4500 4256 4373 4060 4276 3944 4543 4217 4054 4324 4186 4269 3758 4365 4291 4095 4328 4160 3995 4071 4025 4318 3791 4176 4369 4084 4223 4205 4207 3563 4078 4328 4191 4048 4105 4154 4300 4289 4319 3972 4362 3928 4652 4085 4103 4163 4266 4225 4100 3902 4026 4229 4057 3693 4010 4607 4065 4205 4142 4008 4470 3880 4448 3724 3674 4252 4110 4236 4218 4329 4400 4161 4233 4290 3927 3728 4390 3788 4331 4371 4222 3916 4059 4298 4004 4353 
3971 3729 3609 3652 3627 4007 4204 4116 4148 3978 3640 4068 3357 4179 3831 3519 3768 3791 3917 3995 3634 3927 3948 4163 3912 3733 3909 4148 4489 4051 3884 4038 3852 4103 3908 3788 3736 3737 3546 3874 3867 3933 3745 3802 3763 3745 3678 3817 3925 4083 3833 3741 3694 3848 3579 3488 3621 3446 3680 4074 4013 3685 3896 4163 3613 4104 4120 3952 4263 3713 3701 3775 3692 3873 3740 3725 4403 3459 3646 3883 3781 3954 3984 3651 3930 3752 3897 3945 3660 3908 3950 4033 3897 4045 4103 3309 3842 3784 3831 3671 3731 3917 3989 3636 3757 3911 3887 3836 3469 4455 3882 3982 3738 3757 4171 4097 3753 4010 3721 3476 4132 3938 3652 3947 3892 4067 3350 4164 3670 3688 3947 3734 3882 3818 3562 3954 3702 4098 4167 3903 4035 3857 3968 3426 3872 3962 3871 3961 3887 3920 3916 4207 3956 3781 3997 3723 4150 3940 3602 4001 3815 3890 3617 3647 3629 3894 3520 3493 3661 4011 3739 3896 3933 3798 4080 3436 4071 3565 3644 4032 3710 3907 4116 4062 4100 3877 4161 3906 3586 3827 4058 3701 3859 4160 4008 3873 3767 4076 3938 4077 
4206 4217 4003 4112 4233 4025 4576 4513 4561 4071 4278 4353 3809 4463 4271 3889 4236 3875 4263 4242 4214 4220 4323 4383 4318 4051 4172 4381 4689 4198 4417 4333 4131 4113 4048 4144 3938 4143 3937 4493 4207 4596 4192 4131 4028 3943 3970 4143 4330 4181 4100 3885 4367 4272 3949 4225 3777 3833 4135 4530 4367 3924 4196 4490 4181 4723 4305 4420 4694 4067 3914 4231 4348 4213 4098 3795 4561 3852 3949 4387 4220 4076 4493 4053 4146 4352 4254 4227 3801 4424 4158 4489 4135 4693 4452 4023 4247 4147 4374 3988 4229 4444 4234 4241 4066 4461 4307 4480 3940 4755 4336 4621 4215 4227 4536 4385 4314 4193 4222 3869 4503 4422 4193 4356 4390 4390 4151 4388 4289 4192 4533 4266 4348 4298 4251 4434 3975 4378 4592 4275 3972 4137 4185 3957 4187 4252 4474 4346 4108 4169 4355 4770 4174 3974 4318 3884 4571 4170 3993 4446 4234 4495 3898 4103 3756 4381 4029 3865 4035 4524 3950 4421 4099 4277 4349 3905 4336 3906 3915 4255 4095 4371 4223 4553 4377 4376 4480 4362 3967 3973 4459 3922 4250 4475 4534 4066 4000 4511 4328 4463 
3817 3797 3522 3730 3509 3892 4082 4144 3924 3760 3911 4220 3237 3831 3749 3754 3577 3409 3780 3947 3629 3835 3769 3923 3713 3270 3711 4035 3936 3735 3998 3846 3748 3903 3644 3740 3592 3509 3520 3988 3985 3894 3837 3778 3543 3743 3733 3822 3942 3620 3719 3669 4017 3614 3922 3706 3527 3615 3775 3682 3976 3979 3846 3823 3847 4061 3813 3808 4285 3680 3680 3895 3883 3697 3555 3612 4169 3368 3481 3938 3847 3695 4196 3871 3726 3982 3854 3533 3589 3842 3775 3846 3825 3928 3900 3582 3984 3810 3934 3822 3842 4099 3853 3852 3623 3787 3646 3772 3660 4467 4043 3852 3808 3704 3977 3976 3770 3882 3692 3639 4260 3651 3747 3734 3934 4078 3691 3986 4051 3799 4117 3732 3689 3970 3748 3826 3538 4040 4068 4032 3849 3468 3830 3199 3829 3800 4040 3779 3862 3742 3921 4062 3925 3643 4162 3404 3985 3584 3490 4035 3907 3950 3594 3548 3257 3921 3723 3732 3485 4109 3586 4055 3880 3747 4020 3759 4057 3692 3608 3844 3786 3990 4014 3796 3804 3500 3879 3814 3492 3544 3766 3625 3788 4147 3974 3565 3806 3859 3817 4041 
4114 4081 3562 4084 3729 3931 4307 4285 4322 4019 4071 4350 3510 3982 3932 3712 4103 3730 4041 4148 4062 4191 4004 4223 3858 3891 4029 4248 4135 3974 4195 4081 3777 4075 3879 3951 4147 3884 3651 4118 3938 4263 3929 3809 3669 3894 4024 4051 4131 4005 3920 3849 4115 3930 3841 3866 3731 3946 3947 4232 4033 3544 4232 4246 3961 4146 3952 3860 4376 4147 3926 4135 4107 4070 3743 3962 4268 3851 3750 4063 4001 3992 4367 4035 4200 4260 3982 3805 3934 4113 4192 4024 4012 4459 4035 3662 4189 3845 4059 3803 3966 3889 4254 3773 3813 4086 4131 4111 3961 4978 4181 4106 4045 4126 4393 4209 3657 3954 3963 3995 4512 4081 3883 4337 4037 4142 4102 4247 4185 4004 4168 3807 3877 4005 3921 4316 4038 4368 4066 4163 3991 3716 4164 3485 3770 4119 3962 3977 4135 4025 4397 4611 3873 3789 4450 3620 4383 4008 4110 4175 3939 3828 3773 3963 3933 4117 3702 3801 4077 4087 3938 4122 4088 4016 4379 3707 3940 3737 3834 3900 4050 4255 4165 4204 4160 4062 4117 4187 3782 3580 4198 3794 4040 4216 4122 3899 3769 4041 3894 4516 
3712 3844 3531 3918 3527 3652 3940 3964 3855 3869 3591 4098 3383 3781 3916 3600 3525 3467 3719 3878 3694 3919 3718 3772 3539 3646 3522 4066 3955 3731 3883 4014 3801 3596 3552 3571 3616 3427 3538 3799 3698 3813 3741 3853 3764 3524 3511 3957 3718 3754 3800 3432 3918 3679 3711 3536 3215 3860 3621 3792 4106 3537 3750 3959 3636 3965 4011 3697 4186 3646 3709 3784 3656 3951 3338 3527 3970 3656 3624 4011 3828 3990 4064 3652 3675 3914 3574 3670 3349 3791 3739 4126 3858 4166 3731 3703 3802 3494 3820 3749 3812 3775 3794 3850 3636 3894 3930 3902 3625 4351 3946 3726 3794 3695 4036 3662 3776 3607 3576 3728 4007 3772 3493 3810 3826 3845 3699 4068 3767 3926 3920 3747 3724 3835 3786 4012 3626 3814 3984 3907 3586 3763 3868 3378 3688 3692 3797 3798 3913 3521 3930 4011 3840 3424 3921 3451 4053 3576 3784 3852 3571 3977 3512 3621 3385 3736 3504 3572 3682 4031 3518 3943 3696 3547 3879 3629 4125 3874 3586 3894 3699 4056 3910 3943 3844 3693 4012 3880 3637 3429 4027 3446 3909 3991 4057 3840 3736 3930 3837 3793 
4111 4330 4148 4347 4112 4195 4387 4460 4453 4315 4275 4560 3506 4292 4198 3921 4456 4005 4254 3948 4196 4104 4216 4374 4217 3962 4042 4414 4756 4305 4252 4115 4241 4241 3921 4073 4105 4100 3778 4241 3774 4295 4050 4193 3883 4090 4183 4102 4423 4445 4246 4068 4388 4355 4088 3962 3843 3977 4133 4457 4546 3920 4346 4393 4244 4416 4551 4573 4519 3827 3986 4199 4284 4182 3892 4098 4590 3896 4052 4118 4140 4372 4601 4035 4357 4355 4366 3962 4062 4299 4274 4357 4193 4564 4236 4172 3984 3849 4316 4305 4126 4336 4291 4090 4016 4390 4097 4427 3953 4723 4257 4304 4128 4257 4308 4585 4245 4414 4214 3998 4695 4316 3966 4523 4123 4219 4031 4447 4296 4122 4397 4178 4202 4115 3805 4488 4009 4208 4464 4091 4297 4128 4061 3826 3887 4264 4054 4300 4202 4316 4187 4765 4116 4009 4374 3839 4711 3952 4057 4393 4227 4240 4109 3866 3724 4523 4038 3689 4041 4343 4293 4605 4267 4129 4071 3896 4316 4019 3740 4201 4214 4320 4325 4529 4448 4342 4385 4606 3731 3701 4348 4217 4527 4414 4375 3817 4151 4442 4060 4459 
3894 3911 3677 3750 3859 3801 4207 4120 3973 3816 4009 4054 3504 4137 3796 3649 3821 3467 3983 3883 3746 3909 3882 4065 3971 3750 3920 4018 4397 3781 4017 3713 3888 4041 3778 3744 3809 3842 3468 3913 3879 4032 3672 3766 3625 3661 3924 3741 3874 3738 3824 3565 3959 3843 3735 3605 3573 3716 3601 3761 3981 3530 3766 4059 3822 4126 3939 3998 4146 3630 3713 3924 3889 3580 3682 3598 4168 3575 3656 3803 3808 3972 4253 3578 4091 3895 4113 3584 3721 3889 4001 4034 3763 4138 3976 3761 3980 3801 3672 3691 3674 3877 4046 3749 3879 3994 3818 4048 3644 4609 3859 3934 3815 3755 4112 4065 3941 3803 3792 3545 3896 3752 3644 3918 3782 3908 3479 4060 3953 3861 3977 3959 3764 3806 3614 4027 3451 4007 4164 3922 3866 3883 3862 3459 3893 4014 3944 3944 3896 3928 4068 4086 3834 3735 4027 3462 4201 3743 3612 3899 3806 3777 3782 3720 3378 4098 3618 3534 3490 3956 3550 3932 4250 3992 3988 3570 3954 3460 3589 3935 3872 4058 3878 3967 3930 3826 3971 4094 3404 3505 4137 3680 3785 4163 3934 3674 3866 3926 3816 4062 
4475 4471 4167 4406 4281 4335 4696 4651 4601 4578 4576 4601 3899 4401 4230 3904 4355 3976 4383 4441 4295 4429 4334 4394 4589 3853 4184 4469 4735 4358 4418 4485 4448 4516 4054 4503 4218 4113 3943 4587 4289 4613 4247 4339 4382 4250 4397 4158 4417 4515 4368 4219 4504 4412 4356 4171 4201 4209 4115 4306 4574 4286 4446 4380 4292 4819 4589 4458 4872 4317 4267 4320 4499 4188 4199 4086 4704 4033 4223 4336 4374 4357 4707 4259 4409 4454 4382 4193 4307 4463 4297 4713 4258 4608 4437 4436 4405 4136 4546 4385 4440 4527 4537 4293 4087 4551 4186 4745 3947 5083 4489 4450 4263 4207 4529 4348 4600 4392 4369 4021 5005 4512 4178 4479 4311 4547 4132 4882 4428 4354 4775 4089 4242 4405 4239 4581 4453 4485 4515 4135 4352 4332 4559 4096 4304 4393 4545 4297 4250 4472 4431 4741 4299 4220 4586 4189 4583 4232 4248 4422 4239 4488 4239 4002 3978 4621 4192 4108 4276 4557 4120 4556 4518 4391 4338 3950 4439 4070 4177 4425 4180 4382 4421 4644 4667 4272 4600 4730 3904 3766 4477 4154 4485 4825 4740 4294 4455 4553 4178 4750 
4366 4255 3987 4327 4332 4382 4372 4378 4529 4238 4233 4438 3780 4378 4061 4064 4103 4052 4627 4305 4230 4078 4193 4526 4039 4072 4002 4518 4609 3973 4300 4252 4252 3876 3875 4012 3996 4097 3880 4444 4321 4271 4315 4430 4189 3987 3983 4102 4363 4408 4086 4112 4347 4032 4265 4048 4008 4078 4240 4331 4400 4129 4268 4611 4122 4220 4451 4214 4597 4162 4107 4125 4402 4161 3879 4190 4487 3985 4024 4302 4405 3997 4703 3901 4052 4326 4452 4128 4225 4447 4063 4464 4097 4686 4167 4142 4397 4343 4196 4163 4277 4373 4503 4145 3962 4328 4027 4342 3886 4710 4387 4313 4349 4191 4594 4050 4165 4143 4089 3928 4920 4423 4135 4580 4177 4120 4243 4938 4210 4127 4590 4298 4401 4367 4175 4374 4350 4450 4269 4243 4152 3896 4162 3916 4128 4238 4227 4286 4139 3980 4311 4703 4419 3938 4383 3912 4582 4030 4006 4508 4163 4486 3835 4027 3744 4520 3997 4026 4118 4364 3902 4577 4387 4428 4410 4197 4497 4218 4002 4060 4050 4363 4259 4297 4362 4462 4495 4634 4013 3822 4438 3957 4180 4666 4443 4233 4120 4473 4250 4395 
3767 3830 3142 3592 3491 3521 3703 3832 3729 3709 3730 3817 3210 3822 3396 3518 3876 3388 3547 3599 3611 3665 3584 3794 3681 3454 3476 3870 3889 3528 3860 3626 3552 3672 3287 3542 3507 3576 3364 3749 3480 3964 3497 3406 3322 3438 3315 3674 3725 3720 3376 3370 3520 3593 3489 3469 3440 3592 3665 3700 3643 3430 3860 3753 3510 3765 3806 3601 3723 3409 3287 3505 3923 3649 3021 3455 3701 3507 3644 3714 3645 3844 3933 3282 3656 3711 3593 3499 3416 3602 3520 3844 3401 3710 3538 3595 3716 3560 3654 3305 3657 3573 3740 3614 3297 3471 3605 3615 3312 4173 3632 3596 3474 3433 3827 3810 3547 3677 3553 3374 3815 3522 3549 4019 3309 3687 3481 3879 3771 3298 3854 3267 3586 3590 3385 3801 3341 3831 3742 3922 3651 3445 3536 3346 3484 3513 3828 3717 3902 3677 3554 3962 3516 3342 3542 3339 3643 3713 3451 3789 3629 3620 3337 3530 3413 3915 3239 3345 3527 3749 3508 3733 3798 3600 3802 3293 3692 3276 3359 3708 3429 3654 3623 3753 3857 3712 3709 3899 3440 3337 3715 3311 3887 3685 3682 3516 3583 3810 3684 3789 
4318 4371 3880 4207 4064 4291 4508 4620 4448 4277 4488 4548 3805 4498 4128 3957 4275 4109 4389 4352 4336 4533 4468 4488 4380 4049 4215 4429 4783 4312 4731 4517 4088 4508 4201 4093 4252 4185 3943 4638 4354 4535 4214 4330 4221 4154 4221 4241 4613 4450 4190 4018 4420 4367 4455 4098 3987 4171 4308 4406 4512 4193 4394 4548 4207 4600 4351 4464 4660 4137 4128 4260 4648 4137 4094 3953 4630 4217 4244 4442 4641 4201 4636 4066 4423 4475 4386 4293 4289 4583 4318 4511 4206 4856 4323 4270 4409 4475 4301 4296 4474 4267 4364 4638 4045 4457 4213 4443 4038 4995 4660 4779 4202 4211 4741 4527 4394 4655 4436 4088 4662 4436 4080 4463 4345 4656 4219 4610 4515 4097 4694 4171 4468 4300 4208 4609 4014 4456 4451 4558 4288 4360 4507 3764 4314 4266 4306 4268 4254 4304 4688 4816 4453 4206 4604 4084 4587 4177 4204 4487 4451 4486 4233 4294 3923 4670 4042 3999 4150 4527 4163 4688 4292 4594 4414 4264 4405 4131 4121 4372 4403 4448 4600 4561 4724 4392 4591 4594 4139 4045 4489 4107 4224 4778 4493 4200 4159 4670 4540 4472 
4528 4169 4145 4500 4277 4317 4803 4700 4552 4511 4581 4640 3784 4423 4386 4077 4553 4156 4407 4445 4239 4384 4379 4671 4504 3963 4485 4355 4758 4590 4420 4283 4279 4315 4252 4327 4298 4268 4025 4411 4418 4733 4389 4473 4076 4369 4297 4134 4774 4374 4229 4261 4439 4526 4132 4385 3954 4160 4505 4575 4544 4250 4438 4411 4466 4608 4649 4473 4868 4197 4279 4592 4529 4174 4162 4028 4695 4055 4200 4388 4360 4385 4862 4378 4437 4522 4580 4309 4190 4596 4619 4746 4279 4773 4429 4472 4540 4029 4348 4042 4282 4391 4703 4317 3893 4565 4521 4594 4226 5095 4845 4357 4435 4541 4591 4444 4505 4137 4133 4166 4811 4512 4167 4735 4451 4571 4199 4686 4529 4801 4710 4333 4311 4356 4242 4608 4183 4607 4584 4574 4365 4280 4434 3775 4460 4240 4283 4299 4449 4569 4271 4624 4370 4217 4633 4109 4657 4196 4102 4368 4448 4553 4016 4140 4083 4633 4091 4261 4468 4716 4120 4673 4530 4385 4632 4289 4568 4105 4040 4460 4165 4614 4597 4619 4552 4391 4631 4550 4062 4240 4645 4007 4491 4790 4479 4261 4178 4538 4210 4903 
3948 3357 3285 3692 3484 3722 4003 3747 3921 3839 3789 3884 3360 3947 3592 3536 3854 3508 3759 3735 3733 3544 3790 4081 3672 3607 3663 3776 4104 3845 3833 3724 3764 3563 3481 3662 3740 3349 3361 3664 3842 4000 3599 3549 3658 3554 3520 3435 3798 3838 3594 3525 3673 3656 3606 3460 3603 3639 3673 3911 3820 3721 3676 3915 3886 3821 3858 3641 4088 3554 3462 3504 3622 3386 3573 3553 3925 3565 3474 3613 3756 3770 4156 3706 3818 3735 4020 3659 3575 3748 3819 3830 3731 3617 3645 3403 3527 3745 3641 3461 3622 3747 4126 3433 3423 3617 3695 3664 3492 4188 3745 3852 3617 3686 4164 3594 3677 3721 3656 3601 4005 3642 3795 4042 3719 3797 3485 4076 3753 3704 4017 3720 3621 3692 3598 3716 3493 4061 4156 3881 3840 3650 3778 3451 3677 3906 3816 3715 3979 3775 3626 4084 3731 3582 3757 3515 4013 3402 3233 3855 3879 3739 3532 3512 3395 3902 3359 3384 3736 4052 3460 3857 4051 3790 3912 3563 3789 3487 3363 3635 3392 3718 3557 3941 3871 3739 4245 3828 3329 3587 3972 3454 3877 4086 3797 3658 3525 3919 3636 3911 
4153 3999 3814 3990 4125 4366 4323 4559 4392 4118 4258 4094 3744 4131 4275 3946 3894 3938 4429 4091 4140 3978 4144 4264 4261 3779 4139 4362 4528 4081 4297 4177 4066 3874 3765 3964 3858 3896 3950 4207 4106 4363 3926 4237 3620 3813 4013 4211 4212 4348 3945 3816 4014 4264 4100 4103 3584 4043 4160 4075 4272 3887 4221 4114 3992 4244 4368 4143 4499 4048 3883 4244 3979 4189 3718 3998 4404 3825 3786 4063 4123 4033 4392 4050 4220 4218 4119 4012 3899 4049 4068 4325 3999 4329 3998 4066 4159 3957 4194 3838 4144 4183 4289 4005 3961 4134 4131 4312 3928 4716 4238 4157 4187 4076 4349 4160 4265 4227 4351 3971 4450 4253 3801 4461 4265 4084 3992 4525 4278 4086 4309 4098 4294 4034 4002 4267 3940 4003 4356 4261 3880 4066 4262 3780 4203 4016 4087 4285 4259 4254 4308 4528 4158 3964 4360 3523 4478 4014 3780 4160 3973 4076 3761 3739 3884 4352 3891 3760 3962 4260 4038 4249 4329 4218 4262 4043 4005 3886 3779 4177 4201 4130 4102 4247 4367 4142 4032 4389 3872 3599 4275 3855 3967 4407 4277 4142 3903 4233 4104 4299 
3726 3748 3250 3449 3151 3615 3940 4161 3736 3583 3747 3729 3295 3543 3834 3428 3733 3273 3993 3728 3671 3592 3730 3595 3537 3395 3794 3677 4294 3544 3864 3667 3518 3678 3569 3530 3562 3550 3159 3964 3601 3834 3432 3755 3448 3489 3463 3556 3502 3649 3592 3299 3681 3719 3511 3370 3480 3497 3544 3782 3676 3539 3772 3844 3874 3717 3814 3730 3811 3453 3287 3723 3902 3401 3529 3322 3815 3379 3525 3687 3692 3431 4153 3532 3608 3662 3846 3479 3390 3675 3660 3724 3567 3981 3718 3174 3904 3759 3864 3456 3779 3688 3789 3474 3417 3728 3338 3880 3323 4136 3535 3752 3519 3388 3982 3605 3669 3604 3628 3435 3947 3421 3451 3698 3653 3719 3477 4129 3712 3484 3735 3573 3602 3633 3326 3723 3363 3889 3801 4056 3638 3387 3650 3139 3425 3626 3658 3530 3621 3656 3723 3844 3449 3536 3898 3446 3697 3527 3365 3725 3589 3569 3650 3470 3174 3873 3348 3262 3335 3849 3348 3731 3792 3677 3739 3404 3610 3356 3400 3919 3471 3778 3413 3614 3624 3749 3537 3837 3297 3269 4004 3426 3671 3699 3880 3398 3502 3832 3712 3955 
4492 4058 3929 4301 3994 4258 4413 4453 4527 4347 4014 4573 4121 4448 4189 3835 4231 3995 4258 4249 4187 4130 4288 4232 4005 3862 4144 4490 4392 4197 4388 4266 3895 4023 3933 4064 4137 3733 4011 4245 4319 4263 3968 4364 4242 3993 3954 4013 4280 4165 3985 3966 4233 4488 4098 4017 3928 4160 4401 4441 4392 4018 4275 4140 4102 4319 4337 4271 4654 4227 4101 4107 4242 4123 4116 3998 4437 3953 3933 4356 4155 4016 4519 4102 4180 4304 4261 4079 4089 4390 4252 4433 3836 4738 4005 4135 4189 4024 4293 4131 4046 4122 4455 4313 4240 4348 4104 4555 4047 4781 4387 4299 4106 4046 4506 4263 4267 4077 3916 3973 4711 4480 4068 4408 4060 4189 3921 4607 4181 4078 4704 4302 4284 4262 4069 4441 4084 4406 4386 4294 4298 3816 4485 3787 3975 4243 4194 4000 4134 4145 4487 4326 4174 4025 4339 3916 4345 4030 4197 4571 4098 4423 4084 4087 3884 4548 4006 3994 4372 4217 3949 4434 4406 4378 4348 4000 4468 4012 4191 4166 4012 4550 4253 4424 4263 4277 4377 4410 4074 3773 4234 4097 4248 4517 4530 4427 4268 4437 4127 4574 
4111 3961 4031 4049 4120 4040 4490 4559 4254 4119 4215 4517 3686 4093 4228 3972 3908 3759 4010 4147 3878 4050 4023 4319 4370 4028 3936 4469 4475 4122 4201 3990 4255 3969 3904 4186 3976 3731 3748 4062 4296 4153 3955 3996 3922 3878 4039 4013 4337 4064 4220 3723 4037 4129 4043 4042 3820 3869 3914 3976 4032 3842 4300 4219 4008 4354 4285 4237 4537 3921 3976 4304 4175 4029 3998 4033 4449 3538 3925 4040 4229 4157 4581 4037 4100 4299 4118 4031 3976 4181 4124 4313 3919 4303 3993 4243 4024 4094 4359 3991 4162 4149 4344 4091 3929 4237 4210 4229 3937 4891 4435 4245 4103 3906 4243 4223 4037 3816 4111 3962 4555 4140 4142 4397 4334 4170 4016 4338 4385 4229 4487 4051 3911 4111 4123 4269 3869 4138 4284 4299 4091 3953 4074 3643 4196 4231 4137 4164 4032 4043 4362 4737 3949 4039 4383 3407 4434 4063 3945 4177 4157 4178 3775 3769 3491 4142 3869 3804 4036 4376 4054 4327 4125 4190 4224 3854 4194 3917 3985 4079 4304 4038 4026 4435 4125 4273 4149 4462 3868 3585 4265 3756 4121 4424 4324 4093 4205 4039 4192 4519 
4194 4103 4009 4156 4042 4104 4428 4839 4177 4289 4231 4543 3667 4462 4190 3778 4121 3925 4201 4120 4159 4054 4045 4448 4309 3785 4059 4346 4602 4051 4098 4140 3959 3917 3739 4004 3995 4086 3670 4084 4230 4448 4180 4070 4018 4007 4109 3942 4342 3949 4167 3771 4256 4006 4216 4054 3912 4069 4092 4218 4403 4032 4203 4334 4002 4445 4276 4150 4570 3912 4282 4245 4166 4113 3855 3961 4539 3639 3784 4080 4314 4144 4549 4191 4163 4099 4300 3862 3894 4388 4150 4400 3905 4525 4148 4240 4313 4145 4190 4066 3957 4226 4251 3924 3989 4227 4267 4135 3918 4713 4373 4307 4272 4081 4453 4326 4034 4061 4016 4201 4528 4254 4278 4357 3910 4262 4000 4613 4031 4292 4386 4101 4335 4345 4221 4052 4193 4200 4521 4448 4035 4006 4255 3558 4036 4217 4235 4097 4059 4147 4117 4604 3974 4020 4439 3730 4624 4207 3861 4442 4344 4363 3771 3723 3534 4107 4099 3999 4181 4473 4168 4539 4155 4221 4661 4034 4340 3854 4089 4109 3889 4270 4166 4546 4093 4042 4574 4446 3775 3780 4536 4050 4194 4428 4612 4304 4244 4360 4223 4403 
4056 3971 3523 3897 3670 3975 4044 4205 3874 4077 4010 4100 3575 3942 3762 3558 3879 3596 3906 3922 3889 3977 3814 4075 3787 3595 3863 4014 4088 3826 4255 3983 3739 3884 3815 3884 3628 3723 3747 3953 3907 3990 3929 3896 3736 3706 3725 3849 4262 3709 3840 3556 3802 3810 3776 3617 3391 3796 3702 3909 3989 3841 3919 4058 3980 4131 4064 3812 4156 3813 3876 3899 4009 3952 3543 3481 4220 3759 3523 3948 3786 3902 4473 3673 3784 4060 4009 3471 3634 3862 3987 4171 3794 4211 3889 3817 3881 3782 4006 3853 3843 3887 3922 3681 3713 4115 4026 3929 3860 4504 4000 3976 3945 3734 4168 3939 3943 3873 3683 3476 4142 3628 3906 4003 3927 3915 3735 4124 4015 4104 4161 3823 3946 4035 3858 4054 3730 4088 3883 4063 3653 3688 3904 3339 3856 3866 3956 3755 3843 3674 4119 4116 4159 3825 4163 3473 4200 3863 3653 3995 3720 3958 3618 3659 3404 4097 3791 3565 3730 4002 3889 4136 4060 3846 4269 3592 4140 3551 3690 3966 3707 4192 4092 3944 3888 3842 3920 3821 3690 3531 4208 3676 3958 4277 3977 3975 3831 4157 4146 4073 
4182 3751 3677 3906 3757 4016 4202 4512 4105 4102 3997 4161 3664 4060 4038 3777 4031 3617 3915 4072 4054 3920 3966 4175 3921 3785 3877 4290 4391 4016 3970 4093 4080 4172 3888 3774 3757 3696 3809 4188 3888 4189 3956 3896 4061 3919 3929 4114 4192 4125 4064 3932 4103 3862 3797 3770 3636 3643 3821 4325 4104 3891 4135 4180 3985 4202 4265 3969 4518 3836 3803 4293 3976 4211 3982 3770 4414 3741 3869 3981 4152 4161 4305 3743 3926 4100 3926 3948 3852 4124 4015 4457 4013 4365 3936 3804 3847 3893 4106 4018 4081 4165 3939 3814 3677 4095 3989 3854 3815 4742 4283 4263 3882 3887 4209 4013 3975 3977 3882 3613 4375 4050 3680 4408 3914 4292 4003 4190 4195 3993 4209 3759 4178 3856 3733 4244 3915 3954 4387 4110 3951 3742 3896 3497 3927 4197 3954 3934 4006 3981 3895 4500 4191 3820 4293 3585 4267 3957 3740 4100 4163 4144 3840 3813 3626 4172 3787 3688 3838 4145 3884 4151 4033 3943 4297 3981 4248 3992 4036 4029 3902 4102 4081 4237 4143 4013 4236 4190 3909 3816 4084 3756 4231 4235 4203 3849 3834 3965 4085 4165 
3823 3867 3547 3756 3646 3883 4141 4184 3963 3842 4024 4152 3341 3804 3829 3486 4161 3507 3691 3667 3845 3888 3749 4150 3776 3544 3685 3975 4105 4109 3954 3879 3801 3815 3526 3840 3823 3797 3286 4015 3693 3894 3610 3517 3536 3910 3656 3585 3948 3864 3838 3533 3994 3937 3511 3789 3356 3780 3507 4018 3884 3625 4003 3952 3774 3990 3821 3860 4086 3728 3704 3599 4194 3934 3781 3582 4163 3643 3763 3977 3714 3727 4234 3703 3763 4091 3896 3910 3764 3783 3994 4066 3759 4091 3992 3838 3909 3701 4076 3869 3819 3993 4079 3686 3609 3928 3932 3955 3588 4314 3895 3964 3493 3886 4045 3897 3715 3687 3712 3693 4096 3830 3745 3981 3903 3872 3481 3986 4063 3845 3966 3629 3824 3855 3492 4133 3733 3928 3864 3856 3947 3598 4071 3483 3531 3905 3989 3738 4003 3909 3959 4209 3739 3858 4058 3583 4084 3782 3654 3918 3884 3939 3851 3517 3469 3939 3569 3603 3685 4165 3784 3970 3929 3762 3866 3639 4009 3725 3698 3819 3707 3878 4084 4155 4162 3934 3983 4031 3517 3792 4110 3686 3943 3947 4069 3765 3764 3955 3743 4034 
4066 4120 3886 3811 3633 4006 4345 4425 4183 4094 4023 4329 3582 4081 4146 3649 3862 3532 4012 3993 3953 4002 4032 4235 3898 3730 3961 4308 4506 3866 3963 4231 3827 3893 4052 3945 3907 3872 3503 4147 4062 4138 3973 3945 3862 3943 3914 3828 4172 4024 4029 3843 4194 3771 3792 3927 3763 4129 3732 4022 4117 3896 4064 4155 4148 4154 4148 4083 4448 3838 4035 4210 4038 3859 3733 3739 4291 3785 3677 4028 4346 3959 4309 3773 4000 4281 4143 3885 3743 4118 4117 4380 4026 4520 4027 3838 4152 4059 4169 3990 3861 3979 3955 3720 3901 4165 3974 4102 3797 4710 4071 4118 4029 3891 4185 4263 3850 3883 3976 3791 4467 3993 3865 4111 4070 4118 3831 4037 4073 4131 4215 3891 4004 4123 3955 4031 3865 4012 4134 4383 4199 3903 4052 3488 3813 4176 4171 3969 4086 4097 4187 4384 4032 3838 4453 3682 4367 3851 3595 4098 4258 3924 3725 3681 3520 4167 3787 3672 3962 4226 3952 4299 4210 3844 4193 3838 3973 3913 3720 4016 3993 4256 4039 4299 4180 4067 4139 4168 3627 3586 3909 3684 4060 4209 4348 4062 4116 4175 4076 4229 
4252 3734 3890 4007 4004 3990 4394 4361 4100 3908 4176 3979 3716 4027 4169 3808 3883 3651 3963 4060 3986 3954 3910 4152 4329 3814 4063 4074 4173 4064 4110 4106 3954 4058 3905 4049 3854 3695 3952 4018 4062 4171 3807 3877 3965 3772 3955 3820 4184 3892 3845 3872 4041 4127 3723 3948 3743 4072 3945 4125 4049 3938 4093 4176 4042 4282 4170 4054 4318 3898 4108 3973 4171 3987 3779 3775 4268 3643 3592 3942 4055 4080 4567 3813 3973 4050 4011 3868 3942 4162 3817 4444 3889 4231 3832 3895 3917 3838 3987 3940 4011 4269 4129 4048 3809 4071 4098 3949 3866 4673 4212 4282 3894 3872 4306 4151 4143 3975 3692 3600 4411 3999 3733 4362 3911 4248 3926 4481 4176 4087 4290 3796 4072 3992 4028 4448 4066 3999 4200 4153 3937 3779 4128 3474 4038 3877 3921 3946 3974 4045 4030 4468 4015 3725 4258 3606 4227 3895 3745 4018 4049 4081 3729 3769 3586 4219 3781 3896 3790 4269 3759 4259 4151 4032 4143 4060 4088 3613 4147 3919 4043 4107 3980 4174 3981 4063 4213 4302 3862 3657 4116 3746 4102 4455 4310 4090 3911 4183 3871 4337 
4364 3849 3741 3920 3884 3837 4382 4234 4302 3827 4035 4480 3662 4115 4108 3691 4142 3808 3883 4165 4241 4032 3748 4116 4189 3900 4001 4119 4365 4118 4382 4370 4030 3947 4062 4171 4059 3794 3659 4337 3999 4151 4016 4071 4002 4045 4045 3919 4049 4046 3908 3688 4415 4265 3983 3848 3964 4029 3951 4488 4064 3763 4563 4379 4008 4247 4011 4130 4460 3944 4142 4027 4112 4151 3874 3918 4362 3850 3842 4116 4149 3963 4528 3947 4073 4338 4345 4152 3809 4188 4143 4319 4116 4324 4122 3921 4373 4096 4083 3902 4135 4285 4271 4132 4220 4274 4130 4168 3626 4802 4092 4219 4102 3877 4238 4165 4248 3948 3919 3931 4407 4219 3992 3931 3954 4183 3950 4320 4077 4282 4360 3850 3963 4094 3990 4427 4040 4385 4267 4158 4109 3840 4496 3517 3971 4230 4194 3901 4075 4318 4310 4344 3910 3777 4421 4088 4179 4075 3880 4215 4024 4268 4053 3911 3831 4230 3593 3938 4018 4347 3969 4333 3935 4086 4326 4236 3942 3999 4174 4079 4190 4226 4102 4243 4249 4046 4403 4131 3806 3940 4255 3895 4218 4438 4541 4155 4012 4284 3924 4503 
3849 3693 3675 3757 3682 3831 4207 4299 3947 3858 4025 4406 3569 3860 3728 3737 3821 3645 3808 3678 3818 3888 3793 3869 3968 3538 3621 4090 4331 3828 3865 4046 3838 3755 3569 3920 3631 3468 3441 4178 3753 3838 3922 3852 3881 3856 3570 3881 3924 3947 3660 3658 3900 3759 3963 3686 3441 3722 3607 3990 4187 3745 4094 4151 3800 3953 4078 3842 4315 3696 3633 3917 3948 3907 3501 3696 4159 3580 3690 3921 3854 3834 4248 3623 3952 4015 3712 3900 3737 3832 3708 4050 3714 4083 3851 3645 3718 3721 3950 3887 3842 3835 4050 3690 3735 3830 3716 3853 3461 4429 4011 3919 3810 3643 3902 4012 3909 3830 3809 3708 4074 3898 3880 3832 3874 4101 3723 3985 3989 3882 4004 3500 3810 3768 3638 3999 3602 3839 4080 4011 3775 3694 3813 3418 4024 3839 3817 3812 3840 3702 4033 4340 3937 3664 4119 3512 4064 3733 3668 4029 3848 3982 3567 3614 3470 4130 3733 3490 3468 4192 3687 3823 3905 3881 3822 3720 3905 3861 3751 3642 3829 3988 4075 4014 4005 3750 4015 4013 3620 3623 4006 3548 4019 4048 4048 3852 4006 4114 3974 4158 
3855 3715 3455 3578 3623 4008 3970 3841 4108 3602 3783 3902 3423 3802 3640 3296 3625 3291 3630 3889 3598 3568 3799 3803 3508 3460 3489 3805 4046 3572 3874 4164 3684 3634 3525 3595 3440 3696 3585 3940 3843 3720 3608 3798 3751 3410 3719 3707 3837 3933 3754 3497 3786 3449 3755 3658 3245 3564 3680 3918 3713 3694 3731 3993 3809 3760 3967 3698 4280 3699 3541 3695 3694 3647 3387 3267 4141 3719 3450 3661 3826 3544 4224 3400 3712 3887 3864 3707 3666 3800 3723 3908 3630 4208 3769 3589 3581 3790 3545 3702 3833 3748 3736 3481 3392 4130 3585 3737 3384 4242 3807 3791 3673 3629 3978 3609 3745 3814 3654 3318 3973 3763 3840 3955 3566 3899 3578 4066 3816 3510 3816 3699 3755 3792 3642 3803 3803 3874 3772 3559 3548 3631 3866 3358 3538 3780 3634 3598 3603 3487 4044 3911 3778 3626 3818 3431 3925 3579 3328 3832 3875 3850 3659 3385 3305 3899 3520 3573 3664 3700 3436 3955 3992 3818 3892 3739 3628 3505 3329 3726 3454 3838 3876 3805 3951 3685 3995 3733 3414 3503 3920 3515 3789 3928 3940 3817 3545 3972 3842 3938 
4162 3944 3751 3959 3947 4126 4595 4236 4325 4193 3983 4374 3703 4280 4035 3853 4171 3710 4059 4120 4054 4104 4177 4115 4045 3880 4009 4298 4475 4197 4333 4178 4008 4009 3943 4151 3922 3761 3821 4258 4040 4116 4147 4317 3982 3923 3860 3955 3970 4073 4183 3862 4300 4263 3956 4102 3847 3896 4060 4332 4255 3975 4223 4322 4119 4207 4281 4154 4543 4184 4143 3801 4072 4145 4029 4003 4626 3858 3938 4270 4156 3922 4330 3999 4289 4191 4286 4108 4096 4098 4107 4330 4087 4432 4027 4149 4244 4087 4515 3860 4033 4315 4275 4006 3925 4311 4080 4385 4067 4787 4151 4280 4017 3950 4365 4213 4228 4159 4136 3866 4599 4259 3839 4373 4100 4089 3840 4482 4224 4050 4466 4038 4217 4292 3908 4261 4254 4076 4267 4318 4205 3797 4520 3490 4195 4009 4063 4172 4228 4259 4235 4708 4082 3914 4216 3997 4417 3933 3928 4334 4050 4124 3758 4007 3967 4420 3851 3747 4235 4328 4024 4356 4094 3995 4294 3906 4149 4066 4002 4182 4097 4103 4185 4290 4278 4174 4266 4276 3869 3949 4256 3919 4093 4693 4392 3993 4187 4252 4097 4341 
4071 3832 3767 3830 4135 3952 4442 4407 4170 4040 4112 4094 3549 4221 3729 3877 4263 3762 4186 3974 3995 3996 3983 4349 3968 3854 3949 4166 4179 3792 4390 4094 3926 3785 3749 4110 4054 3725 3718 4176 3910 4116 3845 3795 3776 3941 3887 3995 4157 3999 3901 3802 4212 3930 3961 3937 3875 3812 3860 4129 4012 4127 4141 4141 3899 4269 4042 4126 4353 3813 3956 4097 4200 4034 3765 3919 4165 3656 3688 4062 3994 4043 4397 3885 4093 4198 4139 3960 4079 4121 4190 4290 3986 4333 3700 4004 4263 4024 4009 3815 4122 4226 4260 4087 3866 4127 4036 3954 3776 4885 4103 4129 3985 3904 4515 3911 4119 3849 4017 3521 4213 3968 3805 4282 3977 4110 3914 4521 4205 4109 4340 3979 4061 3989 3871 4000 3865 4121 4285 4261 3962 3913 4184 3588 3826 3973 4063 3957 4156 4034 4268 4355 3878 3892 4303 3492 4252 3901 3811 4228 4079 3987 3552 3759 3550 4467 3700 3575 3988 4244 3865 4225 4101 4134 4327 3813 4176 3857 3783 4037 3750 4169 4254 4016 4239 4017 4229 4233 3582 3946 4290 3970 4050 4523 4168 3932 3734 4356 4009 4135 
4005 4038 3789 4068 4072 3909 4205 4386 4199 4154 4102 4201 3664 4141 3918 3811 4033 3883 4222 4159 4096 4093 4279 4126 3968 3819 3673 4204 4330 3868 4399 3957 4080 3861 3789 4011 3828 3933 3628 4459 3925 4209 3934 4066 4047 4037 4039 3865 4187 4124 4008 3827 4054 3975 4126 3806 3797 3802 3811 4091 4133 4105 4181 4471 4088 4178 4199 4065 4422 3987 3808 3982 4094 3978 3845 3883 4355 3743 3875 3888 4219 3875 4558 4176 4127 4183 4183 4075 4020 4123 4159 3903 3951 4326 3943 3973 4223 4073 4149 3829 4014 4097 4050 3980 3850 4094 3782 4281 3723 4693 4085 4131 4083 3909 4282 3923 4142 4151 4049 3894 4402 3983 3997 4192 3897 4049 3789 4445 4168 3856 4337 4069 3984 3892 3839 4152 3939 4104 4193 4093 3952 3656 4194 3660 4035 3996 4119 4067 4253 3956 4408 4417 4016 4045 4095 3760 3928 3924 3759 4200 4076 3918 3727 3932 3603 4366 3894 3528 3743 4250 3906 4221 4166 4118 4220 3837 3998 3928 3776 3985 3828 4167 4139 4224 4216 4021 4136 4373 3717 3585 4309 4208 4258 4524 4201 3841 3823 4371 4094 4294 
3915 3718 3618 3871 3741 3708 4017 3996 3786 3771 3856 3900 3588 3964 3664 3739 3707 3481 3571 3573 3800 3640 3729 3760 3827 3729 3753 3957 3931 3824 3750 3841 3562 3689 3626 3638 3633 3741 3480 4054 3817 3925 3548 3591 3565 3756 3665 3416 3932 3865 3756 3596 3792 3819 3840 3677 3397 3525 3588 3754 3756 3597 3862 3884 3746 3852 3781 3766 4043 3922 3670 3817 3852 3722 3483 3600 4090 3360 3404 3915 3672 3730 4391 3683 3636 3960 3963 3672 3552 3931 3727 3663 3713 4089 3769 3494 3809 3686 3988 3634 3660 3823 4007 3721 3679 3767 3670 4025 3661 4382 3866 3879 3839 3654 3784 3911 3655 3742 3634 3486 3978 3893 3660 3844 3756 3738 3771 3870 3944 3650 4222 3607 3682 3729 3544 3772 3599 4018 3709 3969 3838 3514 3897 3469 3592 3802 3649 3636 3773 3829 4172 4206 3655 3714 3768 3292 3995 3553 3663 3917 3631 4029 3615 3440 3349 4154 3494 3572 3493 3905 3459 4023 3894 3822 4053 3573 3817 3634 3675 3814 3733 3991 3967 3931 3820 3825 3994 3965 3619 3711 3990 3494 3889 4065 3828 3608 3645 3998 3912 4163 
4093 3821 3719 4331 3785 4125 4332 4307 4173 4053 3948 4016 3704 4090 4010 3881 4007 3773 4215 4112 4023 4057 4133 4232 4142 3823 3895 4418 4398 4061 4145 4218 4029 4000 3962 3771 3911 3854 3663 3988 4112 4322 3866 3843 3840 3830 4058 3863 4302 4231 3857 3842 4237 4025 4020 3867 3762 3955 4050 4099 4387 4058 4213 4064 3900 4109 4368 4214 4586 3959 3885 4207 4298 4137 3614 3899 4467 3612 3865 4319 4091 4154 4622 3670 3909 4151 4230 3780 3822 4142 4088 4044 4057 4286 3991 4055 4203 4027 3847 4084 4216 4445 4241 3983 3885 4163 3882 4326 3796 4896 4100 4220 4026 4012 4463 4031 4173 4067 4019 3721 4623 4065 3712 4317 3935 4281 3774 4467 4281 3921 4384 3848 4209 4082 4000 4365 3967 4367 4309 4027 3948 3932 4090 3607 4081 4168 4038 4116 3926 4147 4107 4426 4297 3842 4229 3529 4364 4106 3877 4099 4029 4159 3703 3922 3931 4313 4072 3919 3780 4125 3963 4191 4118 3853 4368 3906 4219 3788 3648 4095 3858 4071 4110 4173 4210 4020 4361 4329 3806 3777 4054 3866 4077 4375 4165 4159 3705 3919 4112 4492 
4209 4181 3856 3905 4074 4041 4317 4388 4506 4190 4212 4365 3678 4099 3885 3906 4056 3662 4013 4096 4184 4395 4036 4294 4097 3896 3997 4450 4370 4139 3954 4306 4161 3979 3874 4116 3785 3790 3741 4118 4082 4182 4096 4076 3912 3991 3992 4073 4368 4354 4031 3935 4134 3967 4063 4009 3615 3855 3965 4122 4297 3881 4160 4161 4403 4212 4159 4031 4394 4008 3980 4151 4457 4075 3709 3824 4458 3851 3833 4233 4171 4072 4569 4091 4063 4422 4117 3964 4108 4389 4173 4294 4073 4422 4221 4024 4125 3926 4391 4091 4165 4233 4099 3785 3988 4034 4201 4125 3865 4930 4365 3979 3977 4105 4328 4267 4198 3877 4108 3903 4494 4312 4024 4411 4158 4136 4272 4393 4269 4109 4290 4047 4079 4190 4308 4243 4024 4164 4061 4276 4030 3914 3970 3611 4139 4326 4239 4223 4291 4119 4355 4685 3985 3871 4605 3842 4347 3851 4076 4218 3932 4188 3885 3677 3753 4173 4021 3852 4071 4378 4094 4259 4435 3981 4246 3774 4340 3921 4025 4046 4222 4513 4276 4483 4330 4164 4369 4510 3800 3772 4063 3557 4254 4424 4244 3886 4155 4211 4206 4203 
4228 4021 3833 4042 4028 4093 4290 4555 4294 4220 4139 4264 3833 4291 3919 3778 3951 3974 4123 4092 4000 3962 4152 4370 4381 3859 4047 4371 4618 3993 4403 4349 3973 4021 3888 3979 3905 3759 3663 4201 4264 4215 3956 4050 4226 3919 4027 4035 4052 4055 4283 3977 4176 4091 4154 3792 3593 3934 3919 4222 4150 4167 4123 4424 4256 4429 4538 4229 4383 3797 3956 4232 4165 3888 4000 3793 4573 3716 3925 4260 4273 3871 4568 3840 4017 3992 4158 4049 3772 4218 4160 4344 4035 4450 4104 3984 4128 3970 4094 3972 4051 4080 4252 4115 4024 4267 4066 4142 3776 4517 4256 4254 4112 3772 4332 4268 4158 4067 3947 3730 4408 3879 3860 4097 4153 4119 3801 4481 4083 4073 4358 3997 4166 4156 3995 4152 3896 4225 4227 4320 4135 3946 4106 3777 4003 4308 4168 4130 3860 4043 4284 4432 3875 4027 4184 3772 4418 4117 3581 4282 4164 4312 3766 3644 3391 4284 3770 3692 3801 4373 3667 4288 4200 4363 4098 3793 4317 3965 3968 4069 4065 4298 4309 4288 4090 4195 4390 4331 3777 4010 4296 3863 4126 4464 4394 4146 4331 4455 4082 4210 
4381 4032 3767 3964 3968 4280 4376 4192 4339 4268 3883 4144 3727 4164 4267 3792 3918 3815 4249 4250 4063 4045 4095 4223 4205 3765 3991 4564 4405 4197 4045 4237 4001 4146 3744 3802 3812 3921 3903 4296 4151 4163 4121 4045 3959 3862 3983 4037 4134 4332 3922 3775 4273 3981 4072 3921 3718 3968 3897 3944 4355 3981 4072 4430 4070 4494 4331 4081 4671 4114 3888 4115 4335 4097 3877 3913 4547 3736 3822 4254 4143 4150 4610 3707 4027 4232 3867 3888 3891 4199 4091 4161 3969 4483 3880 4046 4099 3986 4155 4074 4098 4116 4260 4025 3804 4295 4106 4121 4019 4648 4195 3923 4006 3985 4553 4014 4322 4270 4051 3992 4635 4173 3890 4283 3986 4273 3828 4447 4140 4126 4389 4023 4203 4035 4020 4437 4044 4306 4364 4204 3936 3902 4170 3476 4123 4101 4039 4205 4140 4026 4301 4578 4246 4090 4419 3859 4284 4004 3777 4072 4120 4214 3793 3813 3864 4196 3992 3907 3985 4431 3843 4095 4110 4019 4180 3844 4172 3970 4060 4131 3903 4162 4336 4477 4295 4022 4164 4143 3942 3750 4309 3897 4187 4307 4208 4191 4191 4260 4111 4404 
4189 3891 3950 4141 3802 3838 4275 4322 4269 4171 4195 4341 3611 4379 3776 3674 3981 3959 3917 3867 3909 4178 4070 4295 4106 3639 3884 4284 4379 4075 4083 4027 3945 3875 3849 3800 3854 3736 3852 3997 4013 4101 4110 3915 3939 4049 3881 3960 4142 4357 3966 3928 4092 3923 3824 4017 3526 3767 3843 4238 4294 3902 4031 4016 3944 4283 4216 4072 4539 4062 3800 4079 3997 3883 3891 3803 4307 3911 3836 4388 4179 3980 4343 3940 4083 4145 3998 3715 3715 4213 4212 4317 3784 4314 3749 4001 3878 3611 3950 4066 4163 4083 4295 4084 3836 4165 4102 4163 3671 4418 4128 3954 4061 3935 4274 4178 4155 4182 3966 3750 4495 4433 3925 4291 4213 3969 4040 4270 4093 4172 4286 4038 4018 4096 3761 4147 3938 4072 4246 4074 3978 4025 4026 3665 3940 4066 4245 3982 3850 4003 4128 4264 4124 3685 4115 3796 4392 3845 3923 3876 3843 4183 3717 3735 3806 4058 3736 3802 3978 4247 3824 4176 4059 4050 4144 3729 4280 3818 3651 3957 3824 4073 4445 4194 4414 4205 4261 4023 3761 3794 4110 3779 4170 4375 4202 4119 3958 4398 4134 4253 
4554 4055 3883 3976 4068 4192 4659 4650 4351 4071 4409 4581 3869 4563 4224 3982 4200 3976 4314 4321 4464 4129 4263 4402 4330 4094 4169 4611 4710 4142 4268 4640 3980 4208 3862 4198 4006 3933 3810 4540 4327 4454 4129 4364 4026 3926 4254 4146 4353 4018 4136 4048 4371 4250 4215 4081 4193 4048 4016 4265 4303 4099 4385 4536 4302 4461 4285 4116 4895 4265 4236 4245 4464 4351 3948 3949 4748 4011 4066 4162 4415 4270 4675 4009 4101 4441 4360 4192 4060 4345 3906 4578 4270 4804 4210 4128 4395 4349 4229 4278 4166 4304 4210 4405 4156 4401 4200 4377 3997 4903 4394 4529 4429 4038 4411 4260 4399 4206 4316 3814 4703 4198 4075 4288 4096 4379 4042 4405 4418 4094 4549 4038 4490 4357 3950 4407 4163 4445 4279 4530 4155 3951 4652 3740 4081 4475 4209 4111 4187 4164 4596 4700 4436 4083 4388 3935 4342 4331 3882 4551 4284 4454 4000 4138 3856 4395 4109 4034 4168 4490 4047 4224 4407 4179 4403 4128 4341 3876 4260 4311 4314 4575 4287 4540 4326 4090 4481 4563 3872 3911 4475 4027 4538 4621 4651 4098 4090 4432 4375 4541 
4163 4325 3972 3970 4298 4174 4357 4436 4284 4093 4334 4601 3747 4250 4265 4203 4345 3831 4591 4028 4363 4319 4504 4274 4189 4032 4424 4415 4667 4288 4379 4138 4351 4102 4071 4165 3790 4107 3913 4547 4178 4589 4045 4158 4200 3935 4030 4079 4352 4118 4117 3997 4232 4304 4002 3946 3928 3920 4338 4409 4276 4132 4485 4377 4236 4490 4392 4414 4505 4068 4179 4134 4272 4245 3893 4032 4410 3926 3855 4248 4235 4356 4565 4277 4200 4184 4426 4020 4111 4449 4109 4399 4098 4683 4302 4047 4386 4013 4326 3854 4211 4264 4393 4277 4283 4501 4120 4455 3793 4901 4388 4387 4026 4079 4563 4194 4406 4152 4131 3856 4649 4109 4059 4306 4290 4351 4160 4528 4377 4257 4491 4364 4377 4058 4175 4279 3899 4317 4436 4267 4350 4058 4431 3795 3935 4197 4329 4224 4662 4463 4399 4589 4408 4117 4314 4057 4711 3865 4197 4445 4080 4359 3963 4180 3844 4627 4033 3902 4118 4473 4168 4611 4439 4304 4321 3951 4414 4150 4132 4424 4130 4455 4200 4443 4335 4477 4404 4585 3943 4072 4571 4093 4401 4560 4184 3909 4261 4475 4316 4283 
4256 4031 3638 4040 3912 4068 4276 4291 4529 4126 4147 4554 3804 4217 4030 3604 4021 3520 4221 4091 4200 4118 3973 4278 3881 3943 4110 4388 4439 4312 4186 4402 4057 4170 3855 3973 3899 3907 3818 4356 3999 4219 4147 3914 3758 3919 4011 4127 4178 4156 3941 3826 4298 4043 4059 3803 3881 4051 3955 4143 3854 3824 4263 4409 4044 4302 4128 4060 4535 4131 3966 3975 4178 4134 3791 4006 4618 4099 3728 4044 4054 4130 4274 4089 4302 4380 4357 4015 3968 4196 4118 4548 4133 4235 4205 3984 4328 4126 4203 3865 4058 4048 4175 4013 4006 4239 4187 4229 3935 4868 4050 4516 4063 4130 4160 4186 3981 4108 4052 4058 4298 4361 4147 4278 4011 4378 4023 4379 4393 4010 4629 3981 4141 4286 4075 4198 4218 4390 4147 4088 3990 4077 4153 3661 3962 4235 4260 4015 4028 4112 4171 4196 4050 4052 4378 3857 4682 4176 3842 4256 4125 4083 4157 3830 3909 4422 3867 3805 3833 4137 3909 4228 4200 4039 4323 3982 4393 3837 3741 4309 3845 4461 4204 4380 4660 4017 4329 4059 3877 3740 4160 4146 4202 4320 4527 4191 4220 4368 4022 4408 
4115 4169 3907 3969 3917 4309 4665 4473 4306 4102 4161 4531 3560 4332 4372 3817 4361 4005 4378 3941 4275 4135 4225 4434 4113 4090 4060 4565 4653 4248 4332 4172 3831 4191 3854 4290 4022 3971 3730 4324 3965 4257 4056 4108 3873 4096 3996 3962 4328 4469 3993 3799 4347 4247 4142 4046 3994 3992 3875 4303 4346 4028 4463 4444 3895 4306 4339 4201 4575 3695 3873 4017 4222 4264 3714 4077 4466 4015 3986 3994 4092 4053 4629 3913 4089 4423 4289 4121 4151 4350 4302 4291 3914 4570 4087 4022 4157 4156 4297 4032 4103 4187 4123 4144 4003 4452 3991 4224 3660 5002 4271 4305 4104 4325 4394 4326 4422 4271 4139 4056 4403 4087 4016 4313 4213 4251 3873 4406 4320 4324 4429 3933 4462 4367 4061 4307 3924 4234 4518 4346 4311 4131 4414 3558 4026 4062 4141 4086 4239 4531 4453 4584 4217 4096 4360 3915 4416 4019 3705 4228 4292 4339 3862 3823 3738 4401 3737 3878 3974 4210 4184 4334 4249 4054 4287 4001 4013 3941 3918 4181 3918 4198 4488 4420 4355 4221 4337 4335 3488 3817 4346 4000 4258 4376 4241 4139 3921 4136 4106 4363 
4091 4070 3768 4080 3878 4112 4252 4412 4327 3721 4122 4123 3534 4121 4182 3795 4107 3900 3955 3979 3972 3849 4020 4244 4143 3837 3977 4442 4379 3978 4172 4290 3863 3778 3706 3985 3854 3807 3698 4246 3785 4347 3679 4012 3612 3909 3868 3908 3982 3910 3885 3729 4144 4264 3848 4068 3773 3981 3867 3842 4006 3767 3970 4273 3931 4194 4170 3968 4393 3660 3843 3905 4121 3952 3713 3869 4206 3679 3813 3929 4026 4100 4582 3687 3871 4114 3834 4127 3746 4181 4168 4245 3928 4374 4059 3822 3933 3916 4275 3989 3945 4098 4173 4050 3724 4015 4054 4114 3987 4419 4153 4066 3980 4026 4157 4199 4173 4000 3992 3857 4281 4099 3811 4181 3932 4078 3670 4298 4132 3787 4350 3852 4118 4121 4166 4118 3827 4352 4317 4142 3795 3798 4047 3465 3819 4061 3911 4133 3846 3905 4237 4496 3861 3957 4102 3658 4108 4022 3738 4014 4108 4223 3667 3666 3637 4375 3638 3734 3824 4144 3674 4301 4155 3963 4140 3966 3934 3858 3925 3893 3866 4253 4313 4411 4256 3963 4116 3996 3732 3507 4193 3834 4037 4242 4278 4000 3917 4074 3952 4232 
3918 3780 3677 3912 3811 3948 4142 4425 4129 3720 4030 4139 3632 3971 3941 3604 3874 3600 4081 3699 3839 3891 4082 4104 4151 3752 3945 4031 4437 3865 3949 4107 3912 3913 3667 3785 3898 3915 3603 4247 3786 4203 3529 3752 3835 3807 3678 3889 3997 4092 3920 3653 3880 3813 3782 3807 3603 3568 3792 4011 4098 3940 3940 4045 3932 4163 4299 4032 4477 3883 3629 4172 3952 3778 3865 3823 4196 3528 3767 4032 4146 4138 4272 3846 3674 3998 4069 3819 3917 4008 4052 4207 3804 4355 3550 3829 3891 3768 4012 3906 4063 4074 4228 3928 3743 3891 3900 3800 3601 4262 3954 3983 4049 3662 4032 4032 3776 3964 3675 3556 4353 3926 3615 4176 4001 4060 3644 4170 4160 3815 4158 3790 4059 3894 3809 3996 3712 3906 4126 3953 3793 3807 3830 3416 3769 3981 4203 3730 4056 3798 4062 4394 4183 3741 3877 3592 4420 3832 3598 3924 4084 4117 3526 3663 3468 3922 3565 3643 3750 4092 3968 4278 4093 3858 3974 3892 3962 3781 3935 4163 3948 3943 3863 4080 4015 3901 4050 3968 3481 3695 4326 3883 4013 4189 4163 3799 3796 4053 3919 4089 
3900 3723 3450 3588 3741 3443 3977 4110 3884 3687 3773 4098 3496 3916 3762 3547 3743 3296 3856 3676 3712 3636 3750 4008 3607 3609 3790 3819 3894 3650 3784 3768 3628 3521 3507 3749 3582 3581 3512 3814 3892 3801 3780 3801 3812 3513 3658 3612 3981 3673 3677 3517 3871 3566 3756 3482 3383 3706 3619 3890 3718 3660 4122 3868 3558 3687 3742 3872 4176 3787 3724 3927 3935 3783 3470 3635 3991 3434 3519 3462 3741 3717 4130 3716 3977 3938 3754 3500 3441 3725 3801 3942 3651 3892 3954 3699 3730 3731 3659 3747 3481 3807 4125 3788 3604 3735 3524 4058 3500 4404 3907 3753 3699 3456 3989 3963 3682 3770 3679 3512 4000 3830 3807 3866 3765 3866 3692 4127 3855 3840 4074 3634 3871 3757 3843 3815 3791 4001 3883 4099 3556 3689 3759 3379 3556 3754 3701 3616 3746 3888 3942 4271 3747 3742 3971 3235 3897 3505 3639 3977 3600 3845 3639 3675 3498 4197 3368 3402 3763 3909 3666 3810 3997 4005 3934 3500 3767 3487 3456 3725 3765 4096 3783 3977 3899 3759 4146 4046 3665 3367 3981 3566 3823 4024 4287 3679 3616 3951 3872 3973 
4387 3997 3973 4061 3997 3943 4331 4331 4349 4152 4131 4327 3596 4349 4249 3650 4091 3842 4330 4310 3973 4042 4120 4294 4137 3815 3896 4556 4454 4245 4441 4095 4013 4263 3893 4017 4033 3839 3889 4159 4048 4115 4122 4080 4009 3813 3921 4148 4276 4091 4004 3886 4218 4167 4119 3803 3796 4082 4195 4276 4322 4100 4282 4425 4306 4385 4265 4086 4451 3695 3901 3885 4316 4320 3871 3928 4315 3840 3919 4141 4141 4075 4452 3821 4015 4282 4263 4134 3743 4182 4057 4237 4155 4559 3985 4143 4449 4046 4105 4028 4097 4240 4109 4074 3817 4190 4082 4220 3658 4905 4082 4257 4056 4081 4525 4108 4114 4120 4090 4036 4511 4304 3759 4361 4177 4249 3948 4438 4272 3959 4477 4033 4207 4063 4045 4444 3858 4423 4287 4241 3978 3785 4037 3525 4065 4077 4284 4279 3988 4074 4068 4414 4217 3693 4135 3837 4370 4057 3821 4161 4150 4179 3973 3826 3795 4336 3899 3794 4027 4471 4135 4397 4000 4051 4193 4083 4232 4014 3678 4112 4164 4059 4082 4371 4405 4100 4303 4334 3880 3679 4225 3727 4481 4695 4229 4074 3993 4375 4081 4479 
4132 3793 3542 3724 3718 3665 3920 4107 3922 3809 3758 4062 3191 3617 3835 3865 3801 3565 4099 3708 3713 3734 4035 3655 3985 3876 3792 3762 3952 3830 3987 3742 3805 3734 3552 3676 3547 3674 3596 3893 3867 3846 3802 3859 3573 3556 3785 3483 3937 3952 3758 3472 3727 3909 3711 3727 3266 3717 3579 3970 3812 3601 3925 3950 3788 3911 3991 3792 4269 3611 3554 3866 3885 3861 3537 3762 3993 3425 3644 3821 3713 3703 4046 3732 3997 4071 3901 3534 3597 3866 3755 3987 3626 4198 3511 3804 3892 3711 3746 3828 4021 3957 4026 3735 3508 3962 4036 4156 3450 4386 4009 3776 4009 3808 3997 3946 3902 3766 3771 3562 4133 4195 3673 3719 3960 3819 3328 4280 3886 3769 4030 3662 3657 3752 3424 4166 3765 4034 3846 3874 3680 3639 3928 3275 3642 3739 3646 4036 3948 3707 3743 3860 3779 3565 4018 3492 3921 3851 3696 3854 3770 3769 3650 3725 3560 3973 3407 3622 3671 4144 3594 3923 3894 3879 4019 3651 3849 3456 3457 3982 3863 3886 3865 3881 3943 3809 3826 3891 3636 3586 4112 3659 3816 4134 3995 3596 3695 4025 3932 3924 
4233 3835 3579 3772 3757 3803 4064 4267 3955 4040 3975 4020 3421 3938 3732 3511 3885 3568 3707 3927 3786 3916 3761 4118 3773 3414 3711 3844 4186 3661 3939 3999 3813 3818 3477 3586 3642 3660 3603 3776 3558 4056 3878 3802 3646 3718 3737 3851 3993 3846 3687 3588 3742 3822 3649 3646 3451 3731 3791 3884 3943 3670 3995 4082 4039 4125 4062 3883 4093 3546 3639 3694 3921 3932 3539 3571 4224 3760 3777 3866 3906 3800 4095 3621 4024 3830 3835 3642 3545 3698 3681 4197 3648 4290 3758 3940 4029 3511 3945 3700 3887 3847 3851 3794 3576 3990 3939 4099 3546 4420 3852 3772 3610 3772 4185 3791 3953 3878 3759 3505 4136 3733 3496 4006 3553 3747 3699 4135 4107 3843 3973 3609 3757 3909 3680 4050 3692 3806 3985 3917 3652 3665 3847 3521 3698 3713 3987 3803 3937 3921 3865 4020 3881 3533 3921 3598 4189 3992 3729 4060 3681 3774 3607 3712 3454 4005 3710 3484 3552 3995 3615 3849 3891 3656 3973 3634 3934 3531 3605 3783 3986 3892 3737 4007 4103 3805 3807 4046 3445 3518 3946 3672 4197 4116 3990 3798 3773 3924 3987 3912 
4135 4171 3870 3988 3944 4178 4463 4268 4397 4050 4215 4457 3680 4241 4172 4067 4129 3931 4246 4204 4182 4148 4262 4370 4182 4076 3939 4392 4598 4194 4393 4396 3939 4113 3792 4202 3991 3976 3803 4411 4123 4374 4319 4208 3983 3969 4017 4158 4227 4345 4143 3877 4329 4168 4223 4085 3955 3914 3966 4479 4335 3966 4299 4456 4125 4497 4328 4107 4694 4162 4059 4142 4199 4246 3930 3918 4521 4063 3934 4232 4180 3998 4871 4133 4377 4253 4299 3996 4074 4261 4090 4167 4113 4558 4312 4170 4121 4184 4268 4100 3993 4336 4116 4258 3961 4201 3983 4230 3989 4886 4252 4503 4225 4192 4358 4324 4208 4312 3870 4109 4419 4163 4006 4385 4185 4302 3940 4514 4267 4220 4250 3776 4337 4234 3888 4359 4170 4364 4248 4122 4262 3999 4505 3766 4189 4118 4236 3981 4240 3924 4435 4621 4223 3933 4516 3876 4386 3973 3915 4420 4276 4130 3830 4086 3798 4381 3951 3905 4164 4307 3999 4202 4355 4308 4606 4209 4508 3858 3957 4164 4137 4229 4305 4456 4331 4083 4231 4284 3695 4000 4232 4201 4413 4493 4456 4104 4142 4162 4050 4299 
3769 3686 3310 3614 3641 3843 4038 4053 3695 3752 3809 3963 3494 3847 3584 3655 3726 3551 3912 3816 3744 3860 3820 3983 3692 3292 3499 3900 3976 3655 3886 3697 3733 3586 3219 3649 3482 3527 3325 3815 3888 3728 3864 3570 3600 3422 3591 3676 3716 3709 3754 3381 3673 3712 3638 3620 3276 3597 3696 3626 3914 3709 3727 3865 3597 3737 3855 3644 4100 3763 3638 3640 3600 3623 3576 3519 4095 3427 3440 3738 3846 3611 4072 3684 3662 3715 3886 3744 3570 3578 3558 3946 3704 4104 3706 3738 3934 3799 3742 3602 3756 3806 3899 3604 3533 3849 3435 4003 3568 4194 3883 3762 3765 3398 3867 3765 3693 3786 3699 3380 4025 3852 3638 3856 3663 3869 3429 4078 3935 3727 4133 3654 3822 3792 3623 3796 3549 3682 3628 3759 3732 3575 3656 3419 3719 3710 3964 3910 3833 3712 3862 3988 3830 3422 3860 3351 3955 3620 3524 3864 3610 3617 3463 3630 3556 3912 3688 3478 3570 4058 3565 3798 3996 3737 3838 3307 3880 3705 3672 3671 3773 3682 3804 3868 3765 3767 4027 3907 3477 3461 4069 3590 3890 4110 3999 3696 3623 3726 3910 3770 
4041 3976 3547 3772 3706 4017 4281 4181 4175 3973 4314 4357 3490 4230 3782 3413 3930 3674 4070 4039 3819 4058 3856 4152 3939 3624 3826 4179 4178 3961 3910 3856 3868 3977 3757 3929 3853 3721 3636 4056 3876 4010 3772 4045 3784 3597 3796 3827 4148 4061 3879 3301 3955 3705 3686 3742 3463 3702 3859 4052 3915 3857 3999 4141 4075 3970 4002 3886 4228 3805 3595 4108 3960 3662 3616 3737 4379 3534 3787 4002 3919 3919 4244 3991 3889 4072 4021 3884 3813 4039 3922 4357 3777 4205 3924 3910 4006 3833 3934 3864 3985 3944 3965 4004 3715 4145 3865 3977 3669 4321 4119 3929 3994 3710 4369 4020 4073 3888 4057 3591 4250 4087 3743 4072 4132 3928 3976 4226 4057 3982 4416 3839 3975 4219 3919 4173 3777 4215 4080 3924 3805 3644 3896 3318 3738 4085 4069 3874 3871 3888 3981 4242 3924 3752 4021 3503 4263 3858 3614 3903 3946 4050 3719 3466 3576 3988 3656 3637 3765 4074 3977 4168 4109 3809 4009 3684 4030 3858 3965 4103 3982 4165 4174 4028 3870 3922 4163 3972 3671 3585 4018 3608 3971 4017 4188 3758 3640 4178 3759 4151 
4152 3798 3688 3801 4010 3881 4347 4078 4114 4006 3993 3948 3532 4012 3952 3623 3958 3649 4088 3925 3812 3962 3936 4279 4020 3663 3937 4155 4386 3931 4325 3856 3760 3801 3586 3902 3865 3982 3650 4011 4007 4132 3940 3878 3577 3621 3595 3757 4053 4146 4046 3760 3982 3785 3838 3827 3500 3763 3784 4082 4199 3994 4109 4098 3954 4332 4008 3848 4405 3875 3766 3792 3843 3958 3791 3717 4204 3486 3635 4011 3869 3808 4419 3943 3821 3796 4042 3926 3818 3956 3976 4211 3634 4220 3956 3914 4039 3761 4134 3676 3760 4081 4133 4083 3760 4120 3727 4215 3662 4643 3865 4108 3852 3812 4367 4086 3898 4038 3848 3736 4277 3821 3790 4289 3955 3903 3730 4487 4106 3999 4215 3906 4096 3934 3744 3853 3799 4093 4054 3973 3951 3625 3805 3529 3689 3860 4117 3870 3938 4288 4040 4312 3953 3798 4018 3537 4206 3826 3663 3976 3949 3951 3725 3700 3594 3936 3739 3523 3735 4430 3935 4235 4011 3913 4220 3762 4232 3746 3455 3964 3746 3790 3851 4208 3935 4126 4112 4125 3406 3688 4230 3738 3911 4246 4148 3988 3756 4008 4017 4246 
3797 3525 3461 3627 3548 3670 3999 4100 3922 3684 3576 3879 3364 3806 3578 3458 3755 3385 3880 3777 3535 3706 3733 4163 3711 3575 3766 3792 4010 3700 3810 3776 3713 3481 3555 3613 3592 3376 3301 3723 4038 3839 3797 3485 3567 3418 3439 3405 3903 3897 3712 3521 3804 3600 3579 3707 3377 3394 3604 3945 3795 3485 3880 3813 3588 3827 3779 3562 3947 3593 3356 3700 3950 3788 3554 3621 4052 3344 3376 3666 3813 3731 4041 3664 3609 3728 3793 3601 3490 3801 3651 3828 3486 4006 3821 3663 3980 3608 3913 3408 3789 3899 3720 3551 3461 3689 3693 3772 3432 4384 3808 3741 3718 3593 3943 3816 3447 3809 3785 3269 4262 3735 3687 3888 3836 3736 3666 4026 3716 3553 3925 3548 3799 3795 3624 3803 3545 3948 3794 3940 3672 3538 3602 3276 3720 3820 3916 3729 3703 3767 3702 4020 3761 3707 3974 3463 3876 3737 3489 3855 3743 3710 3438 3723 3469 3970 3421 3356 3702 4038 3716 3895 3706 3888 3899 3526 3803 3566 3571 3682 3559 3837 3640 3902 3783 3852 3887 3871 3526 3392 3999 3425 3571 3816 4100 3594 3538 3721 3694 3955 
3797 3838 3674 3823 3763 3814 4153 4215 4080 4035 3709 4159 3811 4130 3851 3736 3935 3815 3850 3918 3679 4139 3806 4064 3888 3660 3883 4175 4239 4041 3947 4035 4077 3675 3637 3869 4009 3603 3658 3975 3980 4119 3972 3748 3966 3544 3668 3986 3856 4012 3974 3621 4101 3817 3850 3906 3508 3699 3674 4155 3989 3657 3978 4189 3965 4248 4037 4024 4407 3689 4004 3842 4005 4072 3523 3616 4386 3795 3646 4201 3856 4028 4377 3721 3813 4206 3911 3781 3797 4145 3821 4001 3936 4327 4070 3922 3939 3890 4032 3776 3633 4084 3936 3911 4053 3992 4111 3968 3757 4719 4100 4016 3748 3879 4099 3964 3936 3936 3768 3595 4200 4039 3812 4052 3845 4086 3803 4343 3974 3864 4112 3887 3876 4069 3872 4140 3960 3913 3918 3844 4001 3897 4024 3379 3980 3964 4076 3788 3892 3908 4053 4164 4053 3626 4196 3650 4246 3884 3793 3973 3961 3886 3577 3894 3822 4010 3710 3633 3800 4155 3807 3835 3985 3961 4338 3586 4330 3670 3844 3988 3972 3968 4000 4186 4089 4066 4194 4128 3720 3792 4144 3688 3938 4208 4073 3911 3918 4045 3794 4007 
4393 4205 4072 4241 4288 4068 4611 4861 4476 4173 4385 4657 3979 4528 4289 3988 4325 4091 4390 4351 4443 4359 4456 4634 4346 4211 4376 4509 4776 4359 4461 4401 4394 4070 3996 4304 4353 4093 4041 4411 4288 4434 4261 4466 4289 3932 4241 4171 4436 4523 4368 3985 4481 4232 4307 4191 3909 4081 4144 4618 4523 4080 4520 4544 4261 4547 4565 4291 4913 4151 4060 4311 4491 4504 4110 4261 4774 4041 4105 4435 4530 4433 4734 4030 4310 4599 4435 4143 4054 4430 4270 4685 4224 4711 4264 4233 4450 4381 4509 4318 4419 4451 4492 4315 4134 4813 4409 4422 3962 4876 4531 4592 4269 4263 4747 4426 4375 4312 4489 4228 4723 4367 4255 4674 4236 4560 4162 4747 4692 4374 4844 4234 4746 4507 4181 4479 4256 4575 4430 4654 4202 4203 4397 3975 4323 4533 4491 4289 4206 4381 4628 4778 4440 4260 4585 4033 4804 4432 4041 4573 4256 4473 4022 4107 3915 4421 4063 3928 4371 4553 4302 4495 4412 4547 4456 4016 4559 4111 4369 4468 4392 4541 4287 4506 4683 4567 4638 4588 4182 4107 4686 4121 4601 4879 4656 4315 4128 4741 4267 4413 
4516 4511 4136 4503 4161 4266 4920 4784 4822 4653 4516 4670 3874 4664 4607 4054 4416 4157 4539 4462 4419 4224 4709 4704 4539 4293 4301 4807 4911 4471 4877 4711 4406 4456 4391 4557 4222 4341 4247 4593 4604 4675 4503 4409 4335 4117 4417 4457 4827 4596 4407 4044 4756 4389 4556 4402 4168 4337 4402 4745 4599 4314 4632 4918 4361 4819 4567 4307 4918 4332 4385 4431 4451 4602 4221 4318 4755 4227 4086 4514 4504 4358 4880 4423 4654 4616 4552 4384 4130 4574 4414 4804 4523 4800 4548 4313 4389 4272 4636 4187 4553 4566 4496 4270 4532 4824 4620 4750 4106 5111 4495 4899 4290 4413 4629 4633 4486 4448 4382 4330 5146 4556 4543 4766 4516 4568 4392 4894 4496 4522 4865 4357 4370 4565 4371 4924 4387 4665 4760 4675 4409 4369 4606 3959 4285 4592 4354 4552 4528 4604 4702 4813 4311 4221 4940 4176 4678 4425 4362 4904 4605 4604 4277 4193 3968 4819 4148 4291 4465 4728 4341 4694 4460 4673 4772 4261 4551 4475 4158 4625 4312 4721 4359 4774 4456 4732 4766 4595 4349 4157 4760 4282 4555 4714 4863 4477 4570 4695 4336 4896 
4173 4180 4065 4023 4256 4284 4536 4658 4502 4215 4440 4478 3835 4572 4290 4006 4021 3878 4228 4250 4198 4244 4251 4333 4353 4102 4119 4725 4779 4155 4388 4504 4241 3999 4038 4034 4009 4066 3981 4617 4268 4352 4284 4311 3980 4003 4038 4369 4264 4379 4137 3810 4184 4085 4103 4251 3865 4255 4099 4139 4288 4215 4343 4405 4275 4413 4458 4223 4533 3934 4358 4111 4166 4213 4087 4180 4721 3984 3922 4264 4329 4344 4823 3979 4387 4328 4223 4173 4022 4391 4257 4537 3958 4620 4079 4124 4179 3917 4388 4191 4142 4250 4309 4277 4206 4483 4510 4336 4120 4781 4239 4340 4167 3944 4442 4308 4007 4393 4114 3889 4505 4283 4198 4537 4212 4485 4271 4548 4258 4248 4643 4051 4284 4275 4205 4412 4060 4288 4411 4354 4101 4071 4385 3808 4264 4316 4516 4377 4273 4165 4364 4565 4203 3816 4445 3964 4676 4192 4144 4385 4206 4452 3988 4007 3753 4477 3948 4136 3941 4406 3837 4512 4242 4318 4444 4277 4184 3932 4208 4151 4275 4378 4474 4565 4653 4344 4431 4524 4073 3855 4260 4043 4385 4408 4580 4258 4477 4451 4226 4504 
4743 4362 4335 4458 4406 4406 4968 4970 4819 4474 4478 4741 4040 4554 4540 4073 4325 4101 4533 4487 4388 4482 4536 4809 4395 4174 4507 4570 4601 4553 4558 4621 4225 4360 4090 4605 4459 4185 4159 4669 4739 4621 4447 4365 4259 4368 4419 4168 4776 4411 4393 3974 4587 4443 4266 4574 4223 4254 4342 4372 4481 4456 4571 4612 4273 4658 4309 4713 4922 4552 4243 4394 4585 4527 4452 4156 4915 4024 4015 4460 4502 4335 4914 4445 4541 4767 4526 4160 4290 4612 4329 4723 4389 4840 4481 4467 4449 4294 4831 4550 4097 4693 4749 4369 4382 4643 4761 4873 4475 5280 4556 4727 4766 4412 4681 4789 4263 4639 4371 4126 5105 4688 4450 4580 4534 4654 4422 5040 4690 4556 4965 4299 4447 4632 4521 4524 4459 4660 4502 4740 4452 4194 4592 4223 4280 4445 4448 4641 4647 4730 4805 4797 4454 4134 4622 3986 4802 4392 4346 4790 4412 4643 4243 4067 4004 4758 4279 4311 4574 4620 4478 4800 4658 4634 4515 4208 4475 3965 4163 4439 4482 4738 4825 4639 4782 4460 4713 4894 4189 3965 4638 4380 4568 4894 4909 4536 4227 4707 4393 4900 
4070 3953 3707 3937 3953 3911 4234 4239 4123 4066 4108 4107 3673 4041 3702 3663 4219 3692 4262 3878 3717 4233 4052 4106 4008 3583 4013 4063 4355 3973 4168 4245 3825 3966 3821 4046 3731 3814 3596 4159 3779 4276 3778 3904 4049 3643 3824 3660 3868 3996 3813 3587 3898 4051 3734 3822 3470 3961 3977 4269 4156 3633 3922 4154 4182 4310 4137 3997 4421 3992 3633 3875 3965 3904 3811 3791 4283 3721 3765 4069 4143 4041 4207 3943 3826 4163 4066 3942 3954 3891 3964 4342 3784 4306 3954 3882 3926 3709 4050 3898 3986 4147 4132 3951 3875 4092 4123 4097 3768 4639 4255 4113 3921 3784 4256 4077 4192 3928 3977 3877 4349 4092 3760 4074 4025 4129 3882 4280 4042 3882 4462 3800 3966 3923 3598 4160 3603 4167 4238 4139 3983 3812 4109 3500 3880 4087 4098 4031 4014 4085 4170 4421 4049 3925 4244 3795 4394 3854 3615 4144 4102 3878 3811 3807 3547 4109 3797 3560 3780 4218 3878 4302 4161 3952 4015 3657 4237 3757 3728 4240 3907 4124 4101 4082 4041 3957 4166 4036 3681 3780 4371 3728 4013 4484 4175 3718 3909 4015 3895 4015 
3685 3530 3292 3478 3558 3388 3848 3580 3535 3487 3535 3683 3171 3664 3474 3097 3706 3023 3531 3541 3428 3472 3526 3664 3547 3277 3622 3663 4053 3417 3736 3579 3424 3301 3256 3480 3231 3503 3367 3632 3301 3516 3528 3613 3315 3188 3271 3568 3398 3739 3461 3240 3634 3541 3369 3266 3324 3356 3369 3714 3691 3318 3717 3779 3439 3645 3636 3515 3780 3451 3138 3411 3593 3604 3131 3251 3813 3480 3589 3682 3478 3453 3749 3068 3577 3497 3453 3415 3388 3703 3549 3949 3487 3765 3691 3416 3714 3339 3685 3383 3740 3372 3672 3620 3483 3792 3473 3696 3199 4019 3556 3614 3215 3467 3808 3407 3742 3427 3524 3313 3823 3586 3380 3719 3469 3622 3356 3995 3521 3296 3818 3398 3590 3477 3279 3801 3492 3474 3631 3593 3495 3291 3601 3198 3455 3586 3671 3237 3674 3875 3546 3840 3753 3328 3644 3384 3679 3321 3300 3743 3516 3594 3482 3266 3234 3533 3302 3286 3295 3598 3319 3546 3684 3479 3845 3210 3560 3383 3143 3710 3369 3526 3509 3550 3635 3680 3791 3765 3216 3428 3737 3108 3729 4013 3621 3491 3329 3834 3432 3835 
4340 4249 3985 3927 4029 4175 4581 4753 4368 4396 4199 4336 3854 4322 4344 3698 4290 3781 4101 4313 4072 4033 4261 4486 4369 4102 4103 4449 4661 4218 4302 4290 4226 3975 4099 4188 4284 4061 3793 4429 4159 4246 4119 4198 4177 4072 3932 4207 4349 4365 4033 3931 4282 4069 4182 4300 3738 4055 4025 4280 4227 3945 4245 4535 4196 4378 4407 4232 4622 4003 4090 4268 4320 4059 3910 4068 4349 3774 3956 4325 4518 4232 4585 3846 4318 4536 4327 4201 4118 4497 4046 4571 4158 4766 4322 3917 4184 4020 4294 4197 4135 4374 4360 4374 4085 4470 4298 4157 4116 4655 4178 4527 4139 3848 4564 4351 4057 4182 4141 3917 4589 4348 4033 4319 4261 4402 4066 4696 4355 4203 4482 3952 4412 4151 3977 4679 4099 4213 4341 4267 4231 4113 4318 3584 4104 4275 4075 4163 4364 4267 4350 4640 4390 3954 4441 3817 4381 4046 3945 4321 4343 4152 3906 4095 3777 4485 3952 3865 3988 4486 4242 4425 4451 4174 4323 4062 4460 4219 3903 4427 4139 4287 4379 4356 4661 4207 4411 4502 4056 4104 4326 3898 4478 4550 4325 4142 4209 4467 4092 4563 
4140 4017 3852 4235 3812 3917 4525 4308 4240 4137 4076 4481 3723 4172 3839 3735 4080 3763 4040 3885 3912 4219 4200 4310 4060 3932 3742 4270 4388 4065 4194 4168 3872 4176 3933 4055 3963 3862 3666 4195 3959 4121 4029 4006 4027 3824 3927 3920 4486 4214 4026 4048 4188 4035 3853 3594 3906 3781 3763 4249 4082 3930 4187 4457 3773 4280 4154 4160 4378 3891 4044 4038 4184 4163 3654 3953 4340 3910 3768 4106 4176 4081 4462 3818 4131 4229 4194 3778 3902 4246 4289 4431 3988 4377 4059 3847 3980 4016 4016 4065 4090 4311 4061 3928 4235 4170 4120 4283 3774 4676 4057 4137 3876 3873 4305 4295 4167 4218 3925 3873 4544 4003 3924 4163 4013 4013 3788 4507 4224 4023 4323 3869 3959 4068 3728 4224 4182 4249 4397 3955 3978 3972 4083 3719 3916 3915 4192 3854 3979 4028 4208 4396 4117 3926 4080 3700 4257 3796 3926 4206 3900 4304 3709 3985 3685 4225 3735 3710 3908 4117 3852 3989 3956 3957 4273 3763 4236 3873 3687 4022 4046 4244 4483 4102 4185 4132 4236 4333 3765 3709 4220 3966 3936 4307 4236 4105 3929 4393 4217 4302 
3916 3605 3630 3512 3646 3788 4177 4168 4081 3954 3790 4177 3320 3821 3739 3329 3720 3628 3813 3827 3707 3955 3669 4030 3413 3652 3627 4052 4070 3623 3844 3924 3905 3888 3662 3707 3731 3449 3466 3850 3688 3680 3797 3722 3646 3718 3640 3942 3866 3920 3709 3723 3785 3618 3800 3567 3675 3707 3787 3963 3950 3605 3847 4025 3850 3989 4047 3719 4084 3889 3758 3822 3901 3832 3348 3664 4137 3827 3567 3911 3877 3695 4137 3587 3815 4116 3749 3646 3718 3878 3652 4181 3895 4031 3803 3954 3795 3792 4120 3442 3752 3796 3914 3606 3711 3656 3826 4100 3509 4448 3890 3977 3780 3679 3909 3962 3646 3910 3850 3768 4214 3672 3585 4158 3849 3814 3885 4173 4191 3747 4137 3620 3643 4104 3509 3875 3810 4040 3850 3870 3676 3645 3779 3371 3850 3769 3754 3870 3976 3837 3984 4373 3968 3775 4024 3631 4204 3680 3447 4116 3983 3793 3746 3322 3438 4284 3525 3593 3738 3804 3672 4123 4085 3629 3997 3638 3976 3812 3686 3896 3874 3891 3804 4041 3963 3634 3892 4010 3554 3387 4082 3785 3865 4164 3858 3758 3860 3896 3857 3999 
3791 3812 3679 3662 3897 3938 3880 4246 3839 3978 4005 3707 3369 4057 3884 3447 3849 3412 4049 3683 3753 3717 3887 3918 3858 3634 3694 3934 4263 3862 4109 3904 3752 3713 3599 3727 3603 3901 3373 3926 3722 3926 3804 3678 3520 3601 3599 3476 3984 3900 3800 3588 3889 3673 3701 3763 3328 3621 3596 3811 3935 3678 3927 4064 3904 4128 3948 3966 4055 3573 3595 3680 3925 3901 3591 3608 4253 3548 3562 3800 3776 3814 4246 3740 3812 4001 3910 3723 3739 3815 3729 3862 3612 4147 3820 3713 3925 3679 4038 3719 3817 3921 3865 3817 3601 3986 3755 3991 3572 4496 3894 4169 3676 3788 3970 3810 3669 3932 3872 3361 4119 3771 3736 3949 3800 3846 3648 4186 3973 3835 3978 3661 3926 3872 3546 3981 3490 3617 4025 3848 3697 3694 3767 3306 3679 3822 3920 3886 3771 3814 4038 3948 3913 3616 4013 3436 4079 4014 3498 3844 3893 3792 3647 3741 3239 4091 3638 3281 3472 3932 3858 4004 3882 3870 3982 3400 3781 3636 3527 3868 3548 3825 3729 3880 4017 3856 3772 3943 3394 3436 4015 3753 3955 4063 4011 3662 3669 3857 3993 3955 
4132 3983 3988 3918 4080 4030 4493 4326 4350 4080 4038 4405 3602 4264 4153 3960 3962 3661 4154 4229 3913 4174 4248 4305 4152 3913 3899 4463 4455 3983 4303 4293 4112 4016 3899 4023 3968 3917 3893 4341 4112 4098 4117 4259 4137 3722 4015 3905 4415 4178 4256 3977 4306 4074 4071 4033 4030 3905 4184 4304 4299 4077 4317 4361 4116 4416 4339 4153 4571 3977 3934 4282 4096 4194 3900 4080 4464 3777 4054 4068 4277 4055 4514 4038 4185 4340 4108 4039 4045 4482 3992 4242 4037 4524 4115 4232 4261 4240 4129 4047 4028 3986 4203 4229 4099 4285 4151 4595 3947 4691 4426 4314 4023 3962 4476 4180 4214 4112 4219 3877 4494 4178 3939 4358 4146 4286 4051 4500 4261 4037 4550 4045 3917 4291 3943 4334 3831 4198 4251 4290 4088 4132 4279 3802 4332 4116 4117 4188 4354 4304 4213 4503 4395 3949 4453 3708 4305 3854 4010 4477 4274 4319 3729 3886 3707 4302 3859 3771 4238 4409 3826 4436 4321 4242 4333 3838 4135 3896 3937 4137 4037 4336 4020 4416 4249 4111 4336 4455 3845 3787 4181 3900 4103 4716 4416 4108 3994 4285 4107 4185 
4248 4363 4020 3913 3983 4160 4557 4596 4602 4300 4115 4370 3515 4204 4206 3851 4236 3863 4239 4281 4121 4203 4215 4277 4203 3887 4034 4363 4553 4164 4127 4077 3994 4437 3970 4042 3966 4179 3978 4197 4353 4197 4035 4068 3817 4077 3916 3978 4458 4343 3792 3906 4090 3843 4103 4207 3731 3794 4027 4024 4046 3877 4319 4157 4257 4130 4394 4140 4589 4016 3822 4197 4419 3907 3859 3943 4387 3840 4099 4072 3898 4021 4414 4061 4231 4499 4283 3943 4185 4332 4169 4362 3718 4322 4185 4136 4250 4110 4170 3913 3903 4331 4344 4136 4005 4276 4159 4449 3930 4778 4252 4061 4100 4239 4491 4251 4190 4105 4266 3680 4361 4256 3942 4329 4233 4009 4058 4397 4150 3956 4536 4056 4044 3975 4124 4268 3939 4040 4271 4275 4134 4105 4181 3674 3954 4221 4133 4310 4165 4229 4234 4447 4242 3982 4426 3920 4263 4204 3901 4280 4123 4177 4045 3850 3731 4111 3808 3888 3937 4288 4159 4239 4420 3948 4216 3868 4154 3823 3880 4321 4004 4447 3969 4345 4374 4102 4120 4426 3596 3800 4200 3745 4041 4354 4271 3956 3965 4405 4168 4376 
4375 3972 3915 4124 4079 4010 4351 4254 4602 4051 4226 4446 3595 4019 4059 3542 4022 3817 4008 4026 4164 3882 4280 4245 4083 4045 4053 4154 4445 4050 4239 4246 4123 4284 3958 3961 3808 3789 3949 4267 3925 4174 4046 3711 3976 4127 3972 4049 4308 4180 4055 3942 4121 3887 4137 4053 3628 3907 3983 4312 4125 4039 4180 4275 4176 4305 4401 4415 4465 3913 3831 3976 4232 3890 3979 3884 4425 4026 3783 4318 4072 4164 4442 3905 4141 4313 4247 3986 3806 4284 4162 4526 4039 4454 4208 3888 4079 4081 4303 3912 4147 4249 4050 3974 3970 4245 4242 4082 3767 4798 4188 4357 4103 4147 4411 4449 4032 3997 3885 3881 4417 4054 3961 4306 4321 4318 4119 4345 4187 4088 4313 3957 3957 4114 3878 4221 3795 4295 4214 4151 4117 4010 4021 3509 4064 4248 4080 4218 4297 4119 4046 4366 4177 3901 4130 3790 4650 4058 3803 4336 4160 4048 3920 3795 3646 4468 3840 3838 3763 4435 4114 4318 4331 3921 4381 4108 4231 4133 3691 4234 4064 4399 4219 4188 4219 4160 4225 4205 3520 3894 4379 3832 4184 4307 4121 4103 4172 4310 4080 4297 
4204 4007 4033 4253 3829 4042 4186 4439 4518 4126 4009 4289 3692 4086 4141 3873 4163 3607 4152 4225 3942 3968 4431 4260 4022 3924 3920 4120 4494 4016 4156 4077 4206 3863 3805 3984 3937 3855 3707 4449 4137 4028 4187 3964 4087 3853 3743 4001 4204 4201 4047 3755 4114 3922 3942 3931 3690 3677 3978 4072 3937 4009 4328 4122 4305 4219 4391 4177 4410 4021 3604 4146 4127 3888 4062 3777 4364 3993 3791 4056 4114 3932 4431 3829 4148 4340 4155 3844 3878 4131 4318 4269 3887 4251 4138 3899 4281 3998 4290 3966 4010 4279 4305 4118 4058 4215 4084 4283 3549 4750 4095 3985 4187 4078 4154 4240 4162 4018 4023 3837 4485 4173 3961 4025 4055 4149 3980 4529 4275 3928 4422 3924 4044 4163 4013 4246 3946 4170 4100 4279 3931 3905 4296 3700 3889 3982 4151 4239 4090 4100 4114 4485 4078 3803 4407 3660 4283 3788 3774 4197 3990 4016 3964 3849 3640 4203 3846 3671 3954 4197 3988 4248 4310 4238 4101 3838 4112 3990 3748 4111 3984 4415 4041 4452 4273 4130 4247 4311 3603 3710 4248 4005 4205 4255 4484 4017 4093 4234 3954 4319 
4318 4080 3793 3883 3883 4010 4142 4509 4098 4125 3852 4400 3604 4080 4173 3821 4014 3700 4058 4077 4020 4057 4013 4288 4014 3796 3869 4094 4360 3897 4080 4144 4084 4003 3707 3888 3659 3856 3772 4177 3979 4147 3990 3966 3875 3680 3696 4036 4170 4056 4068 3866 3923 3858 4109 3832 3799 3929 3747 4022 4077 3836 4131 4123 3780 4341 4266 4115 4393 3959 3839 3817 4019 3936 3662 3848 4369 3658 3728 4011 4082 3954 4357 3787 3878 4182 4131 3941 3808 3973 3981 4291 3977 4448 4090 3809 3948 3927 4121 4047 4034 4209 4271 4032 3784 4114 3907 3963 3719 4699 4133 3971 4032 3654 4145 4020 3978 4056 4115 3878 4208 4284 3778 4090 3812 4314 3798 4503 4046 4021 4269 4104 4070 4076 3920 3974 3836 4238 4196 4010 4147 3800 3871 3555 3888 3917 4031 4039 3855 3948 4175 4281 4026 3868 4040 3727 4161 3969 3508 4066 4065 4045 3642 3578 3531 4207 3775 3714 3725 4284 3888 4376 4138 3870 4102 3843 3972 3882 3824 4051 3832 4085 4463 4386 4346 3961 4335 4327 3731 3708 4135 3834 4041 4293 4119 3912 3992 4053 4158 4403 
4081 3938 3913 3869 3917 4020 4276 4205 4279 4079 3947 4277 3383 3898 3927 3727 3997 3690 4021 4010 4007 4091 4243 4120 4016 3763 3945 4088 4302 3881 3892 4170 4156 4128 3940 3966 3712 3823 3837 4196 3823 4000 3901 3981 3929 3704 3787 3730 4153 4220 3850 3648 3883 3949 3987 3796 3705 3849 3770 4137 4139 3944 4017 4158 4042 4245 4226 4019 4440 3776 3590 3957 4117 3851 3777 3746 4168 3460 3818 4081 4077 3974 4445 3578 3945 4260 4100 3867 3992 4272 3939 4267 4011 4338 3916 4096 3834 3888 4064 3963 4001 4028 3930 4103 3734 4360 3999 4352 3859 4417 4186 4290 3923 3975 4241 4160 4149 3998 3944 3683 4185 4305 3807 4334 3881 4187 3937 4392 4037 3947 4372 3812 4065 4212 3568 4183 3820 4406 4218 3989 3967 3771 3991 3573 3971 4006 4129 4032 4137 3892 4168 4400 4340 3761 4067 3759 4073 3783 3728 4109 3953 4117 3991 3668 3633 4017 3828 3954 3844 4172 4026 4229 4060 3906 3966 3855 3948 3685 3865 4084 3913 3978 4069 4097 4301 3999 4321 4159 3698 3780 4135 3961 4148 4310 4149 3989 3708 4180 3818 4157 
3686 3686 3610 3602 3763 3896 4139 4043 4086 3952 3931 3923 3414 3900 3672 3555 3738 3498 3779 3751 3622 3505 3809 3978 3767 3403 3617 4080 3893 3915 4009 3911 3702 3726 3644 3657 3695 3447 3466 4141 3697 3980 3723 3952 3784 3456 3812 3591 4042 3747 3859 3638 3896 3746 3882 3695 3453 3548 3603 3696 4244 3896 3861 3929 3881 3968 4011 4025 4241 3568 3885 3715 3845 3826 3568 3545 4013 3663 3379 3745 4082 3848 4252 3504 3986 4107 3910 3700 3548 3928 3826 3905 3779 4406 3771 3831 3757 3730 3958 3789 3599 3865 3915 3763 3763 4078 3779 4272 3700 4485 3932 3976 3879 3790 3960 3892 3841 3909 3876 3757 4369 3870 3726 3895 3810 4069 3543 3965 4135 3951 4159 3841 3681 3813 3630 3804 3607 4019 4032 3852 3744 3782 4053 3416 3561 3638 3835 3880 3907 3780 4071 4093 3865 3736 3986 3415 4084 3611 3574 3900 3927 3840 3617 3709 3599 4244 3750 3570 3856 4098 3874 4127 3888 3885 3854 3607 3667 3617 3527 3676 3877 3917 4020 4019 3898 3641 3904 3995 3775 3329 3884 3718 3940 4198 3930 3782 3748 4003 3693 4194 
4231 3968 3568 3769 3859 3934 4140 4096 3968 4089 4112 4108 3658 4196 3768 3720 4065 3583 4047 3995 3785 3860 3751 4078 3967 3768 3687 4309 4322 3822 3995 4021 3819 3975 3804 3709 3844 3468 3537 4046 3943 4050 3913 3954 3962 3793 3643 4025 4011 3850 3858 3659 4192 3802 3712 3756 3618 3675 3771 3994 3896 3847 4102 4339 3994 4185 3967 4037 4544 3763 3756 4040 3991 3950 3657 3804 4247 3720 3846 3915 4055 3762 4246 3789 4045 4235 4049 3845 3685 3932 3911 4252 3946 4390 3601 3828 4030 4032 3914 3658 3930 4008 3922 3977 3743 3880 3976 3832 3873 4552 3945 4063 3869 3715 4064 4085 4138 4036 3927 3754 4325 4034 3640 3889 3936 4057 3732 4197 4126 3899 4203 3991 3977 4003 3695 4101 3928 4185 4077 4024 3866 3781 4064 3268 3833 3921 4048 3945 4001 3775 4017 4356 3805 3853 3919 3555 4140 3780 3682 4216 3941 3883 3679 3842 3758 4256 3594 3613 3870 4122 3936 4043 4074 3841 4151 3778 3999 3973 3974 4222 4112 4111 4051 4088 4093 3948 4154 4025 3581 3751 4076 3695 3922 4248 4302 3831 3781 4074 4044 4087 
4004 4090 3916 3961 4131 4028 4486 4396 4217 4022 4217 4345 3437 4197 4096 3842 4000 3684 4065 4270 3888 3970 4016 3986 4220 3825 3863 4503 4375 3929 4380 4161 4086 3888 3732 3868 4094 4027 3740 3996 3845 4177 3962 3878 3901 4039 3651 4145 4349 4036 3967 4067 4102 4026 3929 3955 3764 3900 3852 4210 4148 3806 4077 4288 3899 4332 4366 3892 4415 3882 3812 3836 4143 4153 3678 4009 4396 3923 3916 3894 4025 4219 4294 3887 4121 4000 4065 3834 4061 4243 3834 4271 3814 4349 4046 3759 4139 3805 4213 4006 4035 4113 3960 4170 3618 4088 4082 4075 3792 4801 4061 4212 4126 4079 4447 4259 4119 4132 4099 3669 4705 3987 4088 4305 4128 4042 3875 4324 4224 3906 4473 3824 4025 4023 4009 4041 3858 4039 4282 4174 3960 4014 4102 3702 3929 4003 4042 3909 3824 4004 4249 4511 4024 3822 4188 3621 4300 3898 4075 4388 3863 4150 3846 3886 3442 4138 3854 3759 3855 4096 3790 4272 4106 4047 4286 3705 4263 3713 3608 4041 3928 4179 4221 4110 4373 4063 3951 4140 3651 3780 4309 3729 4128 4460 4271 3697 3985 4240 4240 4199 
3900 3715 3529 3617 3425 3693 4184 4060 3938 3676 3857 3942 3605 3753 3806 3524 3681 3466 3675 3814 3628 3807 3768 3905 3745 3534 3802 3988 4168 3805 4026 3975 3603 3585 3658 4082 3645 3633 3347 4128 3795 3974 3592 3806 3683 3885 3609 3557 3918 3704 3809 3424 3910 3895 3737 3521 3589 3602 3491 3809 3502 3698 4165 4018 3898 4007 3722 3788 4117 3787 3662 4025 3716 3764 3474 3534 4104 3498 3701 3754 3761 3844 4212 3764 3689 3884 3767 3753 3814 3977 3713 4049 3757 3982 3774 3674 3678 3818 3944 3752 3861 3781 3753 3821 3609 3841 3698 3909 3643 4304 3700 3908 3582 3441 3813 3866 3750 3782 3776 3385 4016 3674 3488 3785 3768 3764 3652 4067 3977 3775 4238 3457 3752 3717 3717 3894 3586 3801 3841 3912 3838 3609 3803 3312 3686 3829 3796 3682 3920 3951 3974 4252 3940 3788 3951 3344 3821 3729 3651 3804 4030 3858 3536 3420 3331 3862 3485 3275 3519 4044 3499 3937 3808 3962 3723 3606 4088 3517 3389 3770 3672 4043 4030 4035 3928 3678 3911 4044 3485 3395 3985 3635 3847 4329 4115 3587 3735 3897 3857 4034 
3971 3891 3888 3976 3970 3831 4382 4573 4048 3966 4227 4300 3578 4113 4167 3853 4124 3871 3980 4004 4003 4049 4065 4344 4059 3718 3897 4175 4356 3792 4379 4235 4067 3962 4110 3832 4113 3740 3860 4046 3864 4103 3837 4017 3800 3853 3791 4097 4264 4013 3975 3873 4208 4032 4041 4016 3885 3965 3837 4072 4385 3932 4143 4126 3889 4144 4095 3944 4383 3892 4083 3951 4028 4061 3576 3667 4237 3882 3808 4028 4219 4088 4366 3818 4053 4190 3894 3736 3864 4317 3980 4460 4145 4408 3978 3995 3979 3687 4367 4085 3894 4018 4267 4180 3971 4238 4023 4260 3910 4479 4068 4143 4026 3960 4219 4140 4092 4125 4019 3932 4477 4054 3784 4113 3849 4137 3895 4188 4138 4298 4063 4004 4078 3968 3833 4066 3964 4090 4317 4250 3941 3915 4243 3610 3872 4120 3979 4080 4041 4063 4129 4435 4051 3679 4254 3749 4372 3866 3952 4155 3823 4192 3814 4001 3484 4158 3753 3964 3925 4242 3731 4370 4155 3944 4265 3948 4027 3707 3916 3927 4021 4123 4116 4202 4283 4033 4257 4230 3700 3770 4231 3533 4134 4442 4233 3883 3982 4260 4161 4364 
4085 4061 3929 3937 3997 4107 4326 4369 4410 3813 4232 4123 3670 4124 3983 3761 4043 3832 4170 4025 4104 4040 3961 4285 4063 3990 3638 4427 4546 4004 4371 4229 3991 4031 3936 3969 3903 3864 3800 4329 3985 4283 3937 4066 3823 3863 3835 3884 4361 4293 3934 3766 4212 4001 4012 4066 3789 3797 3939 3973 4239 3735 4200 4067 3823 4156 4096 4132 4553 4102 3849 3845 4116 4191 3911 3768 4297 3862 3812 3990 4089 3975 4502 4110 4274 4267 4060 3960 3908 4164 3898 4447 3902 4208 3935 4007 4163 3944 4135 3798 4024 4434 4183 4215 3894 4347 4157 4273 3875 4765 4280 4449 4290 4124 4269 4168 4157 4189 4003 3809 4410 4150 4044 4498 4191 4161 4185 4296 4245 4170 4458 3854 4247 3821 4058 4019 3819 3992 4086 4275 3968 3930 4324 3646 4096 3840 4104 4017 4222 4082 4523 4432 4191 3729 4178 3823 4356 3915 3964 4067 3801 4096 3845 3777 3742 4119 3835 3970 3880 4159 3966 4332 4263 4207 4390 4048 4064 3863 3920 4105 4119 4144 4349 4257 4466 3980 3979 4250 3802 3925 4226 3842 4150 4438 4246 3895 3817 4200 4283 4296 
3897 3798 3746 3531 3905 3904 4134 4135 3994 3632 3761 3934 3516 3778 3671 3627 3726 3631 3847 3698 3890 3664 3722 4057 3737 3407 3710 4031 4252 3646 3835 3795 3811 3683 3416 3831 3458 3805 3571 3902 3831 3866 3691 3703 3511 3549 3824 3701 3869 3821 3765 3630 3844 3847 3781 3870 3276 3581 3635 3719 3695 3739 4059 3928 3777 3925 3887 3875 4292 3467 3756 3764 3919 3696 3388 3655 4023 3314 3463 3759 3841 3749 4029 3517 3930 3973 3777 3725 3493 3937 3596 4136 3716 4118 3727 3548 3760 3763 3959 3672 3703 4079 3897 3627 3653 3896 3797 3879 3470 4292 3878 3778 3800 3818 4019 3940 3769 3851 3829 3477 4022 3932 3906 3985 3767 3848 3667 4149 3836 3845 3982 3749 3757 3638 3746 3676 3521 3641 3803 3934 3709 3685 3599 3274 3768 3936 3831 3992 3715 3851 3845 4213 3694 3431 4030 3496 4096 3946 3411 3789 3747 3825 3535 3416 3361 3852 3626 3419 3349 4129 3528 3737 3889 3925 3762 3512 3932 3524 3563 3733 3741 3933 3808 4144 3876 4094 3925 3901 3595 3463 3836 3459 3967 3975 3994 3790 3797 4059 3680 3992 
3979 3953 3655 3769 3786 3719 4096 4160 4077 3985 4003 4277 3403 4151 3847 3541 3853 3579 3791 3838 3865 4188 3813 4018 3728 3561 3926 4251 4009 3757 3901 4248 3921 3609 3708 3754 3888 3804 3593 4282 3802 4069 3823 3906 3629 3485 3631 3842 3655 3927 3788 3764 3828 3979 3749 3649 3631 3667 3797 3891 3938 3612 4066 4000 3769 4134 4150 3809 4313 3705 3726 3779 3903 3719 3659 3892 4030 3541 3693 4037 3982 3767 4272 3652 3749 3998 3919 3683 3756 4063 3929 4283 3563 4311 3834 3845 4099 3797 4055 3735 3942 3865 4190 3913 3661 3922 4067 4079 3828 4500 3963 3973 3810 3743 4111 3958 3897 3793 3549 3691 4372 4175 3819 3938 3821 3938 3810 4203 4069 3687 4104 3779 3927 4026 3837 4065 3846 4317 4279 4006 3854 3681 3986 3453 3731 3824 4055 3941 3960 3918 4181 4304 4008 3924 4202 3578 4160 3744 3707 3991 4022 3918 3655 3803 3679 3979 3592 3513 3892 4170 3611 4138 4082 3866 4106 3597 4111 3678 3774 3937 3642 3978 4142 4179 4215 3922 4135 4048 3802 3690 4051 3738 3923 4084 4086 3853 3686 4001 3931 4196 
4207 3958 3583 3866 3739 3758 4360 4348 3949 3785 4071 4289 3388 4091 3866 3691 3783 3511 3988 3920 3985 3953 4068 4167 4070 3682 3794 4150 4280 3875 3988 4063 3883 3859 3491 3932 3521 3715 3460 4266 3935 4016 4029 3821 3824 3789 3842 3782 3997 3966 3796 3706 4019 3860 4000 3844 3714 3794 3527 4140 3990 3788 4006 4231 3810 3954 3917 3693 4355 3857 3794 3833 3968 4073 3642 3835 4143 3613 3709 3969 3956 3895 4291 3884 4021 4117 4009 4039 3636 3961 3824 4326 3868 4267 4157 3831 4021 4019 4226 3797 3949 4021 4012 3982 3720 3943 3916 4084 3733 4493 4067 4293 3956 3869 4178 4196 4082 3807 3911 3489 4287 4221 3850 4059 3854 4014 3593 4163 4204 3810 4444 3569 3952 4056 3750 4280 3758 4007 4223 4215 3943 3773 3846 3517 3702 3900 3922 3973 3990 4008 4090 4258 4091 3745 4124 3685 4020 3930 3705 4093 4067 4330 3768 3986 3447 4184 3802 3577 3766 4201 3821 4191 3931 3874 4189 3630 4053 3867 3644 3716 3970 4268 3965 4103 3948 3947 4250 3910 3641 3533 4021 3688 4181 4309 4247 3898 3832 4295 3937 4003 
4583 4381 4263 4468 4453 4369 5137 4638 4701 4569 4521 4655 4018 4504 4426 3962 4284 4146 4618 4279 4323 4195 4467 4625 4633 4250 4293 4564 4688 4380 4761 4464 4365 4378 4187 4350 4257 4414 4118 4389 4246 4471 4395 4336 3994 4331 4393 4209 4561 4441 4371 4389 4547 4177 4189 4341 4077 4186 4398 4462 4502 4512 4635 4672 4477 4523 4464 4579 4817 4351 4362 4486 4437 4313 4224 4247 4848 4139 4043 4322 4349 4431 4912 4303 4640 4447 4646 4544 4349 4477 4368 4714 4242 4965 4402 4288 4396 4266 4394 4437 4276 4547 4490 4372 4109 4657 4362 4557 4142 5156 4682 4581 4379 4461 4731 4437 4493 4515 4219 4076 4865 4383 4300 4449 4241 4337 4305 4740 4625 4369 4809 4281 4339 4396 4266 4617 4362 4526 4522 4535 4459 4238 4483 3908 4295 4317 4324 4179 4164 4414 4759 4544 4205 4268 4588 3895 4577 4336 4176 4554 4441 4387 4098 4191 4014 4764 4051 4024 4105 4479 4017 4635 4574 4452 4504 4160 4524 4479 4052 4443 4288 4648 4346 4470 4523 4384 4548 4652 4016 4255 4604 4446 4428 4919 4608 4178 4224 4746 4463 4685 
4032 3826 3551 3806 3770 3862 4184 4246 4044 3862 3894 4255 3488 3945 3684 3492 3897 3719 4149 3811 3921 3813 4038 4060 4286 3598 3813 3866 3942 3752 4030 3940 3750 3941 3759 3863 3625 3667 3608 4147 3880 3977 3764 3794 3760 3663 3876 3716 3909 3861 3714 3473 3952 3792 3785 3724 3552 3578 3702 4056 4160 3873 3748 3902 3950 4240 4146 3981 4376 3755 3365 3990 4213 3756 3756 3571 4325 3511 3650 4099 3905 3825 4206 3844 3999 3958 4026 3709 3741 4016 3925 4049 3932 4268 3761 3848 3938 3816 3759 3694 4141 4004 4002 3807 3820 4080 3929 4123 3765 4492 4071 3946 3945 3853 4376 3981 4113 4021 3647 3363 4313 4222 3771 4223 3947 4014 3539 4074 4110 3781 4129 3879 3797 3736 3622 4127 3643 4071 4026 3796 3927 3729 3966 3299 3717 3980 3985 4072 3925 3850 4076 3947 3943 3716 4027 3569 4046 3787 3681 4071 3955 3792 3596 3640 3553 4065 3654 3556 3788 4176 3783 4046 3956 3863 3970 3495 4037 3612 3748 4153 3710 3994 4021 4167 4123 3908 3914 3950 3565 3747 4184 3599 4037 4270 3937 3756 3769 4179 3779 3892 
4121 3891 3788 3815 3758 3842 4191 4290 4140 3881 3837 4106 3576 3843 3808 3692 3830 3754 4131 3956 3950 4139 4185 4292 3839 3581 3584 4122 4303 3984 4308 4180 3971 3957 3498 3908 3797 3735 3792 4088 3937 4145 3964 3884 3843 3959 3873 3852 4136 4175 3842 3586 4038 3786 3983 3768 3523 3786 3999 4017 4092 3816 4099 4164 3942 3895 4353 4115 4366 3982 3423 4057 4059 3907 3796 3573 4291 3608 3665 4143 3979 3816 4325 3922 4122 4102 3813 3951 3864 4135 3814 4290 3924 4318 4023 3698 3929 3468 4279 3862 4353 3958 4009 3948 3697 4057 3879 4084 3748 4421 4029 4057 3864 3685 4147 4079 3825 4058 3992 3902 4292 4179 3816 4173 3918 4024 3844 4295 4115 4032 4320 3715 4015 4062 3850 4204 3684 4087 4073 4162 4050 3779 4041 3518 3844 4118 3838 3922 4058 4064 4170 4239 3906 3757 4006 3594 4008 3872 3770 4210 3918 3999 3602 3634 3364 3969 3794 3661 3856 4129 3886 4041 4125 3931 4113 3793 4133 3887 3707 3991 4000 4079 4148 3961 4148 3937 4274 4091 3873 3556 4127 3837 3856 4180 4220 3872 3941 3942 3865 4286 
4045 3790 3765 3821 4138 4029 4403 4362 4262 3985 4337 4213 3751 4300 4227 3759 4028 3841 4226 4077 4070 4019 3922 4207 4114 3990 3880 4433 4331 4180 4323 4425 4185 3935 3905 3800 4103 3736 3831 4217 4164 4375 3798 3967 3912 3805 3829 4018 4196 4058 3833 3769 4151 4097 3989 3852 3866 3896 3912 4278 4084 3791 4239 4435 4138 4089 4229 3960 4561 3857 3672 4027 4274 4259 3841 3849 4458 3812 3931 3969 4022 4125 4609 3870 4025 4188 3937 4110 3735 4294 3994 4416 3973 4300 4124 3947 3965 3965 3859 3851 4132 3981 4184 3933 3953 3976 4114 4142 4075 4748 4253 4226 3978 3750 4371 4299 4145 4044 4022 3828 4507 4009 3946 4195 4022 4276 3963 4260 4135 4150 4278 3991 4137 4080 3984 4406 3803 4233 4288 4160 4000 3911 4469 3630 3979 4187 3865 3990 4217 4011 4380 4320 4110 4072 4296 3613 4223 3849 3730 4437 4151 4219 3767 3787 3767 4245 3926 3846 3968 4541 4010 4354 4245 4233 4082 3958 4040 3765 3929 4131 4220 4554 4126 4439 4216 4080 4186 4326 3837 3555 4467 3774 4088 4309 4151 3987 4074 4243 3966 4428 
4334 4097 3794 4170 4044 4167 4602 4325 4638 4451 4230 4466 3829 4364 3997 3738 4086 3951 4220 4076 4157 4272 4193 4201 4083 4120 4009 4400 4428 4295 4283 4425 4163 3928 3895 4111 4176 4073 3730 4353 4263 4211 4171 4059 3978 3990 4162 4115 4423 4379 4094 4045 4217 4223 4280 3934 3878 4020 4032 4307 4153 4091 4447 4408 4193 4484 4428 4209 4713 4223 4083 4229 4292 4204 3842 4116 4610 4113 3776 4132 3962 4315 4644 4066 4104 4372 4191 4127 4072 4472 4122 4343 4313 4564 3954 4246 4307 4131 4351 4112 4411 4335 4341 3951 4069 4300 4175 4456 4033 4929 4314 4317 3967 4122 4326 4599 4095 4207 4085 3865 4642 4326 4144 4675 4089 4356 4074 4564 4419 4123 4447 4137 4178 4250 4080 4510 4085 4354 4212 4282 4404 4038 4284 3502 4162 4199 4216 4313 4219 4325 4632 4720 4108 4073 4280 3764 4410 4068 3955 4320 4301 4193 3794 3979 3911 4527 3916 3924 4172 4389 4116 4480 4273 4133 4375 4040 4156 3918 3947 4258 4119 4171 4358 4394 4465 4222 4585 4630 3931 3853 4300 4069 4253 4599 4340 4252 4158 4277 4324 4416 
3806 3747 3733 3809 3832 3780 4037 4226 3980 4003 4004 3942 3456 3907 3843 3872 3654 3586 3825 3883 3788 3707 3785 3793 3925 3617 3635 4069 4133 3849 3934 3788 3657 3816 3732 3804 3628 3654 3509 3998 3821 4146 3711 3793 3600 3554 3717 3575 3987 3880 3962 3497 3773 4065 3854 3656 3357 3729 3853 3979 4065 3627 3888 3890 3766 3991 4029 3844 4223 3654 3839 3737 3743 3863 3333 3715 4114 3381 3459 3542 3907 3972 4463 3696 3821 3816 4052 3744 3856 3821 3652 3846 3697 4070 3780 3874 3702 3709 3717 3802 3622 3869 3689 3977 3716 3755 3741 3928 3528 4402 3898 4069 3936 3734 3982 3781 3878 3832 3999 3616 3971 3785 3775 3982 3524 3915 3594 4342 3782 3864 4243 3597 3985 3886 3603 3704 3912 3829 3951 3726 3734 3649 3857 3387 3803 3832 3907 3784 3880 3746 3806 4159 3884 3477 3764 3478 3913 3622 3590 3912 3664 3829 3464 3459 3469 3912 3578 3603 3616 4014 3624 3845 3891 3766 4126 3946 4033 3683 3704 3874 4038 3801 4115 3948 3891 3756 4241 4067 3599 3674 4110 3678 3688 4105 4229 3709 3746 4017 3830 4102 
3908 3761 3371 3577 3484 3754 4111 4051 3993 3812 3748 4092 3391 3938 3654 3543 3809 3749 3973 3690 3686 3873 3793 4010 3867 3441 3679 3841 4173 3798 4026 4008 3731 3880 3686 3816 3868 3349 3417 4011 3982 3993 3873 3633 3677 3780 3782 3698 4035 3982 3656 3726 3875 3743 3769 3609 3620 3764 3923 4056 4185 3763 3879 3934 3974 4138 4065 3759 4175 3785 3557 4014 4064 3883 3578 3495 4267 3697 3645 3890 3909 3614 4202 3521 3935 4221 3788 3754 3653 3757 3849 4014 3844 4148 3942 3692 3988 3811 3708 3449 3758 3810 4024 3767 3666 3992 3811 3930 3708 4372 4011 3841 3988 3753 4104 4090 3739 3937 3915 3545 4045 3966 3640 4116 3824 3982 3608 3956 3942 3743 4114 3608 3709 3873 3694 4003 3715 3982 3878 4015 3834 3757 4113 3562 3847 3688 3823 3922 3780 3732 3901 4085 3944 3728 4241 3788 3989 3881 3366 3998 4063 3857 3615 3705 3737 4309 3619 3632 3746 3812 3659 4034 3850 3804 3969 3444 3767 3511 3570 3748 3726 4100 3886 4022 4221 3759 4016 3813 3556 3636 3995 3646 3956 4226 3965 3802 3673 4112 3846 4097 
4394 4167 3870 4373 3918 4253 4370 4475 4331 4516 4407 4576 3806 4507 4303 3874 4101 4103 4350 4395 4149 4230 4303 4448 4352 3871 4090 4447 4585 3990 4344 4310 4187 4183 4143 3985 4158 4209 3987 4399 4270 4228 4193 4167 3959 4012 3923 4145 4609 4326 4184 4036 4237 4168 4114 4090 3903 4050 4153 4376 4474 4181 4400 4275 4282 4379 4407 4202 4416 3960 4157 4296 4230 4210 3932 3879 4664 3906 3955 4279 4264 4271 4831 4162 4254 4346 4553 4074 3857 4226 4295 4439 4061 4524 4309 4218 4236 4173 4339 4153 4148 4387 4270 4125 3925 4199 4269 4248 3992 4729 4303 4209 4191 4211 4565 4258 4355 4279 4219 3855 4638 4203 4078 4471 3978 4338 3927 4612 4300 4092 4383 4124 4391 4316 3959 4349 4000 4503 4510 4474 4190 3959 4375 3867 4322 4105 4467 4194 4329 4077 4231 4363 4215 3950 4560 3960 4354 4252 3768 4330 4049 4314 3763 3885 3746 4391 3952 4066 4030 4382 4052 4376 4538 4141 4615 4116 4123 3901 4062 4217 4062 4329 4291 4426 4398 4177 4390 4432 3718 3895 4320 3838 4345 4403 4485 4243 3935 4154 4185 4462 
4317 3940 3689 3806 3787 3532 4239 4331 3997 4022 3965 4144 3523 3926 3834 3833 3869 3501 4011 4013 3712 3802 4049 3940 4144 3766 3936 4008 4311 3800 4112 3836 3878 3839 3674 3784 3857 3605 3510 4091 3965 4379 3744 3787 3900 3802 3667 3614 4115 3975 3863 3756 3998 3985 4002 3820 3569 3917 3614 3923 4055 3821 4142 4182 3983 3926 4235 3843 4346 3783 3836 3940 4095 3961 3778 3930 4238 3574 3903 3887 4067 3932 4346 3850 3864 4128 4036 3875 3700 4192 3788 4175 3533 4309 3897 3822 3893 3925 4078 3849 3997 4102 4036 3844 3856 4155 3890 4231 3797 4439 4106 4029 4141 3728 4349 4174 4017 3777 3994 3783 4172 3890 3772 4034 3999 4062 3560 4381 4095 4001 4419 3908 3995 3946 3662 4152 3583 4057 4188 4250 3852 3797 3930 3815 3924 3816 3942 3819 3969 4128 4208 4341 3981 3883 4176 3678 4075 3799 3878 4134 3867 4020 3709 3805 3514 3943 3921 3644 3730 4169 3841 4137 4059 3992 4055 3677 4042 3773 3780 3906 3869 4209 3998 4208 4114 3880 4018 4243 3647 3627 4330 3670 4070 4213 4343 3814 3902 4160 3977 4325 
4120 3939 3638 3898 3844 3935 4307 4225 4169 4076 3852 4367 3551 4227 3918 3794 4279 3612 4173 4112 4053 4193 4069 4298 3995 3741 4077 4316 4487 4001 4061 4061 4024 4223 3832 4110 4088 3773 3742 4185 4129 4358 4107 4011 3839 3606 3763 4091 4063 4053 3927 3661 4211 4152 3849 3932 3795 3860 4052 4339 4248 3908 4223 4195 3900 4218 4193 3843 4564 3877 3883 4087 4316 4052 3733 3980 4410 3938 4131 3870 4095 3918 4197 3906 4069 4077 4039 3936 3986 3886 4216 4116 4017 4207 4017 3928 4129 3990 4014 3873 3809 4191 4165 4126 3826 4083 3935 4123 3668 4729 4055 4069 3978 3921 4349 4298 3978 4017 3979 3815 4310 4205 3965 4327 3941 4223 4061 4399 4013 4092 4267 3893 4250 4110 4002 4154 3955 4298 4287 4323 3913 3750 4183 3725 3777 3989 4168 4069 4010 4244 4149 4567 3980 3775 4463 3898 4250 4130 3745 4162 4155 3995 3733 3807 3782 4145 3753 3951 4018 4066 4117 4166 3996 4046 4090 3751 3872 3858 4024 4163 3827 4279 4193 4576 4273 4149 4259 4140 3692 3991 4241 3684 4009 4115 4382 4130 3959 4298 3881 4366 
3900 3754 3644 3974 3818 3754 4200 4124 4129 3973 3888 4153 3542 3882 3962 3596 3920 3673 4089 3776 3888 3882 4267 4147 3803 3771 3779 4073 4447 3932 4334 4004 3981 3599 3530 3878 3834 3789 3607 4137 3802 4075 4050 3969 3975 3595 3790 3649 3953 4268 3799 3663 4016 3876 3894 3693 3653 3606 3540 4246 4177 3818 4263 4139 3931 4143 4137 4019 4319 3878 3765 3931 4010 4204 3604 3809 4291 3792 3891 3711 4107 3913 4581 3615 3988 4119 3992 3937 3760 3956 3945 4032 3984 4489 3693 3847 4153 3856 4196 3881 4138 4092 4230 3783 3845 3898 3853 4009 3603 4570 3966 3920 3735 3732 4303 3831 3949 3937 3929 3795 4277 3864 3746 4035 4023 4118 3590 4393 4111 3888 4183 3634 4002 3960 3747 4188 3804 3903 4086 4107 3957 3639 3885 3432 3975 3887 4169 3882 4170 3920 4088 4373 4251 3631 4201 3857 4038 3671 3728 3941 4053 4119 3529 3912 3573 4337 3514 3465 3803 4090 3586 4244 4113 4068 4047 3782 3977 3838 3677 3992 4014 3997 3661 4290 4166 4255 4146 4169 3674 3714 4310 3827 4118 4368 4161 3957 3701 3895 3848 4174 
4221 4094 3862 3781 3992 4093 4205 4673 4309 3969 4308 4409 3811 4058 3974 3936 4014 3820 4009 4069 4088 3938 4209 4287 4079 3840 4042 4394 4587 4137 4452 4489 3937 4122 3807 4324 4128 3896 3841 4395 3995 4322 3940 4022 4022 3732 3864 4058 4266 4049 4002 3670 3994 4133 3964 4223 3650 3850 3941 4364 4238 3746 4358 4167 4134 4362 4292 4045 4496 3927 3894 4038 4324 4220 3797 3855 4651 3785 3907 4236 4069 4057 4428 3689 4152 4332 4081 4064 3840 4342 4082 4227 3952 4777 4126 3745 4312 3999 4211 3893 4182 4148 4106 4200 4263 4372 4288 4412 3818 4721 4278 4297 4111 4048 4465 4119 4187 4042 4378 3921 4542 3914 4054 4240 4143 4228 3825 4352 4432 3963 4582 3934 4009 3999 3986 4337 3901 4210 4200 4058 4182 3881 4176 3540 4059 4469 4336 4121 4220 3977 4409 4239 4440 3892 4383 4060 4629 4044 4080 4405 4036 4240 3988 3924 3855 4501 3943 3734 3812 4301 3928 4104 4197 4000 4276 3998 4159 3871 4119 4110 4334 4168 4098 4291 4232 4291 4201 4451 4055 3748 4521 3854 4342 4376 4237 3862 4214 4375 4042 4538 
3761 3809 3536 3703 3560 3716 3954 4117 3772 3630 3946 4073 3493 3773 3806 3575 3840 3528 3733 3687 3806 3830 3835 4186 3771 3528 3684 3901 4045 3696 3992 3604 3638 3802 3537 3797 3717 3584 3472 3844 3575 4063 3683 3444 3528 3627 3668 3674 3856 3838 3691 3398 3486 3738 3686 3573 3350 3826 3753 3851 3877 3317 4105 3947 3706 4171 3569 3720 4153 3658 3529 3705 3788 3799 3502 3543 4153 3671 3705 3877 3798 3749 4105 3772 3863 3945 3616 3656 3436 3582 3953 4038 3755 3947 3766 3741 3802 3444 3891 3599 3796 3849 4100 3602 3717 3769 3858 3758 3430 4326 3931 3855 3662 3742 3865 3894 3655 3889 3840 3842 4176 3918 3486 3952 3715 3795 3676 4096 3964 3844 4059 3571 3720 3737 3669 3933 3624 3634 3798 3732 3652 3657 3741 3152 3715 3760 3671 3838 3843 3877 3916 4210 3779 3683 4034 3390 4246 3815 3542 3858 3828 3713 3617 3343 3470 4013 3365 3349 3719 4030 3654 3900 3765 3810 3846 3441 3641 3633 3454 3930 3771 3754 3860 4014 3894 3553 3877 4039 3510 3494 4163 3551 3788 4071 3807 3801 3841 3932 3781 3955 
3785 3827 3714 3971 3923 3863 4297 4176 4063 3881 4096 4204 3591 3959 3848 3708 3828 3668 3910 4051 3981 3951 4035 4104 3859 3753 3886 4140 4423 3718 4243 4058 4009 4025 3817 3965 3950 3686 3703 4077 3910 4159 3772 3971 3838 3925 3810 3842 4008 3923 3962 3782 3844 3982 4284 3892 3696 3834 3793 4035 4010 4006 4123 4223 3991 3986 4182 4125 4446 3726 4117 4060 3818 3807 3772 3694 4591 3683 3786 3764 4033 4124 4440 3741 4047 4130 3952 3718 3788 4046 4100 4106 3902 4198 3849 3906 4022 3920 4244 3980 3996 3993 4008 4085 3890 4127 3938 4137 3846 4642 4250 4124 3859 3883 4230 4092 3955 3855 3864 3755 4271 3901 3803 4032 3810 4079 3624 4199 3924 4012 4114 3857 3948 3886 3936 4190 3740 4219 4220 4127 3924 3629 4185 3460 3939 4168 3671 3794 4114 3891 4059 4411 4000 3834 4224 3615 4106 3840 3786 4085 3932 4035 3650 3907 3412 4209 3783 3882 3848 4009 3895 4244 4140 4186 4309 3726 3998 3761 3904 4097 3880 4176 4134 4181 3949 3897 4206 4229 3491 3788 4212 3789 3880 4306 4072 3940 3936 4124 4018 4240 
4329 4219 3939 4064 4028 4235 4473 4380 4213 4106 4291 4346 3905 4412 3967 4055 4209 4077 4249 3963 4182 4214 4170 4533 4253 3976 4112 4278 4732 4202 4209 4320 4015 4146 3991 3962 3974 4105 3792 4394 4197 4302 4173 4006 3898 4101 4072 3935 4311 4114 3857 4116 4133 4174 4090 3941 3758 3992 4034 4267 4281 4139 4638 4247 4201 4399 4217 4358 4624 4023 4117 4044 4490 4082 3979 4012 4527 3791 4104 4579 4219 4201 4640 4081 4320 4406 4538 4263 3863 4301 4370 4460 4021 4517 4048 3992 4206 4194 4074 3833 4165 4513 4441 3931 3870 4034 4163 4363 4019 4638 4327 4212 4111 4090 4531 4182 4368 4159 4093 3930 4609 4175 3735 4362 3961 4169 3935 4587 4301 4068 4370 4225 4195 4085 4087 4252 3848 4210 4178 4217 4226 4075 4248 3788 4097 4231 4230 4133 4163 4135 4593 4429 4026 3946 4414 3895 4474 4203 3885 4125 4323 4039 3974 3931 3898 4355 3965 3926 3985 4412 3955 4352 4434 4206 4160 4005 4124 4042 3936 4022 4047 4351 4515 4405 4161 4007 4257 4331 3644 3970 4445 3832 4162 4670 4350 4297 4073 4309 4147 4469 
3944 3994 3856 3937 3896 3732 4283 4536 4197 3991 3964 4278 3517 4175 4136 3861 3982 4039 4193 4078 4180 3944 4095 4116 4063 3763 3755 4163 4228 3800 4292 4186 4194 3947 3842 4007 3841 3904 3729 4252 4161 4263 4069 3827 3810 3838 3801 3940 4107 4211 3891 3789 4000 3916 3782 3740 3881 3786 3973 4135 4013 3607 4400 4008 4055 4172 4050 3910 4429 3964 3743 3932 4055 4066 3837 3874 4394 3725 3990 3971 3856 4016 4242 3928 3959 4204 3808 3997 3829 4060 3828 4233 3891 4347 4244 3789 4052 3830 4173 3681 4005 4148 4073 4036 3803 4136 4024 4081 3747 4767 4165 4187 4181 3895 4408 4034 3754 4074 4053 3697 4327 4314 4143 4066 3966 4186 3995 4326 3919 4033 4214 3742 4150 3929 3964 4152 4016 3987 4156 4268 4090 4095 4050 3665 3948 4114 4259 4066 4106 4077 4261 4433 3979 3671 4432 3631 4187 4174 3715 4219 4007 4137 3575 3864 3506 4160 3783 3690 3968 4087 3782 4208 3992 4197 4242 3655 3893 3681 3926 3933 4061 4140 3980 4205 4376 4139 4142 4038 3839 3760 4385 3718 4052 4084 4302 3992 4003 4220 4085 4257 
4286 3730 3818 3854 3836 3786 4050 4261 4100 4010 4033 4215 3500 4117 3951 3420 3879 3755 4041 4083 3987 3890 3887 4058 4025 3826 3851 4124 4308 3766 4140 4029 3864 3875 3784 3614 3605 3710 3605 3836 3825 3785 3890 3902 3927 3614 3804 3969 4178 3984 3884 3924 3955 3805 3990 3513 3886 3889 3864 4030 4115 3924 4167 4140 3936 4300 4179 3986 4415 3963 3670 4000 3993 4080 3766 3737 4350 3629 3800 4073 3957 3875 4350 3720 3892 3956 4108 3762 3673 3892 4074 4448 3952 4240 3752 3997 3845 3867 4038 3930 3989 4046 3945 3745 3589 4155 3914 3956 3468 4527 4057 3985 3830 3940 4224 3931 4228 3816 4041 3672 4514 4019 3754 4136 3678 4061 3683 4176 3891 3956 4403 3737 4045 3989 3878 4316 3893 4206 4152 4036 3679 3742 3875 3441 4042 4130 3907 3999 3748 3780 4098 4347 4007 3898 3949 3681 4329 3913 3751 4249 3933 4083 3787 3725 3581 3942 3864 3645 4010 4082 3882 4208 4000 3856 4031 3791 3941 3738 3659 3874 3876 4071 4147 4046 3945 3704 4090 4043 3443 3553 4168 3695 4230 4490 4150 3884 3860 4307 4082 4144 
3968 3833 3806 3855 3843 3663 4190 4311 4126 3698 4053 4252 3609 3960 4088 3685 3912 3931 3899 4024 4025 3997 3986 4155 3930 3507 4051 4101 4331 3798 3935 3994 3989 3895 3750 3743 3608 3640 3615 4162 3895 4014 3753 4220 3807 3721 3738 3829 3942 3745 3829 3753 3906 4008 3982 3868 3671 3815 3776 3794 4107 3634 4036 4027 3907 3935 4097 3915 4236 3924 3925 3943 4183 3991 3559 3782 4207 3826 3901 3927 3820 3810 4395 3576 3879 3988 3706 3565 3564 3988 3817 4057 4024 4040 3925 4068 3946 4096 4129 3803 3803 4039 4065 3905 3756 4001 3893 3964 3681 4379 3983 4035 3934 3753 3898 4044 4085 3798 3878 3832 4413 3971 3765 3848 3790 3958 3854 4237 3849 3955 4189 4141 3824 3962 3751 4110 3949 4155 3902 4336 3924 3646 3967 3553 3834 4093 3780 4124 3746 3820 4035 4369 4062 3858 4198 3535 4083 3809 3765 4006 3786 3913 3635 3788 3599 4019 3687 3725 3857 4209 3713 4130 4162 3912 4187 3610 4120 3921 3870 3865 3959 4182 4158 4297 3967 3912 4061 4265 3651 3622 4023 3269 4009 4309 4189 3909 3977 4002 3812 4136 
3769 3846 3475 3899 3702 3948 3851 4038 3902 3964 3964 3989 3383 3973 3781 3550 3884 3626 3829 3712 3695 3874 3819 4082 3963 3701 3688 4309 4338 3790 3870 3866 3735 3811 3706 3921 3638 3325 3572 3760 3930 3855 3711 3688 3643 3728 3740 3725 3926 3950 3635 3562 3747 3793 3555 3686 3403 3661 3724 3901 4049 3777 4017 3881 3697 4004 3756 4032 4110 3544 3534 3968 3959 3863 3649 3514 4113 3565 3677 3866 4043 3705 4295 3692 3964 3882 3868 3609 3561 4018 3851 4024 3584 4027 3589 3872 3918 3713 3678 3717 3874 3870 3975 3745 3483 3866 3923 3953 3519 4374 4080 3940 3812 4005 3978 3892 4060 3942 3778 3618 4308 3862 3650 3946 3948 3805 3547 4061 3917 3847 4012 3749 3705 3730 3807 4105 3713 3887 4033 3883 3701 3683 3915 3351 3972 3812 3778 3934 3844 3673 3783 4257 3704 3578 4083 3415 4007 3652 3740 3779 3582 3998 3660 3621 3411 3965 3525 3469 3614 4025 3503 3945 4011 3852 3943 3642 3789 3542 3605 3621 3814 3938 3811 4210 3874 4119 4156 3941 3518 3613 4068 3430 3965 3981 4001 3682 3707 3890 3846 4062 
4103 3845 3721 3916 3934 3731 4146 4048 4188 3938 4014 4021 3491 3842 3979 3723 3962 3573 4033 3792 3720 3850 3865 3989 3908 3584 3714 4057 4177 4099 4168 3900 3928 3622 3626 3822 3758 3747 3667 3841 3808 4192 3639 3923 3776 3835 3731 3830 4176 3935 3618 3649 4086 4063 3768 3800 3566 3703 3936 3918 4222 3784 4120 3963 3691 4186 3985 4083 4346 3973 3602 3790 4094 4023 3730 3566 4066 3789 3762 3807 3834 4049 4415 3782 3897 4122 3993 3856 3884 4113 3888 4135 3789 4206 3974 3873 4066 3806 4063 3781 3968 4094 4074 3974 3546 3942 4042 4045 3789 4655 4141 3864 3834 3933 4073 3963 4203 3776 3902 3837 4427 3947 3633 3927 3761 3917 3723 4274 4092 3959 4061 3983 3980 3809 3812 4169 3823 3995 4220 3834 3824 3984 4174 3620 3917 3832 3868 3825 4023 3953 4071 4322 4041 3816 4064 3509 4185 4041 3785 4143 4055 3997 3864 3697 3654 4041 3812 3865 3920 4194 3872 4137 4118 3754 4045 3953 4014 3756 3638 3755 3755 4040 4103 4132 4106 3740 3995 4309 3670 3413 4351 3768 4034 4310 4034 3892 3862 3971 3788 4343 
4152 3967 3588 3684 3956 3841 4452 4258 4390 4059 3937 4357 3800 4156 3930 3831 4110 3518 3903 4052 3987 4051 4025 4286 3990 3872 3934 4240 4273 3844 4200 4350 3928 3893 3748 3868 3960 3778 3564 4108 3803 4220 3746 3888 3749 3907 3845 3725 4072 4059 4019 3750 4236 3936 3871 3668 3730 3959 3896 4131 3991 3815 4307 4186 3879 4162 4080 3906 4325 3767 3771 3933 4139 3971 3634 3864 4244 3526 3853 4250 4027 3853 4402 3842 4220 4072 4109 3951 3653 4186 3918 4111 4045 4376 4199 3930 3939 3786 4081 3799 4004 3954 3971 3958 3754 3998 4051 4284 4042 4512 4011 4303 3793 3896 4311 4058 3937 4119 4031 3832 4318 3998 3779 4009 3860 4059 3933 4185 3998 4043 4273 3667 3984 4316 3909 4135 3847 4287 4237 4153 4086 4053 4038 3561 3886 4202 4111 3865 3978 4099 4042 4358 4012 3882 4200 3640 4158 3965 3823 4184 3859 4284 3884 3995 3626 4353 3875 3675 3670 4064 3726 4072 3987 3871 4171 3784 4029 3579 3528 3787 3863 4235 4216 4251 4221 4135 4221 4292 3674 3546 4199 3764 3982 4085 4310 3906 3879 4240 3950 4399 
4079 3967 3788 3999 4089 3920 4282 4220 4322 3864 4124 4120 3332 4003 3942 3767 3962 3800 3989 3891 3917 4050 4095 4084 4196 3872 4060 3897 4246 3974 4235 4141 3990 4259 3945 3845 3583 3834 3752 4165 4012 4183 3793 3964 3864 3920 3817 3692 3916 4078 3899 3888 4049 3891 3821 3842 3834 3899 3876 3891 4109 3971 4035 4170 4030 4350 4262 4043 4617 3852 3704 3945 4250 3978 3741 3551 4343 3806 3785 4170 4085 4022 4264 3840 4019 4185 3924 3590 3651 4036 4073 4160 3809 4203 3937 3795 3824 3870 4006 3864 4113 4129 4075 3799 3646 4235 4050 4251 3861 4685 4162 4077 3943 4097 4403 4131 4176 4132 3910 3969 4355 4019 3757 3948 3915 4195 3785 4259 4012 3888 3980 3930 3954 4011 3955 4252 3838 4417 4183 4127 3903 3880 4158 3686 3929 3873 3986 4167 4006 4023 4045 4341 3984 4012 4018 3543 4186 3951 3803 4083 4023 4003 3716 3778 3696 4057 3673 3783 3896 4310 3715 4208 4133 3951 3882 3819 4205 3776 3694 4032 3726 4288 4408 4339 4243 3956 4081 4117 3647 3808 4240 3880 3818 4443 4318 3739 3711 4156 4019 4158 
4115 3895 3537 3822 3834 3860 4077 4224 4133 4114 4001 4478 3548 4111 4068 3453 3952 3728 4032 3817 3929 4242 4076 4423 3998 3672 3693 4207 4214 3972 4034 4071 3991 3835 3854 3897 3757 3738 3684 4138 3930 4008 3823 4134 3944 3794 3993 4175 4288 4022 3752 3480 4166 3819 3946 3803 3671 4000 4038 4053 3967 3915 4169 4150 3941 4193 3971 4320 4388 3867 3645 3882 4180 4022 3547 3640 4368 3558 3869 4073 4076 3974 4254 4131 4118 4347 4118 3971 3861 4057 4058 4149 3955 4282 3895 4090 4004 3826 3921 3699 3916 3904 4202 4005 3850 4111 3938 3954 3739 4695 4250 4034 3816 3918 4167 4075 4075 3806 3880 3820 4252 4290 3793 4206 3959 4134 4127 4234 4159 4300 4329 4126 3816 4046 3916 4181 3820 4178 4151 4009 4010 3859 3944 3576 3928 3890 4200 3935 4006 3922 4207 4274 4195 3773 4208 3491 4394 3932 3780 3956 4089 4163 3755 3533 3519 4289 3731 3788 3755 4262 3943 4304 4096 4046 4061 4018 4048 3740 3649 4064 3920 4006 4136 4146 4416 3977 4169 4259 3580 3757 4237 3721 4078 4475 4117 4058 3683 3857 3934 4180 
4243 4133 3796 4147 4139 4158 4581 4312 4376 4112 4480 4616 3843 4289 4146 3956 4163 3931 4170 4229 3958 4185 4286 4387 4171 3905 4161 4140 4346 4164 4360 4286 4078 4065 4017 3925 4363 3958 3919 4427 4204 4324 3840 3874 4133 4049 3931 3915 4167 4056 4281 3936 4285 4148 3956 4075 3824 4152 4001 4479 4232 3964 4370 4353 4223 4270 4201 3914 4441 4152 4063 4135 4263 4176 3936 3825 4500 4109 4038 4381 4160 4120 4419 3855 4100 4399 4176 4197 3776 4094 4070 4387 4066 4688 4253 4003 4300 4100 4315 4087 4141 4249 4409 3930 4073 4263 4135 4420 3991 4690 4233 4100 4079 4178 4521 4321 3970 4107 4223 4074 4674 4304 3947 4346 4039 4340 3799 4442 4290 4168 4358 4051 4081 4037 3946 4331 4013 4177 4299 4282 4285 3906 4378 3844 4072 4115 4148 4201 3949 4036 4425 4301 4110 3835 4285 3956 4187 4118 4019 4287 4154 4174 3769 3945 3908 4241 4029 3993 4047 4415 3989 4220 4155 4053 4187 3949 4384 4039 4002 4090 4119 4426 4390 4478 4303 4179 4300 4455 3719 3856 4385 3789 4263 4513 4330 4033 4037 4133 3981 4486 
3698 3666 3680 3624 3457 3595 4063 4169 3863 3629 3853 4040 3274 3738 3806 3433 3716 3476 3910 3802 3680 3585 3729 3746 3719 3311 3508 3971 4188 3752 3998 3645 3426 3757 3367 3779 3656 3339 3456 3918 3575 3926 3672 3796 3685 3794 3630 3630 3627 3703 3842 3504 3749 3651 3721 3652 3444 3494 3469 3860 3858 3610 3720 4041 3707 3927 4025 3810 3996 3428 3465 3660 3827 3536 3399 3548 4015 3369 3470 3661 3891 3531 3986 3604 3628 3824 3865 3688 3625 3898 3596 3813 3683 4167 3801 3568 3765 3691 3963 3686 3910 3842 3658 3828 3489 3837 3496 3682 3393 4432 3925 4001 3924 3681 3753 3899 3715 4027 3766 3361 4087 3921 3565 3853 3793 3707 3515 4087 3558 3576 3997 3538 3956 3814 3485 3784 3474 3675 3959 3951 3754 3683 3748 3149 3736 3770 3820 3892 3547 3699 3848 4046 3660 3408 3786 3578 3804 3760 3367 3642 3841 3697 3508 3494 3101 3933 3429 3453 3546 3913 3527 3974 3571 3762 3791 3494 3719 3705 3261 3704 3658 3820 3949 3886 4006 3769 3871 3801 3281 3238 3696 3524 3871 3986 4033 3513 3574 4056 3646 3957 
4427 4255 4297 4365 4319 4245 4577 4704 4564 4444 4545 4633 3643 4284 4217 4284 4044 3952 4555 4201 3961 4276 4496 4469 4395 4144 4192 4542 4638 4238 4540 4594 4289 4240 4060 4095 4255 4159 3867 4498 4242 4458 4157 4085 4326 4178 4121 4118 4429 4401 4262 4184 4226 4235 4351 4017 3829 4174 4232 4331 4384 4164 4251 4424 4311 4730 4647 4397 4779 4375 4057 4388 4550 4263 4156 4209 4721 3840 4055 4374 4226 3993 4717 3980 4292 4480 4315 4099 4332 4448 4299 4550 4249 4880 4343 4265 4539 4032 4587 4218 4539 4364 4515 4429 3977 4401 4379 4659 4166 4983 4560 4397 4412 4216 4545 4236 4385 4325 4189 4077 4832 4296 3971 4469 4300 4223 4247 4682 4572 4224 4563 4075 4196 4151 4064 4577 4036 4546 4487 4601 4369 4283 4369 3964 4158 4427 4329 4384 4267 4336 4694 4800 4296 4103 4614 3925 4735 4246 3910 4457 4417 4264 4163 4212 3604 4464 4116 4033 4180 4514 3905 4557 4211 4207 4391 4215 4413 4276 3921 4240 4369 4426 4611 4341 4491 4214 4478 4736 4021 3873 4483 3963 4412 4778 4665 4354 4260 4571 4487 4721 
4580 4582 4290 4413 4475 4432 4723 5323 4662 4452 4710 4871 4265 4658 4584 4232 4691 4132 4812 4688 4570 4577 4522 4730 4448 4438 4269 4599 5041 4678 4686 4746 4714 4490 4434 4550 4383 4397 4069 4815 4540 4562 4590 4312 4437 4345 4419 4468 4673 4540 4629 4290 4570 4590 4374 4541 4110 4425 4306 4549 4609 4272 4687 4821 4499 4630 4929 4638 5098 4332 4287 4568 4779 4359 4242 4634 4863 4187 4279 4497 4637 4775 4982 4590 4511 4632 4682 4399 4341 4671 4562 4665 4325 4791 4557 4251 4644 4677 4649 4312 4588 4683 4525 4321 4343 4607 4498 4699 4286 5121 4666 4974 4605 4389 5048 4853 4652 4460 4744 4239 4844 4704 4576 4483 4489 4833 4350 5128 4586 4506 4757 4457 4608 4592 4312 4666 4401 4679 4712 4647 4483 4586 4633 4031 4414 4748 4666 4651 4462 4625 4723 5083 4588 4371 4774 4192 4968 4551 4507 4749 4531 4394 4266 4513 4321 4847 4351 4116 4278 4763 4647 4786 4743 4450 4735 4274 4601 4578 4370 4495 4400 4839 4756 4865 4676 4736 4767 4625 4218 4503 4900 4301 4521 4737 4892 4295 4266 4843 4686 4708 
4311 4158 3750 4206 3853 3946 4642 4551 4152 4191 3999 4572 3749 4050 4170 3704 4149 3920 4330 4211 4198 4213 4047 4452 4221 3988 3840 4257 4428 4092 4395 4193 4035 3946 3859 4199 4089 3728 3488 4089 3974 4233 4189 4003 3865 4124 4096 4099 4324 4082 4264 3734 4443 4185 4239 4096 3997 4063 3910 4305 4267 3917 4433 4399 4079 4428 4454 4195 4458 4098 3912 3991 4356 4148 3721 4012 4529 3924 3892 4022 4298 4303 4553 4162 4214 4330 4043 4064 4250 4340 3961 4465 4104 4386 4291 3926 4183 3925 4396 4014 4042 4096 4273 3984 3940 4156 4216 4166 3852 4804 4490 4225 4177 3919 4235 4400 4132 4134 4088 3867 4661 4035 4110 4370 4120 4177 4118 4603 4181 4202 4579 3962 4176 4315 4069 4261 4202 4091 4241 4383 4046 3957 4345 3760 4127 4143 4127 4012 4046 4285 4153 4727 4127 4130 4413 3799 4466 4144 3877 4442 4248 4015 3808 3737 3895 4212 3774 3770 4047 4424 4234 4232 4259 4245 4337 3985 4319 3868 3936 4297 4044 4255 4327 4339 4289 4103 4277 4461 3735 3884 4619 4007 4211 4614 4295 4057 4087 4122 3991 4232 
4127 4069 3751 4030 3995 3823 4022 4365 3975 3994 4093 4185 3576 3938 4032 3695 4015 3694 4228 4070 4167 3937 4003 4127 3799 3877 3754 4347 4228 4017 4038 3912 4083 3859 3597 3928 3919 3771 3767 4168 4102 4132 3995 3901 3707 3905 3867 4040 4088 4050 3916 3804 3976 3654 3687 3967 3749 3838 3756 4217 4051 3556 4214 4152 3826 4182 4177 4002 4574 3924 3854 4022 4081 4023 3682 3684 4357 3649 3764 3871 4122 4004 4405 3927 3945 4253 3900 3859 3804 4096 3885 4298 3877 4312 3762 3869 3886 3863 3938 3982 4053 4027 4190 3846 3696 4002 4059 4107 3775 4470 4176 4129 4131 3925 4261 3941 4056 4033 4206 3703 4332 3968 3917 4255 3867 3966 3951 4458 4077 3900 4379 3900 4171 3850 3759 4171 3964 4120 3993 3994 3819 3511 3955 3670 3823 4121 3848 3992 4065 4009 4185 4232 4211 3720 4011 3643 4219 3867 3738 4258 4076 4072 3651 3634 3715 4098 3748 3680 3725 4231 4013 4277 4284 3976 4049 3831 3850 3905 3856 3958 4005 4004 4249 4156 4212 4139 4282 4277 3939 3651 4175 3889 4172 4222 3976 3872 3648 4266 3865 4174 
3851 3703 3484 3809 3742 3853 4084 4169 4133 3979 3784 3859 3492 4077 3870 3450 3796 3588 3872 3850 3704 3439 3717 4075 3851 3595 3497 3841 4205 3753 3854 4072 3728 3699 3690 3576 3602 3460 3470 3904 3634 3622 3821 3596 3640 3505 3647 3637 3809 3963 3862 3413 3832 3798 3994 3622 3514 3571 3670 3931 3991 3561 4067 3893 3671 3931 3955 4025 4305 3873 3511 3813 3892 3960 3500 3648 4328 3504 3409 3925 3945 3826 4180 3543 3987 3925 3876 3773 3787 3590 4031 3917 3544 3958 3833 3489 3815 3559 3841 3745 3726 3654 4090 3853 3549 3841 3655 4110 3318 4415 3770 3825 3645 3720 4139 3783 3842 3749 3630 3865 4147 3776 3836 3865 3576 3940 3504 4051 3711 3842 4096 3821 3760 3769 3775 3965 3745 3929 3933 3904 3958 3781 4077 3372 3800 3639 3844 3796 3732 3861 3871 4241 3723 3718 4026 3605 4031 3762 3435 3977 3942 3798 3544 3433 3703 3776 3464 3406 3653 4064 3415 3871 3850 3742 4002 3662 3790 3775 3520 3613 3608 3943 3929 4095 4111 3747 3925 3761 3513 3665 3959 3715 3756 4006 4113 3871 3735 3670 3706 4011 
4206 4272 4031 4222 4140 4154 4409 4405 4297 4171 4255 4502 3810 4448 3947 4106 4175 3823 4276 4329 3844 4186 4019 4512 4059 3884 4017 4453 4570 3825 4486 4268 4239 4118 4052 4250 4113 4026 4044 4384 4113 4265 4209 4049 4008 4007 3882 4288 4241 4277 4151 3792 4298 4044 4064 4021 3698 4028 4149 4291 4259 3959 4313 4317 4123 4213 4234 4147 4466 4014 3916 4252 4243 4045 4031 4013 4430 3838 4020 4363 4381 4123 4567 3937 4247 4309 4138 4078 4010 4351 4250 4430 3934 4444 4458 4199 4446 4037 4145 4195 4152 4069 4496 4233 4200 4378 4034 4387 3834 4964 4417 4281 4196 4183 4574 4292 4199 4152 4079 4234 4397 4340 3932 4151 4175 4380 4171 4654 4303 4070 4364 4053 4204 4029 4128 4349 3856 4396 4539 4412 4051 4109 4413 3754 4347 4182 4252 4063 4207 4151 4354 4640 4033 3832 4635 3747 4467 4151 3925 4175 4077 4108 3871 3925 3822 4316 4038 4027 3983 4490 3805 4234 4355 4196 4524 4119 4208 3960 4001 4136 4067 4401 4306 4365 4359 4141 4371 4431 3838 3969 4194 3828 4224 4517 4510 4305 4148 4295 4165 4500 
3959 3959 3794 3921 4060 4083 4429 4278 4025 4183 4137 4092 3520 4169 3919 3807 4040 3650 3931 3816 3710 3971 3849 4243 4100 3727 3806 4120 4471 3993 4227 4053 4051 3922 3947 3942 4002 3878 3464 4189 3988 4251 3847 4274 3805 3702 3654 3881 4028 4077 3966 3837 4138 3962 4103 3923 3548 3854 3724 3902 4228 4046 4054 4258 3981 4079 4021 4132 4351 3871 3782 3851 4068 3928 3687 3771 4397 3635 3868 3948 4104 3963 4453 3951 4061 4086 4162 3919 3870 4117 3937 4303 4191 4310 4121 3994 4194 4240 4086 3828 3855 4207 4045 4095 3714 3982 3807 4167 3894 4584 3944 4282 3694 3848 4023 4278 4100 4123 3941 3740 4413 4123 3913 3887 3879 4018 3839 4164 4089 4157 4258 4075 3927 4126 3653 4050 3889 4403 4168 4081 4025 3965 4079 3503 3942 3903 4171 3955 4019 4068 3894 4358 4088 4092 4044 3456 4234 3987 3627 4060 3876 3983 3889 3978 3574 4211 3860 3617 3747 4366 3831 4344 4143 4181 4077 3972 4226 3861 3873 4316 3947 4024 4179 4115 4367 4040 3982 4182 3509 3664 4319 3614 4222 4456 4198 3952 4088 4267 3957 4127 
4381 4334 4250 4376 4204 4409 4555 4904 4302 4102 4472 4562 3870 4445 4476 4096 4235 3894 4134 4373 4364 4299 4489 4639 4370 4177 4215 4517 4829 4294 4672 4493 4385 4171 4302 4369 4123 4277 4080 4342 4557 4734 4241 4273 4216 4039 4476 4398 4552 4359 4434 3905 4407 4388 4429 4116 3999 4134 4103 4349 4464 4311 4519 4580 4157 4831 4611 4536 4839 3991 4045 4155 4315 4296 4089 3983 4698 3973 4018 4432 4413 4317 4742 4408 4323 4371 4449 4267 3917 4522 4419 4405 4558 4484 4449 4007 4665 4261 4321 4138 4159 4541 4323 4310 4186 4568 4467 4370 3953 5264 4609 4538 4154 4073 4541 4418 4327 4218 4297 4076 4646 4219 4429 4402 4352 4601 4257 4942 4554 4377 4695 4389 4274 4359 4139 4395 4052 4371 4496 4481 4564 4370 4529 3951 4311 4320 4531 4191 4446 4627 4568 4543 4652 4103 4503 3939 4660 4287 4081 4668 4370 4477 4002 4035 3865 4486 4269 4125 4192 4777 4046 4467 4383 4391 4890 4176 4435 4083 3910 4480 4161 4558 4555 4217 4494 4439 4746 4647 4215 4120 4474 4063 4401 4808 4502 4169 4098 4679 4347 4700 
4559 4362 3958 4081 4208 4087 4758 4850 4491 4286 4309 4551 3935 4300 4373 4059 4158 3978 4243 4072 4361 4249 4168 4242 4485 4062 3945 4376 4674 4242 4484 4507 4280 4172 4148 4276 4381 4110 3727 4348 4402 4516 4120 4186 4140 4072 4099 3961 4344 4561 4244 3974 4308 4403 4160 4274 3832 4167 3841 4584 4472 4026 4361 4468 4209 4452 4439 4254 4642 4276 4005 4208 4333 4376 4059 4105 4628 3808 3894 4267 4453 4157 4875 3829 4118 4467 4371 4049 4037 4412 4101 4532 4126 4573 4342 4243 4075 4126 4500 4104 4282 4428 4364 4144 4162 4437 4514 4253 4241 4796 4281 4478 4434 4029 4532 4438 4438 4298 4427 3997 4656 4440 4266 4245 4208 4236 3992 4583 4154 4178 4427 4062 4238 4320 4006 4498 4154 4484 4359 4589 4472 4078 4588 3781 4334 4486 4461 4413 4296 4319 4346 4626 4367 4133 4357 3975 4439 4361 3912 4466 4103 4488 4144 4091 3786 4609 4007 3914 4003 4461 4242 4436 4281 4365 4572 4154 4283 3855 4239 4265 4380 4386 4426 4530 4432 4444 4492 4617 4023 4082 4569 3824 4277 4604 4526 4233 4230 4590 4170 4540 
3998 3990 3494 3667 3756 3883 4168 4229 4096 3698 3856 4127 3285 3937 3848 3609 3938 3521 3825 3789 3825 3980 3770 4174 3694 3661 3741 4090 4152 3643 4149 4002 3662 3804 3695 3895 3611 3655 3692 4106 3881 4012 3724 3871 3867 3607 3693 3819 3585 3858 3759 3568 3828 3776 3684 3656 3731 3734 3809 3993 3759 3650 3948 4168 3946 4098 3776 3915 4325 3924 3508 3777 4040 3978 3645 3539 4169 3551 3658 3855 3840 3455 4099 3810 3627 3988 3836 3690 3674 3993 3928 4098 3701 4075 3884 3773 3917 3732 3953 3511 3741 3928 3933 3485 3603 3905 3978 3887 3513 4502 3976 3964 3745 3814 4215 3802 3920 3951 3735 3746 4222 3811 3789 4030 3684 3972 3820 4229 3892 3707 4197 3731 3855 3901 3753 4030 3763 4121 4072 4041 3917 3376 4004 3522 3649 3922 4071 3693 4096 3808 3891 4264 3791 3671 3777 3577 4060 3758 3666 4030 3956 3841 3680 3709 3425 3973 3676 3561 3657 3977 3638 4205 3792 3875 4025 3761 3875 3547 3705 3876 3594 3971 3926 4002 3958 3975 3937 4072 3467 3450 4066 3662 3952 4113 4087 3783 3684 4075 3722 4008 
4054 3917 3719 3849 3854 3890 4294 4315 3989 3888 3949 4220 3559 3801 3709 3670 3931 3486 4174 3969 3898 3805 3699 4071 3610 3636 3646 4152 4280 4045 4021 3928 4014 3707 3610 3889 3943 3666 3327 4011 3940 3965 3888 3729 3523 3719 3755 3706 3980 3722 3889 3736 3995 3761 3672 3732 3533 3690 3656 3902 4061 3833 4003 4067 3744 4082 4283 3700 4356 3794 3646 3917 3871 3958 3366 3557 4195 3885 3553 3773 3900 3796 4148 3561 3766 3958 3901 3649 3701 3891 3697 4222 3818 4296 3784 3774 3819 3747 3747 3841 3843 4044 3836 3713 3847 4170 3782 4090 3441 4535 3978 3956 3938 3973 3911 3817 3995 3780 3855 3534 4222 3822 3966 3988 3943 3942 3513 4071 4031 3771 4105 3526 4000 3913 3606 3892 3844 4084 3731 3909 3645 3658 3875 3509 3896 3897 4066 3979 3578 3922 3982 4175 3899 3865 3713 3316 4248 3968 3540 4011 3893 3907 3470 3519 3510 4053 3796 3613 3768 4089 3648 3871 3874 3842 4017 3728 3953 3717 3618 3802 3880 4164 4165 4074 3894 3769 4091 4084 3597 3528 4129 3740 3771 4155 4041 3727 3650 4142 3871 4120 
3939 4007 3666 3934 4045 3809 4263 4379 4250 3938 4067 4070 3858 4145 3756 3808 3909 3799 4003 3986 4107 4022 4009 4199 4359 3677 3855 4293 4454 4027 4176 4153 4193 3914 3550 3927 4043 3750 3741 4078 4069 4251 3910 3860 3654 3966 3795 3866 4166 4297 3651 3596 3803 3891 4119 3817 3626 3777 3872 4045 4137 3860 4017 4031 3763 4447 4201 3908 4483 3852 3674 4139 4033 4059 3684 3641 4219 3870 3760 3936 4013 4185 4396 3734 4211 4204 3864 3736 3825 4074 4162 4145 3858 4102 3884 3837 4132 3825 4064 3678 3981 3965 4260 3749 4016 4152 3984 4180 3747 4627 4205 4033 4104 3979 4221 4216 4050 3903 3962 3871 4063 4081 4049 4360 3926 4036 3812 4213 4287 4055 4318 3796 4074 4035 3866 4189 3700 4080 4106 4044 4123 4047 4115 3728 4058 3855 4126 4007 4238 4026 4183 4271 4069 3848 4113 3540 4249 4003 3761 4122 4019 4076 3713 3635 3638 4236 3772 3700 3839 4198 3924 4171 4190 4085 4353 3646 4067 3675 3883 4097 3926 4219 3985 4255 4290 3934 4055 4112 3815 3636 4170 3829 4068 4009 4041 4054 3925 4239 3939 4323 
4108 3918 3566 3821 3623 3706 4107 4333 4257 3924 3804 4406 3740 4155 3877 3739 4008 3735 4146 4066 3672 4100 4103 4011 3875 3832 3773 4245 4439 3759 4199 4003 4037 3880 3798 3703 3820 3604 3713 4165 4131 3922 4092 3761 4097 3951 3723 3801 4020 4068 4137 3582 4059 3778 3780 3658 3551 3652 3847 4149 4138 3952 4363 4272 4033 4183 4186 4034 4452 3778 3920 3950 3817 4122 4055 3829 4311 3667 3902 3894 3921 4101 4616 3606 4029 4201 3957 3782 3748 4082 4151 4141 3918 4249 4049 3880 3982 4013 4206 3893 3991 4187 4262 3837 3708 4317 3985 4026 3801 4590 4194 3979 3944 3715 4308 3987 3869 3830 3915 3659 4237 3832 3889 4103 4106 4195 3959 4333 3852 4238 4271 3922 4096 4047 4088 4138 3945 4105 4271 4200 4064 3666 4129 3470 3948 3951 4088 3834 4153 3891 4183 4284 4240 3727 4193 3599 4199 3814 3676 4085 4087 4030 3715 3799 3526 4273 3782 3667 3772 4035 4067 4215 4223 4092 4174 3771 4160 3995 3972 3909 3862 4190 4232 4257 3984 3952 4058 4076 3682 3831 4285 3679 4134 4270 4082 4156 4008 4135 4094 4233 
4656 4429 4091 4330 4213 4423 4694 4824 4666 4404 4788 5054 4162 4586 4435 4445 4557 4154 4444 4430 4633 4496 4602 4745 4516 4132 4286 4534 4826 4366 4687 4420 4537 4396 4186 4225 4251 4114 4154 4702 4531 4722 4427 4230 4495 4209 4389 4363 4599 4483 4375 4140 4453 4450 4357 4299 4198 4349 4347 4758 4766 4119 4624 4541 4508 4699 4534 4438 4987 4142 4294 4561 4645 4431 4204 4128 4832 4385 4323 4658 4484 4233 5099 4493 4474 4782 4595 4301 4407 4491 4452 4742 4266 4752 4613 4486 4298 4607 4444 4366 4527 4631 4659 4239 4317 4495 4561 4575 4027 4993 4600 4757 4497 4369 4927 4361 4657 4215 4440 4364 4746 4483 4209 4798 4503 4829 4264 4752 4718 4538 4733 4250 4501 4585 4327 4638 4325 4689 4761 4579 4319 4224 4685 4041 4360 4654 4429 4422 4677 4498 4584 4778 4315 4307 4815 4239 5022 4408 4175 4793 4561 4606 4193 4083 4072 4615 4349 4330 4407 4694 4262 4661 4670 4507 4516 4344 4463 4064 4472 4259 4483 4419 4426 4646 4478 4654 4650 4792 4083 4108 4682 4204 4700 4564 4631 4570 4490 4677 4427 4819 
4590 4240 4084 4404 4191 4389 4630 4874 4487 4399 4494 4682 4238 4792 4254 4109 4571 4479 4444 4336 4114 4345 4267 4755 4287 3956 4317 4591 4923 4406 4580 4537 4398 4179 4177 4230 4540 4162 4166 4527 4444 4574 4548 4446 4377 4460 4104 4140 4683 4447 4314 4039 4672 4277 4333 4329 4148 4175 4475 4612 4698 4209 4608 4704 4416 4633 4527 4661 4893 4155 4521 4418 4587 4355 4380 4304 4848 4340 4222 4655 4741 4435 5019 4249 4516 4539 4496 4252 4262 4615 4451 4681 4304 5018 4524 4280 4511 4395 4239 4260 4296 4715 4622 4519 4180 4617 4253 4626 4275 4954 4447 4622 4383 4029 4500 4567 4246 4620 4319 4297 4764 4468 4161 4579 4496 4437 4333 5077 4555 4353 4633 4458 4361 4496 4178 4540 4239 4472 4559 4326 4372 4424 4611 3935 4346 4333 4649 4216 4398 4325 4620 4681 4292 4157 4500 4174 4844 4285 4123 4667 4374 4558 4054 4250 4204 4863 4207 4012 4267 4578 4253 4622 4596 4603 4671 4308 4593 4180 4397 4201 4474 4662 4717 4585 4564 4373 4720 4666 4204 4063 4687 4413 4610 4758 4754 4517 4440 4470 4341 4734 
4272 3944 3744 4116 3801 4008 4571 4560 4373 4282 3964 4298 3793 4090 3970 3790 4103 3998 4079 4135 4109 4090 3895 4257 4142 3817 4088 4226 4646 4142 4190 4328 4096 4123 4026 4002 3883 3931 3738 4299 4122 4349 4223 4066 4008 4051 3941 3939 4074 4149 3940 3915 3969 4137 3954 3660 3895 3807 3740 4337 4094 3832 4208 4279 4133 4460 4492 4134 4437 3882 4054 4185 4194 3767 4084 4001 4488 4077 3845 3975 4044 4161 4430 3854 4028 4197 4073 3840 3874 4107 4011 4410 4014 4047 4183 3903 4077 3967 4018 3941 4049 4060 4210 3941 3912 4124 4218 4218 3985 4908 4145 4450 4060 3853 4386 4075 4096 4235 4050 3809 4277 4112 3839 4234 4098 4238 3935 4598 4067 4084 4363 3933 4212 4160 3794 4309 3991 4211 4246 4243 4208 4230 4275 3670 3918 4154 4117 4121 4000 4155 3992 4400 4101 3965 4297 3786 4381 3951 3680 4267 4218 4078 3693 3883 3636 4410 3773 3869 3876 4259 3642 4361 4144 4160 4423 3967 4386 3764 4006 4145 4121 4229 4274 4339 4356 4027 4340 4372 3744 3833 4389 3876 4032 4236 4260 3948 4213 4248 4128 4172 
4393 4366 4068 4161 4110 4362 4472 4431 4249 4183 4277 4775 3538 4370 4185 3904 4392 4114 4472 4236 4301 4562 4214 4434 4261 3963 4054 4471 4627 4027 4419 4059 4131 4091 3916 4079 4028 3877 3992 4309 4289 4208 4324 4309 4184 4138 4226 4134 4293 4294 4226 4170 4228 4015 3959 4139 4000 4072 4143 4398 4449 4019 4326 4433 4144 4476 4303 4407 4633 3868 4185 3959 4365 3999 3864 4092 4735 4068 4088 4468 4233 4366 4884 4058 4332 4415 4330 4156 4161 4372 4229 4609 3879 4749 4328 4221 4244 4303 4331 4244 4313 4388 4531 4237 4112 4427 4106 4348 3854 4937 4366 4301 4175 4133 4713 4227 4400 4371 4298 3982 4817 4198 4176 4523 4244 4274 3911 4634 4239 4052 4531 4308 4232 4340 3933 4400 4052 4355 4444 4380 4384 3949 4333 3554 4174 4194 4199 4267 4069 4236 4280 4459 4253 4195 4445 4171 4498 4168 3943 4532 4303 4426 4177 3968 3584 4206 3796 3926 4003 4386 3946 4611 4461 4178 4272 4012 4246 4185 4104 4215 4030 4414 4459 4438 4551 4416 4378 4448 3717 3870 4240 4104 4300 4607 4279 4199 4115 4402 4137 4208 
4008 3897 3909 4026 3841 3803 4198 4291 4015 4082 3849 4059 3631 4043 4042 3863 4172 3729 3698 3860 4031 3764 3931 4105 4150 3707 3869 4197 4348 3957 4132 4323 3931 3828 3776 3712 3904 3702 3536 4190 4047 4000 3896 4102 3649 3783 3563 3859 4067 3932 4006 3787 4046 3897 3800 3798 3896 3625 3683 4096 4216 3677 4067 4202 3766 4313 4020 3869 4304 3565 3851 4015 3862 3857 3613 3857 4338 3695 3624 4081 4144 3726 4364 3886 3925 3940 3989 3681 3581 4148 4028 4231 3721 4388 3816 3598 3932 3995 3879 3904 3863 4042 3950 4121 3894 3961 4024 4206 3891 4481 3955 4298 3736 3806 4052 3816 4125 4199 4066 3894 4438 3787 3647 3861 3671 3902 3645 4313 3965 3897 4203 3842 4043 3950 3791 4197 3825 4041 4350 4181 3779 3760 4014 3426 3965 4091 3980 3969 3937 3847 3899 4219 3938 3716 4182 3558 3912 3696 3674 4066 3910 4042 3714 3995 3332 4091 3648 3700 3707 4298 3582 4345 3949 3749 4249 3778 3829 3899 3795 3815 3922 4211 4139 4146 4202 3976 4152 4081 3562 3660 4121 3858 3959 4105 4046 4021 3840 4119 3844 4070 
4360 3990 3930 3944 4070 3756 4278 4331 4206 4037 4053 3927 3615 4151 3973 3640 4099 3556 4134 3974 3891 3872 3939 4123 4050 3992 4010 4211 4356 4057 4095 4059 3915 3979 3939 3754 3571 4009 3891 4220 3968 3965 3879 4050 3808 3802 3836 3792 4183 3938 3858 3784 4180 3995 3799 4003 3591 3750 3906 3955 3933 3879 4279 4197 4099 4201 4232 4165 4429 4026 3862 4113 4185 3923 3639 3776 4131 3675 3902 4018 3944 3943 4099 3885 4049 4137 3904 3913 3745 4211 4049 4353 3591 4471 3875 3857 4122 3848 4017 3914 3886 4101 4045 4124 3792 4180 3959 4060 3804 4682 4172 4108 4037 3904 4376 4194 4040 3973 3823 3720 4054 4217 3696 4057 4019 4006 3969 4379 4065 3975 4107 3999 4175 3851 3954 4208 3912 4106 4072 3854 3778 3796 4012 3637 3747 3854 3897 3923 3838 3966 4053 4493 3873 3839 4290 3384 4320 3894 3772 3946 4079 3951 3755 3586 3504 4111 3817 3599 3658 4286 4006 4163 4061 4174 4114 3809 4231 3693 3888 4193 3735 4258 4039 4271 4099 3964 4086 4232 3672 3912 4136 3823 4006 4244 4146 4033 3909 4240 4078 4347 
4613 4457 4179 4370 4241 4463 4784 4769 4647 4506 4587 4621 3998 4654 4432 4157 4436 4249 4551 4375 4222 4218 4435 4722 4388 4232 4042 4648 5153 4218 4509 4582 4766 4385 4320 4386 4212 4410 3938 4618 4304 4613 4326 4315 4408 4408 4172 4263 4838 4388 4324 4295 4607 4364 4235 4175 4130 4288 4262 4539 4581 4229 4710 4636 4348 4716 4557 4277 4978 4144 4212 4453 4422 4353 4193 4241 4812 4050 4259 4417 4697 4495 4724 4194 4537 4780 4533 4351 4122 4565 4448 4988 4276 4683 4412 4230 4292 4390 4530 4244 4510 4562 4507 4468 4307 4678 4419 4765 4046 4922 4442 4630 4556 4330 4758 4632 4568 4467 4358 4233 4970 4281 4218 4557 4290 4350 4309 4675 4390 4641 4684 4365 4555 4535 4408 4434 4058 4539 4509 4460 4351 4465 4516 4042 4260 4417 4424 4393 4342 4182 4745 4808 4490 4079 4759 4206 4746 4459 3957 4728 4432 4334 4092 4058 3936 4473 4118 4201 4155 4646 4191 4569 4537 4203 4370 4197 4490 4184 4186 4366 4296 4698 4412 4545 4770 4339 4521 4542 3935 4123 4832 4214 4536 4885 4734 4489 4474 4773 4600 4583 
4619 4229 4135 4282 4141 4293 4629 4945 4630 4301 4492 4774 3875 4226 4210 3888 4415 4052 4490 4413 4313 4523 4334 4653 4582 3960 4122 4551 4653 4525 4458 4521 4396 4166 3980 4278 4234 4007 4007 4489 4489 4663 4257 4155 4106 4269 4462 4367 4536 4319 4046 3970 4327 4205 4371 4326 3910 3998 4218 4462 4604 4358 4395 4373 4418 4546 4583 4370 4838 4282 3909 4397 4740 4416 4082 4118 4767 3960 4020 4559 4328 4330 4814 4365 4197 4604 4472 4493 4288 4509 4473 4604 4229 4699 4294 4381 4526 4197 4347 4101 4527 4516 4747 4236 4180 4412 4559 4297 4131 5088 4724 4401 4337 4368 4555 4330 4424 4139 4326 3984 4582 4561 4181 4598 4232 4615 4220 4698 4744 4246 4767 4160 4317 4413 4226 4790 4091 4597 4501 4480 4260 4185 4345 3934 4502 4476 4601 4298 4241 4302 4670 4657 4524 4114 4700 3966 4610 4337 4206 4539 4450 4428 4243 4159 3958 4454 4298 4098 3989 4816 4229 4632 4498 4299 4578 4434 4458 4118 4194 4401 4414 4561 4272 4590 4634 4238 4622 4553 3947 3926 4679 4084 4507 4725 4484 4264 4147 4343 4219 4658 
4108 4082 3571 3950 4002 4161 4261 4376 4220 4073 4241 4214 3634 4129 4016 3784 3928 4111 4166 4257 4034 4070 4030 4326 4267 3708 3872 4403 4489 3869 4507 4269 4010 3975 3805 3965 4061 3790 3802 4394 3995 4289 4087 3899 3976 4033 3901 4086 4124 4290 4038 3660 4030 3857 4123 4069 3750 4011 3887 4317 4302 3792 4309 4203 4211 4418 4239 4090 4321 4079 3806 3987 4264 4233 3686 3567 4677 4005 4050 4104 4216 4108 4723 4032 4152 4180 3805 4073 3912 4130 3899 4079 4122 4451 4262 3852 4041 3860 4341 3887 4263 4038 4150 3959 3773 4052 4091 4251 3801 4701 4270 4070 4255 3865 4470 4164 3901 4255 4157 3969 4340 3896 3993 4412 4147 4132 4000 4426 4350 4138 4376 3802 4045 4220 4054 4251 3921 4126 3907 4143 4189 3839 4106 3668 4048 4266 4254 4002 4116 3964 4344 4426 4097 3759 4314 3789 4267 4137 3884 4369 4279 4222 3716 3702 3879 4389 3669 3843 3900 4147 3895 4225 4316 4156 4392 3855 4067 3757 4107 4166 4168 4220 4287 4392 4439 4059 4013 4042 3817 3889 4397 3731 4374 4432 4043 3852 3951 3940 4197 4159 
4241 4013 3836 3803 3964 4136 4201 4540 4196 3889 4093 4326 3642 4146 3919 3602 3965 3741 4051 3995 4031 4214 4093 4255 3918 3830 3849 4238 4469 3959 4301 4215 4049 3694 3952 4003 3759 3907 3721 4264 3880 4036 4030 4156 3986 3743 3646 3895 4115 4023 3926 3867 3980 3813 3880 4029 3672 3833 4029 4087 4223 3919 4186 4147 3886 4302 4298 4016 4791 3820 3698 3817 3856 3887 3701 4123 4258 3736 3872 4142 4281 3886 4168 3659 4157 4144 4099 4063 3946 4163 4196 4422 3983 4382 4000 3929 4093 4048 4130 3969 4278 4054 4136 4152 3769 4250 4156 4114 3744 4626 4121 4418 4110 3781 4359 4037 4087 3877 4113 3775 4492 4016 4007 4221 4215 4291 3826 4471 4159 3761 4417 3960 4017 4315 3878 4229 3928 4113 4156 3986 4018 3854 4061 3475 3930 4233 4324 4168 4133 4039 4304 4389 4375 3779 4265 3722 4423 3931 3943 4353 4107 4085 3813 3905 3635 4016 3698 3761 3736 4071 3831 4109 4247 3958 4171 3911 4118 3958 3574 3912 3953 3948 4147 4053 4409 4141 4241 4100 3591 3591 4250 3726 4086 4647 4362 3912 3805 4100 3930 4234 
4243 4236 3981 3778 4213 4097 4357 4644 4243 3923 4393 4487 3719 4180 4028 3860 4040 3885 4225 4249 4510 4184 4336 4319 4056 3959 4059 4356 4433 4079 4370 4330 4042 3916 3936 4191 3872 3905 3966 4276 4113 4478 4023 4205 4011 3929 4013 4069 4263 4117 3989 3801 3885 4210 4012 4103 3684 3796 3920 4090 4237 3946 4367 3998 3991 4246 4309 4162 4638 4035 3944 4090 4327 4144 3691 4069 4504 3731 3812 3998 4236 4062 4591 4056 4189 4195 4338 4014 4220 4155 4020 4346 4069 4528 4061 3937 4145 4012 4170 4010 4119 4201 4134 4241 3996 4322 4097 4212 3814 4721 4246 4303 4203 4018 4364 4082 4245 4146 4227 3752 4367 4295 4089 4170 4149 4237 3933 4491 4240 4053 4542 3924 4249 4270 3822 4334 4037 4410 4219 4073 4255 3851 4317 3542 4160 4233 4385 4335 4222 4000 4280 4411 4428 3838 4180 4095 4496 4162 4151 4389 3955 4100 3990 4011 3719 4296 3934 3930 3739 4290 3816 4308 4229 3990 4319 4213 4114 3879 4143 4167 4212 4249 4375 4293 4347 4368 4524 4344 3750 3842 4373 4047 4162 4409 4459 3981 3919 4415 3826 4408 
4146 3812 3648 4043 3853 3835 4137 4119 4157 3874 3951 4235 3437 3809 3954 3635 3727 3648 3993 3870 3887 4006 4061 4112 3682 3601 3699 4060 4074 3804 4054 4010 3878 3824 3474 4065 3780 3619 3612 4175 3985 3917 3827 3723 3876 3845 3999 3773 4084 4046 3763 3655 4023 3622 3901 3785 3624 3835 3766 3916 4068 3740 3977 4118 3914 4231 4067 4132 4370 3856 3672 3889 4002 3762 3561 3511 4250 3485 3591 3779 3896 3876 4463 3635 4036 4110 3756 3843 3557 3993 3673 3988 3989 4047 4019 3972 3665 3970 4053 3761 3947 4132 3892 3957 3761 4089 3849 4120 3708 4567 4081 3899 3810 3833 3898 3825 4050 3980 3955 3618 4302 3862 3783 4036 3871 3903 3816 4371 3875 3672 4146 3711 3802 4122 3939 3986 3965 4118 3923 3992 3849 3678 3944 3402 3828 4163 3589 4023 3866 3891 4047 4172 4084 3792 4054 3504 4060 3732 3413 4104 4065 3803 3681 3371 3492 4395 3662 3623 3490 4035 3717 3796 4057 3948 3880 3883 4071 3747 3567 3831 4102 3935 4136 4222 4017 3845 4206 4157 3575 3592 3865 3701 3944 4330 4022 3684 3777 3990 3614 4296 
4091 3995 3798 3855 3798 3808 4164 4366 4271 4055 4083 4249 3497 4344 3936 3568 3985 3796 4123 4036 4033 4026 4048 4080 3944 3679 3750 4281 4288 3925 4218 4331 3973 3950 3761 3797 3767 3768 3764 3980 3937 3913 4016 3876 3814 3722 3743 4055 4103 3947 4020 3691 4234 3801 3862 3794 3520 3532 3920 3994 3941 3916 4239 3968 4018 4148 4139 3857 4453 3689 3793 3830 3880 3965 3659 3658 4307 3667 3849 4108 3855 4004 4352 3811 4031 4164 4069 3995 3679 3919 3986 4161 3887 4465 4072 3830 3994 3704 3855 3704 3781 4038 3946 3857 3774 4051 3988 4152 3544 4461 4121 4034 3874 3928 4335 3965 4048 4008 4029 3671 4406 4070 3793 3841 3964 4075 3839 4300 3945 3786 4325 3739 4107 4081 4053 4143 3883 4149 4288 4109 3915 3809 4086 3606 3828 4026 4083 4036 3838 3874 4039 4243 4031 3791 4161 3885 4417 4147 3808 4001 3933 4158 3854 3789 3637 4164 3704 3702 3886 3992 3799 4056 3897 3712 4028 3758 4062 3951 3747 3851 3930 4430 4208 4132 3951 3989 4314 4005 3557 3682 4112 3816 4045 4131 4347 3944 3704 4471 3680 4212 
4237 4017 3761 3867 3786 3812 4164 4397 3928 3855 4133 4224 3715 3886 3835 3566 4126 3659 4107 4050 4077 4011 3808 4184 3918 3703 4105 4020 4344 3914 4181 4134 3918 4063 3708 3985 3892 3888 3615 4004 3677 4113 3880 4019 3846 3860 3675 3760 4033 3925 4163 3776 4181 3888 3978 3900 3660 3925 3671 4055 4051 3820 4232 4169 3893 4114 4173 3711 4415 3912 3709 3983 4063 3983 3682 3834 4286 4003 3782 3951 4132 4016 4178 3625 3925 4135 3954 3647 3614 4167 4019 4370 4005 4272 4123 3855 4170 3891 4355 4058 4026 3945 3924 3876 3789 4210 4140 4291 3821 4763 4191 4071 4171 3971 4304 4295 4002 3940 3947 3977 4309 4125 3769 4113 3837 4078 3838 4412 4019 3994 4096 3740 4017 3959 3868 4154 3788 4045 4122 4148 3993 3940 4065 3632 3839 4224 3871 4125 3994 4286 4240 4386 3900 3729 4421 3857 4282 3852 3960 4154 3997 3883 3835 3784 3668 3746 3637 3638 3857 4326 4038 4053 4251 3826 4107 3771 4093 3842 3723 4081 3782 4277 4256 4391 4225 3915 3993 4379 3675 3563 3997 3512 4217 4285 4401 4000 3805 4251 3770 4113 
4095 3829 3677 3874 3800 3910 4363 4308 4084 3903 4232 4303 3908 3920 3939 3814 3982 3699 4003 3851 4041 4204 4062 4061 4138 3839 3855 4141 4352 4061 4219 4073 3967 4190 3543 4144 3985 3660 3799 4231 4093 4018 3888 3657 3870 3870 4019 3959 4221 4107 3940 3684 3821 4104 3893 3859 3652 3659 3795 4242 4285 3862 4231 4210 4056 4223 4183 3876 4322 3742 3702 4049 4244 4013 3725 3672 4381 3813 3717 4106 3848 4093 4752 3763 3944 3957 4060 3760 3809 3951 3867 4157 3870 4273 4025 3954 4074 3899 4002 3780 4135 4289 4005 3987 3889 4190 4051 4159 3954 4610 4196 4060 3796 3874 4166 4109 4203 3942 3856 3584 4366 3870 3810 4208 3880 3896 3744 4306 4059 3839 4077 3742 4071 3784 3790 4257 3729 4072 4073 4002 3937 3957 4194 3723 4082 4085 3912 4071 4111 4228 4190 4191 4093 3970 4034 3520 4240 3855 3834 4027 3896 4044 3609 3925 3638 4161 3823 3757 3717 4184 3700 3831 4043 3912 4233 3663 4145 3448 3881 3873 4017 4209 3978 4235 3861 4120 4264 4386 3700 3691 4198 3540 4155 4244 4075 3805 3744 4095 4004 4311 
4148 4021 3733 3848 3764 3819 4233 4272 4103 3939 4107 4244 3273 3727 4227 3761 3943 3721 3973 3833 3907 3989 4013 4139 3604 3568 3588 4177 4467 3986 4264 4002 3924 3964 3692 4146 3899 3819 3509 4041 3972 4149 3854 3804 3758 3807 3683 3796 4091 3887 3855 3769 4180 4009 3634 3877 3622 3880 3813 4071 4111 3885 4119 4224 4041 3978 4178 3919 4464 3742 3682 3754 4054 4033 3771 3687 4201 3742 3826 3939 3680 3897 4423 3726 3961 3996 3797 3840 3545 4020 3930 4320 3939 4236 4141 3791 4116 3695 4119 3782 3860 4052 3951 3951 3709 4108 3971 4163 3861 4485 3808 3971 3874 3819 4084 4067 4127 3815 3799 3912 4165 3897 3716 3919 4116 3918 3712 4215 3891 3841 4001 3882 3774 3829 3731 4131 3857 4182 4019 4228 4014 3667 4201 3700 3802 3972 4112 4042 4055 4103 3862 4176 3944 3706 4042 3583 4284 3923 3719 4152 3844 4036 3747 3733 3547 4056 3670 3778 3671 4331 3721 4025 3875 3904 4186 3824 4154 3715 3635 3919 3962 4111 3906 4328 4155 4017 4243 4387 3560 3919 4087 3554 4039 4237 4344 3770 3975 4057 3923 4328 
3968 3555 3439 3385 3616 3526 3968 4209 3522 3504 3584 3818 3351 3635 3603 3286 3716 3406 3832 3649 3619 3729 3642 3739 3677 3545 3379 3707 3905 3568 3967 3704 3708 3382 3233 3618 3393 3341 3261 3642 3687 3654 3704 3504 3675 3485 3575 3443 3660 3505 3819 3335 3744 3769 3614 3559 3462 3464 3359 3879 3710 3524 3806 3928 3549 3879 3928 3496 4468 3507 3331 3699 3779 3818 3381 3391 3804 3400 3475 3880 3798 3495 4168 3475 3539 3743 3742 3484 3479 3688 3434 3984 3625 3829 3545 3608 3680 3648 3504 3566 3806 3781 3728 3391 3419 3757 3484 3736 3383 4118 3727 3780 3612 3287 3830 3616 3965 3383 3686 3347 3836 3674 3630 3753 3743 3827 3229 4168 3631 3736 3795 3408 3787 3650 3378 3889 3524 3659 3840 3769 3558 3457 3830 3088 3803 3619 3583 3510 3648 3781 3791 3674 3807 3452 3641 3393 3614 3522 3382 3901 3591 3771 3279 3477 3340 3719 3499 3248 3282 3734 3631 3682 3709 3671 3787 3635 3752 3520 3489 3551 3544 3744 3687 3696 3662 3871 3852 3702 3396 3269 4112 3590 3899 3938 3756 3554 3505 3987 3622 3872 
3979 3840 3807 3878 3974 3844 4063 4350 4002 4149 3870 4025 3839 4302 4081 3668 4164 3762 4024 4116 4115 3907 3886 4300 3931 3797 3788 4170 4147 4210 4156 3989 3940 3875 3953 3867 3933 3873 3830 4083 4143 3933 4018 3975 3991 3921 3690 3782 4213 3958 3971 3931 4065 4043 3995 3983 3622 3815 3884 4130 4089 3809 4236 4146 3955 4079 4062 4004 4446 3862 3809 4102 4083 4218 3656 3860 4456 3647 3810 4001 4208 4209 4317 3885 3965 4199 4064 3947 3916 3908 3970 4065 3953 4291 3858 3922 3933 3791 3931 3859 3851 4071 4079 3898 3706 4194 3994 4088 3685 4672 4268 4151 4018 3816 4168 4131 3983 4070 3997 3852 4227 3943 4017 4309 3926 4156 3946 4203 4288 4090 4392 4039 4271 3857 3794 3975 3943 4293 4129 4191 3966 3895 4082 3553 3887 4020 3993 4012 3917 4087 4511 4356 3931 3792 4042 3617 4218 3892 3812 4096 3987 4047 3572 3922 3857 4086 3664 3649 3835 4076 4091 4178 4075 4091 4080 3997 3854 4042 3770 4044 3825 4098 4323 4166 4420 4051 4116 4136 3786 4079 4297 3805 4258 4413 4116 3867 3826 4043 3953 4057 
4325 4067 3945 4172 4141 4051 4378 4608 4367 4091 4123 4766 3814 4213 4432 3992 4028 3939 4347 4216 4183 4422 4355 4208 4308 4004 4136 4550 4402 4300 4307 4333 4164 4201 3937 4061 4061 3861 3935 4249 4277 4321 4073 4034 4029 4032 4130 4177 4268 4202 3886 3859 4281 4086 4218 4041 3901 4197 4245 4341 4352 4040 4479 4266 4141 4379 4338 4262 4667 4348 3979 4342 4422 4560 3838 3957 4664 3801 4165 4347 4244 4197 4806 4146 4331 4566 4310 4230 3996 4254 4146 4346 4248 4581 4133 4488 4347 3894 4178 4165 4298 4293 4495 4168 4046 4308 4237 4330 4080 5166 4488 4191 3999 4362 4416 4348 4297 4186 4161 4243 4779 4445 4164 4291 4165 4424 4042 4474 4379 4376 4447 4171 4188 4268 4302 4749 4099 4343 4440 4411 4222 4021 4526 3750 4189 4232 4266 4312 4449 4243 4460 4587 4468 4070 4457 3973 4533 4169 4213 4180 4175 4455 4128 4214 3841 4447 4141 4214 4092 4572 4151 4515 4384 4009 4302 4037 4298 4146 3907 4414 4371 4488 4128 4741 4458 4186 4312 4570 3864 3822 4541 3845 4421 4544 4357 4316 4229 4236 4180 4557 
3772 3782 3528 3579 3682 3690 4016 4172 3758 3866 3807 3989 3174 3925 3591 3253 3584 3449 3681 3810 3722 3821 3788 3952 3768 3561 3605 3927 3977 3821 3740 3802 3710 3692 3502 3672 3514 3511 3260 3755 3740 3821 3750 3670 3546 3452 3670 3757 3943 3731 3744 3564 3661 3658 3635 3646 3171 3617 3504 3747 3929 3560 3805 3831 3577 3900 3818 3647 4098 3588 3532 3648 3917 3807 3487 3409 3951 3373 3589 3826 3913 3745 4094 3472 3711 3956 3978 3740 3568 3950 3738 4203 3544 4119 3611 3529 3676 3523 3601 3825 3682 3659 3677 3641 3429 3834 3761 3726 3604 4226 3916 4003 3701 3577 4154 3705 3770 3569 3802 3544 4143 3846 3709 3814 3588 3882 3630 4081 3816 3631 3893 3861 3698 3638 3579 4327 3646 3954 3760 3669 3697 3414 3755 3255 3759 3656 3769 3687 3868 3772 3888 3847 4004 3432 3850 3367 3696 3524 3490 3763 3630 3673 3549 3557 3428 3759 3621 3403 3629 4051 3577 3852 3978 3463 3829 3585 3781 3773 3504 3786 3743 3804 3996 3935 3861 3768 3872 4128 3480 3512 3818 3369 3971 4197 3544 3597 3433 4087 3799 4065 
4235 4143 3640 3922 3674 3918 4162 4152 4132 4016 3988 4141 3364 4068 3899 3691 3890 3861 3852 3802 3888 4073 3990 4059 3882 3660 3785 3935 4286 3845 4115 3974 3976 3945 3781 3789 3739 3796 3482 4024 4130 4044 3801 3841 3824 3880 3875 3762 4020 4200 3981 3688 4104 3708 3808 3712 3571 3848 3847 4014 4112 3798 3978 4156 3873 3999 4086 3816 4284 3877 3691 3973 4007 3705 3525 3759 4150 3668 3642 3913 4047 3956 4494 3946 3868 3989 3786 3830 3747 4062 3966 3952 3940 4080 3951 3777 3915 3878 3792 3636 3856 3942 3946 3564 3590 3869 3906 3830 3739 4390 3912 3912 3915 3996 4162 3999 3801 3978 3857 3644 4318 3964 3674 3994 3999 3959 3770 4076 3931 3848 3978 3766 3937 4026 3899 4030 3806 3974 4002 3941 3808 3712 4052 3642 3874 4073 4036 3932 4059 3771 3951 4337 4070 4007 4036 3396 4234 3933 3728 4086 3931 3919 3643 3580 3555 4147 3825 3611 3860 4102 3868 4021 4089 3981 4046 3815 4104 3699 3866 3803 3735 4201 4176 3930 4073 4003 4194 4074 3799 3589 4137 3760 3881 4037 4207 3905 3820 4262 3807 4003 
4266 4246 3999 4181 4098 4218 4665 4598 4354 4413 4242 4470 3870 4305 4250 3890 4142 3878 4259 4229 4147 4118 4301 4309 4511 3909 4098 4201 4425 4270 4472 4408 4042 4221 4007 4204 4040 4059 3811 4230 4425 4189 3915 4126 3979 4133 4106 3937 4274 4266 4168 3997 4214 4218 4174 3992 3920 4072 3982 4493 4442 4085 4428 4501 4327 4521 4313 4298 4685 4090 4010 4230 4306 4198 3943 4044 4647 3700 3947 4121 4186 4267 4684 4027 4446 4449 4162 3958 4023 4435 4251 4268 4150 4455 4048 4007 4285 4166 4266 4131 4305 4441 4416 4110 4040 4362 4369 4480 4142 4852 4290 4366 4115 4165 4535 4380 4279 4170 4177 4145 4674 4061 4147 4266 4088 4315 4068 4566 4388 4352 4546 4184 4269 4192 4145 4528 4054 4498 4542 4273 4298 3972 4324 3580 4216 4345 4304 4326 4142 4199 4293 4714 4071 4065 4385 3745 4458 4240 4129 4432 4371 4224 3902 3947 3817 4350 4046 3941 4029 4523 4042 4278 4368 4206 4369 4089 4202 3699 4286 4250 4161 4342 4205 4368 4320 4166 4394 4634 3899 3932 4648 4066 4350 4676 4282 4203 4150 4209 4228 4665 
4117 4177 3898 3989 3943 3804 4297 4532 4069 3964 4128 4316 3728 4252 4097 3638 3986 3776 4177 3927 3971 4057 4230 4007 4184 3811 3951 4015 4484 3955 4363 4132 4093 3981 3723 3890 3959 3945 3793 4170 3881 4218 3841 3939 3978 3806 4007 4023 4279 3934 4077 3730 4034 3905 4166 3824 3667 3908 3976 4135 4172 3900 4140 4336 3941 4327 4408 4104 4457 3903 3886 4074 4139 4172 3704 3685 4528 3888 3691 3938 4149 4048 4369 3959 4091 4085 3994 3786 3734 4313 3890 4213 3914 4425 4150 3939 4143 3919 4203 3962 4280 4053 4127 4050 3906 4316 4036 4232 3685 4809 4433 4306 4007 3900 4366 4319 4133 4056 4201 3936 4409 3946 3883 4047 4053 4196 3781 4417 4201 3899 4390 4034 4158 3974 4019 4257 3805 4017 4186 4178 3780 3951 4172 3665 4037 3980 3972 3844 3923 4002 4276 4473 4262 3990 4150 3588 4210 3882 3861 4199 3821 4164 3827 3804 3520 4114 3861 3717 3693 4227 3972 4068 3882 4067 4031 3703 4099 3775 3741 4267 3902 4202 4110 4371 4198 4093 4034 4325 3747 3654 4377 3879 4219 4367 4254 4128 4064 4290 4180 4174 
4141 3997 3817 3838 3933 4044 4234 4564 4331 3952 4173 4311 3552 4177 4004 3564 3986 3773 4286 3938 3931 3973 4078 4113 4206 4047 3765 4325 4664 4154 4079 4251 4118 4018 3928 3883 3670 3804 3628 4369 4045 4086 3925 4172 3979 3764 3936 4061 4320 4251 3945 3547 4098 3828 4149 4112 3543 3703 3818 4072 3994 3955 4217 4375 4122 3909 4266 4130 4476 3889 3873 4164 4175 3928 3685 3596 4387 3551 3838 4106 4123 3984 4296 3916 4055 4283 4142 4039 3675 4239 3885 4341 3747 4358 4076 3959 4020 4151 4146 3796 3928 4168 4099 4174 4052 4029 4183 4270 3837 4750 4385 4229 4166 3966 4319 4004 4242 3915 4078 3716 4341 4314 3894 4023 4027 4144 3949 4354 4006 3986 4193 3865 4051 4017 3897 4342 3899 4386 4168 4170 3671 4042 3972 3485 4208 4151 4063 4043 4118 4069 4136 4295 4041 3849 4197 3659 4281 4064 3595 3976 4019 4094 3993 3641 3508 4298 3724 3828 3842 4249 3972 4192 4168 4105 4248 4048 4138 3940 3825 4219 4080 4222 4235 4334 4239 4080 4104 4056 3718 3604 4285 3708 4251 4223 4246 3970 3837 4323 3928 4223 
4082 3667 3756 4019 3738 3753 4082 4175 4034 3825 4164 4091 3585 4081 3798 3746 3964 3784 3794 3824 3755 4026 3924 4057 3910 3937 3593 4063 4328 3962 4235 4085 3869 3859 3768 3874 4091 3543 3685 3959 3827 4111 3872 3624 3758 3749 3706 3957 4329 3928 3783 3835 4000 4014 3970 3676 3747 3744 3950 4054 4177 3788 4240 4266 3791 4270 4063 3984 4234 3949 3872 3988 3933 3907 3435 3583 4496 3792 3814 3993 4150 4032 4418 3790 4053 4095 3996 3827 3754 4042 4022 4185 3939 4045 3801 3819 4029 4035 4066 3761 3885 4152 4126 3972 3974 3802 3983 4045 3824 4478 4092 4144 3916 3833 3999 4300 3846 4146 3976 3903 4444 3856 3822 4092 3752 3908 3710 4451 4135 3799 4153 3699 3958 3956 3639 4062 3912 3954 4344 3937 3733 3681 3992 3797 3963 3804 3763 3783 3923 3915 4078 4392 4001 3759 4170 3747 4209 3888 3765 4172 3930 3943 3681 3696 3669 3983 3636 3742 3915 4048 3865 3973 3883 4000 4273 3795 4012 3637 3800 3906 3957 4056 3839 3988 4127 3848 4085 4123 3629 3771 4222 3825 4018 4396 4193 3875 3793 4211 4109 4461 
4051 3996 3657 3887 3911 3922 4012 4237 4100 3934 4122 4338 3691 3795 3888 3401 3913 3614 3944 4105 3927 3950 3976 3993 3929 3721 4026 4154 4293 4132 3954 4096 4110 3816 3738 3792 3909 3730 3466 4055 3963 3975 3619 3778 3668 3880 3790 3844 3979 3958 3904 3807 3989 3940 3840 3779 3478 3682 3893 4037 3933 3948 4228 4129 3982 4163 4204 4038 4522 3919 3733 4098 4053 3891 3858 3902 4302 3654 3762 4052 3964 3826 4246 3976 4030 4094 4151 3853 3713 4027 4007 4038 3751 3985 3864 3842 4264 4026 4172 3851 4346 3900 4195 3682 3685 4064 3842 4236 3769 4466 4122 4097 3725 3932 4022 4073 4067 3650 4098 3995 4436 4023 3915 4038 4030 4150 3682 4397 4185 3929 4352 4068 3940 4002 3862 4210 3755 4060 4075 4039 3901 3838 4164 3711 3950 4204 4106 4043 4228 4171 4073 4318 3994 3913 4313 3749 4393 3958 3751 4174 4164 3971 3650 3796 3738 4033 3755 3700 3664 4277 3948 4297 4157 3958 4129 3799 4014 3958 3666 3971 3840 3959 3812 4224 4030 3987 4014 4182 3463 3643 4158 3635 4160 4255 4087 3942 3897 4158 3888 4323 
3786 3817 3654 3584 3772 3896 4319 4361 4169 4058 3944 4249 3419 4251 3962 3540 3856 3593 4020 4025 3829 4027 4009 4082 3791 3776 3924 3894 4319 3788 3993 4113 3837 3814 3807 3672 3718 3704 3401 4091 4006 3876 3906 3886 3915 3845 3776 3773 4084 3882 3924 3833 4042 3764 3843 3625 3827 3706 3751 3751 4097 3963 3994 3974 3825 4229 4067 3892 4157 3793 3891 3952 4055 3853 3710 3843 4369 3661 3732 3739 3855 3784 4292 3769 3933 4024 4074 3726 3850 4012 3920 4099 3929 4229 4175 3833 4022 3918 4102 3834 3726 4002 4043 3859 3738 4057 3956 4274 3853 4504 4122 4018 3867 3751 4334 4027 3889 3988 3858 3554 4380 3833 3755 4039 3919 4099 3729 4313 3862 3843 4179 3724 3837 3993 3925 3902 3823 3721 4198 4083 4000 3822 4063 3454 3907 4048 3865 4007 3967 3968 4132 4309 4102 3808 4350 3744 4186 3837 3803 4098 3960 3908 3728 3885 3405 4054 3666 3743 3564 3905 3598 4148 4109 3865 3936 3713 3970 3712 3476 3740 3717 3961 4142 4022 4135 3833 3950 4132 3428 3704 4085 3602 3800 4424 4244 3758 3744 4147 3877 4093 
3645 3642 3641 3486 3753 3575 3857 4091 3563 3788 3767 3781 3290 3623 3929 3397 3690 3390 3764 3616 3773 3620 3548 3826 3563 3231 3598 3885 4078 3671 4003 3817 3550 3609 3425 3664 3540 3545 3438 3641 3973 3812 3569 3804 3458 3696 3423 3453 3797 3584 3455 3634 3610 3767 3533 3416 3303 3618 3630 3573 3933 3638 3626 3871 3686 3838 3705 3761 4172 3502 3515 3800 3723 3957 3509 3241 4171 3328 3663 3668 3929 3594 4166 3605 3620 3842 3762 3554 3680 3891 3637 4039 3534 4115 3642 3638 3788 3555 3677 3819 3502 3573 3659 3617 3703 3968 3523 3821 3527 4097 3968 3859 3581 3528 3964 3605 3792 3544 3659 3567 3779 3464 3698 3749 3687 3809 3270 3764 3635 3876 3915 3633 3756 3526 3618 3819 3533 3666 3809 3914 3644 3280 3615 3031 3634 4021 3804 3402 3815 3674 3767 3781 3863 3343 3900 3440 3756 3599 3426 3762 3683 4034 3617 3585 3139 3646 3556 3342 3386 4014 3572 4067 3802 3666 3808 3613 3844 3476 3610 3556 3666 3884 3620 3912 3861 3654 3666 3896 3369 3538 3799 3455 3845 4021 3801 3901 3753 3904 3809 3956 
4071 3752 3606 3891 3776 3793 4127 4061 3972 3768 4131 4244 3454 3844 3962 3496 3919 3598 4111 3894 3759 3831 3857 3878 3995 3685 3996 3975 4190 3928 3959 4177 3883 3824 3736 3847 3662 3641 3763 3873 4056 4012 3705 3826 3869 3849 3835 3761 4021 3845 3711 3604 3975 4090 3918 3692 3451 3825 3617 4227 4023 3817 3991 3935 4041 4049 4098 3795 4313 3879 3835 3967 4047 4071 3603 3710 4290 3572 3696 4004 3969 4098 4385 3772 3706 3944 4110 3801 3645 3959 3754 4175 3688 4226 3932 3722 3988 3708 4021 3580 3957 3955 4216 3723 3601 3893 3802 3965 3674 4443 3993 3823 3896 3598 4081 3988 3940 3906 3753 3604 4347 3938 3764 4077 4053 3912 3719 3956 3835 3831 4081 3819 3959 3720 3724 4294 3822 4078 4127 4151 3836 3706 4134 3496 3895 4008 3799 3824 4058 3923 4055 4333 4043 3703 4199 3771 4244 3748 3649 3899 3726 4105 3967 4056 3480 3919 3672 3584 3772 4091 3662 4109 4014 3841 4078 3819 4257 3625 3668 3852 3783 4016 3864 4061 3786 3881 4039 4078 3514 3889 4375 3605 4085 4176 4072 3915 4037 3915 3846 4021 
4318 4052 3932 3880 3967 4118 4475 4633 4132 4113 4028 4323 3705 4327 4023 4009 4178 3673 4357 4230 4276 4250 4096 4234 4246 3902 4116 4336 4479 4143 4301 4210 4097 3887 3749 4069 3931 3843 3606 4438 4198 4559 4280 4219 3950 4021 4008 4033 4390 4186 4103 3842 4325 4093 3902 4185 3816 3907 3786 4069 4189 3991 4363 4407 4156 4180 4446 4288 4734 3876 3927 4213 4085 4017 3905 3785 4432 3641 4013 4148 4196 4086 4611 3925 4233 4272 4371 4055 4144 4374 4127 4289 3837 4634 4024 3846 4237 4092 4166 4045 3905 4335 4115 4074 4156 4221 3930 4318 3861 4875 4241 4306 4288 4000 4416 4179 4232 4004 4184 3650 4450 4400 3995 4213 3997 4299 4015 4530 4152 4111 4364 4007 4036 4248 3902 4295 3895 4287 4530 4293 4149 3932 4180 3685 4097 4014 4274 3957 4152 4228 4292 4160 4132 3840 4180 3943 4290 4291 3976 4293 4172 4384 3844 3970 3713 4405 4069 3891 3858 4276 3987 4304 4336 4097 4330 4027 4280 3796 4049 4052 4113 4456 4309 4070 4320 4281 4334 4368 3924 3810 4182 4179 4148 4541 4428 4005 3795 4402 3997 4432 
4178 3907 3737 4082 3819 4004 4312 4333 4318 3837 3908 4457 3621 3983 3977 3742 3813 3703 4140 3961 4059 4025 4013 4212 3750 3747 4077 4118 4261 3792 4386 4105 4021 3954 3632 4024 3681 3695 3642 4177 4133 4245 3828 3956 3822 3989 3862 3892 4083 3991 3893 3831 4140 3857 4011 3811 3596 4011 4042 4054 3879 4056 4196 4294 4096 4090 4021 4018 4314 3950 3963 4000 4128 4066 3797 3969 4487 3758 3844 4002 4320 4084 4512 3801 4002 4217 4041 4003 3781 3943 3894 4103 3848 4438 4305 3963 4239 4016 4205 3962 4025 4084 4195 3835 3569 4011 3883 4230 3851 4807 4119 3925 4055 3928 4254 4092 3685 4242 3865 3965 4357 4004 3869 4091 4130 4121 4060 4350 4280 3894 4529 3831 4014 4151 4100 4205 3950 3935 4172 4264 3839 3696 4093 3694 4090 4145 4115 4121 4200 3991 4035 4402 4191 3720 4207 3709 4488 4269 3766 4149 4009 4153 3724 4060 3673 4242 3920 3638 3600 4093 3905 4017 3991 3901 4160 4031 4052 3775 3727 4040 4127 4407 4082 4345 4212 3955 4249 4069 3694 3657 4192 3709 4248 4343 4359 4058 3922 4179 3872 4218 
3859 3999 3733 3708 4056 3822 3992 4418 3959 3978 4021 4130 3472 3858 4020 3638 4027 3707 3960 3819 3723 3942 3971 4023 3977 3561 3622 4003 4249 3777 4145 3863 3906 3556 3751 3884 3602 3798 3589 3958 3870 3723 3665 3704 3931 3656 3845 3778 4001 3903 3740 3668 3848 3699 3848 3947 3457 3806 3589 4003 3914 3883 4075 4124 4111 4013 4094 4014 4231 3662 3775 4075 4143 3832 3442 3727 4102 3468 3623 4106 4024 3892 4280 3819 3853 4168 3891 3826 3744 4089 3951 3987 3720 4309 3938 4001 4038 3833 3798 3578 4005 3988 4201 3818 3868 4089 3951 4084 3537 4408 4065 3867 3666 3633 4089 3938 4097 3758 3778 3581 4070 3936 3783 4029 3702 3828 3725 4336 3981 3933 4165 4025 3737 3961 3661 4133 3678 3847 3913 4001 3759 3811 3922 3250 3871 3947 3938 3848 3845 3913 3933 4068 3792 3814 4137 3396 4084 3929 3578 4099 3983 3956 3621 3747 3629 4095 3674 3408 3741 4123 3679 3887 3931 3951 4027 3687 4061 3720 3592 4014 3646 4058 3747 4147 3917 4006 3839 4178 3345 3803 4197 3633 4180 4227 3888 3825 3919 4055 3657 4011 
4138 3909 3726 3989 3856 3851 4341 4302 4201 4142 3840 4300 3577 4039 3957 3913 4070 3668 4161 3941 3920 4070 3995 4090 3947 3883 3626 4002 4310 3681 3977 3864 4002 4060 3559 3738 3698 3564 3496 4238 4107 4006 3952 3998 3997 3805 3959 3734 4072 4116 3852 3730 4051 4018 3855 3619 3651 4007 3798 4047 4018 3791 4141 4259 3936 4190 4336 3928 4489 3715 3673 3942 3965 4048 3735 3978 4336 3508 4147 3941 4027 4041 4418 3752 4089 4268 4139 3720 3824 3925 4028 4192 3818 4267 3959 3823 3949 3987 3941 3852 4030 4307 4007 3947 3609 4226 3930 4240 3760 4575 4073 4033 3846 3712 4311 4133 4070 3960 3850 3664 4414 3869 3793 4067 3972 3961 4002 4293 3832 3907 4182 3934 3796 4101 3733 4287 3721 4094 4220 4092 4056 3789 4011 3621 3788 3852 3962 4133 4053 4074 3898 4438 4117 3916 4047 3604 4247 3796 3769 4130 3818 4087 3867 3946 3538 4086 3769 3638 3758 4134 4047 4399 3884 4003 3851 3715 4228 3746 3612 3869 3978 4236 4215 4113 4055 4038 4107 4230 3561 3570 4170 3716 4136 4281 4235 3965 3783 4227 4099 4062 
4050 3871 3651 3942 3709 3784 4360 4286 4005 3724 3942 4194 3441 3782 3861 3676 3782 3669 3997 3893 3857 4189 4126 4182 3745 3756 3822 3930 4262 3837 4164 3637 3849 3943 3805 3885 3694 3703 3587 4144 3999 4129 3876 3789 3854 3707 3854 3680 4088 3885 3901 3548 3865 4076 3690 3666 3571 3740 3811 4034 4071 3679 4069 4143 3689 4211 3997 3964 4433 3929 3739 4018 3910 3812 3867 3692 4124 3539 3762 3974 4048 3913 4160 3927 3959 4028 3907 3718 3769 3951 4162 4323 3774 4021 3976 3968 3985 3790 4219 3551 3953 4021 3996 3892 3579 4082 3956 4096 3797 4689 4024 3982 4141 3810 4082 4024 3970 3821 3814 3706 4127 3963 3785 4177 4043 4051 3830 4313 4037 4054 4122 3810 3879 3847 3828 3989 3684 3974 4068 3995 3794 3901 4143 3629 3861 3652 3900 3830 4129 4135 4040 4378 3954 3627 4076 3612 4308 3925 3680 4030 3929 4038 3655 3645 3420 3838 3665 3684 3713 4180 3798 4202 3834 4087 4160 3765 3993 3685 3682 3937 3645 4013 4170 4026 3974 3850 4059 4170 3557 3473 4141 3564 3828 4314 4142 3980 3600 4072 3956 4232 
3840 3761 3651 4017 3806 3770 4056 4238 4075 3697 3674 4022 3500 4130 4054 3513 3995 3757 3794 3718 4137 3924 3962 4300 3919 3697 3578 4165 4299 3719 4144 3630 3974 3675 3708 3823 3570 3750 3472 3957 3685 4088 3731 3969 3788 3710 3850 3883 3926 4055 3746 3513 3946 4016 3671 3823 3509 3671 3630 4282 4015 3448 3994 3881 3628 4210 4143 4080 4317 3751 3629 3878 4110 3842 3697 3718 4223 3717 3755 3826 4006 3837 4208 3694 3845 4113 3833 3813 3722 3812 4012 4100 3923 4165 3928 3637 3915 3451 3919 3842 3931 3882 3955 4055 3698 3980 4105 3818 3564 4386 3964 3998 3727 3783 4139 3944 3953 3758 3878 3783 4212 3968 3814 4106 3951 4086 3599 4132 4045 3990 4216 3771 4141 4043 3613 4135 3829 3861 4073 4058 3771 3664 4084 3467 3525 3961 4052 3877 3811 3921 3996 4193 3896 3909 4144 3751 4128 3936 3629 4166 3789 3905 3575 3545 3666 4210 3465 3707 3824 3868 3737 3899 4124 4004 3940 3758 3885 3680 3835 3793 3715 4147 4188 4108 4184 4235 4113 3842 3868 3550 4136 3779 3922 4050 4145 3916 3701 3991 3601 4072 
3922 3556 3546 3572 3584 3491 3908 3934 3775 3674 3625 3798 3252 3660 3606 3459 3666 3460 3799 3712 3643 3697 3591 3869 3418 3376 3574 3716 4098 3625 3789 3723 3590 3613 3463 3707 3666 3465 3177 3830 3705 3730 3639 3716 3593 3673 3446 3452 4024 3706 3607 3534 3898 3752 3558 3583 3309 3610 3577 3705 3881 3716 3927 3774 3791 3777 3781 3738 3909 3521 3536 3643 3577 3597 3293 3345 3828 3371 3336 3547 3777 3795 4036 3605 3698 3802 3843 3713 3326 3721 3588 3932 3754 4006 3586 3383 3798 3682 3940 3486 3561 3840 3810 3477 3492 3824 3660 3886 3240 4100 3485 3593 3728 3464 3750 3820 3713 3680 3803 3483 3898 3740 3660 3768 3686 3542 3550 4044 3771 3647 3947 3631 3732 3837 3572 3516 3485 3568 3775 3721 3673 3650 3503 3477 3482 3630 3694 3809 3861 3881 3726 3823 3694 3498 3740 3525 3743 3755 3509 3914 3564 3670 3482 3493 3518 3965 3688 3112 3369 3777 3636 3798 3722 3581 3926 3556 3917 3543 3457 3600 3707 3745 3662 3600 3938 3648 3866 3866 3591 3319 3709 3531 3714 3870 3837 3414 3560 3979 3747 3992 
4024 3685 3769 3693 4059 3795 4214 4031 4255 3670 4071 4106 3755 4206 4037 3693 3951 3678 3853 3875 4039 3839 3816 4306 4115 3929 3900 4314 4429 3955 4035 4045 3929 3687 3862 3821 3847 3642 3723 4157 4156 3989 3978 4035 3696 3604 3624 3810 4119 4118 3640 3707 4044 3861 3969 3760 3656 3872 3859 3954 4093 3831 4089 4192 3810 4150 3950 3873 4289 3731 3668 4010 4058 4072 3517 3735 4199 3578 3631 3947 3880 3921 4399 3635 3590 4136 3868 4212 3559 4022 4029 4259 3743 4322 3846 3831 4097 3976 4003 3560 3761 3961 4167 4009 3822 4054 4211 3983 3775 4433 4113 4137 3938 3793 4147 4058 3906 3719 4084 3821 4100 4067 3830 4216 3813 4041 3862 4186 4092 3889 4322 3683 4039 3933 3861 4238 3916 4048 4034 4134 3851 3845 3702 3450 4008 4022 3882 4064 3832 3854 4079 4488 4015 3761 4071 3619 4052 3899 3699 4016 3947 4103 3657 3863 3715 4305 3721 3509 3767 4296 3788 4185 4090 3883 4135 3835 4053 3835 3707 3849 3968 4196 4098 4212 4088 4072 4145 4215 3744 3730 4044 3545 3991 4262 3930 4139 3876 4252 3850 4196 
3965 3934 3488 3533 3528 3898 4135 4162 3871 3844 3901 4053 3171 3776 3779 3522 3760 3636 3599 3825 3770 3740 3893 3845 3810 3364 3735 3949 3853 3589 4000 3969 3642 3680 3665 3508 3672 3492 3425 3919 4001 3892 3699 3540 3807 3841 3715 3597 3906 3863 3815 3809 3872 3844 3618 3354 3493 3681 3713 3758 3879 3864 3888 3944 3710 3983 3739 3713 4061 3622 3851 3966 3899 3768 3498 3595 4161 3418 3430 3789 3820 3609 4368 3606 3852 3921 3859 3719 3801 3889 3521 4095 3802 3990 3840 3618 3663 3777 3935 3649 3658 4039 3920 3830 3631 3897 3572 3873 3506 4313 3777 3930 3831 3588 4143 3667 3774 3978 3767 3349 4179 3567 3741 3881 3705 3785 3469 4116 3936 3954 3933 3427 3738 3702 3599 3775 3787 3927 4091 4061 3759 3528 3809 3133 3632 3787 3643 3678 3794 3764 3842 3844 3756 3579 3898 3460 3787 3700 3421 3849 3752 3846 3459 3627 3256 4065 3594 3522 3558 3832 3489 4118 3729 3670 3829 3606 3864 3705 3796 3621 3397 3810 3780 3755 3910 3715 3793 4022 3392 3596 3965 3653 3828 4012 3972 3824 3790 4061 3944 3959 
4504 4335 4062 4079 4157 4154 4501 4586 4358 4110 4252 4326 3663 4366 4129 4002 4292 3905 4146 4089 3904 4133 4090 4473 4281 3745 3993 4141 4614 4064 4545 4444 4028 3958 3936 4147 4207 4024 3883 4252 4242 4567 3990 4081 4079 3972 4102 3980 4241 4281 4211 3870 4194 4201 4011 3961 4111 3908 4222 4384 4361 3876 4323 4329 4206 4754 4202 4307 4721 4010 3916 4099 4072 4140 3773 3956 4477 3917 3873 4159 4183 4009 4552 4147 3988 4128 4127 4073 4049 4443 4356 4319 4178 4388 4203 4150 4304 4103 3984 3834 4046 4338 4567 4306 4102 4306 4038 4342 3779 4959 4216 4152 4343 4154 4425 4248 4365 4092 4255 4034 4426 4198 4057 4362 3988 4042 4073 4490 4190 4259 4433 4156 4117 4126 4158 4206 4060 4285 4367 4090 4329 4201 4100 3800 3931 4219 4344 4152 4057 4297 4507 4575 4262 3987 4071 3786 4459 4173 3758 4311 4406 4081 4017 3980 3716 4235 3924 3628 3908 4413 3778 4456 4016 4211 4279 4110 4276 4182 3957 4094 4031 4343 4167 4430 4429 4219 4392 4363 3705 3772 4436 3925 4028 4484 4383 4146 3911 4409 4194 4434 
4019 3792 3613 3873 3824 3636 4193 4315 3908 4038 3922 4169 3389 3908 3882 3546 4103 3552 4231 4021 3870 3996 3849 4062 3883 3828 3667 4138 4270 3889 4357 4116 3742 3740 3673 3658 3778 3502 3649 3866 3983 3991 3937 3892 3707 3667 3813 3775 3999 3711 3980 3616 3976 4069 3717 3657 3814 3778 3762 4068 3905 3599 4109 4065 3894 4129 3812 3806 4172 3828 3653 3777 4126 4007 3539 3617 4353 3540 3858 4011 3998 3903 4266 3964 3889 3987 4081 3805 3697 3962 3907 4320 3877 4140 3728 3652 4008 3800 4133 3687 3961 4058 4003 3730 3668 3928 4013 4064 3678 4584 4131 4087 3769 3948 4012 4018 3953 3726 3972 3864 4369 3873 3808 4043 3906 4089 3822 4244 3970 3968 4402 3961 3681 3887 3650 4189 3501 4088 4190 4285 4028 3590 3957 3511 3876 4043 3951 3879 3832 4036 3791 4131 3939 3924 4075 3683 4284 4062 3756 4282 4020 3945 3719 3859 3491 3917 3770 3674 3947 4408 3846 4246 3678 3848 4249 3762 4109 3453 3706 4144 3669 4198 3947 3954 3967 3963 3936 4252 3634 3592 4090 3657 3968 4435 4109 3723 3825 4073 3904 4052 
4238 3636 3659 4115 3808 3932 4129 4459 4215 3906 4109 4225 3678 4057 3876 3454 3896 3667 3986 3973 3646 4043 4051 4117 3858 3869 3815 4093 4356 3876 4304 4169 4124 3992 3668 3906 4003 3703 3565 4171 4041 4053 3894 3907 3866 3676 3908 3809 3903 3966 4217 3690 4188 3937 3980 4040 3579 3846 3700 4201 4054 4070 4077 4295 4049 4310 4130 4080 4530 3802 3779 3680 3801 3991 4123 3891 4352 3679 3917 4091 4192 3782 4355 3735 4071 4230 4039 3710 3652 4130 4131 4344 3848 4233 3878 3975 4034 4052 4233 3887 4242 4373 4276 3957 3648 4100 4110 4062 3746 4707 4166 4317 4059 3781 4364 4089 4019 3923 3945 3991 4399 4014 3990 4049 4192 4194 3805 4569 4095 3933 4290 3894 4042 4010 3977 4238 3993 4161 4405 4064 3903 3670 4183 3685 3947 3967 4076 4022 4213 3982 4043 4312 4155 3616 4153 3789 4366 3862 3520 3983 4094 4117 3786 3936 3586 3975 3675 3622 3752 4319 3928 4181 4075 4132 4167 3941 4208 3819 3703 3927 3833 4023 4075 4289 4050 4000 4214 4167 3574 3735 4198 3625 4316 4496 4243 4160 3889 4171 3904 4309 
4072 3858 3512 3818 3684 3887 3987 4324 4170 3874 3851 4098 3531 3989 3803 3310 3923 3681 3999 3802 3731 4010 4000 3936 3863 3697 3656 4071 4221 3747 4035 4012 3984 3832 3770 3835 3648 3900 3394 4131 3952 4014 3849 3743 3771 3654 3825 3887 3927 4013 3703 3715 3945 3884 3683 3653 3527 3669 3798 4123 3982 3527 3929 3899 3655 4045 4058 3953 4071 3786 3891 3770 3909 3788 3584 3697 4314 3598 3699 3820 3885 3884 4337 3869 3881 4171 3986 3771 3752 4056 3751 3878 3679 4378 3883 3671 3838 3784 3952 3542 4089 4110 3890 3675 3883 4128 4050 4015 3642 4573 4161 3884 3646 3702 4132 3932 3643 3682 3777 3528 4253 3854 3808 3965 3839 4048 3789 4376 3837 3852 4068 3732 3763 3937 3638 4226 3663 4146 3942 3757 3855 3811 3932 3511 3673 3835 4002 3820 3858 3926 4234 4255 3987 3714 4161 3712 4191 3685 3746 4026 3940 3975 3486 3877 3550 4173 3537 3507 3794 3883 3734 4162 3965 3952 4010 3426 3869 3698 3754 3815 3685 4205 4183 4099 3996 3933 3885 4146 3713 3519 4119 3616 3865 4094 4023 3916 3637 4021 3893 4111 
4414 4097 3921 4077 3962 4326 4369 4479 4067 4358 4411 4553 3899 4233 4159 4138 4360 3943 4290 4242 4147 4242 4111 4528 3954 3965 4164 4332 4541 4164 4553 4225 4122 4067 3839 4376 4124 4077 3946 4273 4478 4184 4386 4218 4237 4142 3940 4181 4513 4423 4186 4006 4175 4243 4058 4060 3756 4048 4014 4451 4204 4295 4488 4362 4257 4321 4303 4155 4807 3997 4241 4214 4139 4200 3963 3802 4439 3954 3962 4269 4397 4089 4629 3925 4101 4496 4432 4230 4060 4188 4338 4400 4057 4557 4112 4260 4267 4465 4131 3895 4253 4455 4468 3942 4053 4352 4156 4414 3902 4766 4186 4250 4167 4042 4564 4056 4334 4146 4154 3874 4560 4401 3997 4413 4188 4061 3876 4525 4343 4295 4466 4176 4349 4375 4045 4213 4160 4327 4387 4301 4301 4159 4404 3806 4061 4201 4294 4119 4461 4285 4420 4298 4200 4033 4427 3897 4560 4221 3759 4455 4341 4260 4056 3904 3823 4564 3881 3667 4152 4381 4124 4390 4259 4200 4385 4265 4438 4064 4053 4035 4217 4285 4192 4381 4247 4506 4640 4349 3906 4106 4481 3986 4154 4540 4527 4251 4048 4656 4093 4468 
4010 3948 3737 3970 3997 4114 4245 4328 4242 4054 4035 4259 3725 4101 4203 3994 4000 3721 4161 3732 4037 4062 4169 4255 4157 3903 3885 4246 4220 3928 4343 4135 4017 3933 3752 4166 3796 3777 3744 4195 4191 4380 3913 3902 3743 3682 3983 3747 4160 3995 3839 3823 4158 4185 4000 3830 3750 4123 3831 4020 4303 3933 4074 4241 3765 4217 4268 3953 4455 3799 4036 3957 4151 4116 3881 4021 4208 3899 3729 4007 4068 3929 4599 4027 4068 4161 4224 3828 3872 4181 4081 4363 4008 4346 4004 4203 4093 4003 4137 4044 3946 4235 4202 4001 3827 4086 4121 4252 4042 4562 4295 4289 4106 4057 4119 4184 4250 4114 3801 3898 4290 4105 3616 4072 4043 4028 3819 4637 4172 4131 4519 3771 4111 3942 4019 4148 3801 4155 4282 4044 3886 3913 4198 3781 3978 3987 4158 4121 4021 4080 4212 4378 4017 3870 4412 3596 4314 4031 3837 4050 3936 3986 3755 3938 3736 4216 3924 3879 3809 4289 3875 4215 4147 4297 4339 4094 3918 3842 3988 3759 3934 4227 4058 4311 4063 4111 4120 4146 3958 3655 4286 3855 4003 4417 4374 4242 4152 4108 3971 4221 
4340 3743 3758 3841 3651 3876 4143 4349 4090 4069 3826 4337 3658 4106 4061 3811 3772 3727 3934 4135 4015 4022 4046 4079 3867 3523 3959 4287 4297 3857 4172 4077 4012 3747 3691 3898 3898 3765 3842 4161 4237 4220 3969 4155 4076 3880 3777 3985 4186 4009 3949 3822 4132 4095 3743 3786 3575 3954 3940 4105 3972 3904 4300 4111 4135 4053 4141 3911 4442 3913 3895 4030 3882 4078 3788 3754 4344 3823 3991 3924 4140 3830 4420 3763 3977 4142 4003 3879 3709 4015 3925 4294 3822 4369 3912 3876 4089 3910 4114 4010 4002 4062 4031 3812 3847 4065 3960 4267 3918 4572 3986 3934 3998 3694 4178 4179 3958 3939 3976 3699 4226 4062 3950 4001 4077 3954 3825 4013 4113 4079 4353 3920 4009 4108 3960 4144 3941 4019 4281 4181 3871 4010 4143 3479 3934 4118 3902 3906 3919 4040 4215 4328 4124 3792 4272 3426 4095 3930 3667 4303 4036 4358 3769 3847 3644 4326 3573 3459 4012 4216 3909 4088 4116 4136 3969 3724 4105 3655 3786 3970 3991 4449 3929 4415 4276 4030 3991 4174 3919 3635 4180 3731 4242 4362 4259 3941 3961 4335 4100 4103 
3668 3662 3525 3591 3586 3355 3914 4085 3788 3589 3570 3777 3350 3728 3690 3682 3707 3579 3683 3786 3602 3916 3771 3791 3484 3385 3588 3814 4104 3670 3970 3573 3609 3614 3390 3673 3712 3526 3212 3699 3539 3746 3606 3776 3733 3583 3528 3396 3760 3589 3608 3464 3753 3658 3795 3503 3311 3553 3599 3839 3721 3447 3972 4020 3733 3687 3835 3782 4159 3607 3610 3630 3827 3780 3418 3617 3897 3223 3581 3718 3676 3597 4125 3486 3659 4000 3707 3558 3556 3519 3533 3738 3576 4021 3754 3546 3738 3570 3715 3646 3660 4130 3879 3881 3768 3835 3763 3877 3448 4235 3756 3698 3647 3391 4041 3827 3883 3802 3730 3410 4105 3721 3478 3683 3679 3726 3363 3976 3762 3710 3998 3531 3925 3702 3734 3855 3821 3864 3808 3987 3635 3508 3820 3292 3631 3639 3555 3536 3751 3777 3885 4269 3711 3594 3886 3560 3968 3586 3420 3807 3575 3698 3367 3649 3364 3773 3285 3364 3415 3635 3607 3952 3584 3767 3710 3471 3598 3510 3645 3677 4068 3878 3542 3847 3927 3866 3908 4020 3400 3484 3826 3535 3642 4059 3948 3492 3647 4008 3805 4094 
4197 3926 3735 4007 3881 3876 4141 4467 4264 4347 4054 3930 3818 4101 3915 3700 3927 3732 4060 4199 4020 3963 4073 4165 4061 3768 3889 4217 4274 4061 4116 4180 4021 3970 3724 3842 3960 3732 3553 4074 4194 4159 3901 3874 3810 3641 3782 3837 4073 4112 3855 3537 4161 3993 3915 4021 3659 3733 3798 4131 4114 3938 4122 3899 4077 4513 4306 4129 4655 3866 3611 4013 4150 4040 3927 3707 4252 3606 3758 4088 4168 4011 4507 3745 4086 4183 4150 3858 3909 4026 4270 4187 3915 4614 3765 4038 4254 3511 4014 4114 4205 4084 4213 3919 3703 4068 4044 4278 3993 4604 4049 4039 3995 3959 4536 4126 4155 3968 3940 3844 4444 4265 3792 4176 4043 4271 3842 4423 4132 3958 4386 3978 4025 3875 3898 4269 3832 4159 4204 3748 4087 3700 4130 3523 3856 4172 4198 4331 4057 3973 4169 4281 4058 3770 4142 3790 4302 4002 3998 4151 4211 4283 3804 3847 3811 3991 3902 3656 3882 4433 3994 4148 4198 3945 4119 3885 4132 3851 3799 4032 4028 4075 4217 4293 4181 4263 4353 4238 3788 3756 4230 3973 4122 4091 4278 4160 3772 4055 3841 4386 
4160 3829 3631 3580 3810 3931 4165 4337 3927 4091 3830 4326 3440 4136 3925 3655 3802 3648 4397 3794 3942 3932 3780 3906 4024 3579 3866 4125 4224 3795 3955 4031 3862 3723 3580 3659 3649 3780 3357 3971 3898 4081 3835 3793 3603 3629 3625 3742 3747 3793 3803 3829 3946 3838 3724 3813 3779 3649 3623 4028 3976 3734 3865 3879 3805 3774 4089 3674 4403 3900 3723 3818 3928 3845 3698 3874 4220 3427 3722 3832 3893 3846 4027 3673 3833 3967 3958 3915 4003 3752 3673 4236 3751 4391 3852 3871 3816 3927 3874 3992 3777 3882 4096 3660 3594 3829 3722 3991 3712 4497 3844 4028 4010 3762 4341 3883 3862 3703 3951 3528 4208 4131 3712 3993 3678 4136 3562 4220 3939 3695 4168 3722 4077 4099 3676 4087 3649 4132 4094 4091 3783 3616 3896 3464 3847 3831 4085 3938 3721 3736 4239 4137 3882 3946 4158 3565 4253 4084 3602 4305 4003 3720 3746 3592 3482 4149 3801 3619 3720 3983 3708 3930 4109 3806 3958 3649 3965 3801 3869 3932 3860 4074 3909 4153 4162 3782 3930 4019 3473 3604 4176 3844 3927 4327 4181 3831 3678 4025 3771 4110 
3836 3985 3606 3724 3695 3892 4052 4269 4171 3762 3818 4290 3376 4048 3910 3313 3718 3644 3897 4019 3993 3702 3962 4140 3869 3688 3687 4281 4247 3862 4191 3907 3782 3835 3655 3703 3725 3604 3670 4225 3873 4008 3639 3936 3943 3575 3776 3846 3846 3837 3923 3579 3975 3942 3962 3598 3723 3741 3669 4039 3788 3808 4216 4236 3744 4024 4044 3914 4241 4128 3653 4024 3989 4087 3759 3804 4268 3509 3813 4010 3974 3765 4057 3759 3975 4088 4039 3718 3743 3972 3945 4168 3856 4196 3889 3720 3946 3812 4191 3907 3944 3823 4207 3911 3631 4149 3882 4007 3597 4597 3907 3993 3990 3747 4068 4105 3731 4007 3764 3847 4213 3928 3846 4024 4070 3967 3807 4092 4032 3804 4539 3825 3790 3909 3888 4293 3763 4034 4092 3889 3849 3683 4241 3504 3948 3799 3956 3824 4040 3959 4344 4297 3973 3676 3982 3563 4232 3877 3690 4168 3928 4016 3626 3507 3622 3856 3701 3482 3797 4133 3890 4093 3931 4029 4011 3852 3749 4035 3632 4117 3752 4041 3942 4207 4120 3841 3774 3949 3759 3610 4033 3829 4130 4378 3973 3860 3828 4114 3720 4348 
4312 4172 3884 4100 4072 4173 4547 4643 4358 4206 4245 4433 3835 4404 4219 4145 4173 3976 4515 4346 4233 4217 4079 4268 4326 4130 4202 4496 4535 4247 4339 4450 4108 4268 3847 4222 4215 3924 4012 4462 4105 4433 4283 4139 4059 3957 3965 4207 4357 4277 3971 3790 4285 4092 4185 4288 3882 4108 4112 4195 4466 3886 4468 4283 4326 4476 4362 4158 4686 4088 3855 4062 4412 4251 3892 4076 4759 3867 3974 4287 4238 4439 4804 4014 4279 4370 4230 4059 4218 4131 3979 4359 4151 4713 4323 4122 4286 4051 4255 4190 4109 4398 4401 4197 4007 4422 3978 4388 4096 4876 4238 4435 4272 4139 4649 4338 4183 4211 4319 3950 4514 4292 4257 4474 4183 4385 4243 4554 4258 4054 4705 4102 4471 4044 4339 4225 4026 4351 4408 4368 3926 4077 4331 3675 4030 4261 4174 4210 4312 4281 4509 4625 4342 4090 4530 3815 4603 4088 3925 4546 4202 4269 3898 3938 4000 4355 4001 3668 4011 4559 4204 4087 4460 4180 4244 4106 4214 3857 4012 4274 4239 4243 4340 4408 4511 4005 4383 4372 3891 3877 4695 3879 4491 4547 4536 4027 4174 4274 4132 4494 
3975 3623 3622 3549 3681 3703 3996 4152 3870 3822 3678 3975 3467 4028 4109 3354 3633 3418 3934 3955 3714 3602 3938 4037 3906 3563 3434 4158 3877 3724 3884 3773 3543 3684 3776 3939 3560 3770 3476 4018 3984 3673 3697 3739 3665 3684 3814 3725 3911 3742 3824 3445 3863 3812 3624 3665 3458 3556 3596 3839 3745 3418 3874 3932 3716 4002 3882 3689 4197 3622 3526 3880 3699 3804 3600 3407 4105 3259 3527 3659 3783 3603 4140 3761 3760 3842 3779 3708 3578 3989 3465 3955 3522 3997 3834 3564 3511 3750 3729 3632 3659 3943 3534 3865 3796 3929 3956 3564 3635 4327 3964 3971 3873 3406 4063 3844 3877 3730 3830 3230 4114 3798 3712 3759 3825 3909 3347 4004 3633 3840 3933 3640 3888 3615 3615 4038 3763 3911 3977 3790 3728 3665 3777 3243 3925 4045 3698 3734 3605 3948 4022 4110 3965 3534 4021 3140 3773 3681 3391 3893 3910 3759 3369 3428 3417 3993 3536 3299 3668 3830 3603 3868 3650 3910 4043 3530 3817 3526 3683 3622 3625 3880 3891 4017 3834 3964 4162 3852 3526 3430 3877 3556 3856 3987 4020 3625 3608 4006 3681 4048 
4143 4104 3788 3826 3764 3907 4385 4343 4107 3938 4205 4392 3387 3849 4140 3678 3865 3821 3826 4015 3966 3962 4061 4268 4084 3816 3919 4040 4332 3983 4224 4063 4088 4163 3745 3888 4017 3797 3692 3898 4063 4055 3898 3908 3982 4018 3776 3946 4330 3907 4156 3642 4109 3788 3854 3970 3607 3886 3883 4050 4173 4024 4161 4112 3920 4189 4171 4009 4325 3703 3834 3988 4059 4119 3762 3727 4408 3569 3678 4009 4126 4034 4323 3898 3952 3967 4129 4062 3778 4036 4033 4322 3999 4265 3961 3855 4015 3979 4072 3853 4030 4118 3953 3719 3496 4347 3958 4056 3728 4561 4191 4049 3861 3940 4157 4117 3840 3846 3855 3811 4424 3926 3884 4086 4077 4055 3894 4128 4156 4029 4145 3933 4011 3931 4143 4201 3768 4214 4038 4101 4066 3824 4005 3728 3891 4093 4279 4108 4115 3963 4176 4256 4118 3937 4014 3574 4213 3998 3837 4119 3961 4046 3785 3731 3498 3939 3823 3747 3989 4516 3952 4418 3883 3859 4022 3869 4276 3915 3933 3914 3998 4092 4208 4091 4207 4029 4182 4393 3758 3690 4052 3681 3881 4177 4168 3863 3961 4175 4131 4098 
4086 3794 3899 3913 3927 3876 3990 4188 4228 3913 4139 4275 3702 4048 4002 3797 4018 3721 4004 4039 3934 3840 4031 4022 4174 3645 3957 4242 4417 4008 4123 4022 3877 3656 3922 3998 3798 3753 3707 4070 3972 4089 3949 3946 3957 3670 3662 3952 4270 4030 3912 3646 4055 4049 3832 3842 3570 3743 4015 4127 4123 3924 4332 4150 3985 3951 4126 4155 4235 3710 3618 3925 4063 3986 3784 3833 4215 3833 3773 3932 4096 3866 4445 3817 3940 3982 4101 4031 3946 3990 4008 4153 3753 4091 3919 3851 4142 3892 3868 3825 3795 4166 4051 4033 3814 4008 3964 4046 3567 4529 4086 4155 3872 3744 4072 4092 3951 3798 3963 3724 4403 4049 3847 4162 4070 4078 3794 4421 4100 3800 4506 3924 3928 3927 3820 4163 3773 3916 4151 4149 3981 3602 4082 3780 3974 3988 4118 3967 3971 4024 4049 4160 3893 3668 4085 3675 4241 3854 3827 4303 3847 4122 3812 3786 3626 4253 3496 3673 3963 4108 3782 4169 4118 4012 4306 3870 4009 3803 3589 3857 4120 4261 4023 3964 4196 4218 4149 4215 3817 3825 4114 3608 4145 4218 4238 3915 3977 4162 3887 4145 
4085 3835 3652 3802 3840 3664 4206 4276 4155 3961 3958 4126 3537 3807 3910 3727 3711 3778 3967 3885 3920 3756 3938 3995 3771 3615 3455 4132 4066 3640 4007 3939 3947 3628 3629 3682 3901 3728 3685 3827 3876 3974 3819 3726 3704 3625 3696 3714 4054 4014 3683 3536 3912 3890 3820 3850 3426 3682 3577 4194 3968 3464 3992 4008 3871 3776 4107 3806 4361 3890 3670 3961 3786 3953 3482 3642 4193 3652 3536 3659 3840 3770 4257 3707 4122 3925 3792 3688 3624 3932 3742 4124 3805 4201 3790 3730 3802 3591 4038 3735 3947 3890 4022 3837 3858 4059 3872 4117 3615 4451 4047 3858 3897 3892 3994 3986 3834 3738 3751 3542 3965 3784 3791 4119 3870 3798 3877 3992 3944 4023 3992 3682 3904 3909 3764 3935 3584 4018 4051 4056 3898 3629 4067 3318 3873 3996 3996 4035 3959 3838 4146 4306 3761 3612 3947 3659 4195 3714 3517 4222 3700 3867 3538 3636 3448 4165 3535 3655 3878 4019 3761 3998 4014 3970 4169 3654 3761 3495 3912 3873 3996 4048 3966 4133 3856 3807 4193 4075 3525 3666 4036 3683 4092 3983 4041 3878 3828 3901 3790 4057 
4628 3968 3915 4168 4028 4034 4468 4270 4397 4250 4286 4471 3725 4123 4182 3794 4171 3918 4339 4402 4061 4119 4212 4319 4090 4026 4105 4318 4519 4092 4526 4372 4295 4055 3905 4176 4003 3720 4042 4512 4153 4295 4194 4197 4170 4115 4050 4085 4206 4325 4026 3985 4309 4208 4203 3825 3975 4061 4251 4306 4273 4112 4353 4188 4361 4132 4314 4156 4581 4134 3879 4029 4056 4288 3847 3843 4642 4103 3922 4172 4249 4141 4723 4174 4418 4413 4252 3927 4027 4339 4083 4368 4058 4482 4299 4187 4285 4021 4503 4125 4326 4104 4330 4125 4188 4562 4247 4549 3796 5001 4063 4260 4371 4250 4747 4334 4167 4178 4117 4164 4529 4466 4093 4258 4151 4221 4032 4659 4412 4259 4604 3931 4213 4189 4133 4455 4094 4476 4294 4308 4101 4068 4357 3922 3978 4155 4084 4240 4458 4441 4353 4489 4232 3891 4446 3903 4270 4138 4049 4518 4037 4209 3940 3907 3987 4254 4071 3829 4145 4516 4150 4272 4244 4236 4383 3916 4390 3910 3763 4098 4096 4231 4133 4329 4672 4174 4326 4503 3989 4015 4548 4040 4278 4526 4404 4112 4020 4544 4345 4398 
4108 3961 3989 4042 4296 4080 4426 4265 4477 4018 4042 4270 4009 4138 4071 4048 4375 3801 4109 4213 4123 3967 4102 4381 4117 4020 4173 4503 4633 4011 4254 4474 4038 4041 3922 4015 4021 3853 3973 4289 4238 4320 4086 4279 4146 3916 3764 3992 4103 4241 3908 4031 4213 3980 4231 3968 4021 3757 4138 4455 4140 4223 4108 4372 4109 4300 4438 4232 4821 4074 3790 4158 4255 4071 3927 4005 4566 3814 3743 4181 4312 4110 4482 3767 4079 4288 4140 4072 4006 4276 4236 4160 4100 4375 4047 3910 4198 4108 4282 4029 4071 4297 4384 4052 3821 4324 4172 4309 4044 4938 4356 4465 4079 4297 4531 4389 4331 4246 4084 3997 4581 4336 4139 4512 3989 4422 4125 4529 4232 4217 4564 4036 4191 4216 4022 4158 4010 4229 4466 4429 4227 3962 4155 3637 4247 4178 4317 4035 4108 4074 4317 4678 4262 3841 4309 3796 4463 4100 3704 4336 4129 4414 3776 3969 3583 4531 4090 3937 3978 4239 4055 4649 4115 4163 4327 4130 4105 3942 3947 3992 4028 4316 4267 4328 4222 4204 4288 4328 3719 4058 4237 3926 4116 4578 4316 4310 4119 4277 3935 4412 
4248 3904 3706 3915 3956 3924 4259 4389 4149 4056 4140 4443 3560 4131 4115 3976 3991 3692 3851 4039 3972 4038 3934 4132 4043 3779 3906 4261 4352 4002 4088 4069 4214 3956 3747 3859 3877 4046 3668 4276 4001 4009 3914 4055 3941 3835 3943 3977 4229 4020 4135 3814 4288 4042 3913 3709 3699 3904 3844 4194 4006 3838 4494 4237 4002 4125 4158 3830 4480 4051 3986 4200 3985 4295 3737 3906 4314 3523 3948 4048 4182 4013 4330 3982 3981 4309 4155 3933 3779 4095 3783 4241 4081 4369 4077 4173 4002 4060 3836 4045 3839 4310 4210 3953 3800 3994 3967 4151 3744 4632 4147 4176 3898 3937 4095 4228 3973 3982 4078 3569 4321 4094 3966 4134 3779 4201 3784 4185 4258 4128 4201 3995 4102 4117 3863 4201 4003 4114 4103 4181 3901 4023 4177 3557 4122 4065 4136 3951 4079 4005 4132 4413 4035 3849 4142 3660 4355 4117 3597 3949 3897 4278 3654 3681 3467 4209 3703 3809 3904 4171 3924 4222 4096 4154 4192 3883 4117 3759 4036 3991 4282 4167 4057 4340 4202 4119 4324 4063 3778 3889 4115 3708 4232 4287 4426 3920 3931 4175 3906 4166 
3966 3846 3510 3714 3610 3708 4155 4222 4021 3776 3651 4003 3229 3705 3809 3491 3656 3552 3785 3723 3743 3835 3969 4064 3744 3627 3643 3938 4080 3776 3941 4030 3563 4013 3726 3602 3372 3688 3258 3932 3556 3942 3704 3717 3643 3382 3571 3736 4025 3727 3806 3204 4170 3547 3866 3904 3522 3776 3626 3974 3868 3793 3828 4159 3805 4099 4144 4015 4124 3611 3669 3434 4179 3806 3652 3675 4174 3599 3560 4016 3927 3672 4172 3680 3847 3976 3893 3620 3552 3973 3722 4014 3525 4337 3957 3554 3704 3630 3951 3758 3766 3879 3561 4019 3474 4061 3951 3927 3627 4508 3848 3995 3642 3570 4196 3890 3836 3987 3598 3646 4172 3581 3738 3878 3915 3913 3784 4128 3979 3816 4080 3710 3837 3815 3700 3898 3581 3905 3835 3931 3576 3630 3874 3626 3590 3852 3845 3739 3859 3707 3909 4211 3884 3631 3985 3618 4211 3614 3801 4070 3676 3785 3610 3581 3368 3754 3664 3711 3535 4032 3708 3808 3829 3776 4084 3668 4160 3739 3528 3928 3712 3951 4107 4113 4072 3853 3864 3908 3444 3639 4075 3576 4084 4013 3984 3632 3718 3644 3907 4050 
4435 3892 3738 4063 4241 4073 4166 4768 4479 4019 4047 4286 3962 4174 4074 3910 4153 4033 4234 4199 4076 4212 4047 4298 4162 3849 3983 4206 4492 4049 4309 4406 4165 4074 3916 3971 3843 3816 3993 4236 4128 4189 4086 3997 3982 4196 4008 3935 4154 4287 4040 3829 4119 4101 3815 4022 3797 3926 4127 4312 4265 4042 4226 4264 4337 4329 4380 4025 4430 3852 4072 4244 4305 4056 3719 3988 4346 4029 3900 4139 4103 4292 4615 3876 4008 4268 3976 4058 3876 4149 4110 4355 4099 4485 3966 4024 4087 3761 4325 3827 4198 4133 4272 3985 4032 4125 4263 4209 3886 4724 4196 4118 4080 4063 4444 4174 4194 4203 3933 3897 4548 4276 3997 4301 4105 4331 4160 4634 4232 4067 4287 3848 4224 4096 3908 4153 4010 4187 4177 4373 4020 3912 4056 3381 4026 4205 4156 4263 4219 4177 4005 4449 4134 4051 4272 3646 4504 4182 3962 4198 4011 4026 3722 4066 3739 4570 3745 3834 3865 4088 3929 4066 4351 4182 4387 4277 4070 3870 4057 4163 4089 4212 4305 4300 4068 4147 4083 4238 3846 3908 4320 3800 4217 4237 4240 4085 4177 4341 3995 4348 
4281 4127 3964 3961 4232 4174 4362 4825 4445 4151 4370 4327 3781 4070 4080 3711 4090 3823 4058 4194 4133 4308 4137 4210 4146 3937 3876 4569 4472 4280 4044 4458 4254 4022 4111 4098 3942 3965 3657 4380 4199 4217 4155 4148 4003 3902 4172 3983 4350 3999 4002 4183 4139 4221 3965 4079 3755 4271 4158 4142 4341 4035 4309 4299 4092 4247 4394 4080 4628 3972 3973 4388 4434 4238 3850 4049 4579 3705 3818 4231 4525 4289 4406 3769 4143 4588 4279 4020 3761 4357 3998 4437 3899 4563 4189 3986 4078 4246 4150 4010 4047 4423 4260 4143 3958 4365 4329 4377 4220 5071 4446 4481 4377 3971 4671 4394 4106 4093 4286 4105 4562 4270 3988 4363 4099 4491 4065 4573 4213 4011 4322 4080 4129 4005 3949 4420 4089 4298 4459 4286 4131 3920 4352 3470 4363 4237 3962 4373 3950 4027 4369 4364 4251 3698 4471 3725 4490 4055 3929 4215 4100 4309 3825 3908 3839 4001 3907 3901 3782 4287 4147 4444 4308 4033 4242 4216 4019 4158 3859 4125 4149 4205 4402 4388 4388 4104 4429 4412 3947 3960 4474 3800 4153 4698 4493 4009 4030 4224 4224 4456 
4228 4182 3628 3906 4084 4168 4448 4485 4226 4128 4169 4233 3653 4189 4115 3874 4282 3771 4096 4119 4033 3976 4196 4367 4157 3742 3949 4388 4605 3888 4292 4085 3969 4017 3977 3921 3920 3976 3587 4272 4203 4125 3860 4107 3691 4078 4072 3943 4310 4151 3969 3750 4267 3970 3905 4026 3862 3982 3888 4235 4180 4132 4151 4323 4143 4278 4271 4226 4420 3866 4053 4280 4313 4135 3818 3919 4263 3773 4027 4216 4277 3914 4434 4007 4217 4270 4234 3827 3854 4437 4259 4295 4179 4471 4045 4090 4018 4047 3996 4037 4021 4251 4161 4061 4016 4268 4108 4230 3739 4683 4170 4270 3893 4112 4521 4032 4140 3925 3962 3760 4448 3970 4049 4269 4346 4452 3843 4390 4261 4191 4445 3901 3980 4033 3988 4168 4024 4384 4359 4362 3889 3954 4209 3496 3927 4278 4301 3944 4057 3953 3965 4436 4091 3978 4308 3535 4259 3833 3949 4119 4117 4369 3796 3889 3755 4432 3983 3930 3836 4426 3960 4142 4376 4189 4280 4083 4149 3773 3949 4242 3993 4404 4151 4400 4193 4276 4051 4277 3736 3814 4226 3688 4154 4266 4354 4083 3941 4150 4101 4372 
4069 3673 3571 3728 3879 3750 4215 4284 4040 3669 4153 4147 3640 3939 3827 3491 3790 3711 4166 3827 3775 3848 3820 3883 3842 3590 3791 4133 4169 4086 3993 4050 3876 3730 3466 3725 3904 3615 3418 3923 3898 3892 3898 3608 3702 3842 3617 3861 3890 3708 3749 3677 3976 3842 3990 3858 3445 3833 3661 4121 3899 3808 3900 3992 3754 3998 3992 3838 4287 3877 3644 3696 4222 3916 3558 3807 4427 3738 3480 3884 3898 4073 4321 3505 3882 4008 3914 3885 3793 3867 3862 3981 3807 4187 3829 3888 4036 3817 4009 3613 3847 3860 4021 3905 3740 3903 3885 3931 3559 4572 3894 3876 3857 3727 3932 4022 3745 3714 3818 3708 4192 3945 3853 4062 3803 4000 3594 4094 4082 3803 4055 3786 3981 3947 3748 4076 3700 4134 3981 4258 3962 3673 4066 3405 3750 3995 4026 3875 3790 3916 4273 4141 3772 3597 4082 3711 4204 3810 3649 4151 3939 3815 3722 3861 3743 4237 3506 3720 3593 4044 3944 3874 3889 3841 3948 3841 3685 3774 3728 3839 3939 4121 4109 4101 4105 3836 4026 4168 3580 3642 4013 3668 4076 4197 4038 4037 3939 4206 3787 4163 
4349 4123 4049 4187 4123 3953 4474 4639 4652 4336 4110 4391 3816 4385 4038 3818 4161 3906 4291 4175 4215 4203 4197 4426 4062 4064 4209 4361 4595 4151 4229 4308 4174 4264 3782 4068 3976 4008 3706 4522 4227 4290 4215 4339 4157 3934 4144 4124 4229 4342 4054 4021 4097 3884 4176 4060 3966 3916 4236 4368 4077 3999 4279 4435 4288 4413 4538 4336 4560 4146 4083 4067 4235 4037 3865 4209 4679 3876 3962 4249 4158 4192 4494 4190 4190 4429 4348 4059 3973 4275 4207 4398 3972 4541 4043 4129 4244 4098 4346 3949 4377 4373 4316 4039 4130 4348 4434 4251 3951 4833 4300 4327 4138 4277 4461 4173 4127 4217 3948 3732 4695 4496 4083 4419 4018 4186 4292 4461 4093 4095 4495 4147 4242 4307 4176 4593 4189 4332 4257 4319 4120 4078 3937 3793 4084 4348 4412 4432 4335 4267 4118 4558 4430 4064 4370 3782 4591 4265 3969 4375 4290 4181 3986 4065 3856 4281 3961 3808 4156 4573 4088 4419 4233 4229 4334 3980 4377 3898 4082 4441 4076 4339 4182 4422 4546 4214 4494 4701 3815 3784 4328 3903 4259 4612 4616 4153 4062 4575 4086 4368 
4179 3934 3867 4143 3841 4124 4369 4438 4204 3988 4265 4361 3638 4155 4054 3884 4174 3820 3883 4195 3975 3956 4174 4293 4315 3949 3883 4509 4617 4231 4129 4069 4092 4131 3868 3942 4065 4031 3764 4152 4142 4367 3994 4059 3851 4095 3945 3869 4532 4096 3842 3868 4155 3906 4093 4170 3764 3864 3787 4260 4396 4069 4178 4273 4249 4141 4457 4106 4451 4009 3873 4184 4160 4092 3775 3704 4398 3817 3946 4064 4282 4145 4610 4005 4105 4285 4239 3942 3798 4406 4155 4210 3943 4225 4120 3860 4156 4040 4058 3923 4065 4289 4156 4040 3866 4068 4030 4078 3893 4850 4148 4382 3998 4133 4263 4289 4149 4027 4236 3918 4577 4095 4038 4304 4184 4263 3862 4249 4349 4057 4500 3971 4231 4173 4140 4269 3965 4316 4363 4292 4163 3862 4342 3644 3950 4004 3971 4166 4111 4116 4113 4442 4230 4038 4151 3843 4093 3951 3713 4233 4087 4433 3772 3662 3598 4266 4051 4023 4039 4337 4056 4354 4494 4028 4290 4012 4426 3761 3916 4089 4016 4274 4310 4243 4220 4036 4289 4418 3723 3927 4212 3986 4287 4417 3948 3942 3992 4269 4174 4329 
4297 4191 3821 4172 4026 3938 4463 4485 4458 4247 4124 4254 3533 4166 3932 3539 4337 3897 4352 4116 4218 4028 4142 4182 4184 3911 4078 4187 4405 4290 4316 4483 4031 4089 3836 4144 3867 3833 3771 4063 4155 4178 4031 3858 3558 4073 4004 3740 4227 4278 4058 3781 4320 4016 4149 3986 3946 3957 4128 4125 4366 4061 4207 4221 4212 4388 4166 4072 4428 4084 3936 3976 4385 4149 3824 4022 4445 3853 3703 4303 4198 4247 4472 3920 4031 4359 4150 4028 3962 4365 4170 4414 3909 4553 4010 4066 4277 3885 4220 3888 4225 4202 4201 4177 4017 4531 4121 4389 3800 4851 4190 4153 4274 4145 4487 4019 4137 4158 4152 4030 4494 4137 4224 4103 4039 4119 4017 4482 4303 4071 4439 3989 4190 4136 4000 4375 4113 4423 4140 4063 4176 3867 4375 3710 3837 4215 4204 3988 4094 4111 4156 4287 4221 4006 4294 3836 4443 3942 4018 4455 4208 4118 3870 3967 3964 4159 4147 3697 3862 4484 4143 4178 4133 3914 4483 4201 4164 4026 3856 4233 3898 4267 4125 4185 4220 4149 4314 4291 3919 3860 4486 4130 4069 4291 4307 3958 3989 4267 4069 4439 

Execution Time: 169.45 ms

Algorithm: GEMM Blocking
Result Matrix:
4005 4005 3570 4045 3585 3772 4326 4445 4166 3956 3968 4419 3463 4087 3927 3525 4038 3635 4076 3931 3949 3851 4117 4186 4252 4002 3841 4083 4150 3773 3969 4171 3900 4198 3957 3928 4053 3944 3664 4120 3783 4070 3991 3778 3736 3981 3835 3801 4075 4274 3949 3699 3926 3807 4025 3883 3914 3748 3873 4073 4183 3865 4145 4200 3922 4091 4226 4142 4346 3692 3850 4039 4288 4011 3812 3873 4397 3924 3764 4158 4144 4145 4299 3815 4082 4298 4201 3775 3874 4279 4145 4337 3807 4376 4074 3750 4104 3931 4190 4097 4268 4398 4116 3877 3952 4216 3891 4193 3660 4592 4167 4044 3952 3853 4318 4168 4076 4162 3944 3576 4455 3891 3787 4262 3967 3951 3736 4214 4069 3993 4244 3808 3910 3997 3772 4167 3770 4225 4325 3995 4097 3933 4161 3508 3792 3857 4131 4027 4044 4195 4064 4315 4083 3822 4121 3919 4152 3898 3733 3989 4126 4216 3710 3721 3616 4017 3601 3640 3915 4182 3918 4179 4016 3846 4129 3694 3801 3974 3818 4143 3769 4052 4146 4162 4373 3852 4177 4268 3376 3742 4213 4006 4011 4113 4329 3889 3873 4167 4117 4021 
4024 3997 3883 3956 4087 3945 4094 4368 4035 4117 4167 4160 3553 4065 4033 3736 4229 3782 4103 3954 3988 3961 4203 4265 4131 3766 4038 4122 4549 4007 4411 4003 4055 4073 4049 3791 3930 4027 3843 4026 4084 4137 3908 4245 3857 3891 3735 3848 4168 4024 4072 3982 4025 3924 4313 3667 3685 3751 3795 4014 4045 4076 4237 4126 3983 4133 4251 4070 4502 3795 3715 4056 4048 3934 3839 3749 4192 3633 3902 4071 4174 4187 4407 3996 3887 4152 4316 3863 3890 4173 4076 4439 3913 4414 3948 3767 4152 3963 4062 3913 4089 4129 4073 4065 3606 4241 4287 4093 3989 4583 4119 4179 3943 3682 4296 4205 4104 4256 4189 3772 4292 4221 3854 4268 3913 4109 3903 4575 4137 3911 4435 3931 4026 3837 3661 4072 3773 4302 4251 4006 3995 4089 4032 3525 4001 4041 3929 3802 4058 4183 4071 4416 4223 3869 4077 3620 4239 4166 3800 4188 4082 3981 3940 3906 3715 4230 4031 3547 3817 4284 3992 4529 3927 3905 4391 3910 4219 4182 3682 4102 4050 4175 4225 4134 4221 4236 4254 4246 3825 3777 4262 4022 4216 4308 4094 3909 4114 4351 4018 4330 
3893 3807 3494 3560 3622 3843 4128 4245 4027 3803 3767 4159 3346 3826 3842 3607 3677 3603 3698 3787 3928 3902 3898 3919 4051 3641 3847 4091 4097 3762 3984 4075 3982 3861 3713 3561 3728 3827 3490 3890 3833 3803 3756 3619 3697 3502 3538 3971 3988 3827 3630 3744 3947 3613 3797 3544 3353 3660 3620 4096 3983 3784 4153 4018 3665 4012 4209 3746 4147 3776 3801 3882 3805 4037 3636 3581 4018 3616 3490 3875 4029 3744 4004 3444 3786 4034 4050 3782 3503 4086 3638 3968 3798 4211 3773 3617 3997 3901 3901 3617 3944 4145 3808 3743 3771 3887 3846 3776 3585 4612 4057 3946 3719 3808 4090 3925 3741 3884 3797 3516 4199 4020 3593 3975 3724 4116 3693 3981 4050 3917 4014 3855 3915 3852 3857 3984 3599 3947 4156 4039 3770 3896 4093 3438 3911 3785 3992 4033 3827 3735 4023 4171 3979 3533 4248 3601 4043 3695 3544 3985 3725 4138 3452 3666 3348 4030 3559 3683 3683 3861 3708 3985 3868 3667 3923 3525 3788 3752 3909 3763 3724 3834 3919 4168 4112 3972 4171 3970 3601 3726 4151 3506 3987 4075 4188 3786 3659 4062 3917 3916 
4432 4625 4170 4091 4428 4495 4561 4824 4603 4418 4639 4607 3878 4499 4308 3993 4384 4054 4348 4250 4376 4206 4392 4586 4101 4003 4260 4773 4791 4499 4452 4658 4134 4255 3958 4283 4277 4313 4089 4586 4433 4543 4165 4149 4248 3924 4081 4273 4653 4399 4115 4396 4550 4268 4430 4162 3831 4239 4320 4556 4688 4270 4644 4459 4248 4491 4613 4279 4875 4341 4329 4290 4631 4511 3946 4251 4558 4097 3916 4494 4419 4509 4865 4087 4362 4754 4552 4232 4122 4700 4087 4658 4156 4811 4214 4363 4285 4390 4493 4339 4242 4622 4488 4644 4223 4507 4505 4437 4078 4982 4415 4425 4460 4382 4726 4453 4316 4412 4355 4067 4764 4314 4200 4704 4337 4390 4207 4690 4566 4292 4792 4185 4466 4352 4243 4320 4217 4386 4296 4282 4132 4237 4363 3987 4275 4466 4632 4230 4293 4111 4785 4713 4500 4036 4527 3950 4633 4268 3997 4689 4233 4483 4112 3975 3854 4484 4287 4089 4176 4404 4249 4526 4498 4221 4486 4247 4431 4197 4274 4204 4296 4471 4280 4684 4633 4434 4516 4600 4086 4114 4645 4157 4514 4625 4606 4328 4302 4660 4386 4741 
4657 4478 4306 4507 4783 4505 4903 4584 4837 4509 4638 4783 4320 4650 4462 4137 4559 4306 4724 4427 4488 4610 4604 4759 4504 4344 4250 4785 4951 4589 4908 4736 4466 4435 4379 4512 4308 4286 4254 4759 4680 4525 4511 4524 4438 4434 4484 4371 4732 4815 4509 4421 4767 4439 4374 4347 4032 4373 4337 4817 4861 4362 4802 4666 4460 4826 4523 4489 5268 4587 4466 4590 4510 4625 4282 4302 4957 4328 4323 4726 4675 4439 4959 4466 4298 4842 4448 4528 4464 4681 4584 4884 4365 5053 4603 4307 4566 4368 4603 4564 4662 4769 4881 4481 4493 4961 4708 4868 4158 5296 5024 4686 4645 4465 4921 4568 4596 4597 4454 4516 5010 4895 4319 4735 4855 4803 4446 4867 4765 4735 4873 4374 4706 4345 4460 4791 4577 4667 4825 4350 4534 4280 4627 3994 4596 4759 4568 4404 4371 4570 4904 4901 4555 4268 4926 4257 4951 4469 4325 4581 4469 4786 4244 4347 4313 4631 4200 4346 4334 4545 4346 4792 4545 4481 4754 4699 4365 4371 4531 4380 4570 4641 4779 4764 4771 4715 4788 4727 4385 4395 4782 4334 4594 4944 4729 4819 4416 4792 4521 5010 
4337 4061 3737 3896 3677 4073 4391 4556 4393 4016 3839 4497 3716 3976 4249 3734 3887 3664 4071 4075 4108 4145 4201 4410 4045 3950 4091 4124 4295 3949 4211 4082 4130 4008 3919 4038 3801 3885 3653 4322 4144 4218 3990 4000 4138 3818 4121 4019 4174 4385 4136 3657 4105 3836 4134 3880 3697 3888 3867 4226 3983 3859 4224 4300 3848 4400 4153 4190 4650 4200 3879 4011 4037 3986 4007 4124 4313 3798 3664 4014 4085 3866 4543 4008 4119 4386 4385 4013 3963 4113 4001 4457 4007 4266 4231 4000 4041 4175 4237 3909 4138 4383 4186 4150 3921 4313 4328 4077 3850 4910 4194 4194 4139 3831 4309 4136 4208 4109 3867 3659 4436 4211 4137 4213 4209 4142 3912 4692 4147 4233 4583 3861 4113 3882 3939 4209 4226 4143 4198 4285 4040 4240 3970 3665 3961 4348 4102 4192 4307 4328 4296 4501 4231 3891 4499 3781 4238 4043 3776 4066 4192 3997 3834 3830 3782 4206 3722 3808 3879 4285 3879 4234 4329 4303 4248 3911 4130 4055 3640 4143 4141 4233 4261 4428 4460 4125 4326 4122 3778 3816 4247 3659 4273 4426 4361 4091 3972 4450 4237 4334 
3913 3865 3578 3913 3805 4003 4544 4438 4066 4078 4046 4220 3621 4225 3968 3708 3991 3757 4247 4167 4014 3765 3995 4179 3951 3816 3864 4305 4234 3877 4150 4116 4064 3896 3715 4017 3989 3656 3686 4157 3962 4207 4114 3982 3873 3937 3744 4131 4074 3820 3813 3817 4009 3837 4031 3798 3800 3887 3755 4203 4111 3808 4268 4328 3931 4424 4165 3821 4428 3950 4039 4120 4232 3931 3679 3761 4423 3671 3741 4216 4091 4015 4517 3801 4016 4169 4002 3776 3965 4039 3907 4276 3846 4210 4049 3844 3940 3836 4260 4118 4176 4157 4283 3951 3687 3954 3685 4113 3946 4464 4093 4142 3907 3660 4364 4128 4037 4062 3793 3834 4614 3857 3660 4152 4068 4107 3900 4391 4018 4025 4208 3930 4127 3984 3763 4121 3776 4119 4268 4183 3878 3742 4041 3447 3832 3982 4025 3962 3847 3966 4249 4562 3938 3891 4382 3592 4099 3945 3623 4257 4081 3979 3610 3773 3548 4136 3657 3499 3904 4468 3927 4070 4144 4011 4081 3823 3893 3773 3925 4014 3755 4019 4100 4172 4109 4012 4131 4042 3722 3604 4406 3954 4159 4390 4142 4068 4217 4176 4104 4049 
4245 4033 3829 3898 3964 4003 4160 4467 4118 4120 4066 4342 3765 4222 4170 3749 4006 3837 4025 3952 3952 4096 4018 4343 4139 3817 3816 4262 4436 4032 4285 4155 4013 4004 3719 4093 4011 3799 3883 4168 3926 4264 4046 4020 3766 3852 3820 4069 4174 4125 4029 3833 4013 3953 4047 4008 3823 4055 4003 3914 4239 4179 4246 4004 3982 4259 4231 4292 4499 3790 3969 3981 4062 4155 3777 3899 4466 3895 3726 4213 4157 4139 4454 3914 4092 4222 3979 4002 3887 4032 4103 4406 3889 4554 3906 3985 3995 3741 4109 4015 4089 4100 4278 4031 3927 4118 4226 4153 3836 4590 4182 4284 4090 3876 4302 4059 4007 4161 3924 3767 4422 4272 3776 4338 3914 4061 3932 4227 4255 4168 4265 3840 3947 4057 4126 4223 3894 3988 4299 4143 4105 3737 4127 3622 3842 3849 4188 3965 4038 4193 4162 4393 4023 3607 4251 3797 4242 4129 3774 4019 4059 4158 3830 3860 3574 4063 3758 3550 3948 4156 3903 4321 4339 4027 4218 4057 3938 3960 3933 3999 4004 4210 4237 4514 4316 4039 4250 4322 3609 3955 4240 3803 4187 4329 4375 4246 3949 4241 3968 4298 
4183 3759 3664 4001 3815 3849 4204 4179 4073 4024 3828 3981 3464 4052 3676 3815 3830 3666 4017 3972 3827 3762 3810 4042 4001 3758 3756 4144 4244 3901 4064 4275 3819 3859 3670 3958 3639 3873 3517 3937 3689 4197 4031 3969 3624 3820 3778 3836 4088 4083 3752 3743 4098 3863 3882 3961 3803 3827 3683 4016 4028 3744 4037 4040 4054 3958 4207 3838 4429 3914 3842 3998 3923 4004 3615 3862 4275 3792 3933 3841 3902 4055 4208 3998 3813 4035 3841 3838 3803 3973 3940 4115 3621 4370 3946 3796 4217 3587 3847 3920 4032 4035 3963 3996 3924 4046 3844 4150 3562 4575 4170 3946 3996 3810 4188 3989 4074 3783 3737 3546 4347 4036 3677 4028 3761 3778 3737 4240 4069 3848 4204 3696 4124 3906 3678 4239 3936 3976 4003 4046 3989 3731 4046 3497 3701 3895 3927 3810 4042 4068 3997 4278 3873 3919 4156 3786 4167 3947 3778 4198 3911 3910 3493 3859 3588 4051 3560 3448 3934 3994 3628 3891 4152 3890 4410 3721 4049 3833 3866 4069 3964 4110 3999 4005 4106 3700 4166 4148 3617 3819 4060 3943 4115 4145 4230 3636 3765 4069 3848 3966 
4412 4059 3693 3958 4143 4029 4334 4352 4233 4071 4344 4306 3723 4185 4010 3838 4129 3786 4232 4062 3994 4127 4111 4386 4232 3739 3914 4179 4564 4042 4180 4329 4061 3775 3736 3841 3857 3898 3671 4393 4009 4272 3939 3904 4036 3875 4168 3927 4117 4139 4112 3791 4128 4074 3843 3968 3698 3903 3993 4311 4212 3922 4483 4393 3984 4221 4154 4270 4526 4017 3868 4015 4013 4030 3913 3937 4599 3753 3988 4166 4042 3983 4425 3986 4267 4197 4154 4053 3865 4125 4332 4372 4058 4408 4088 4031 4264 4032 4232 3977 4248 4265 4258 3978 3990 4456 4221 4374 3851 4825 4305 4101 3960 4025 4439 4224 4280 3942 4000 3877 4467 4315 3898 4238 4066 4272 3861 4526 4252 4045 4496 4080 3996 3910 4007 4218 3820 4303 4402 3917 4004 4159 4122 3724 3919 4246 4274 4069 3925 4100 4373 4494 4034 3959 4414 3609 4479 4050 3998 4279 4164 4211 3819 3811 3940 4347 4020 3938 3946 4452 4027 4283 4080 4184 4187 3842 3996 3802 3669 3952 3997 4239 4213 4239 4503 4101 4251 4347 3921 3684 4459 3860 4147 4368 4231 4033 3928 4101 4184 4417 
4013 4073 3771 3900 3880 4073 4286 4621 4281 4131 4160 4426 3796 4238 4112 3926 4192 3873 4209 4033 4028 4065 4323 4397 4448 3915 4042 4236 4455 4093 4248 4028 3994 4120 3882 3900 3987 3891 3814 4142 4162 4164 3979 3913 4128 3868 3921 4019 4206 4298 4076 3825 4038 3922 4075 3847 3710 3854 4005 4077 4240 3996 3892 4422 3999 4433 4184 4115 4416 3919 3948 4230 4389 4067 3839 3726 4502 3786 3789 4185 4185 4002 4622 4069 4101 4306 4319 3842 3891 4273 4146 4099 4105 4411 4176 4059 4046 3965 4184 4041 3931 4166 4260 4052 3808 4151 4179 4041 3740 4495 4347 4267 4225 3959 4322 4155 4229 4175 3990 3900 4566 4064 3857 4260 3990 4089 3878 4500 4127 4157 4290 3909 4073 4118 3699 4359 3846 4201 4136 4308 4135 3933 4182 3670 3944 4202 4229 4009 4170 3922 4121 4491 3909 3977 4354 3566 4327 3947 3880 4006 4003 4218 3915 3891 3307 4151 3738 3947 3856 4339 3811 4404 4217 4273 4111 3856 4300 3934 4052 4244 4003 4215 4107 4252 4044 4182 4073 4432 3702 3864 4407 3841 4302 4281 4431 3963 4031 4305 4201 4277 
4345 3849 3908 3855 3972 3922 4246 4023 4088 4023 4041 4342 3512 4051 3947 3867 3972 3599 4041 3893 3878 3553 4005 4201 3903 3664 3869 4164 4314 3860 4214 3971 3708 3823 3649 3999 3811 3797 3841 4195 4209 4130 4044 3903 4094 3764 3852 3815 4312 3933 3914 3842 4019 3866 3973 3746 3774 3892 3935 4242 4304 4001 4142 4285 4147 4326 4053 4223 4290 3801 3853 3843 4074 3995 3733 3715 4359 3773 3673 3817 4074 3733 4519 3863 3870 4214 4202 3841 3682 4044 3919 4088 4013 4399 4097 3982 3938 4179 4011 3922 3890 4143 4178 3933 3873 4246 3755 4004 3619 4685 4181 4097 4057 3846 4267 3982 3895 3981 4044 3850 4318 4042 4223 4248 4052 4087 3819 4395 3911 3827 4453 3901 4119 3973 3818 3979 3831 4102 4248 4061 3962 3719 4033 3502 3851 4074 3971 3919 4062 3739 4308 4219 4127 3953 3991 3700 4000 3700 3438 4279 4123 4219 3892 3792 3354 4454 3812 3697 3928 4226 3803 4297 3999 4102 4063 3768 4209 3823 3640 4013 3929 4099 3929 4056 4098 3952 4253 4212 3799 3586 4217 3911 4305 4303 4199 3917 3990 4247 4147 4400 
4113 3931 3885 4246 4031 3923 4564 4509 4356 4079 4155 4328 3716 3919 4163 3921 4125 3736 4104 4124 3989 3953 4241 4308 4207 3733 3911 4286 4528 4139 4377 4257 4089 4012 3761 4057 4204 3870 3510 4225 4227 4356 3976 3919 3941 4077 3916 3863 4260 3862 3990 3942 4072 4122 4057 4138 3784 3961 3918 4338 4296 4063 4094 4131 4001 4231 4387 4183 4325 3996 3915 4004 4145 4050 3762 3761 4447 3685 3771 4171 4194 3958 4436 3835 4048 4215 4121 3885 3853 4276 4134 4327 4066 4557 4370 4035 4073 3868 4175 3976 4102 4314 4336 4287 4042 4288 4057 4390 3802 4673 4137 4264 4221 4047 4200 4156 4074 3908 3905 3827 4680 4137 4058 4154 4117 4079 3834 4251 4088 4098 4212 3912 4055 4251 3949 4386 3873 4367 4209 4274 4250 3866 4436 3811 3868 3977 4230 4398 4010 4195 4099 4275 3971 4046 4112 3703 4297 3909 3819 4298 3976 4231 3902 3909 3525 4284 3825 3837 3978 4474 3981 4405 4078 4166 4289 3992 4083 3864 3922 4095 4113 4223 4133 4330 4201 4187 4279 4571 3785 3643 4313 3834 4069 4342 4425 4309 4153 4133 4047 4331 
3990 3943 3653 3613 3560 3722 3979 4224 3947 3928 3843 4100 3368 3801 3716 3595 3849 3623 4124 3703 3764 3921 3837 3804 3763 3702 3999 3925 4122 3802 4121 3764 3843 3817 3436 3869 3853 3598 3659 4047 3808 3987 3567 3791 3848 3830 3747 3652 3982 3832 3828 3607 4040 3626 3771 3879 3602 3862 3746 3967 3845 3746 3976 3975 3840 4157 4028 3928 4331 3743 3864 3936 4061 3901 3483 3575 4079 3553 3469 3955 3875 3932 4317 3482 3948 4089 3897 3762 3804 4134 3633 4274 3664 4170 3845 3716 3936 3939 4004 3850 3922 3982 4066 3965 3813 3913 3796 4027 3728 4554 3983 3997 3918 3635 3988 3965 3873 3862 3949 3692 4104 3619 3635 3965 3817 3788 3749 4185 3933 3706 4055 3775 3998 3723 3779 3811 3719 3957 3779 3984 3803 3548 4061 3308 3873 3974 3797 3871 4071 4131 4041 4172 3897 3742 4093 3607 4182 3589 3551 4104 3838 3825 3648 3546 3396 3908 3425 3478 3709 3972 3873 3900 4104 3872 3895 3697 4062 3759 3893 3915 3899 3912 3850 4086 3902 3941 4145 4166 3637 3769 4041 3801 3865 4152 3886 3758 3996 4133 3818 4026 
4302 4195 4192 4173 4339 4145 4380 4719 4253 4323 4394 4434 3884 4448 4232 3763 4350 4009 4306 4122 4163 4249 4174 4471 4192 4018 4022 4397 4496 4206 4352 4412 4144 4166 3985 4016 4047 4002 3858 4232 4064 4209 3972 4235 4003 4085 4030 4063 4331 4005 4188 4026 4334 4167 4175 4138 3809 4013 3906 4190 4407 4058 4456 4363 4154 4337 4386 4211 4816 3991 3972 4090 4442 4408 3888 3968 4542 4059 4015 4338 4234 4239 4385 3972 3996 4303 4215 4092 3850 4367 4186 4560 4076 4674 4120 4025 4408 4170 4205 4255 4118 4406 4366 4103 4054 4310 4406 4400 3975 4756 4633 4364 4108 4302 4664 4247 4345 4201 4111 4001 4648 4407 3928 4268 4067 4312 3961 4694 4499 4257 4417 4229 4383 3931 4091 4355 4075 4246 4661 4263 3965 3914 4198 3764 4241 4246 4380 4135 4100 4170 4446 4550 4464 3954 4325 3803 4518 4250 4046 4242 4133 4417 3895 4102 3875 4281 4252 3761 4035 4431 3984 4377 4158 4140 4508 4165 4327 4008 4107 4062 4219 4346 4387 4430 4362 4255 4484 4453 3957 3948 4590 3837 4358 4575 4422 4170 4134 4606 4458 4365 
3906 3764 3655 3696 3609 3594 4170 4219 4287 4072 4047 3914 3418 3861 3856 3650 3613 3683 3922 3548 3549 3684 3987 3855 3825 3708 3758 4014 4106 3711 3778 4119 4129 3969 3821 3661 3834 3697 3492 4015 3896 3969 3736 3884 3836 3828 3659 3756 3974 3957 3737 3775 4138 3650 3931 3804 3476 3723 3927 3756 3883 3859 4036 3981 3892 4036 4056 3953 4403 3786 3851 3841 3962 3776 3693 3663 4217 3403 3561 3854 3992 3929 4130 3685 4072 4209 4030 3720 3736 3875 3629 4197 3723 4166 3880 3788 3726 3864 4158 3773 3717 4129 3926 3874 3534 3862 3814 4242 3849 4327 3966 4093 3651 3629 4024 4071 3800 3802 3644 3497 4268 3896 3626 4036 3804 3812 3788 4096 3954 3874 4162 3594 3915 3891 3608 3814 3705 4008 3944 4095 3784 3875 3607 3328 3734 3997 3904 4080 4052 4050 4009 4353 3887 3534 4203 3472 4224 3904 3615 3973 3783 3753 3564 3719 3455 4289 3505 3486 3654 4082 3758 3990 3930 3971 3828 3636 4089 3761 3541 3769 3975 3874 3918 4000 4069 3865 4076 3839 3645 3529 4006 3606 3882 4156 4217 3781 4135 3871 3876 3915 
4111 3705 3545 3545 3875 3823 4261 3889 3876 3888 3861 4080 3640 3977 3924 3658 3994 3304 3981 3877 3543 3830 3756 3968 3948 3494 3889 3974 4101 3924 4076 3982 3681 3767 3664 3854 3566 3692 3574 4026 3844 3905 3679 3925 3486 3765 3598 3674 3795 3858 3721 3531 4078 3828 3600 3889 3407 3789 3758 3892 3963 3788 4029 3914 3886 3754 3828 3762 4243 3747 3533 3748 3878 3995 3553 3751 4122 3579 3621 3787 3801 3789 4275 3747 4084 4034 3958 3609 3646 3825 3636 3879 3682 4085 3975 3879 3656 3732 3790 3799 3494 3861 3855 3854 3687 3911 3935 3852 3775 4596 3699 4152 3749 3863 4139 4061 3818 3968 3910 3603 4171 4052 3732 3830 3736 4136 3635 3969 4014 3971 4266 3578 3935 3821 3811 4016 3614 3974 4119 4124 3766 3530 4090 3426 3815 3863 3984 3819 3767 3940 3956 4129 3863 3622 4097 3418 3975 3700 3782 3911 3919 3879 3566 3812 3540 4170 3819 3706 3665 3891 3867 3883 4101 3846 3973 3879 3880 3462 3665 3807 3871 4110 3972 4057 4004 3763 4049 4003 3436 3733 3801 3697 3966 4182 4193 3783 3570 3787 3780 4160 
4057 3786 3776 4096 4050 4110 4304 4339 4368 3877 4127 4212 3553 4069 4027 3665 3868 3592 3940 3967 4023 3568 4136 4182 4171 4199 3882 4136 4122 3933 3950 4196 3862 3850 3818 3754 3706 3836 3772 3940 3928 4012 3637 3727 3812 3752 3811 3847 4127 4190 3822 3891 4103 3690 4077 3595 3488 3754 3915 4037 3892 3798 4288 4279 3951 4123 4357 3986 4431 3979 3620 4098 4136 3890 3681 3892 4291 3783 3654 4115 4032 4065 4442 3722 4226 4182 4276 3846 3711 4276 4101 4320 3916 4192 3828 3868 4093 3828 4018 3939 3906 4142 3946 3912 3814 4173 3862 4061 3931 4501 4072 4055 3717 4141 4304 4106 4036 3996 3848 3690 4320 3899 3979 3991 3857 3903 3963 4245 4094 3894 4159 3851 4042 3923 3839 4044 3782 4158 4133 3850 3652 3967 4200 3582 3848 4175 4158 3937 3963 3895 4060 4455 4106 3875 3950 3457 4215 3687 3605 4105 3920 3999 3743 3697 3616 4120 3808 3797 3875 4335 3915 4165 4106 3953 4003 4130 3841 3692 3623 3952 3852 4210 3947 4108 4051 3894 4179 4162 3550 3621 4076 3852 4137 4198 4139 3994 3813 4190 4154 4260 
4389 4145 4009 4088 4153 4127 4456 4831 4473 4225 4602 4781 3852 4744 4220 3982 4307 4141 4323 4129 4248 4311 4220 4388 4433 3876 4172 4343 4654 4166 4235 4318 4226 4403 4004 4045 4074 4036 3926 4437 4132 4584 3964 3868 4126 4204 4247 4215 4533 4238 4166 4319 4160 4163 4206 4155 3866 4234 4210 4473 4395 4117 4365 4376 4209 4338 4559 4196 4537 4234 4295 4083 4153 4330 4009 4078 4484 3963 3959 4160 4290 4536 4540 4251 4277 4299 4357 4290 4051 4214 4184 4582 4215 4689 4357 4177 4305 4058 4252 4280 4095 4328 4606 4085 4120 4177 4168 4293 3862 4816 4390 4328 4263 4185 4531 4632 4035 4292 4267 3955 4531 4363 4140 4542 4033 4429 4208 4424 4110 4285 4444 4135 4294 4193 4040 4195 4092 4330 4559 4403 4220 4127 4340 3964 4126 4102 4359 4356 4303 4300 4528 4870 4285 4105 4229 4072 4765 4260 3957 4276 4124 4296 3996 4044 3825 4488 4113 4021 4177 4528 4054 4454 4451 4131 4360 4015 4333 4053 4186 4052 4478 4447 4385 4527 4452 4050 4460 4455 3685 3924 4432 3847 4589 4695 4595 4139 4261 4501 4250 4542 
4103 3842 3703 3495 3708 3698 4193 4055 4007 4070 3892 3977 3540 4087 3928 3701 3926 3657 4009 3835 4052 4081 3870 3947 3946 3586 3881 3804 4109 4016 4113 3858 3837 3963 3586 3957 3860 3721 3696 4010 4074 4120 4109 3865 3827 3900 3572 3882 3999 3858 3623 3677 3960 4026 4012 4032 3647 3711 3919 4036 4032 3855 3912 4126 3966 4107 4019 3883 4514 3867 3689 3831 3893 3859 3625 3564 4210 3568 3640 4094 3865 3912 4419 3892 4229 4249 4191 3719 3932 3973 3799 4032 3730 4123 3922 3912 3829 3801 4164 3765 3838 3964 4107 3975 3906 4021 3952 4039 3797 4409 3883 4179 3638 3829 4072 4059 3924 3887 3807 3756 4296 4061 3861 4230 3902 3929 3696 4031 3794 4010 4246 3609 3948 3960 3904 4144 3820 3901 4154 4155 3983 3550 4036 3273 3897 3839 3980 3828 4027 3933 4024 4205 3978 3736 4093 3870 3909 3700 3714 4047 3919 3987 3957 3890 3401 4204 3568 3501 3755 4041 3775 3957 3962 3959 3999 3782 4239 3833 3770 3879 3825 3938 3790 4101 4011 3835 4038 3942 3417 3837 4089 3907 3794 4393 4192 3968 4090 4179 3864 4245 
4244 4268 3949 4109 4126 3899 4465 4586 4243 4391 4452 4448 3624 4286 4122 3724 4163 3874 4242 3995 3974 4123 4191 4304 4343 3635 3993 4344 4495 4288 4287 4348 4019 3958 3875 4177 4133 4025 3788 4209 4011 4346 3988 3970 3696 4019 4245 4008 4339 4299 4177 3796 4231 4243 4120 4139 3595 4165 3751 4237 4500 3979 4289 4158 4237 4505 4196 4072 4573 3729 3831 4127 4364 4378 3834 3799 4441 3817 3923 4270 4236 4300 4453 4032 3980 4480 4186 4021 3855 4471 4320 4538 3962 4587 4060 4006 4188 3881 4277 4021 4075 4220 4121 3812 4010 4410 4427 4389 3868 4890 4405 4163 4174 4293 4500 4256 4373 4060 4276 3944 4543 4217 4054 4324 4186 4269 3758 4365 4291 4095 4328 4160 3995 4071 4025 4318 3791 4176 4369 4084 4223 4205 4207 3563 4078 4328 4191 4048 4105 4154 4300 4289 4319 3972 4362 3928 4652 4085 4103 4163 4266 4225 4100 3902 4026 4229 4057 3693 4010 4607 4065 4205 4142 4008 4470 3880 4448 3724 3674 4252 4110 4236 4218 4329 4400 4161 4233 4290 3927 3728 4390 3788 4331 4371 4222 3916 4059 4298 4004 4353 
3971 3729 3609 3652 3627 4007 4204 4116 4148 3978 3640 4068 3357 4179 3831 3519 3768 3791 3917 3995 3634 3927 3948 4163 3912 3733 3909 4148 4489 4051 3884 4038 3852 4103 3908 3788 3736 3737 3546 3874 3867 3933 3745 3802 3763 3745 3678 3817 3925 4083 3833 3741 3694 3848 3579 3488 3621 3446 3680 4074 4013 3685 3896 4163 3613 4104 4120 3952 4263 3713 3701 3775 3692 3873 3740 3725 4403 3459 3646 3883 3781 3954 3984 3651 3930 3752 3897 3945 3660 3908 3950 4033 3897 4045 4103 3309 3842 3784 3831 3671 3731 3917 3989 3636 3757 3911 3887 3836 3469 4455 3882 3982 3738 3757 4171 4097 3753 4010 3721 3476 4132 3938 3652 3947 3892 4067 3350 4164 3670 3688 3947 3734 3882 3818 3562 3954 3702 4098 4167 3903 4035 3857 3968 3426 3872 3962 3871 3961 3887 3920 3916 4207 3956 3781 3997 3723 4150 3940 3602 4001 3815 3890 3617 3647 3629 3894 3520 3493 3661 4011 3739 3896 3933 3798 4080 3436 4071 3565 3644 4032 3710 3907 4116 4062 4100 3877 4161 3906 3586 3827 4058 3701 3859 4160 4008 3873 3767 4076 3938 4077 
4206 4217 4003 4112 4233 4025 4576 4513 4561 4071 4278 4353 3809 4463 4271 3889 4236 3875 4263 4242 4214 4220 4323 4383 4318 4051 4172 4381 4689 4198 4417 4333 4131 4113 4048 4144 3938 4143 3937 4493 4207 4596 4192 4131 4028 3943 3970 4143 4330 4181 4100 3885 4367 4272 3949 4225 3777 3833 4135 4530 4367 3924 4196 4490 4181 4723 4305 4420 4694 4067 3914 4231 4348 4213 4098 3795 4561 3852 3949 4387 4220 4076 4493 4053 4146 4352 4254 4227 3801 4424 4158 4489 4135 4693 4452 4023 4247 4147 4374 3988 4229 4444 4234 4241 4066 4461 4307 4480 3940 4755 4336 4621 4215 4227 4536 4385 4314 4193 4222 3869 4503 4422 4193 4356 4390 4390 4151 4388 4289 4192 4533 4266 4348 4298 4251 4434 3975 4378 4592 4275 3972 4137 4185 3957 4187 4252 4474 4346 4108 4169 4355 4770 4174 3974 4318 3884 4571 4170 3993 4446 4234 4495 3898 4103 3756 4381 4029 3865 4035 4524 3950 4421 4099 4277 4349 3905 4336 3906 3915 4255 4095 4371 4223 4553 4377 4376 4480 4362 3967 3973 4459 3922 4250 4475 4534 4066 4000 4511 4328 4463 
3817 3797 3522 3730 3509 3892 4082 4144 3924 3760 3911 4220 3237 3831 3749 3754 3577 3409 3780 3947 3629 3835 3769 3923 3713 3270 3711 4035 3936 3735 3998 3846 3748 3903 3644 3740 3592 3509 3520 3988 3985 3894 3837 3778 3543 3743 3733 3822 3942 3620 3719 3669 4017 3614 3922 3706 3527 3615 3775 3682 3976 3979 3846 3823 3847 4061 3813 3808 4285 3680 3680 3895 3883 3697 3555 3612 4169 3368 3481 3938 3847 3695 4196 3871 3726 3982 3854 3533 3589 3842 3775 3846 3825 3928 3900 3582 3984 3810 3934 3822 3842 4099 3853 3852 3623 3787 3646 3772 3660 4467 4043 3852 3808 3704 3977 3976 3770 3882 3692 3639 4260 3651 3747 3734 3934 4078 3691 3986 4051 3799 4117 3732 3689 3970 3748 3826 3538 4040 4068 4032 3849 3468 3830 3199 3829 3800 4040 3779 3862 3742 3921 4062 3925 3643 4162 3404 3985 3584 3490 4035 3907 3950 3594 3548 3257 3921 3723 3732 3485 4109 3586 4055 3880 3747 4020 3759 4057 3692 3608 3844 3786 3990 4014 3796 3804 3500 3879 3814 3492 3544 3766 3625 3788 4147 3974 3565 3806 3859 3817 4041 
4114 4081 3562 4084 3729 3931 4307 4285 4322 4019 4071 4350 3510 3982 3932 3712 4103 3730 4041 4148 4062 4191 4004 4223 3858 3891 4029 4248 4135 3974 4195 4081 3777 4075 3879 3951 4147 3884 3651 4118 3938 4263 3929 3809 3669 3894 4024 4051 4131 4005 3920 3849 4115 3930 3841 3866 3731 3946 3947 4232 4033 3544 4232 4246 3961 4146 3952 3860 4376 4147 3926 4135 4107 4070 3743 3962 4268 3851 3750 4063 4001 3992 4367 4035 4200 4260 3982 3805 3934 4113 4192 4024 4012 4459 4035 3662 4189 3845 4059 3803 3966 3889 4254 3773 3813 4086 4131 4111 3961 4978 4181 4106 4045 4126 4393 4209 3657 3954 3963 3995 4512 4081 3883 4337 4037 4142 4102 4247 4185 4004 4168 3807 3877 4005 3921 4316 4038 4368 4066 4163 3991 3716 4164 3485 3770 4119 3962 3977 4135 4025 4397 4611 3873 3789 4450 3620 4383 4008 4110 4175 3939 3828 3773 3963 3933 4117 3702 3801 4077 4087 3938 4122 4088 4016 4379 3707 3940 3737 3834 3900 4050 4255 4165 4204 4160 4062 4117 4187 3782 3580 4198 3794 4040 4216 4122 3899 3769 4041 3894 4516 
3712 3844 3531 3918 3527 3652 3940 3964 3855 3869 3591 4098 3383 3781 3916 3600 3525 3467 3719 3878 3694 3919 3718 3772 3539 3646 3522 4066 3955 3731 3883 4014 3801 3596 3552 3571 3616 3427 3538 3799 3698 3813 3741 3853 3764 3524 3511 3957 3718 3754 3800 3432 3918 3679 3711 3536 3215 3860 3621 3792 4106 3537 3750 3959 3636 3965 4011 3697 4186 3646 3709 3784 3656 3951 3338 3527 3970 3656 3624 4011 3828 3990 4064 3652 3675 3914 3574 3670 3349 3791 3739 4126 3858 4166 3731 3703 3802 3494 3820 3749 3812 3775 3794 3850 3636 3894 3930 3902 3625 4351 3946 3726 3794 3695 4036 3662 3776 3607 3576 3728 4007 3772 3493 3810 3826 3845 3699 4068 3767 3926 3920 3747 3724 3835 3786 4012 3626 3814 3984 3907 3586 3763 3868 3378 3688 3692 3797 3798 3913 3521 3930 4011 3840 3424 3921 3451 4053 3576 3784 3852 3571 3977 3512 3621 3385 3736 3504 3572 3682 4031 3518 3943 3696 3547 3879 3629 4125 3874 3586 3894 3699 4056 3910 3943 3844 3693 4012 3880 3637 3429 4027 3446 3909 3991 4057 3840 3736 3930 3837 3793 
4111 4330 4148 4347 4112 4195 4387 4460 4453 4315 4275 4560 3506 4292 4198 3921 4456 4005 4254 3948 4196 4104 4216 4374 4217 3962 4042 4414 4756 4305 4252 4115 4241 4241 3921 4073 4105 4100 3778 4241 3774 4295 4050 4193 3883 4090 4183 4102 4423 4445 4246 4068 4388 4355 4088 3962 3843 3977 4133 4457 4546 3920 4346 4393 4244 4416 4551 4573 4519 3827 3986 4199 4284 4182 3892 4098 4590 3896 4052 4118 4140 4372 4601 4035 4357 4355 4366 3962 4062 4299 4274 4357 4193 4564 4236 4172 3984 3849 4316 4305 4126 4336 4291 4090 4016 4390 4097 4427 3953 4723 4257 4304 4128 4257 4308 4585 4245 4414 4214 3998 4695 4316 3966 4523 4123 4219 4031 4447 4296 4122 4397 4178 4202 4115 3805 4488 4009 4208 4464 4091 4297 4128 4061 3826 3887 4264 4054 4300 4202 4316 4187 4765 4116 4009 4374 3839 4711 3952 4057 4393 4227 4240 4109 3866 3724 4523 4038 3689 4041 4343 4293 4605 4267 4129 4071 3896 4316 4019 3740 4201 4214 4320 4325 4529 4448 4342 4385 4606 3731 3701 4348 4217 4527 4414 4375 3817 4151 4442 4060 4459 
3894 3911 3677 3750 3859 3801 4207 4120 3973 3816 4009 4054 3504 4137 3796 3649 3821 3467 3983 3883 3746 3909 3882 4065 3971 3750 3920 4018 4397 3781 4017 3713 3888 4041 3778 3744 3809 3842 3468 3913 3879 4032 3672 3766 3625 3661 3924 3741 3874 3738 3824 3565 3959 3843 3735 3605 3573 3716 3601 3761 3981 3530 3766 4059 3822 4126 3939 3998 4146 3630 3713 3924 3889 3580 3682 3598 4168 3575 3656 3803 3808 3972 4253 3578 4091 3895 4113 3584 3721 3889 4001 4034 3763 4138 3976 3761 3980 3801 3672 3691 3674 3877 4046 3749 3879 3994 3818 4048 3644 4609 3859 3934 3815 3755 4112 4065 3941 3803 3792 3545 3896 3752 3644 3918 3782 3908 3479 4060 3953 3861 3977 3959 3764 3806 3614 4027 3451 4007 4164 3922 3866 3883 3862 3459 3893 4014 3944 3944 3896 3928 4068 4086 3834 3735 4027 3462 4201 3743 3612 3899 3806 3777 3782 3720 3378 4098 3618 3534 3490 3956 3550 3932 4250 3992 3988 3570 3954 3460 3589 3935 3872 4058 3878 3967 3930 3826 3971 4094 3404 3505 4137 3680 3785 4163 3934 3674 3866 3926 3816 4062 
4475 4471 4167 4406 4281 4335 4696 4651 4601 4578 4576 4601 3899 4401 4230 3904 4355 3976 4383 4441 4295 4429 4334 4394 4589 3853 4184 4469 4735 4358 4418 4485 4448 4516 4054 4503 4218 4113 3943 4587 4289 4613 4247 4339 4382 4250 4397 4158 4417 4515 4368 4219 4504 4412 4356 4171 4201 4209 4115 4306 4574 4286 4446 4380 4292 4819 4589 4458 4872 4317 4267 4320 4499 4188 4199 4086 4704 4033 4223 4336 4374 4357 4707 4259 4409 4454 4382 4193 4307 4463 4297 4713 4258 4608 4437 4436 4405 4136 4546 4385 4440 4527 4537 4293 4087 4551 4186 4745 3947 5083 4489 4450 4263 4207 4529 4348 4600 4392 4369 4021 5005 4512 4178 4479 4311 4547 4132 4882 4428 4354 4775 4089 4242 4405 4239 4581 4453 4485 4515 4135 4352 4332 4559 4096 4304 4393 4545 4297 4250 4472 4431 4741 4299 4220 4586 4189 4583 4232 4248 4422 4239 4488 4239 4002 3978 4621 4192 4108 4276 4557 4120 4556 4518 4391 4338 3950 4439 4070 4177 4425 4180 4382 4421 4644 4667 4272 4600 4730 3904 3766 4477 4154 4485 4825 4740 4294 4455 4553 4178 4750 
4366 4255 3987 4327 4332 4382 4372 4378 4529 4238 4233 4438 3780 4378 4061 4064 4103 4052 4627 4305 4230 4078 4193 4526 4039 4072 4002 4518 4609 3973 4300 4252 4252 3876 3875 4012 3996 4097 3880 4444 4321 4271 4315 4430 4189 3987 3983 4102 4363 4408 4086 4112 4347 4032 4265 4048 4008 4078 4240 4331 4400 4129 4268 4611 4122 4220 4451 4214 4597 4162 4107 4125 4402 4161 3879 4190 4487 3985 4024 4302 4405 3997 4703 3901 4052 4326 4452 4128 4225 4447 4063 4464 4097 4686 4167 4142 4397 4343 4196 4163 4277 4373 4503 4145 3962 4328 4027 4342 3886 4710 4387 4313 4349 4191 4594 4050 4165 4143 4089 3928 4920 4423 4135 4580 4177 4120 4243 4938 4210 4127 4590 4298 4401 4367 4175 4374 4350 4450 4269 4243 4152 3896 4162 3916 4128 4238 4227 4286 4139 3980 4311 4703 4419 3938 4383 3912 4582 4030 4006 4508 4163 4486 3835 4027 3744 4520 3997 4026 4118 4364 3902 4577 4387 4428 4410 4197 4497 4218 4002 4060 4050 4363 4259 4297 4362 4462 4495 4634 4013 3822 4438 3957 4180 4666 4443 4233 4120 4473 4250 4395 
3767 3830 3142 3592 3491 3521 3703 3832 3729 3709 3730 3817 3210 3822 3396 3518 3876 3388 3547 3599 3611 3665 3584 3794 3681 3454 3476 3870 3889 3528 3860 3626 3552 3672 3287 3542 3507 3576 3364 3749 3480 3964 3497 3406 3322 3438 3315 3674 3725 3720 3376 3370 3520 3593 3489 3469 3440 3592 3665 3700 3643 3430 3860 3753 3510 3765 3806 3601 3723 3409 3287 3505 3923 3649 3021 3455 3701 3507 3644 3714 3645 3844 3933 3282 3656 3711 3593 3499 3416 3602 3520 3844 3401 3710 3538 3595 3716 3560 3654 3305 3657 3573 3740 3614 3297 3471 3605 3615 3312 4173 3632 3596 3474 3433 3827 3810 3547 3677 3553 3374 3815 3522 3549 4019 3309 3687 3481 3879 3771 3298 3854 3267 3586 3590 3385 3801 3341 3831 3742 3922 3651 3445 3536 3346 3484 3513 3828 3717 3902 3677 3554 3962 3516 3342 3542 3339 3643 3713 3451 3789 3629 3620 3337 3530 3413 3915 3239 3345 3527 3749 3508 3733 3798 3600 3802 3293 3692 3276 3359 3708 3429 3654 3623 3753 3857 3712 3709 3899 3440 3337 3715 3311 3887 3685 3682 3516 3583 3810 3684 3789 
4318 4371 3880 4207 4064 4291 4508 4620 4448 4277 4488 4548 3805 4498 4128 3957 4275 4109 4389 4352 4336 4533 4468 4488 4380 4049 4215 4429 4783 4312 4731 4517 4088 4508 4201 4093 4252 4185 3943 4638 4354 4535 4214 4330 4221 4154 4221 4241 4613 4450 4190 4018 4420 4367 4455 4098 3987 4171 4308 4406 4512 4193 4394 4548 4207 4600 4351 4464 4660 4137 4128 4260 4648 4137 4094 3953 4630 4217 4244 4442 4641 4201 4636 4066 4423 4475 4386 4293 4289 4583 4318 4511 4206 4856 4323 4270 4409 4475 4301 4296 4474 4267 4364 4638 4045 4457 4213 4443 4038 4995 4660 4779 4202 4211 4741 4527 4394 4655 4436 4088 4662 4436 4080 4463 4345 4656 4219 4610 4515 4097 4694 4171 4468 4300 4208 4609 4014 4456 4451 4558 4288 4360 4507 3764 4314 4266 4306 4268 4254 4304 4688 4816 4453 4206 4604 4084 4587 4177 4204 4487 4451 4486 4233 4294 3923 4670 4042 3999 4150 4527 4163 4688 4292 4594 4414 4264 4405 4131 4121 4372 4403 4448 4600 4561 4724 4392 4591 4594 4139 4045 4489 4107 4224 4778 4493 4200 4159 4670 4540 4472 
4528 4169 4145 4500 4277 4317 4803 4700 4552 4511 4581 4640 3784 4423 4386 4077 4553 4156 4407 4445 4239 4384 4379 4671 4504 3963 4485 4355 4758 4590 4420 4283 4279 4315 4252 4327 4298 4268 4025 4411 4418 4733 4389 4473 4076 4369 4297 4134 4774 4374 4229 4261 4439 4526 4132 4385 3954 4160 4505 4575 4544 4250 4438 4411 4466 4608 4649 4473 4868 4197 4279 4592 4529 4174 4162 4028 4695 4055 4200 4388 4360 4385 4862 4378 4437 4522 4580 4309 4190 4596 4619 4746 4279 4773 4429 4472 4540 4029 4348 4042 4282 4391 4703 4317 3893 4565 4521 4594 4226 5095 4845 4357 4435 4541 4591 4444 4505 4137 4133 4166 4811 4512 4167 4735 4451 4571 4199 4686 4529 4801 4710 4333 4311 4356 4242 4608 4183 4607 4584 4574 4365 4280 4434 3775 4460 4240 4283 4299 4449 4569 4271 4624 4370 4217 4633 4109 4657 4196 4102 4368 4448 4553 4016 4140 4083 4633 4091 4261 4468 4716 4120 4673 4530 4385 4632 4289 4568 4105 4040 4460 4165 4614 4597 4619 4552 4391 4631 4550 4062 4240 4645 4007 4491 4790 4479 4261 4178 4538 4210 4903 
3948 3357 3285 3692 3484 3722 4003 3747 3921 3839 3789 3884 3360 3947 3592 3536 3854 3508 3759 3735 3733 3544 3790 4081 3672 3607 3663 3776 4104 3845 3833 3724 3764 3563 3481 3662 3740 3349 3361 3664 3842 4000 3599 3549 3658 3554 3520 3435 3798 3838 3594 3525 3673 3656 3606 3460 3603 3639 3673 3911 3820 3721 3676 3915 3886 3821 3858 3641 4088 3554 3462 3504 3622 3386 3573 3553 3925 3565 3474 3613 3756 3770 4156 3706 3818 3735 4020 3659 3575 3748 3819 3830 3731 3617 3645 3403 3527 3745 3641 3461 3622 3747 4126 3433 3423 3617 3695 3664 3492 4188 3745 3852 3617 3686 4164 3594 3677 3721 3656 3601 4005 3642 3795 4042 3719 3797 3485 4076 3753 3704 4017 3720 3621 3692 3598 3716 3493 4061 4156 3881 3840 3650 3778 3451 3677 3906 3816 3715 3979 3775 3626 4084 3731 3582 3757 3515 4013 3402 3233 3855 3879 3739 3532 3512 3395 3902 3359 3384 3736 4052 3460 3857 4051 3790 3912 3563 3789 3487 3363 3635 3392 3718 3557 3941 3871 3739 4245 3828 3329 3587 3972 3454 3877 4086 3797 3658 3525 3919 3636 3911 
4153 3999 3814 3990 4125 4366 4323 4559 4392 4118 4258 4094 3744 4131 4275 3946 3894 3938 4429 4091 4140 3978 4144 4264 4261 3779 4139 4362 4528 4081 4297 4177 4066 3874 3765 3964 3858 3896 3950 4207 4106 4363 3926 4237 3620 3813 4013 4211 4212 4348 3945 3816 4014 4264 4100 4103 3584 4043 4160 4075 4272 3887 4221 4114 3992 4244 4368 4143 4499 4048 3883 4244 3979 4189 3718 3998 4404 3825 3786 4063 4123 4033 4392 4050 4220 4218 4119 4012 3899 4049 4068 4325 3999 4329 3998 4066 4159 3957 4194 3838 4144 4183 4289 4005 3961 4134 4131 4312 3928 4716 4238 4157 4187 4076 4349 4160 4265 4227 4351 3971 4450 4253 3801 4461 4265 4084 3992 4525 4278 4086 4309 4098 4294 4034 4002 4267 3940 4003 4356 4261 3880 4066 4262 3780 4203 4016 4087 4285 4259 4254 4308 4528 4158 3964 4360 3523 4478 4014 3780 4160 3973 4076 3761 3739 3884 4352 3891 3760 3962 4260 4038 4249 4329 4218 4262 4043 4005 3886 3779 4177 4201 4130 4102 4247 4367 4142 4032 4389 3872 3599 4275 3855 3967 4407 4277 4142 3903 4233 4104 4299 
3726 3748 3250 3449 3151 3615 3940 4161 3736 3583 3747 3729 3295 3543 3834 3428 3733 3273 3993 3728 3671 3592 3730 3595 3537 3395 3794 3677 4294 3544 3864 3667 3518 3678 3569 3530 3562 3550 3159 3964 3601 3834 3432 3755 3448 3489 3463 3556 3502 3649 3592 3299 3681 3719 3511 3370 3480 3497 3544 3782 3676 3539 3772 3844 3874 3717 3814 3730 3811 3453 3287 3723 3902 3401 3529 3322 3815 3379 3525 3687 3692 3431 4153 3532 3608 3662 3846 3479 3390 3675 3660 3724 3567 3981 3718 3174 3904 3759 3864 3456 3779 3688 3789 3474 3417 3728 3338 3880 3323 4136 3535 3752 3519 3388 3982 3605 3669 3604 3628 3435 3947 3421 3451 3698 3653 3719 3477 4129 3712 3484 3735 3573 3602 3633 3326 3723 3363 3889 3801 4056 3638 3387 3650 3139 3425 3626 3658 3530 3621 3656 3723 3844 3449 3536 3898 3446 3697 3527 3365 3725 3589 3569 3650 3470 3174 3873 3348 3262 3335 3849 3348 3731 3792 3677 3739 3404 3610 3356 3400 3919 3471 3778 3413 3614 3624 3749 3537 3837 3297 3269 4004 3426 3671 3699 3880 3398 3502 3832 3712 3955 
4492 4058 3929 4301 3994 4258 4413 4453 4527 4347 4014 4573 4121 4448 4189 3835 4231 3995 4258 4249 4187 4130 4288 4232 4005 3862 4144 4490 4392 4197 4388 4266 3895 4023 3933 4064 4137 3733 4011 4245 4319 4263 3968 4364 4242 3993 3954 4013 4280 4165 3985 3966 4233 4488 4098 4017 3928 4160 4401 4441 4392 4018 4275 4140 4102 4319 4337 4271 4654 4227 4101 4107 4242 4123 4116 3998 4437 3953 3933 4356 4155 4016 4519 4102 4180 4304 4261 4079 4089 4390 4252 4433 3836 4738 4005 4135 4189 4024 4293 4131 4046 4122 4455 4313 4240 4348 4104 4555 4047 4781 4387 4299 4106 4046 4506 4263 4267 4077 3916 3973 4711 4480 4068 4408 4060 4189 3921 4607 4181 4078 4704 4302 4284 4262 4069 4441 4084 4406 4386 4294 4298 3816 4485 3787 3975 4243 4194 4000 4134 4145 4487 4326 4174 4025 4339 3916 4345 4030 4197 4571 4098 4423 4084 4087 3884 4548 4006 3994 4372 4217 3949 4434 4406 4378 4348 4000 4468 4012 4191 4166 4012 4550 4253 4424 4263 4277 4377 4410 4074 3773 4234 4097 4248 4517 4530 4427 4268 4437 4127 4574 
4111 3961 4031 4049 4120 4040 4490 4559 4254 4119 4215 4517 3686 4093 4228 3972 3908 3759 4010 4147 3878 4050 4023 4319 4370 4028 3936 4469 4475 4122 4201 3990 4255 3969 3904 4186 3976 3731 3748 4062 4296 4153 3955 3996 3922 3878 4039 4013 4337 4064 4220 3723 4037 4129 4043 4042 3820 3869 3914 3976 4032 3842 4300 4219 4008 4354 4285 4237 4537 3921 3976 4304 4175 4029 3998 4033 4449 3538 3925 4040 4229 4157 4581 4037 4100 4299 4118 4031 3976 4181 4124 4313 3919 4303 3993 4243 4024 4094 4359 3991 4162 4149 4344 4091 3929 4237 4210 4229 3937 4891 4435 4245 4103 3906 4243 4223 4037 3816 4111 3962 4555 4140 4142 4397 4334 4170 4016 4338 4385 4229 4487 4051 3911 4111 4123 4269 3869 4138 4284 4299 4091 3953 4074 3643 4196 4231 4137 4164 4032 4043 4362 4737 3949 4039 4383 3407 4434 4063 3945 4177 4157 4178 3775 3769 3491 4142 3869 3804 4036 4376 4054 4327 4125 4190 4224 3854 4194 3917 3985 4079 4304 4038 4026 4435 4125 4273 4149 4462 3868 3585 4265 3756 4121 4424 4324 4093 4205 4039 4192 4519 
4194 4103 4009 4156 4042 4104 4428 4839 4177 4289 4231 4543 3667 4462 4190 3778 4121 3925 4201 4120 4159 4054 4045 4448 4309 3785 4059 4346 4602 4051 4098 4140 3959 3917 3739 4004 3995 4086 3670 4084 4230 4448 4180 4070 4018 4007 4109 3942 4342 3949 4167 3771 4256 4006 4216 4054 3912 4069 4092 4218 4403 4032 4203 4334 4002 4445 4276 4150 4570 3912 4282 4245 4166 4113 3855 3961 4539 3639 3784 4080 4314 4144 4549 4191 4163 4099 4300 3862 3894 4388 4150 4400 3905 4525 4148 4240 4313 4145 4190 4066 3957 4226 4251 3924 3989 4227 4267 4135 3918 4713 4373 4307 4272 4081 4453 4326 4034 4061 4016 4201 4528 4254 4278 4357 3910 4262 4000 4613 4031 4292 4386 4101 4335 4345 4221 4052 4193 4200 4521 4448 4035 4006 4255 3558 4036 4217 4235 4097 4059 4147 4117 4604 3974 4020 4439 3730 4624 4207 3861 4442 4344 4363 3771 3723 3534 4107 4099 3999 4181 4473 4168 4539 4155 4221 4661 4034 4340 3854 4089 4109 3889 4270 4166 4546 4093 4042 4574 4446 3775 3780 4536 4050 4194 4428 4612 4304 4244 4360 4223 4403 
4056 3971 3523 3897 3670 3975 4044 4205 3874 4077 4010 4100 3575 3942 3762 3558 3879 3596 3906 3922 3889 3977 3814 4075 3787 3595 3863 4014 4088 3826 4255 3983 3739 3884 3815 3884 3628 3723 3747 3953 3907 3990 3929 3896 3736 3706 3725 3849 4262 3709 3840 3556 3802 3810 3776 3617 3391 3796 3702 3909 3989 3841 3919 4058 3980 4131 4064 3812 4156 3813 3876 3899 4009 3952 3543 3481 4220 3759 3523 3948 3786 3902 4473 3673 3784 4060 4009 3471 3634 3862 3987 4171 3794 4211 3889 3817 3881 3782 4006 3853 3843 3887 3922 3681 3713 4115 4026 3929 3860 4504 4000 3976 3945 3734 4168 3939 3943 3873 3683 3476 4142 3628 3906 4003 3927 3915 3735 4124 4015 4104 4161 3823 3946 4035 3858 4054 3730 4088 3883 4063 3653 3688 3904 3339 3856 3866 3956 3755 3843 3674 4119 4116 4159 3825 4163 3473 4200 3863 3653 3995 3720 3958 3618 3659 3404 4097 3791 3565 3730 4002 3889 4136 4060 3846 4269 3592 4140 3551 3690 3966 3707 4192 4092 3944 3888 3842 3920 3821 3690 3531 4208 3676 3958 4277 3977 3975 3831 4157 4146 4073 
4182 3751 3677 3906 3757 4016 4202 4512 4105 4102 3997 4161 3664 4060 4038 3777 4031 3617 3915 4072 4054 3920 3966 4175 3921 3785 3877 4290 4391 4016 3970 4093 4080 4172 3888 3774 3757 3696 3809 4188 3888 4189 3956 3896 4061 3919 3929 4114 4192 4125 4064 3932 4103 3862 3797 3770 3636 3643 3821 4325 4104 3891 4135 4180 3985 4202 4265 3969 4518 3836 3803 4293 3976 4211 3982 3770 4414 3741 3869 3981 4152 4161 4305 3743 3926 4100 3926 3948 3852 4124 4015 4457 4013 4365 3936 3804 3847 3893 4106 4018 4081 4165 3939 3814 3677 4095 3989 3854 3815 4742 4283 4263 3882 3887 4209 4013 3975 3977 3882 3613 4375 4050 3680 4408 3914 4292 4003 4190 4195 3993 4209 3759 4178 3856 3733 4244 3915 3954 4387 4110 3951 3742 3896 3497 3927 4197 3954 3934 4006 3981 3895 4500 4191 3820 4293 3585 4267 3957 3740 4100 4163 4144 3840 3813 3626 4172 3787 3688 3838 4145 3884 4151 4033 3943 4297 3981 4248 3992 4036 4029 3902 4102 4081 4237 4143 4013 4236 4190 3909 3816 4084 3756 4231 4235 4203 3849 3834 3965 4085 4165 
3823 3867 3547 3756 3646 3883 4141 4184 3963 3842 4024 4152 3341 3804 3829 3486 4161 3507 3691 3667 3845 3888 3749 4150 3776 3544 3685 3975 4105 4109 3954 3879 3801 3815 3526 3840 3823 3797 3286 4015 3693 3894 3610 3517 3536 3910 3656 3585 3948 3864 3838 3533 3994 3937 3511 3789 3356 3780 3507 4018 3884 3625 4003 3952 3774 3990 3821 3860 4086 3728 3704 3599 4194 3934 3781 3582 4163 3643 3763 3977 3714 3727 4234 3703 3763 4091 3896 3910 3764 3783 3994 4066 3759 4091 3992 3838 3909 3701 4076 3869 3819 3993 4079 3686 3609 3928 3932 3955 3588 4314 3895 3964 3493 3886 4045 3897 3715 3687 3712 3693 4096 3830 3745 3981 3903 3872 3481 3986 4063 3845 3966 3629 3824 3855 3492 4133 3733 3928 3864 3856 3947 3598 4071 3483 3531 3905 3989 3738 4003 3909 3959 4209 3739 3858 4058 3583 4084 3782 3654 3918 3884 3939 3851 3517 3469 3939 3569 3603 3685 4165 3784 3970 3929 3762 3866 3639 4009 3725 3698 3819 3707 3878 4084 4155 4162 3934 3983 4031 3517 3792 4110 3686 3943 3947 4069 3765 3764 3955 3743 4034 
4066 4120 3886 3811 3633 4006 4345 4425 4183 4094 4023 4329 3582 4081 4146 3649 3862 3532 4012 3993 3953 4002 4032 4235 3898 3730 3961 4308 4506 3866 3963 4231 3827 3893 4052 3945 3907 3872 3503 4147 4062 4138 3973 3945 3862 3943 3914 3828 4172 4024 4029 3843 4194 3771 3792 3927 3763 4129 3732 4022 4117 3896 4064 4155 4148 4154 4148 4083 4448 3838 4035 4210 4038 3859 3733 3739 4291 3785 3677 4028 4346 3959 4309 3773 4000 4281 4143 3885 3743 4118 4117 4380 4026 4520 4027 3838 4152 4059 4169 3990 3861 3979 3955 3720 3901 4165 3974 4102 3797 4710 4071 4118 4029 3891 4185 4263 3850 3883 3976 3791 4467 3993 3865 4111 4070 4118 3831 4037 4073 4131 4215 3891 4004 4123 3955 4031 3865 4012 4134 4383 4199 3903 4052 3488 3813 4176 4171 3969 4086 4097 4187 4384 4032 3838 4453 3682 4367 3851 3595 4098 4258 3924 3725 3681 3520 4167 3787 3672 3962 4226 3952 4299 4210 3844 4193 3838 3973 3913 3720 4016 3993 4256 4039 4299 4180 4067 4139 4168 3627 3586 3909 3684 4060 4209 4348 4062 4116 4175 4076 4229 
4252 3734 3890 4007 4004 3990 4394 4361 4100 3908 4176 3979 3716 4027 4169 3808 3883 3651 3963 4060 3986 3954 3910 4152 4329 3814 4063 4074 4173 4064 4110 4106 3954 4058 3905 4049 3854 3695 3952 4018 4062 4171 3807 3877 3965 3772 3955 3820 4184 3892 3845 3872 4041 4127 3723 3948 3743 4072 3945 4125 4049 3938 4093 4176 4042 4282 4170 4054 4318 3898 4108 3973 4171 3987 3779 3775 4268 3643 3592 3942 4055 4080 4567 3813 3973 4050 4011 3868 3942 4162 3817 4444 3889 4231 3832 3895 3917 3838 3987 3940 4011 4269 4129 4048 3809 4071 4098 3949 3866 4673 4212 4282 3894 3872 4306 4151 4143 3975 3692 3600 4411 3999 3733 4362 3911 4248 3926 4481 4176 4087 4290 3796 4072 3992 4028 4448 4066 3999 4200 4153 3937 3779 4128 3474 4038 3877 3921 3946 3974 4045 4030 4468 4015 3725 4258 3606 4227 3895 3745 4018 4049 4081 3729 3769 3586 4219 3781 3896 3790 4269 3759 4259 4151 4032 4143 4060 4088 3613 4147 3919 4043 4107 3980 4174 3981 4063 4213 4302 3862 3657 4116 3746 4102 4455 4310 4090 3911 4183 3871 4337 
4364 3849 3741 3920 3884 3837 4382 4234 4302 3827 4035 4480 3662 4115 4108 3691 4142 3808 3883 4165 4241 4032 3748 4116 4189 3900 4001 4119 4365 4118 4382 4370 4030 3947 4062 4171 4059 3794 3659 4337 3999 4151 4016 4071 4002 4045 4045 3919 4049 4046 3908 3688 4415 4265 3983 3848 3964 4029 3951 4488 4064 3763 4563 4379 4008 4247 4011 4130 4460 3944 4142 4027 4112 4151 3874 3918 4362 3850 3842 4116 4149 3963 4528 3947 4073 4338 4345 4152 3809 4188 4143 4319 4116 4324 4122 3921 4373 4096 4083 3902 4135 4285 4271 4132 4220 4274 4130 4168 3626 4802 4092 4219 4102 3877 4238 4165 4248 3948 3919 3931 4407 4219 3992 3931 3954 4183 3950 4320 4077 4282 4360 3850 3963 4094 3990 4427 4040 4385 4267 4158 4109 3840 4496 3517 3971 4230 4194 3901 4075 4318 4310 4344 3910 3777 4421 4088 4179 4075 3880 4215 4024 4268 4053 3911 3831 4230 3593 3938 4018 4347 3969 4333 3935 4086 4326 4236 3942 3999 4174 4079 4190 4226 4102 4243 4249 4046 4403 4131 3806 3940 4255 3895 4218 4438 4541 4155 4012 4284 3924 4503 
3849 3693 3675 3757 3682 3831 4207 4299 3947 3858 4025 4406 3569 3860 3728 3737 3821 3645 3808 3678 3818 3888 3793 3869 3968 3538 3621 4090 4331 3828 3865 4046 3838 3755 3569 3920 3631 3468 3441 4178 3753 3838 3922 3852 3881 3856 3570 3881 3924 3947 3660 3658 3900 3759 3963 3686 3441 3722 3607 3990 4187 3745 4094 4151 3800 3953 4078 3842 4315 3696 3633 3917 3948 3907 3501 3696 4159 3580 3690 3921 3854 3834 4248 3623 3952 4015 3712 3900 3737 3832 3708 4050 3714 4083 3851 3645 3718 3721 3950 3887 3842 3835 4050 3690 3735 3830 3716 3853 3461 4429 4011 3919 3810 3643 3902 4012 3909 3830 3809 3708 4074 3898 3880 3832 3874 4101 3723 3985 3989 3882 4004 3500 3810 3768 3638 3999 3602 3839 4080 4011 3775 3694 3813 3418 4024 3839 3817 3812 3840 3702 4033 4340 3937 3664 4119 3512 4064 3733 3668 4029 3848 3982 3567 3614 3470 4130 3733 3490 3468 4192 3687 3823 3905 3881 3822 3720 3905 3861 3751 3642 3829 3988 4075 4014 4005 3750 4015 4013 3620 3623 4006 3548 4019 4048 4048 3852 4006 4114 3974 4158 
3855 3715 3455 3578 3623 4008 3970 3841 4108 3602 3783 3902 3423 3802 3640 3296 3625 3291 3630 3889 3598 3568 3799 3803 3508 3460 3489 3805 4046 3572 3874 4164 3684 3634 3525 3595 3440 3696 3585 3940 3843 3720 3608 3798 3751 3410 3719 3707 3837 3933 3754 3497 3786 3449 3755 3658 3245 3564 3680 3918 3713 3694 3731 3993 3809 3760 3967 3698 4280 3699 3541 3695 3694 3647 3387 3267 4141 3719 3450 3661 3826 3544 4224 3400 3712 3887 3864 3707 3666 3800 3723 3908 3630 4208 3769 3589 3581 3790 3545 3702 3833 3748 3736 3481 3392 4130 3585 3737 3384 4242 3807 3791 3673 3629 3978 3609 3745 3814 3654 3318 3973 3763 3840 3955 3566 3899 3578 4066 3816 3510 3816 3699 3755 3792 3642 3803 3803 3874 3772 3559 3548 3631 3866 3358 3538 3780 3634 3598 3603 3487 4044 3911 3778 3626 3818 3431 3925 3579 3328 3832 3875 3850 3659 3385 3305 3899 3520 3573 3664 3700 3436 3955 3992 3818 3892 3739 3628 3505 3329 3726 3454 3838 3876 3805 3951 3685 3995 3733 3414 3503 3920 3515 3789 3928 3940 3817 3545 3972 3842 3938 
4162 3944 3751 3959 3947 4126 4595 4236 4325 4193 3983 4374 3703 4280 4035 3853 4171 3710 4059 4120 4054 4104 4177 4115 4045 3880 4009 4298 4475 4197 4333 4178 4008 4009 3943 4151 3922 3761 3821 4258 4040 4116 4147 4317 3982 3923 3860 3955 3970 4073 4183 3862 4300 4263 3956 4102 3847 3896 4060 4332 4255 3975 4223 4322 4119 4207 4281 4154 4543 4184 4143 3801 4072 4145 4029 4003 4626 3858 3938 4270 4156 3922 4330 3999 4289 4191 4286 4108 4096 4098 4107 4330 4087 4432 4027 4149 4244 4087 4515 3860 4033 4315 4275 4006 3925 4311 4080 4385 4067 4787 4151 4280 4017 3950 4365 4213 4228 4159 4136 3866 4599 4259 3839 4373 4100 4089 3840 4482 4224 4050 4466 4038 4217 4292 3908 4261 4254 4076 4267 4318 4205 3797 4520 3490 4195 4009 4063 4172 4228 4259 4235 4708 4082 3914 4216 3997 4417 3933 3928 4334 4050 4124 3758 4007 3967 4420 3851 3747 4235 4328 4024 4356 4094 3995 4294 3906 4149 4066 4002 4182 4097 4103 4185 4290 4278 4174 4266 4276 3869 3949 4256 3919 4093 4693 4392 3993 4187 4252 4097 4341 
4071 3832 3767 3830 4135 3952 4442 4407 4170 4040 4112 4094 3549 4221 3729 3877 4263 3762 4186 3974 3995 3996 3983 4349 3968 3854 3949 4166 4179 3792 4390 4094 3926 3785 3749 4110 4054 3725 3718 4176 3910 4116 3845 3795 3776 3941 3887 3995 4157 3999 3901 3802 4212 3930 3961 3937 3875 3812 3860 4129 4012 4127 4141 4141 3899 4269 4042 4126 4353 3813 3956 4097 4200 4034 3765 3919 4165 3656 3688 4062 3994 4043 4397 3885 4093 4198 4139 3960 4079 4121 4190 4290 3986 4333 3700 4004 4263 4024 4009 3815 4122 4226 4260 4087 3866 4127 4036 3954 3776 4885 4103 4129 3985 3904 4515 3911 4119 3849 4017 3521 4213 3968 3805 4282 3977 4110 3914 4521 4205 4109 4340 3979 4061 3989 3871 4000 3865 4121 4285 4261 3962 3913 4184 3588 3826 3973 4063 3957 4156 4034 4268 4355 3878 3892 4303 3492 4252 3901 3811 4228 4079 3987 3552 3759 3550 4467 3700 3575 3988 4244 3865 4225 4101 4134 4327 3813 4176 3857 3783 4037 3750 4169 4254 4016 4239 4017 4229 4233 3582 3946 4290 3970 4050 4523 4168 3932 3734 4356 4009 4135 
4005 4038 3789 4068 4072 3909 4205 4386 4199 4154 4102 4201 3664 4141 3918 3811 4033 3883 4222 4159 4096 4093 4279 4126 3968 3819 3673 4204 4330 3868 4399 3957 4080 3861 3789 4011 3828 3933 3628 4459 3925 4209 3934 4066 4047 4037 4039 3865 4187 4124 4008 3827 4054 3975 4126 3806 3797 3802 3811 4091 4133 4105 4181 4471 4088 4178 4199 4065 4422 3987 3808 3982 4094 3978 3845 3883 4355 3743 3875 3888 4219 3875 4558 4176 4127 4183 4183 4075 4020 4123 4159 3903 3951 4326 3943 3973 4223 4073 4149 3829 4014 4097 4050 3980 3850 4094 3782 4281 3723 4693 4085 4131 4083 3909 4282 3923 4142 4151 4049 3894 4402 3983 3997 4192 3897 4049 3789 4445 4168 3856 4337 4069 3984 3892 3839 4152 3939 4104 4193 4093 3952 3656 4194 3660 4035 3996 4119 4067 4253 3956 4408 4417 4016 4045 4095 3760 3928 3924 3759 4200 4076 3918 3727 3932 3603 4366 3894 3528 3743 4250 3906 4221 4166 4118 4220 3837 3998 3928 3776 3985 3828 4167 4139 4224 4216 4021 4136 4373 3717 3585 4309 4208 4258 4524 4201 3841 3823 4371 4094 4294 
3915 3718 3618 3871 3741 3708 4017 3996 3786 3771 3856 3900 3588 3964 3664 3739 3707 3481 3571 3573 3800 3640 3729 3760 3827 3729 3753 3957 3931 3824 3750 3841 3562 3689 3626 3638 3633 3741 3480 4054 3817 3925 3548 3591 3565 3756 3665 3416 3932 3865 3756 3596 3792 3819 3840 3677 3397 3525 3588 3754 3756 3597 3862 3884 3746 3852 3781 3766 4043 3922 3670 3817 3852 3722 3483 3600 4090 3360 3404 3915 3672 3730 4391 3683 3636 3960 3963 3672 3552 3931 3727 3663 3713 4089 3769 3494 3809 3686 3988 3634 3660 3823 4007 3721 3679 3767 3670 4025 3661 4382 3866 3879 3839 3654 3784 3911 3655 3742 3634 3486 3978 3893 3660 3844 3756 3738 3771 3870 3944 3650 4222 3607 3682 3729 3544 3772 3599 4018 3709 3969 3838 3514 3897 3469 3592 3802 3649 3636 3773 3829 4172 4206 3655 3714 3768 3292 3995 3553 3663 3917 3631 4029 3615 3440 3349 4154 3494 3572 3493 3905 3459 4023 3894 3822 4053 3573 3817 3634 3675 3814 3733 3991 3967 3931 3820 3825 3994 3965 3619 3711 3990 3494 3889 4065 3828 3608 3645 3998 3912 4163 
4093 3821 3719 4331 3785 4125 4332 4307 4173 4053 3948 4016 3704 4090 4010 3881 4007 3773 4215 4112 4023 4057 4133 4232 4142 3823 3895 4418 4398 4061 4145 4218 4029 4000 3962 3771 3911 3854 3663 3988 4112 4322 3866 3843 3840 3830 4058 3863 4302 4231 3857 3842 4237 4025 4020 3867 3762 3955 4050 4099 4387 4058 4213 4064 3900 4109 4368 4214 4586 3959 3885 4207 4298 4137 3614 3899 4467 3612 3865 4319 4091 4154 4622 3670 3909 4151 4230 3780 3822 4142 4088 4044 4057 4286 3991 4055 4203 4027 3847 4084 4216 4445 4241 3983 3885 4163 3882 4326 3796 4896 4100 4220 4026 4012 4463 4031 4173 4067 4019 3721 4623 4065 3712 4317 3935 4281 3774 4467 4281 3921 4384 3848 4209 4082 4000 4365 3967 4367 4309 4027 3948 3932 4090 3607 4081 4168 4038 4116 3926 4147 4107 4426 4297 3842 4229 3529 4364 4106 3877 4099 4029 4159 3703 3922 3931 4313 4072 3919 3780 4125 3963 4191 4118 3853 4368 3906 4219 3788 3648 4095 3858 4071 4110 4173 4210 4020 4361 4329 3806 3777 4054 3866 4077 4375 4165 4159 3705 3919 4112 4492 
4209 4181 3856 3905 4074 4041 4317 4388 4506 4190 4212 4365 3678 4099 3885 3906 4056 3662 4013 4096 4184 4395 4036 4294 4097 3896 3997 4450 4370 4139 3954 4306 4161 3979 3874 4116 3785 3790 3741 4118 4082 4182 4096 4076 3912 3991 3992 4073 4368 4354 4031 3935 4134 3967 4063 4009 3615 3855 3965 4122 4297 3881 4160 4161 4403 4212 4159 4031 4394 4008 3980 4151 4457 4075 3709 3824 4458 3851 3833 4233 4171 4072 4569 4091 4063 4422 4117 3964 4108 4389 4173 4294 4073 4422 4221 4024 4125 3926 4391 4091 4165 4233 4099 3785 3988 4034 4201 4125 3865 4930 4365 3979 3977 4105 4328 4267 4198 3877 4108 3903 4494 4312 4024 4411 4158 4136 4272 4393 4269 4109 4290 4047 4079 4190 4308 4243 4024 4164 4061 4276 4030 3914 3970 3611 4139 4326 4239 4223 4291 4119 4355 4685 3985 3871 4605 3842 4347 3851 4076 4218 3932 4188 3885 3677 3753 4173 4021 3852 4071 4378 4094 4259 4435 3981 4246 3774 4340 3921 4025 4046 4222 4513 4276 4483 4330 4164 4369 4510 3800 3772 4063 3557 4254 4424 4244 3886 4155 4211 4206 4203 
4228 4021 3833 4042 4028 4093 4290 4555 4294 4220 4139 4264 3833 4291 3919 3778 3951 3974 4123 4092 4000 3962 4152 4370 4381 3859 4047 4371 4618 3993 4403 4349 3973 4021 3888 3979 3905 3759 3663 4201 4264 4215 3956 4050 4226 3919 4027 4035 4052 4055 4283 3977 4176 4091 4154 3792 3593 3934 3919 4222 4150 4167 4123 4424 4256 4429 4538 4229 4383 3797 3956 4232 4165 3888 4000 3793 4573 3716 3925 4260 4273 3871 4568 3840 4017 3992 4158 4049 3772 4218 4160 4344 4035 4450 4104 3984 4128 3970 4094 3972 4051 4080 4252 4115 4024 4267 4066 4142 3776 4517 4256 4254 4112 3772 4332 4268 4158 4067 3947 3730 4408 3879 3860 4097 4153 4119 3801 4481 4083 4073 4358 3997 4166 4156 3995 4152 3896 4225 4227 4320 4135 3946 4106 3777 4003 4308 4168 4130 3860 4043 4284 4432 3875 4027 4184 3772 4418 4117 3581 4282 4164 4312 3766 3644 3391 4284 3770 3692 3801 4373 3667 4288 4200 4363 4098 3793 4317 3965 3968 4069 4065 4298 4309 4288 4090 4195 4390 4331 3777 4010 4296 3863 4126 4464 4394 4146 4331 4455 4082 4210 
4381 4032 3767 3964 3968 4280 4376 4192 4339 4268 3883 4144 3727 4164 4267 3792 3918 3815 4249 4250 4063 4045 4095 4223 4205 3765 3991 4564 4405 4197 4045 4237 4001 4146 3744 3802 3812 3921 3903 4296 4151 4163 4121 4045 3959 3862 3983 4037 4134 4332 3922 3775 4273 3981 4072 3921 3718 3968 3897 3944 4355 3981 4072 4430 4070 4494 4331 4081 4671 4114 3888 4115 4335 4097 3877 3913 4547 3736 3822 4254 4143 4150 4610 3707 4027 4232 3867 3888 3891 4199 4091 4161 3969 4483 3880 4046 4099 3986 4155 4074 4098 4116 4260 4025 3804 4295 4106 4121 4019 4648 4195 3923 4006 3985 4553 4014 4322 4270 4051 3992 4635 4173 3890 4283 3986 4273 3828 4447 4140 4126 4389 4023 4203 4035 4020 4437 4044 4306 4364 4204 3936 3902 4170 3476 4123 4101 4039 4205 4140 4026 4301 4578 4246 4090 4419 3859 4284 4004 3777 4072 4120 4214 3793 3813 3864 4196 3992 3907 3985 4431 3843 4095 4110 4019 4180 3844 4172 3970 4060 4131 3903 4162 4336 4477 4295 4022 4164 4143 3942 3750 4309 3897 4187 4307 4208 4191 4191 4260 4111 4404 
4189 3891 3950 4141 3802 3838 4275 4322 4269 4171 4195 4341 3611 4379 3776 3674 3981 3959 3917 3867 3909 4178 4070 4295 4106 3639 3884 4284 4379 4075 4083 4027 3945 3875 3849 3800 3854 3736 3852 3997 4013 4101 4110 3915 3939 4049 3881 3960 4142 4357 3966 3928 4092 3923 3824 4017 3526 3767 3843 4238 4294 3902 4031 4016 3944 4283 4216 4072 4539 4062 3800 4079 3997 3883 3891 3803 4307 3911 3836 4388 4179 3980 4343 3940 4083 4145 3998 3715 3715 4213 4212 4317 3784 4314 3749 4001 3878 3611 3950 4066 4163 4083 4295 4084 3836 4165 4102 4163 3671 4418 4128 3954 4061 3935 4274 4178 4155 4182 3966 3750 4495 4433 3925 4291 4213 3969 4040 4270 4093 4172 4286 4038 4018 4096 3761 4147 3938 4072 4246 4074 3978 4025 4026 3665 3940 4066 4245 3982 3850 4003 4128 4264 4124 3685 4115 3796 4392 3845 3923 3876 3843 4183 3717 3735 3806 4058 3736 3802 3978 4247 3824 4176 4059 4050 4144 3729 4280 3818 3651 3957 3824 4073 4445 4194 4414 4205 4261 4023 3761 3794 4110 3779 4170 4375 4202 4119 3958 4398 4134 4253 
4554 4055 3883 3976 4068 4192 4659 4650 4351 4071 4409 4581 3869 4563 4224 3982 4200 3976 4314 4321 4464 4129 4263 4402 4330 4094 4169 4611 4710 4142 4268 4640 3980 4208 3862 4198 4006 3933 3810 4540 4327 4454 4129 4364 4026 3926 4254 4146 4353 4018 4136 4048 4371 4250 4215 4081 4193 4048 4016 4265 4303 4099 4385 4536 4302 4461 4285 4116 4895 4265 4236 4245 4464 4351 3948 3949 4748 4011 4066 4162 4415 4270 4675 4009 4101 4441 4360 4192 4060 4345 3906 4578 4270 4804 4210 4128 4395 4349 4229 4278 4166 4304 4210 4405 4156 4401 4200 4377 3997 4903 4394 4529 4429 4038 4411 4260 4399 4206 4316 3814 4703 4198 4075 4288 4096 4379 4042 4405 4418 4094 4549 4038 4490 4357 3950 4407 4163 4445 4279 4530 4155 3951 4652 3740 4081 4475 4209 4111 4187 4164 4596 4700 4436 4083 4388 3935 4342 4331 3882 4551 4284 4454 4000 4138 3856 4395 4109 4034 4168 4490 4047 4224 4407 4179 4403 4128 4341 3876 4260 4311 4314 4575 4287 4540 4326 4090 4481 4563 3872 3911 4475 4027 4538 4621 4651 4098 4090 4432 4375 4541 
4163 4325 3972 3970 4298 4174 4357 4436 4284 4093 4334 4601 3747 4250 4265 4203 4345 3831 4591 4028 4363 4319 4504 4274 4189 4032 4424 4415 4667 4288 4379 4138 4351 4102 4071 4165 3790 4107 3913 4547 4178 4589 4045 4158 4200 3935 4030 4079 4352 4118 4117 3997 4232 4304 4002 3946 3928 3920 4338 4409 4276 4132 4485 4377 4236 4490 4392 4414 4505 4068 4179 4134 4272 4245 3893 4032 4410 3926 3855 4248 4235 4356 4565 4277 4200 4184 4426 4020 4111 4449 4109 4399 4098 4683 4302 4047 4386 4013 4326 3854 4211 4264 4393 4277 4283 4501 4120 4455 3793 4901 4388 4387 4026 4079 4563 4194 4406 4152 4131 3856 4649 4109 4059 4306 4290 4351 4160 4528 4377 4257 4491 4364 4377 4058 4175 4279 3899 4317 4436 4267 4350 4058 4431 3795 3935 4197 4329 4224 4662 4463 4399 4589 4408 4117 4314 4057 4711 3865 4197 4445 4080 4359 3963 4180 3844 4627 4033 3902 4118 4473 4168 4611 4439 4304 4321 3951 4414 4150 4132 4424 4130 4455 4200 4443 4335 4477 4404 4585 3943 4072 4571 4093 4401 4560 4184 3909 4261 4475 4316 4283 
4256 4031 3638 4040 3912 4068 4276 4291 4529 4126 4147 4554 3804 4217 4030 3604 4021 3520 4221 4091 4200 4118 3973 4278 3881 3943 4110 4388 4439 4312 4186 4402 4057 4170 3855 3973 3899 3907 3818 4356 3999 4219 4147 3914 3758 3919 4011 4127 4178 4156 3941 3826 4298 4043 4059 3803 3881 4051 3955 4143 3854 3824 4263 4409 4044 4302 4128 4060 4535 4131 3966 3975 4178 4134 3791 4006 4618 4099 3728 4044 4054 4130 4274 4089 4302 4380 4357 4015 3968 4196 4118 4548 4133 4235 4205 3984 4328 4126 4203 3865 4058 4048 4175 4013 4006 4239 4187 4229 3935 4868 4050 4516 4063 4130 4160 4186 3981 4108 4052 4058 4298 4361 4147 4278 4011 4378 4023 4379 4393 4010 4629 3981 4141 4286 4075 4198 4218 4390 4147 4088 3990 4077 4153 3661 3962 4235 4260 4015 4028 4112 4171 4196 4050 4052 4378 3857 4682 4176 3842 4256 4125 4083 4157 3830 3909 4422 3867 3805 3833 4137 3909 4228 4200 4039 4323 3982 4393 3837 3741 4309 3845 4461 4204 4380 4660 4017 4329 4059 3877 3740 4160 4146 4202 4320 4527 4191 4220 4368 4022 4408 
4115 4169 3907 3969 3917 4309 4665 4473 4306 4102 4161 4531 3560 4332 4372 3817 4361 4005 4378 3941 4275 4135 4225 4434 4113 4090 4060 4565 4653 4248 4332 4172 3831 4191 3854 4290 4022 3971 3730 4324 3965 4257 4056 4108 3873 4096 3996 3962 4328 4469 3993 3799 4347 4247 4142 4046 3994 3992 3875 4303 4346 4028 4463 4444 3895 4306 4339 4201 4575 3695 3873 4017 4222 4264 3714 4077 4466 4015 3986 3994 4092 4053 4629 3913 4089 4423 4289 4121 4151 4350 4302 4291 3914 4570 4087 4022 4157 4156 4297 4032 4103 4187 4123 4144 4003 4452 3991 4224 3660 5002 4271 4305 4104 4325 4394 4326 4422 4271 4139 4056 4403 4087 4016 4313 4213 4251 3873 4406 4320 4324 4429 3933 4462 4367 4061 4307 3924 4234 4518 4346 4311 4131 4414 3558 4026 4062 4141 4086 4239 4531 4453 4584 4217 4096 4360 3915 4416 4019 3705 4228 4292 4339 3862 3823 3738 4401 3737 3878 3974 4210 4184 4334 4249 4054 4287 4001 4013 3941 3918 4181 3918 4198 4488 4420 4355 4221 4337 4335 3488 3817 4346 4000 4258 4376 4241 4139 3921 4136 4106 4363 
4091 4070 3768 4080 3878 4112 4252 4412 4327 3721 4122 4123 3534 4121 4182 3795 4107 3900 3955 3979 3972 3849 4020 4244 4143 3837 3977 4442 4379 3978 4172 4290 3863 3778 3706 3985 3854 3807 3698 4246 3785 4347 3679 4012 3612 3909 3868 3908 3982 3910 3885 3729 4144 4264 3848 4068 3773 3981 3867 3842 4006 3767 3970 4273 3931 4194 4170 3968 4393 3660 3843 3905 4121 3952 3713 3869 4206 3679 3813 3929 4026 4100 4582 3687 3871 4114 3834 4127 3746 4181 4168 4245 3928 4374 4059 3822 3933 3916 4275 3989 3945 4098 4173 4050 3724 4015 4054 4114 3987 4419 4153 4066 3980 4026 4157 4199 4173 4000 3992 3857 4281 4099 3811 4181 3932 4078 3670 4298 4132 3787 4350 3852 4118 4121 4166 4118 3827 4352 4317 4142 3795 3798 4047 3465 3819 4061 3911 4133 3846 3905 4237 4496 3861 3957 4102 3658 4108 4022 3738 4014 4108 4223 3667 3666 3637 4375 3638 3734 3824 4144 3674 4301 4155 3963 4140 3966 3934 3858 3925 3893 3866 4253 4313 4411 4256 3963 4116 3996 3732 3507 4193 3834 4037 4242 4278 4000 3917 4074 3952 4232 
3918 3780 3677 3912 3811 3948 4142 4425 4129 3720 4030 4139 3632 3971 3941 3604 3874 3600 4081 3699 3839 3891 4082 4104 4151 3752 3945 4031 4437 3865 3949 4107 3912 3913 3667 3785 3898 3915 3603 4247 3786 4203 3529 3752 3835 3807 3678 3889 3997 4092 3920 3653 3880 3813 3782 3807 3603 3568 3792 4011 4098 3940 3940 4045 3932 4163 4299 4032 4477 3883 3629 4172 3952 3778 3865 3823 4196 3528 3767 4032 4146 4138 4272 3846 3674 3998 4069 3819 3917 4008 4052 4207 3804 4355 3550 3829 3891 3768 4012 3906 4063 4074 4228 3928 3743 3891 3900 3800 3601 4262 3954 3983 4049 3662 4032 4032 3776 3964 3675 3556 4353 3926 3615 4176 4001 4060 3644 4170 4160 3815 4158 3790 4059 3894 3809 3996 3712 3906 4126 3953 3793 3807 3830 3416 3769 3981 4203 3730 4056 3798 4062 4394 4183 3741 3877 3592 4420 3832 3598 3924 4084 4117 3526 3663 3468 3922 3565 3643 3750 4092 3968 4278 4093 3858 3974 3892 3962 3781 3935 4163 3948 3943 3863 4080 4015 3901 4050 3968 3481 3695 4326 3883 4013 4189 4163 3799 3796 4053 3919 4089 
3900 3723 3450 3588 3741 3443 3977 4110 3884 3687 3773 4098 3496 3916 3762 3547 3743 3296 3856 3676 3712 3636 3750 4008 3607 3609 3790 3819 3894 3650 3784 3768 3628 3521 3507 3749 3582 3581 3512 3814 3892 3801 3780 3801 3812 3513 3658 3612 3981 3673 3677 3517 3871 3566 3756 3482 3383 3706 3619 3890 3718 3660 4122 3868 3558 3687 3742 3872 4176 3787 3724 3927 3935 3783 3470 3635 3991 3434 3519 3462 3741 3717 4130 3716 3977 3938 3754 3500 3441 3725 3801 3942 3651 3892 3954 3699 3730 3731 3659 3747 3481 3807 4125 3788 3604 3735 3524 4058 3500 4404 3907 3753 3699 3456 3989 3963 3682 3770 3679 3512 4000 3830 3807 3866 3765 3866 3692 4127 3855 3840 4074 3634 3871 3757 3843 3815 3791 4001 3883 4099 3556 3689 3759 3379 3556 3754 3701 3616 3746 3888 3942 4271 3747 3742 3971 3235 3897 3505 3639 3977 3600 3845 3639 3675 3498 4197 3368 3402 3763 3909 3666 3810 3997 4005 3934 3500 3767 3487 3456 3725 3765 4096 3783 3977 3899 3759 4146 4046 3665 3367 3981 3566 3823 4024 4287 3679 3616 3951 3872 3973 
4387 3997 3973 4061 3997 3943 4331 4331 4349 4152 4131 4327 3596 4349 4249 3650 4091 3842 4330 4310 3973 4042 4120 4294 4137 3815 3896 4556 4454 4245 4441 4095 4013 4263 3893 4017 4033 3839 3889 4159 4048 4115 4122 4080 4009 3813 3921 4148 4276 4091 4004 3886 4218 4167 4119 3803 3796 4082 4195 4276 4322 4100 4282 4425 4306 4385 4265 4086 4451 3695 3901 3885 4316 4320 3871 3928 4315 3840 3919 4141 4141 4075 4452 3821 4015 4282 4263 4134 3743 4182 4057 4237 4155 4559 3985 4143 4449 4046 4105 4028 4097 4240 4109 4074 3817 4190 4082 4220 3658 4905 4082 4257 4056 4081 4525 4108 4114 4120 4090 4036 4511 4304 3759 4361 4177 4249 3948 4438 4272 3959 4477 4033 4207 4063 4045 4444 3858 4423 4287 4241 3978 3785 4037 3525 4065 4077 4284 4279 3988 4074 4068 4414 4217 3693 4135 3837 4370 4057 3821 4161 4150 4179 3973 3826 3795 4336 3899 3794 4027 4471 4135 4397 4000 4051 4193 4083 4232 4014 3678 4112 4164 4059 4082 4371 4405 4100 4303 4334 3880 3679 4225 3727 4481 4695 4229 4074 3993 4375 4081 4479 
4132 3793 3542 3724 3718 3665 3920 4107 3922 3809 3758 4062 3191 3617 3835 3865 3801 3565 4099 3708 3713 3734 4035 3655 3985 3876 3792 3762 3952 3830 3987 3742 3805 3734 3552 3676 3547 3674 3596 3893 3867 3846 3802 3859 3573 3556 3785 3483 3937 3952 3758 3472 3727 3909 3711 3727 3266 3717 3579 3970 3812 3601 3925 3950 3788 3911 3991 3792 4269 3611 3554 3866 3885 3861 3537 3762 3993 3425 3644 3821 3713 3703 4046 3732 3997 4071 3901 3534 3597 3866 3755 3987 3626 4198 3511 3804 3892 3711 3746 3828 4021 3957 4026 3735 3508 3962 4036 4156 3450 4386 4009 3776 4009 3808 3997 3946 3902 3766 3771 3562 4133 4195 3673 3719 3960 3819 3328 4280 3886 3769 4030 3662 3657 3752 3424 4166 3765 4034 3846 3874 3680 3639 3928 3275 3642 3739 3646 4036 3948 3707 3743 3860 3779 3565 4018 3492 3921 3851 3696 3854 3770 3769 3650 3725 3560 3973 3407 3622 3671 4144 3594 3923 3894 3879 4019 3651 3849 3456 3457 3982 3863 3886 3865 3881 3943 3809 3826 3891 3636 3586 4112 3659 3816 4134 3995 3596 3695 4025 3932 3924 
4233 3835 3579 3772 3757 3803 4064 4267 3955 4040 3975 4020 3421 3938 3732 3511 3885 3568 3707 3927 3786 3916 3761 4118 3773 3414 3711 3844 4186 3661 3939 3999 3813 3818 3477 3586 3642 3660 3603 3776 3558 4056 3878 3802 3646 3718 3737 3851 3993 3846 3687 3588 3742 3822 3649 3646 3451 3731 3791 3884 3943 3670 3995 4082 4039 4125 4062 3883 4093 3546 3639 3694 3921 3932 3539 3571 4224 3760 3777 3866 3906 3800 4095 3621 4024 3830 3835 3642 3545 3698 3681 4197 3648 4290 3758 3940 4029 3511 3945 3700 3887 3847 3851 3794 3576 3990 3939 4099 3546 4420 3852 3772 3610 3772 4185 3791 3953 3878 3759 3505 4136 3733 3496 4006 3553 3747 3699 4135 4107 3843 3973 3609 3757 3909 3680 4050 3692 3806 3985 3917 3652 3665 3847 3521 3698 3713 3987 3803 3937 3921 3865 4020 3881 3533 3921 3598 4189 3992 3729 4060 3681 3774 3607 3712 3454 4005 3710 3484 3552 3995 3615 3849 3891 3656 3973 3634 3934 3531 3605 3783 3986 3892 3737 4007 4103 3805 3807 4046 3445 3518 3946 3672 4197 4116 3990 3798 3773 3924 3987 3912 
4135 4171 3870 3988 3944 4178 4463 4268 4397 4050 4215 4457 3680 4241 4172 4067 4129 3931 4246 4204 4182 4148 4262 4370 4182 4076 3939 4392 4598 4194 4393 4396 3939 4113 3792 4202 3991 3976 3803 4411 4123 4374 4319 4208 3983 3969 4017 4158 4227 4345 4143 3877 4329 4168 4223 4085 3955 3914 3966 4479 4335 3966 4299 4456 4125 4497 4328 4107 4694 4162 4059 4142 4199 4246 3930 3918 4521 4063 3934 4232 4180 3998 4871 4133 4377 4253 4299 3996 4074 4261 4090 4167 4113 4558 4312 4170 4121 4184 4268 4100 3993 4336 4116 4258 3961 4201 3983 4230 3989 4886 4252 4503 4225 4192 4358 4324 4208 4312 3870 4109 4419 4163 4006 4385 4185 4302 3940 4514 4267 4220 4250 3776 4337 4234 3888 4359 4170 4364 4248 4122 4262 3999 4505 3766 4189 4118 4236 3981 4240 3924 4435 4621 4223 3933 4516 3876 4386 3973 3915 4420 4276 4130 3830 4086 3798 4381 3951 3905 4164 4307 3999 4202 4355 4308 4606 4209 4508 3858 3957 4164 4137 4229 4305 4456 4331 4083 4231 4284 3695 4000 4232 4201 4413 4493 4456 4104 4142 4162 4050 4299 
3769 3686 3310 3614 3641 3843 4038 4053 3695 3752 3809 3963 3494 3847 3584 3655 3726 3551 3912 3816 3744 3860 3820 3983 3692 3292 3499 3900 3976 3655 3886 3697 3733 3586 3219 3649 3482 3527 3325 3815 3888 3728 3864 3570 3600 3422 3591 3676 3716 3709 3754 3381 3673 3712 3638 3620 3276 3597 3696 3626 3914 3709 3727 3865 3597 3737 3855 3644 4100 3763 3638 3640 3600 3623 3576 3519 4095 3427 3440 3738 3846 3611 4072 3684 3662 3715 3886 3744 3570 3578 3558 3946 3704 4104 3706 3738 3934 3799 3742 3602 3756 3806 3899 3604 3533 3849 3435 4003 3568 4194 3883 3762 3765 3398 3867 3765 3693 3786 3699 3380 4025 3852 3638 3856 3663 3869 3429 4078 3935 3727 4133 3654 3822 3792 3623 3796 3549 3682 3628 3759 3732 3575 3656 3419 3719 3710 3964 3910 3833 3712 3862 3988 3830 3422 3860 3351 3955 3620 3524 3864 3610 3617 3463 3630 3556 3912 3688 3478 3570 4058 3565 3798 3996 3737 3838 3307 3880 3705 3672 3671 3773 3682 3804 3868 3765 3767 4027 3907 3477 3461 4069 3590 3890 4110 3999 3696 3623 3726 3910 3770 
4041 3976 3547 3772 3706 4017 4281 4181 4175 3973 4314 4357 3490 4230 3782 3413 3930 3674 4070 4039 3819 4058 3856 4152 3939 3624 3826 4179 4178 3961 3910 3856 3868 3977 3757 3929 3853 3721 3636 4056 3876 4010 3772 4045 3784 3597 3796 3827 4148 4061 3879 3301 3955 3705 3686 3742 3463 3702 3859 4052 3915 3857 3999 4141 4075 3970 4002 3886 4228 3805 3595 4108 3960 3662 3616 3737 4379 3534 3787 4002 3919 3919 4244 3991 3889 4072 4021 3884 3813 4039 3922 4357 3777 4205 3924 3910 4006 3833 3934 3864 3985 3944 3965 4004 3715 4145 3865 3977 3669 4321 4119 3929 3994 3710 4369 4020 4073 3888 4057 3591 4250 4087 3743 4072 4132 3928 3976 4226 4057 3982 4416 3839 3975 4219 3919 4173 3777 4215 4080 3924 3805 3644 3896 3318 3738 4085 4069 3874 3871 3888 3981 4242 3924 3752 4021 3503 4263 3858 3614 3903 3946 4050 3719 3466 3576 3988 3656 3637 3765 4074 3977 4168 4109 3809 4009 3684 4030 3858 3965 4103 3982 4165 4174 4028 3870 3922 4163 3972 3671 3585 4018 3608 3971 4017 4188 3758 3640 4178 3759 4151 
4152 3798 3688 3801 4010 3881 4347 4078 4114 4006 3993 3948 3532 4012 3952 3623 3958 3649 4088 3925 3812 3962 3936 4279 4020 3663 3937 4155 4386 3931 4325 3856 3760 3801 3586 3902 3865 3982 3650 4011 4007 4132 3940 3878 3577 3621 3595 3757 4053 4146 4046 3760 3982 3785 3838 3827 3500 3763 3784 4082 4199 3994 4109 4098 3954 4332 4008 3848 4405 3875 3766 3792 3843 3958 3791 3717 4204 3486 3635 4011 3869 3808 4419 3943 3821 3796 4042 3926 3818 3956 3976 4211 3634 4220 3956 3914 4039 3761 4134 3676 3760 4081 4133 4083 3760 4120 3727 4215 3662 4643 3865 4108 3852 3812 4367 4086 3898 4038 3848 3736 4277 3821 3790 4289 3955 3903 3730 4487 4106 3999 4215 3906 4096 3934 3744 3853 3799 4093 4054 3973 3951 3625 3805 3529 3689 3860 4117 3870 3938 4288 4040 4312 3953 3798 4018 3537 4206 3826 3663 3976 3949 3951 3725 3700 3594 3936 3739 3523 3735 4430 3935 4235 4011 3913 4220 3762 4232 3746 3455 3964 3746 3790 3851 4208 3935 4126 4112 4125 3406 3688 4230 3738 3911 4246 4148 3988 3756 4008 4017 4246 
3797 3525 3461 3627 3548 3670 3999 4100 3922 3684 3576 3879 3364 3806 3578 3458 3755 3385 3880 3777 3535 3706 3733 4163 3711 3575 3766 3792 4010 3700 3810 3776 3713 3481 3555 3613 3592 3376 3301 3723 4038 3839 3797 3485 3567 3418 3439 3405 3903 3897 3712 3521 3804 3600 3579 3707 3377 3394 3604 3945 3795 3485 3880 3813 3588 3827 3779 3562 3947 3593 3356 3700 3950 3788 3554 3621 4052 3344 3376 3666 3813 3731 4041 3664 3609 3728 3793 3601 3490 3801 3651 3828 3486 4006 3821 3663 3980 3608 3913 3408 3789 3899 3720 3551 3461 3689 3693 3772 3432 4384 3808 3741 3718 3593 3943 3816 3447 3809 3785 3269 4262 3735 3687 3888 3836 3736 3666 4026 3716 3553 3925 3548 3799 3795 3624 3803 3545 3948 3794 3940 3672 3538 3602 3276 3720 3820 3916 3729 3703 3767 3702 4020 3761 3707 3974 3463 3876 3737 3489 3855 3743 3710 3438 3723 3469 3970 3421 3356 3702 4038 3716 3895 3706 3888 3899 3526 3803 3566 3571 3682 3559 3837 3640 3902 3783 3852 3887 3871 3526 3392 3999 3425 3571 3816 4100 3594 3538 3721 3694 3955 
3797 3838 3674 3823 3763 3814 4153 4215 4080 4035 3709 4159 3811 4130 3851 3736 3935 3815 3850 3918 3679 4139 3806 4064 3888 3660 3883 4175 4239 4041 3947 4035 4077 3675 3637 3869 4009 3603 3658 3975 3980 4119 3972 3748 3966 3544 3668 3986 3856 4012 3974 3621 4101 3817 3850 3906 3508 3699 3674 4155 3989 3657 3978 4189 3965 4248 4037 4024 4407 3689 4004 3842 4005 4072 3523 3616 4386 3795 3646 4201 3856 4028 4377 3721 3813 4206 3911 3781 3797 4145 3821 4001 3936 4327 4070 3922 3939 3890 4032 3776 3633 4084 3936 3911 4053 3992 4111 3968 3757 4719 4100 4016 3748 3879 4099 3964 3936 3936 3768 3595 4200 4039 3812 4052 3845 4086 3803 4343 3974 3864 4112 3887 3876 4069 3872 4140 3960 3913 3918 3844 4001 3897 4024 3379 3980 3964 4076 3788 3892 3908 4053 4164 4053 3626 4196 3650 4246 3884 3793 3973 3961 3886 3577 3894 3822 4010 3710 3633 3800 4155 3807 3835 3985 3961 4338 3586 4330 3670 3844 3988 3972 3968 4000 4186 4089 4066 4194 4128 3720 3792 4144 3688 3938 4208 4073 3911 3918 4045 3794 4007 
4393 4205 4072 4241 4288 4068 4611 4861 4476 4173 4385 4657 3979 4528 4289 3988 4325 4091 4390 4351 4443 4359 4456 4634 4346 4211 4376 4509 4776 4359 4461 4401 4394 4070 3996 4304 4353 4093 4041 4411 4288 4434 4261 4466 4289 3932 4241 4171 4436 4523 4368 3985 4481 4232 4307 4191 3909 4081 4144 4618 4523 4080 4520 4544 4261 4547 4565 4291 4913 4151 4060 4311 4491 4504 4110 4261 4774 4041 4105 4435 4530 4433 4734 4030 4310 4599 4435 4143 4054 4430 4270 4685 4224 4711 4264 4233 4450 4381 4509 4318 4419 4451 4492 4315 4134 4813 4409 4422 3962 4876 4531 4592 4269 4263 4747 4426 4375 4312 4489 4228 4723 4367 4255 4674 4236 4560 4162 4747 4692 4374 4844 4234 4746 4507 4181 4479 4256 4575 4430 4654 4202 4203 4397 3975 4323 4533 4491 4289 4206 4381 4628 4778 4440 4260 4585 4033 4804 4432 4041 4573 4256 4473 4022 4107 3915 4421 4063 3928 4371 4553 4302 4495 4412 4547 4456 4016 4559 4111 4369 4468 4392 4541 4287 4506 4683 4567 4638 4588 4182 4107 4686 4121 4601 4879 4656 4315 4128 4741 4267 4413 
4516 4511 4136 4503 4161 4266 4920 4784 4822 4653 4516 4670 3874 4664 4607 4054 4416 4157 4539 4462 4419 4224 4709 4704 4539 4293 4301 4807 4911 4471 4877 4711 4406 4456 4391 4557 4222 4341 4247 4593 4604 4675 4503 4409 4335 4117 4417 4457 4827 4596 4407 4044 4756 4389 4556 4402 4168 4337 4402 4745 4599 4314 4632 4918 4361 4819 4567 4307 4918 4332 4385 4431 4451 4602 4221 4318 4755 4227 4086 4514 4504 4358 4880 4423 4654 4616 4552 4384 4130 4574 4414 4804 4523 4800 4548 4313 4389 4272 4636 4187 4553 4566 4496 4270 4532 4824 4620 4750 4106 5111 4495 4899 4290 4413 4629 4633 4486 4448 4382 4330 5146 4556 4543 4766 4516 4568 4392 4894 4496 4522 4865 4357 4370 4565 4371 4924 4387 4665 4760 4675 4409 4369 4606 3959 4285 4592 4354 4552 4528 4604 4702 4813 4311 4221 4940 4176 4678 4425 4362 4904 4605 4604 4277 4193 3968 4819 4148 4291 4465 4728 4341 4694 4460 4673 4772 4261 4551 4475 4158 4625 4312 4721 4359 4774 4456 4732 4766 4595 4349 4157 4760 4282 4555 4714 4863 4477 4570 4695 4336 4896 
4173 4180 4065 4023 4256 4284 4536 4658 4502 4215 4440 4478 3835 4572 4290 4006 4021 3878 4228 4250 4198 4244 4251 4333 4353 4102 4119 4725 4779 4155 4388 4504 4241 3999 4038 4034 4009 4066 3981 4617 4268 4352 4284 4311 3980 4003 4038 4369 4264 4379 4137 3810 4184 4085 4103 4251 3865 4255 4099 4139 4288 4215 4343 4405 4275 4413 4458 4223 4533 3934 4358 4111 4166 4213 4087 4180 4721 3984 3922 4264 4329 4344 4823 3979 4387 4328 4223 4173 4022 4391 4257 4537 3958 4620 4079 4124 4179 3917 4388 4191 4142 4250 4309 4277 4206 4483 4510 4336 4120 4781 4239 4340 4167 3944 4442 4308 4007 4393 4114 3889 4505 4283 4198 4537 4212 4485 4271 4548 4258 4248 4643 4051 4284 4275 4205 4412 4060 4288 4411 4354 4101 4071 4385 3808 4264 4316 4516 4377 4273 4165 4364 4565 4203 3816 4445 3964 4676 4192 4144 4385 4206 4452 3988 4007 3753 4477 3948 4136 3941 4406 3837 4512 4242 4318 4444 4277 4184 3932 4208 4151 4275 4378 4474 4565 4653 4344 4431 4524 4073 3855 4260 4043 4385 4408 4580 4258 4477 4451 4226 4504 
4743 4362 4335 4458 4406 4406 4968 4970 4819 4474 4478 4741 4040 4554 4540 4073 4325 4101 4533 4487 4388 4482 4536 4809 4395 4174 4507 4570 4601 4553 4558 4621 4225 4360 4090 4605 4459 4185 4159 4669 4739 4621 4447 4365 4259 4368 4419 4168 4776 4411 4393 3974 4587 4443 4266 4574 4223 4254 4342 4372 4481 4456 4571 4612 4273 4658 4309 4713 4922 4552 4243 4394 4585 4527 4452 4156 4915 4024 4015 4460 4502 4335 4914 4445 4541 4767 4526 4160 4290 4612 4329 4723 4389 4840 4481 4467 4449 4294 4831 4550 4097 4693 4749 4369 4382 4643 4761 4873 4475 5280 4556 4727 4766 4412 4681 4789 4263 4639 4371 4126 5105 4688 4450 4580 4534 4654 4422 5040 4690 4556 4965 4299 4447 4632 4521 4524 4459 4660 4502 4740 4452 4194 4592 4223 4280 4445 4448 4641 4647 4730 4805 4797 4454 4134 4622 3986 4802 4392 4346 4790 4412 4643 4243 4067 4004 4758 4279 4311 4574 4620 4478 4800 4658 4634 4515 4208 4475 3965 4163 4439 4482 4738 4825 4639 4782 4460 4713 4894 4189 3965 4638 4380 4568 4894 4909 4536 4227 4707 4393 4900 
4070 3953 3707 3937 3953 3911 4234 4239 4123 4066 4108 4107 3673 4041 3702 3663 4219 3692 4262 3878 3717 4233 4052 4106 4008 3583 4013 4063 4355 3973 4168 4245 3825 3966 3821 4046 3731 3814 3596 4159 3779 4276 3778 3904 4049 3643 3824 3660 3868 3996 3813 3587 3898 4051 3734 3822 3470 3961 3977 4269 4156 3633 3922 4154 4182 4310 4137 3997 4421 3992 3633 3875 3965 3904 3811 3791 4283 3721 3765 4069 4143 4041 4207 3943 3826 4163 4066 3942 3954 3891 3964 4342 3784 4306 3954 3882 3926 3709 4050 3898 3986 4147 4132 3951 3875 4092 4123 4097 3768 4639 4255 4113 3921 3784 4256 4077 4192 3928 3977 3877 4349 4092 3760 4074 4025 4129 3882 4280 4042 3882 4462 3800 3966 3923 3598 4160 3603 4167 4238 4139 3983 3812 4109 3500 3880 4087 4098 4031 4014 4085 4170 4421 4049 3925 4244 3795 4394 3854 3615 4144 4102 3878 3811 3807 3547 4109 3797 3560 3780 4218 3878 4302 4161 3952 4015 3657 4237 3757 3728 4240 3907 4124 4101 4082 4041 3957 4166 4036 3681 3780 4371 3728 4013 4484 4175 3718 3909 4015 3895 4015 
3685 3530 3292 3478 3558 3388 3848 3580 3535 3487 3535 3683 3171 3664 3474 3097 3706 3023 3531 3541 3428 3472 3526 3664 3547 3277 3622 3663 4053 3417 3736 3579 3424 3301 3256 3480 3231 3503 3367 3632 3301 3516 3528 3613 3315 3188 3271 3568 3398 3739 3461 3240 3634 3541 3369 3266 3324 3356 3369 3714 3691 3318 3717 3779 3439 3645 3636 3515 3780 3451 3138 3411 3593 3604 3131 3251 3813 3480 3589 3682 3478 3453 3749 3068 3577 3497 3453 3415 3388 3703 3549 3949 3487 3765 3691 3416 3714 3339 3685 3383 3740 3372 3672 3620 3483 3792 3473 3696 3199 4019 3556 3614 3215 3467 3808 3407 3742 3427 3524 3313 3823 3586 3380 3719 3469 3622 3356 3995 3521 3296 3818 3398 3590 3477 3279 3801 3492 3474 3631 3593 3495 3291 3601 3198 3455 3586 3671 3237 3674 3875 3546 3840 3753 3328 3644 3384 3679 3321 3300 3743 3516 3594 3482 3266 3234 3533 3302 3286 3295 3598 3319 3546 3684 3479 3845 3210 3560 3383 3143 3710 3369 3526 3509 3550 3635 3680 3791 3765 3216 3428 3737 3108 3729 4013 3621 3491 3329 3834 3432 3835 
4340 4249 3985 3927 4029 4175 4581 4753 4368 4396 4199 4336 3854 4322 4344 3698 4290 3781 4101 4313 4072 4033 4261 4486 4369 4102 4103 4449 4661 4218 4302 4290 4226 3975 4099 4188 4284 4061 3793 4429 4159 4246 4119 4198 4177 4072 3932 4207 4349 4365 4033 3931 4282 4069 4182 4300 3738 4055 4025 4280 4227 3945 4245 4535 4196 4378 4407 4232 4622 4003 4090 4268 4320 4059 3910 4068 4349 3774 3956 4325 4518 4232 4585 3846 4318 4536 4327 4201 4118 4497 4046 4571 4158 4766 4322 3917 4184 4020 4294 4197 4135 4374 4360 4374 4085 4470 4298 4157 4116 4655 4178 4527 4139 3848 4564 4351 4057 4182 4141 3917 4589 4348 4033 4319 4261 4402 4066 4696 4355 4203 4482 3952 4412 4151 3977 4679 4099 4213 4341 4267 4231 4113 4318 3584 4104 4275 4075 4163 4364 4267 4350 4640 4390 3954 4441 3817 4381 4046 3945 4321 4343 4152 3906 4095 3777 4485 3952 3865 3988 4486 4242 4425 4451 4174 4323 4062 4460 4219 3903 4427 4139 4287 4379 4356 4661 4207 4411 4502 4056 4104 4326 3898 4478 4550 4325 4142 4209 4467 4092 4563 
4140 4017 3852 4235 3812 3917 4525 4308 4240 4137 4076 4481 3723 4172 3839 3735 4080 3763 4040 3885 3912 4219 4200 4310 4060 3932 3742 4270 4388 4065 4194 4168 3872 4176 3933 4055 3963 3862 3666 4195 3959 4121 4029 4006 4027 3824 3927 3920 4486 4214 4026 4048 4188 4035 3853 3594 3906 3781 3763 4249 4082 3930 4187 4457 3773 4280 4154 4160 4378 3891 4044 4038 4184 4163 3654 3953 4340 3910 3768 4106 4176 4081 4462 3818 4131 4229 4194 3778 3902 4246 4289 4431 3988 4377 4059 3847 3980 4016 4016 4065 4090 4311 4061 3928 4235 4170 4120 4283 3774 4676 4057 4137 3876 3873 4305 4295 4167 4218 3925 3873 4544 4003 3924 4163 4013 4013 3788 4507 4224 4023 4323 3869 3959 4068 3728 4224 4182 4249 4397 3955 3978 3972 4083 3719 3916 3915 4192 3854 3979 4028 4208 4396 4117 3926 4080 3700 4257 3796 3926 4206 3900 4304 3709 3985 3685 4225 3735 3710 3908 4117 3852 3989 3956 3957 4273 3763 4236 3873 3687 4022 4046 4244 4483 4102 4185 4132 4236 4333 3765 3709 4220 3966 3936 4307 4236 4105 3929 4393 4217 4302 
3916 3605 3630 3512 3646 3788 4177 4168 4081 3954 3790 4177 3320 3821 3739 3329 3720 3628 3813 3827 3707 3955 3669 4030 3413 3652 3627 4052 4070 3623 3844 3924 3905 3888 3662 3707 3731 3449 3466 3850 3688 3680 3797 3722 3646 3718 3640 3942 3866 3920 3709 3723 3785 3618 3800 3567 3675 3707 3787 3963 3950 3605 3847 4025 3850 3989 4047 3719 4084 3889 3758 3822 3901 3832 3348 3664 4137 3827 3567 3911 3877 3695 4137 3587 3815 4116 3749 3646 3718 3878 3652 4181 3895 4031 3803 3954 3795 3792 4120 3442 3752 3796 3914 3606 3711 3656 3826 4100 3509 4448 3890 3977 3780 3679 3909 3962 3646 3910 3850 3768 4214 3672 3585 4158 3849 3814 3885 4173 4191 3747 4137 3620 3643 4104 3509 3875 3810 4040 3850 3870 3676 3645 3779 3371 3850 3769 3754 3870 3976 3837 3984 4373 3968 3775 4024 3631 4204 3680 3447 4116 3983 3793 3746 3322 3438 4284 3525 3593 3738 3804 3672 4123 4085 3629 3997 3638 3976 3812 3686 3896 3874 3891 3804 4041 3963 3634 3892 4010 3554 3387 4082 3785 3865 4164 3858 3758 3860 3896 3857 3999 
3791 3812 3679 3662 3897 3938 3880 4246 3839 3978 4005 3707 3369 4057 3884 3447 3849 3412 4049 3683 3753 3717 3887 3918 3858 3634 3694 3934 4263 3862 4109 3904 3752 3713 3599 3727 3603 3901 3373 3926 3722 3926 3804 3678 3520 3601 3599 3476 3984 3900 3800 3588 3889 3673 3701 3763 3328 3621 3596 3811 3935 3678 3927 4064 3904 4128 3948 3966 4055 3573 3595 3680 3925 3901 3591 3608 4253 3548 3562 3800 3776 3814 4246 3740 3812 4001 3910 3723 3739 3815 3729 3862 3612 4147 3820 3713 3925 3679 4038 3719 3817 3921 3865 3817 3601 3986 3755 3991 3572 4496 3894 4169 3676 3788 3970 3810 3669 3932 3872 3361 4119 3771 3736 3949 3800 3846 3648 4186 3973 3835 3978 3661 3926 3872 3546 3981 3490 3617 4025 3848 3697 3694 3767 3306 3679 3822 3920 3886 3771 3814 4038 3948 3913 3616 4013 3436 4079 4014 3498 3844 3893 3792 3647 3741 3239 4091 3638 3281 3472 3932 3858 4004 3882 3870 3982 3400 3781 3636 3527 3868 3548 3825 3729 3880 4017 3856 3772 3943 3394 3436 4015 3753 3955 4063 4011 3662 3669 3857 3993 3955 
4132 3983 3988 3918 4080 4030 4493 4326 4350 4080 4038 4405 3602 4264 4153 3960 3962 3661 4154 4229 3913 4174 4248 4305 4152 3913 3899 4463 4455 3983 4303 4293 4112 4016 3899 4023 3968 3917 3893 4341 4112 4098 4117 4259 4137 3722 4015 3905 4415 4178 4256 3977 4306 4074 4071 4033 4030 3905 4184 4304 4299 4077 4317 4361 4116 4416 4339 4153 4571 3977 3934 4282 4096 4194 3900 4080 4464 3777 4054 4068 4277 4055 4514 4038 4185 4340 4108 4039 4045 4482 3992 4242 4037 4524 4115 4232 4261 4240 4129 4047 4028 3986 4203 4229 4099 4285 4151 4595 3947 4691 4426 4314 4023 3962 4476 4180 4214 4112 4219 3877 4494 4178 3939 4358 4146 4286 4051 4500 4261 4037 4550 4045 3917 4291 3943 4334 3831 4198 4251 4290 4088 4132 4279 3802 4332 4116 4117 4188 4354 4304 4213 4503 4395 3949 4453 3708 4305 3854 4010 4477 4274 4319 3729 3886 3707 4302 3859 3771 4238 4409 3826 4436 4321 4242 4333 3838 4135 3896 3937 4137 4037 4336 4020 4416 4249 4111 4336 4455 3845 3787 4181 3900 4103 4716 4416 4108 3994 4285 4107 4185 
4248 4363 4020 3913 3983 4160 4557 4596 4602 4300 4115 4370 3515 4204 4206 3851 4236 3863 4239 4281 4121 4203 4215 4277 4203 3887 4034 4363 4553 4164 4127 4077 3994 4437 3970 4042 3966 4179 3978 4197 4353 4197 4035 4068 3817 4077 3916 3978 4458 4343 3792 3906 4090 3843 4103 4207 3731 3794 4027 4024 4046 3877 4319 4157 4257 4130 4394 4140 4589 4016 3822 4197 4419 3907 3859 3943 4387 3840 4099 4072 3898 4021 4414 4061 4231 4499 4283 3943 4185 4332 4169 4362 3718 4322 4185 4136 4250 4110 4170 3913 3903 4331 4344 4136 4005 4276 4159 4449 3930 4778 4252 4061 4100 4239 4491 4251 4190 4105 4266 3680 4361 4256 3942 4329 4233 4009 4058 4397 4150 3956 4536 4056 4044 3975 4124 4268 3939 4040 4271 4275 4134 4105 4181 3674 3954 4221 4133 4310 4165 4229 4234 4447 4242 3982 4426 3920 4263 4204 3901 4280 4123 4177 4045 3850 3731 4111 3808 3888 3937 4288 4159 4239 4420 3948 4216 3868 4154 3823 3880 4321 4004 4447 3969 4345 4374 4102 4120 4426 3596 3800 4200 3745 4041 4354 4271 3956 3965 4405 4168 4376 
4375 3972 3915 4124 4079 4010 4351 4254 4602 4051 4226 4446 3595 4019 4059 3542 4022 3817 4008 4026 4164 3882 4280 4245 4083 4045 4053 4154 4445 4050 4239 4246 4123 4284 3958 3961 3808 3789 3949 4267 3925 4174 4046 3711 3976 4127 3972 4049 4308 4180 4055 3942 4121 3887 4137 4053 3628 3907 3983 4312 4125 4039 4180 4275 4176 4305 4401 4415 4465 3913 3831 3976 4232 3890 3979 3884 4425 4026 3783 4318 4072 4164 4442 3905 4141 4313 4247 3986 3806 4284 4162 4526 4039 4454 4208 3888 4079 4081 4303 3912 4147 4249 4050 3974 3970 4245 4242 4082 3767 4798 4188 4357 4103 4147 4411 4449 4032 3997 3885 3881 4417 4054 3961 4306 4321 4318 4119 4345 4187 4088 4313 3957 3957 4114 3878 4221 3795 4295 4214 4151 4117 4010 4021 3509 4064 4248 4080 4218 4297 4119 4046 4366 4177 3901 4130 3790 4650 4058 3803 4336 4160 4048 3920 3795 3646 4468 3840 3838 3763 4435 4114 4318 4331 3921 4381 4108 4231 4133 3691 4234 4064 4399 4219 4188 4219 4160 4225 4205 3520 3894 4379 3832 4184 4307 4121 4103 4172 4310 4080 4297 
4204 4007 4033 4253 3829 4042 4186 4439 4518 4126 4009 4289 3692 4086 4141 3873 4163 3607 4152 4225 3942 3968 4431 4260 4022 3924 3920 4120 4494 4016 4156 4077 4206 3863 3805 3984 3937 3855 3707 4449 4137 4028 4187 3964 4087 3853 3743 4001 4204 4201 4047 3755 4114 3922 3942 3931 3690 3677 3978 4072 3937 4009 4328 4122 4305 4219 4391 4177 4410 4021 3604 4146 4127 3888 4062 3777 4364 3993 3791 4056 4114 3932 4431 3829 4148 4340 4155 3844 3878 4131 4318 4269 3887 4251 4138 3899 4281 3998 4290 3966 4010 4279 4305 4118 4058 4215 4084 4283 3549 4750 4095 3985 4187 4078 4154 4240 4162 4018 4023 3837 4485 4173 3961 4025 4055 4149 3980 4529 4275 3928 4422 3924 4044 4163 4013 4246 3946 4170 4100 4279 3931 3905 4296 3700 3889 3982 4151 4239 4090 4100 4114 4485 4078 3803 4407 3660 4283 3788 3774 4197 3990 4016 3964 3849 3640 4203 3846 3671 3954 4197 3988 4248 4310 4238 4101 3838 4112 3990 3748 4111 3984 4415 4041 4452 4273 4130 4247 4311 3603 3710 4248 4005 4205 4255 4484 4017 4093 4234 3954 4319 
4318 4080 3793 3883 3883 4010 4142 4509 4098 4125 3852 4400 3604 4080 4173 3821 4014 3700 4058 4077 4020 4057 4013 4288 4014 3796 3869 4094 4360 3897 4080 4144 4084 4003 3707 3888 3659 3856 3772 4177 3979 4147 3990 3966 3875 3680 3696 4036 4170 4056 4068 3866 3923 3858 4109 3832 3799 3929 3747 4022 4077 3836 4131 4123 3780 4341 4266 4115 4393 3959 3839 3817 4019 3936 3662 3848 4369 3658 3728 4011 4082 3954 4357 3787 3878 4182 4131 3941 3808 3973 3981 4291 3977 4448 4090 3809 3948 3927 4121 4047 4034 4209 4271 4032 3784 4114 3907 3963 3719 4699 4133 3971 4032 3654 4145 4020 3978 4056 4115 3878 4208 4284 3778 4090 3812 4314 3798 4503 4046 4021 4269 4104 4070 4076 3920 3974 3836 4238 4196 4010 4147 3800 3871 3555 3888 3917 4031 4039 3855 3948 4175 4281 4026 3868 4040 3727 4161 3969 3508 4066 4065 4045 3642 3578 3531 4207 3775 3714 3725 4284 3888 4376 4138 3870 4102 3843 3972 3882 3824 4051 3832 4085 4463 4386 4346 3961 4335 4327 3731 3708 4135 3834 4041 4293 4119 3912 3992 4053 4158 4403 
4081 3938 3913 3869 3917 4020 4276 4205 4279 4079 3947 4277 3383 3898 3927 3727 3997 3690 4021 4010 4007 4091 4243 4120 4016 3763 3945 4088 4302 3881 3892 4170 4156 4128 3940 3966 3712 3823 3837 4196 3823 4000 3901 3981 3929 3704 3787 3730 4153 4220 3850 3648 3883 3949 3987 3796 3705 3849 3770 4137 4139 3944 4017 4158 4042 4245 4226 4019 4440 3776 3590 3957 4117 3851 3777 3746 4168 3460 3818 4081 4077 3974 4445 3578 3945 4260 4100 3867 3992 4272 3939 4267 4011 4338 3916 4096 3834 3888 4064 3963 4001 4028 3930 4103 3734 4360 3999 4352 3859 4417 4186 4290 3923 3975 4241 4160 4149 3998 3944 3683 4185 4305 3807 4334 3881 4187 3937 4392 4037 3947 4372 3812 4065 4212 3568 4183 3820 4406 4218 3989 3967 3771 3991 3573 3971 4006 4129 4032 4137 3892 4168 4400 4340 3761 4067 3759 4073 3783 3728 4109 3953 4117 3991 3668 3633 4017 3828 3954 3844 4172 4026 4229 4060 3906 3966 3855 3948 3685 3865 4084 3913 3978 4069 4097 4301 3999 4321 4159 3698 3780 4135 3961 4148 4310 4149 3989 3708 4180 3818 4157 
3686 3686 3610 3602 3763 3896 4139 4043 4086 3952 3931 3923 3414 3900 3672 3555 3738 3498 3779 3751 3622 3505 3809 3978 3767 3403 3617 4080 3893 3915 4009 3911 3702 3726 3644 3657 3695 3447 3466 4141 3697 3980 3723 3952 3784 3456 3812 3591 4042 3747 3859 3638 3896 3746 3882 3695 3453 3548 3603 3696 4244 3896 3861 3929 3881 3968 4011 4025 4241 3568 3885 3715 3845 3826 3568 3545 4013 3663 3379 3745 4082 3848 4252 3504 3986 4107 3910 3700 3548 3928 3826 3905 3779 4406 3771 3831 3757 3730 3958 3789 3599 3865 3915 3763 3763 4078 3779 4272 3700 4485 3932 3976 3879 3790 3960 3892 3841 3909 3876 3757 4369 3870 3726 3895 3810 4069 3543 3965 4135 3951 4159 3841 3681 3813 3630 3804 3607 4019 4032 3852 3744 3782 4053 3416 3561 3638 3835 3880 3907 3780 4071 4093 3865 3736 3986 3415 4084 3611 3574 3900 3927 3840 3617 3709 3599 4244 3750 3570 3856 4098 3874 4127 3888 3885 3854 3607 3667 3617 3527 3676 3877 3917 4020 4019 3898 3641 3904 3995 3775 3329 3884 3718 3940 4198 3930 3782 3748 4003 3693 4194 
4231 3968 3568 3769 3859 3934 4140 4096 3968 4089 4112 4108 3658 4196 3768 3720 4065 3583 4047 3995 3785 3860 3751 4078 3967 3768 3687 4309 4322 3822 3995 4021 3819 3975 3804 3709 3844 3468 3537 4046 3943 4050 3913 3954 3962 3793 3643 4025 4011 3850 3858 3659 4192 3802 3712 3756 3618 3675 3771 3994 3896 3847 4102 4339 3994 4185 3967 4037 4544 3763 3756 4040 3991 3950 3657 3804 4247 3720 3846 3915 4055 3762 4246 3789 4045 4235 4049 3845 3685 3932 3911 4252 3946 4390 3601 3828 4030 4032 3914 3658 3930 4008 3922 3977 3743 3880 3976 3832 3873 4552 3945 4063 3869 3715 4064 4085 4138 4036 3927 3754 4325 4034 3640 3889 3936 4057 3732 4197 4126 3899 4203 3991 3977 4003 3695 4101 3928 4185 4077 4024 3866 3781 4064 3268 3833 3921 4048 3945 4001 3775 4017 4356 3805 3853 3919 3555 4140 3780 3682 4216 3941 3883 3679 3842 3758 4256 3594 3613 3870 4122 3936 4043 4074 3841 4151 3778 3999 3973 3974 4222 4112 4111 4051 4088 4093 3948 4154 4025 3581 3751 4076 3695 3922 4248 4302 3831 3781 4074 4044 4087 
4004 4090 3916 3961 4131 4028 4486 4396 4217 4022 4217 4345 3437 4197 4096 3842 4000 3684 4065 4270 3888 3970 4016 3986 4220 3825 3863 4503 4375 3929 4380 4161 4086 3888 3732 3868 4094 4027 3740 3996 3845 4177 3962 3878 3901 4039 3651 4145 4349 4036 3967 4067 4102 4026 3929 3955 3764 3900 3852 4210 4148 3806 4077 4288 3899 4332 4366 3892 4415 3882 3812 3836 4143 4153 3678 4009 4396 3923 3916 3894 4025 4219 4294 3887 4121 4000 4065 3834 4061 4243 3834 4271 3814 4349 4046 3759 4139 3805 4213 4006 4035 4113 3960 4170 3618 4088 4082 4075 3792 4801 4061 4212 4126 4079 4447 4259 4119 4132 4099 3669 4705 3987 4088 4305 4128 4042 3875 4324 4224 3906 4473 3824 4025 4023 4009 4041 3858 4039 4282 4174 3960 4014 4102 3702 3929 4003 4042 3909 3824 4004 4249 4511 4024 3822 4188 3621 4300 3898 4075 4388 3863 4150 3846 3886 3442 4138 3854 3759 3855 4096 3790 4272 4106 4047 4286 3705 4263 3713 3608 4041 3928 4179 4221 4110 4373 4063 3951 4140 3651 3780 4309 3729 4128 4460 4271 3697 3985 4240 4240 4199 
3900 3715 3529 3617 3425 3693 4184 4060 3938 3676 3857 3942 3605 3753 3806 3524 3681 3466 3675 3814 3628 3807 3768 3905 3745 3534 3802 3988 4168 3805 4026 3975 3603 3585 3658 4082 3645 3633 3347 4128 3795 3974 3592 3806 3683 3885 3609 3557 3918 3704 3809 3424 3910 3895 3737 3521 3589 3602 3491 3809 3502 3698 4165 4018 3898 4007 3722 3788 4117 3787 3662 4025 3716 3764 3474 3534 4104 3498 3701 3754 3761 3844 4212 3764 3689 3884 3767 3753 3814 3977 3713 4049 3757 3982 3774 3674 3678 3818 3944 3752 3861 3781 3753 3821 3609 3841 3698 3909 3643 4304 3700 3908 3582 3441 3813 3866 3750 3782 3776 3385 4016 3674 3488 3785 3768 3764 3652 4067 3977 3775 4238 3457 3752 3717 3717 3894 3586 3801 3841 3912 3838 3609 3803 3312 3686 3829 3796 3682 3920 3951 3974 4252 3940 3788 3951 3344 3821 3729 3651 3804 4030 3858 3536 3420 3331 3862 3485 3275 3519 4044 3499 3937 3808 3962 3723 3606 4088 3517 3389 3770 3672 4043 4030 4035 3928 3678 3911 4044 3485 3395 3985 3635 3847 4329 4115 3587 3735 3897 3857 4034 
3971 3891 3888 3976 3970 3831 4382 4573 4048 3966 4227 4300 3578 4113 4167 3853 4124 3871 3980 4004 4003 4049 4065 4344 4059 3718 3897 4175 4356 3792 4379 4235 4067 3962 4110 3832 4113 3740 3860 4046 3864 4103 3837 4017 3800 3853 3791 4097 4264 4013 3975 3873 4208 4032 4041 4016 3885 3965 3837 4072 4385 3932 4143 4126 3889 4144 4095 3944 4383 3892 4083 3951 4028 4061 3576 3667 4237 3882 3808 4028 4219 4088 4366 3818 4053 4190 3894 3736 3864 4317 3980 4460 4145 4408 3978 3995 3979 3687 4367 4085 3894 4018 4267 4180 3971 4238 4023 4260 3910 4479 4068 4143 4026 3960 4219 4140 4092 4125 4019 3932 4477 4054 3784 4113 3849 4137 3895 4188 4138 4298 4063 4004 4078 3968 3833 4066 3964 4090 4317 4250 3941 3915 4243 3610 3872 4120 3979 4080 4041 4063 4129 4435 4051 3679 4254 3749 4372 3866 3952 4155 3823 4192 3814 4001 3484 4158 3753 3964 3925 4242 3731 4370 4155 3944 4265 3948 4027 3707 3916 3927 4021 4123 4116 4202 4283 4033 4257 4230 3700 3770 4231 3533 4134 4442 4233 3883 3982 4260 4161 4364 
4085 4061 3929 3937 3997 4107 4326 4369 4410 3813 4232 4123 3670 4124 3983 3761 4043 3832 4170 4025 4104 4040 3961 4285 4063 3990 3638 4427 4546 4004 4371 4229 3991 4031 3936 3969 3903 3864 3800 4329 3985 4283 3937 4066 3823 3863 3835 3884 4361 4293 3934 3766 4212 4001 4012 4066 3789 3797 3939 3973 4239 3735 4200 4067 3823 4156 4096 4132 4553 4102 3849 3845 4116 4191 3911 3768 4297 3862 3812 3990 4089 3975 4502 4110 4274 4267 4060 3960 3908 4164 3898 4447 3902 4208 3935 4007 4163 3944 4135 3798 4024 4434 4183 4215 3894 4347 4157 4273 3875 4765 4280 4449 4290 4124 4269 4168 4157 4189 4003 3809 4410 4150 4044 4498 4191 4161 4185 4296 4245 4170 4458 3854 4247 3821 4058 4019 3819 3992 4086 4275 3968 3930 4324 3646 4096 3840 4104 4017 4222 4082 4523 4432 4191 3729 4178 3823 4356 3915 3964 4067 3801 4096 3845 3777 3742 4119 3835 3970 3880 4159 3966 4332 4263 4207 4390 4048 4064 3863 3920 4105 4119 4144 4349 4257 4466 3980 3979 4250 3802 3925 4226 3842 4150 4438 4246 3895 3817 4200 4283 4296 
3897 3798 3746 3531 3905 3904 4134 4135 3994 3632 3761 3934 3516 3778 3671 3627 3726 3631 3847 3698 3890 3664 3722 4057 3737 3407 3710 4031 4252 3646 3835 3795 3811 3683 3416 3831 3458 3805 3571 3902 3831 3866 3691 3703 3511 3549 3824 3701 3869 3821 3765 3630 3844 3847 3781 3870 3276 3581 3635 3719 3695 3739 4059 3928 3777 3925 3887 3875 4292 3467 3756 3764 3919 3696 3388 3655 4023 3314 3463 3759 3841 3749 4029 3517 3930 3973 3777 3725 3493 3937 3596 4136 3716 4118 3727 3548 3760 3763 3959 3672 3703 4079 3897 3627 3653 3896 3797 3879 3470 4292 3878 3778 3800 3818 4019 3940 3769 3851 3829 3477 4022 3932 3906 3985 3767 3848 3667 4149 3836 3845 3982 3749 3757 3638 3746 3676 3521 3641 3803 3934 3709 3685 3599 3274 3768 3936 3831 3992 3715 3851 3845 4213 3694 3431 4030 3496 4096 3946 3411 3789 3747 3825 3535 3416 3361 3852 3626 3419 3349 4129 3528 3737 3889 3925 3762 3512 3932 3524 3563 3733 3741 3933 3808 4144 3876 4094 3925 3901 3595 3463 3836 3459 3967 3975 3994 3790 3797 4059 3680 3992 
3979 3953 3655 3769 3786 3719 4096 4160 4077 3985 4003 4277 3403 4151 3847 3541 3853 3579 3791 3838 3865 4188 3813 4018 3728 3561 3926 4251 4009 3757 3901 4248 3921 3609 3708 3754 3888 3804 3593 4282 3802 4069 3823 3906 3629 3485 3631 3842 3655 3927 3788 3764 3828 3979 3749 3649 3631 3667 3797 3891 3938 3612 4066 4000 3769 4134 4150 3809 4313 3705 3726 3779 3903 3719 3659 3892 4030 3541 3693 4037 3982 3767 4272 3652 3749 3998 3919 3683 3756 4063 3929 4283 3563 4311 3834 3845 4099 3797 4055 3735 3942 3865 4190 3913 3661 3922 4067 4079 3828 4500 3963 3973 3810 3743 4111 3958 3897 3793 3549 3691 4372 4175 3819 3938 3821 3938 3810 4203 4069 3687 4104 3779 3927 4026 3837 4065 3846 4317 4279 4006 3854 3681 3986 3453 3731 3824 4055 3941 3960 3918 4181 4304 4008 3924 4202 3578 4160 3744 3707 3991 4022 3918 3655 3803 3679 3979 3592 3513 3892 4170 3611 4138 4082 3866 4106 3597 4111 3678 3774 3937 3642 3978 4142 4179 4215 3922 4135 4048 3802 3690 4051 3738 3923 4084 4086 3853 3686 4001 3931 4196 
4207 3958 3583 3866 3739 3758 4360 4348 3949 3785 4071 4289 3388 4091 3866 3691 3783 3511 3988 3920 3985 3953 4068 4167 4070 3682 3794 4150 4280 3875 3988 4063 3883 3859 3491 3932 3521 3715 3460 4266 3935 4016 4029 3821 3824 3789 3842 3782 3997 3966 3796 3706 4019 3860 4000 3844 3714 3794 3527 4140 3990 3788 4006 4231 3810 3954 3917 3693 4355 3857 3794 3833 3968 4073 3642 3835 4143 3613 3709 3969 3956 3895 4291 3884 4021 4117 4009 4039 3636 3961 3824 4326 3868 4267 4157 3831 4021 4019 4226 3797 3949 4021 4012 3982 3720 3943 3916 4084 3733 4493 4067 4293 3956 3869 4178 4196 4082 3807 3911 3489 4287 4221 3850 4059 3854 4014 3593 4163 4204 3810 4444 3569 3952 4056 3750 4280 3758 4007 4223 4215 3943 3773 3846 3517 3702 3900 3922 3973 3990 4008 4090 4258 4091 3745 4124 3685 4020 3930 3705 4093 4067 4330 3768 3986 3447 4184 3802 3577 3766 4201 3821 4191 3931 3874 4189 3630 4053 3867 3644 3716 3970 4268 3965 4103 3948 3947 4250 3910 3641 3533 4021 3688 4181 4309 4247 3898 3832 4295 3937 4003 
4583 4381 4263 4468 4453 4369 5137 4638 4701 4569 4521 4655 4018 4504 4426 3962 4284 4146 4618 4279 4323 4195 4467 4625 4633 4250 4293 4564 4688 4380 4761 4464 4365 4378 4187 4350 4257 4414 4118 4389 4246 4471 4395 4336 3994 4331 4393 4209 4561 4441 4371 4389 4547 4177 4189 4341 4077 4186 4398 4462 4502 4512 4635 4672 4477 4523 4464 4579 4817 4351 4362 4486 4437 4313 4224 4247 4848 4139 4043 4322 4349 4431 4912 4303 4640 4447 4646 4544 4349 4477 4368 4714 4242 4965 4402 4288 4396 4266 4394 4437 4276 4547 4490 4372 4109 4657 4362 4557 4142 5156 4682 4581 4379 4461 4731 4437 4493 4515 4219 4076 4865 4383 4300 4449 4241 4337 4305 4740 4625 4369 4809 4281 4339 4396 4266 4617 4362 4526 4522 4535 4459 4238 4483 3908 4295 4317 4324 4179 4164 4414 4759 4544 4205 4268 4588 3895 4577 4336 4176 4554 4441 4387 4098 4191 4014 4764 4051 4024 4105 4479 4017 4635 4574 4452 4504 4160 4524 4479 4052 4443 4288 4648 4346 4470 4523 4384 4548 4652 4016 4255 4604 4446 4428 4919 4608 4178 4224 4746 4463 4685 
4032 3826 3551 3806 3770 3862 4184 4246 4044 3862 3894 4255 3488 3945 3684 3492 3897 3719 4149 3811 3921 3813 4038 4060 4286 3598 3813 3866 3942 3752 4030 3940 3750 3941 3759 3863 3625 3667 3608 4147 3880 3977 3764 3794 3760 3663 3876 3716 3909 3861 3714 3473 3952 3792 3785 3724 3552 3578 3702 4056 4160 3873 3748 3902 3950 4240 4146 3981 4376 3755 3365 3990 4213 3756 3756 3571 4325 3511 3650 4099 3905 3825 4206 3844 3999 3958 4026 3709 3741 4016 3925 4049 3932 4268 3761 3848 3938 3816 3759 3694 4141 4004 4002 3807 3820 4080 3929 4123 3765 4492 4071 3946 3945 3853 4376 3981 4113 4021 3647 3363 4313 4222 3771 4223 3947 4014 3539 4074 4110 3781 4129 3879 3797 3736 3622 4127 3643 4071 4026 3796 3927 3729 3966 3299 3717 3980 3985 4072 3925 3850 4076 3947 3943 3716 4027 3569 4046 3787 3681 4071 3955 3792 3596 3640 3553 4065 3654 3556 3788 4176 3783 4046 3956 3863 3970 3495 4037 3612 3748 4153 3710 3994 4021 4167 4123 3908 3914 3950 3565 3747 4184 3599 4037 4270 3937 3756 3769 4179 3779 3892 
4121 3891 3788 3815 3758 3842 4191 4290 4140 3881 3837 4106 3576 3843 3808 3692 3830 3754 4131 3956 3950 4139 4185 4292 3839 3581 3584 4122 4303 3984 4308 4180 3971 3957 3498 3908 3797 3735 3792 4088 3937 4145 3964 3884 3843 3959 3873 3852 4136 4175 3842 3586 4038 3786 3983 3768 3523 3786 3999 4017 4092 3816 4099 4164 3942 3895 4353 4115 4366 3982 3423 4057 4059 3907 3796 3573 4291 3608 3665 4143 3979 3816 4325 3922 4122 4102 3813 3951 3864 4135 3814 4290 3924 4318 4023 3698 3929 3468 4279 3862 4353 3958 4009 3948 3697 4057 3879 4084 3748 4421 4029 4057 3864 3685 4147 4079 3825 4058 3992 3902 4292 4179 3816 4173 3918 4024 3844 4295 4115 4032 4320 3715 4015 4062 3850 4204 3684 4087 4073 4162 4050 3779 4041 3518 3844 4118 3838 3922 4058 4064 4170 4239 3906 3757 4006 3594 4008 3872 3770 4210 3918 3999 3602 3634 3364 3969 3794 3661 3856 4129 3886 4041 4125 3931 4113 3793 4133 3887 3707 3991 4000 4079 4148 3961 4148 3937 4274 4091 3873 3556 4127 3837 3856 4180 4220 3872 3941 3942 3865 4286 
4045 3790 3765 3821 4138 4029 4403 4362 4262 3985 4337 4213 3751 4300 4227 3759 4028 3841 4226 4077 4070 4019 3922 4207 4114 3990 3880 4433 4331 4180 4323 4425 4185 3935 3905 3800 4103 3736 3831 4217 4164 4375 3798 3967 3912 3805 3829 4018 4196 4058 3833 3769 4151 4097 3989 3852 3866 3896 3912 4278 4084 3791 4239 4435 4138 4089 4229 3960 4561 3857 3672 4027 4274 4259 3841 3849 4458 3812 3931 3969 4022 4125 4609 3870 4025 4188 3937 4110 3735 4294 3994 4416 3973 4300 4124 3947 3965 3965 3859 3851 4132 3981 4184 3933 3953 3976 4114 4142 4075 4748 4253 4226 3978 3750 4371 4299 4145 4044 4022 3828 4507 4009 3946 4195 4022 4276 3963 4260 4135 4150 4278 3991 4137 4080 3984 4406 3803 4233 4288 4160 4000 3911 4469 3630 3979 4187 3865 3990 4217 4011 4380 4320 4110 4072 4296 3613 4223 3849 3730 4437 4151 4219 3767 3787 3767 4245 3926 3846 3968 4541 4010 4354 4245 4233 4082 3958 4040 3765 3929 4131 4220 4554 4126 4439 4216 4080 4186 4326 3837 3555 4467 3774 4088 4309 4151 3987 4074 4243 3966 4428 
4334 4097 3794 4170 4044 4167 4602 4325 4638 4451 4230 4466 3829 4364 3997 3738 4086 3951 4220 4076 4157 4272 4193 4201 4083 4120 4009 4400 4428 4295 4283 4425 4163 3928 3895 4111 4176 4073 3730 4353 4263 4211 4171 4059 3978 3990 4162 4115 4423 4379 4094 4045 4217 4223 4280 3934 3878 4020 4032 4307 4153 4091 4447 4408 4193 4484 4428 4209 4713 4223 4083 4229 4292 4204 3842 4116 4610 4113 3776 4132 3962 4315 4644 4066 4104 4372 4191 4127 4072 4472 4122 4343 4313 4564 3954 4246 4307 4131 4351 4112 4411 4335 4341 3951 4069 4300 4175 4456 4033 4929 4314 4317 3967 4122 4326 4599 4095 4207 4085 3865 4642 4326 4144 4675 4089 4356 4074 4564 4419 4123 4447 4137 4178 4250 4080 4510 4085 4354 4212 4282 4404 4038 4284 3502 4162 4199 4216 4313 4219 4325 4632 4720 4108 4073 4280 3764 4410 4068 3955 4320 4301 4193 3794 3979 3911 4527 3916 3924 4172 4389 4116 4480 4273 4133 4375 4040 4156 3918 3947 4258 4119 4171 4358 4394 4465 4222 4585 4630 3931 3853 4300 4069 4253 4599 4340 4252 4158 4277 4324 4416 
3806 3747 3733 3809 3832 3780 4037 4226 3980 4003 4004 3942 3456 3907 3843 3872 3654 3586 3825 3883 3788 3707 3785 3793 3925 3617 3635 4069 4133 3849 3934 3788 3657 3816 3732 3804 3628 3654 3509 3998 3821 4146 3711 3793 3600 3554 3717 3575 3987 3880 3962 3497 3773 4065 3854 3656 3357 3729 3853 3979 4065 3627 3888 3890 3766 3991 4029 3844 4223 3654 3839 3737 3743 3863 3333 3715 4114 3381 3459 3542 3907 3972 4463 3696 3821 3816 4052 3744 3856 3821 3652 3846 3697 4070 3780 3874 3702 3709 3717 3802 3622 3869 3689 3977 3716 3755 3741 3928 3528 4402 3898 4069 3936 3734 3982 3781 3878 3832 3999 3616 3971 3785 3775 3982 3524 3915 3594 4342 3782 3864 4243 3597 3985 3886 3603 3704 3912 3829 3951 3726 3734 3649 3857 3387 3803 3832 3907 3784 3880 3746 3806 4159 3884 3477 3764 3478 3913 3622 3590 3912 3664 3829 3464 3459 3469 3912 3578 3603 3616 4014 3624 3845 3891 3766 4126 3946 4033 3683 3704 3874 4038 3801 4115 3948 3891 3756 4241 4067 3599 3674 4110 3678 3688 4105 4229 3709 3746 4017 3830 4102 
3908 3761 3371 3577 3484 3754 4111 4051 3993 3812 3748 4092 3391 3938 3654 3543 3809 3749 3973 3690 3686 3873 3793 4010 3867 3441 3679 3841 4173 3798 4026 4008 3731 3880 3686 3816 3868 3349 3417 4011 3982 3993 3873 3633 3677 3780 3782 3698 4035 3982 3656 3726 3875 3743 3769 3609 3620 3764 3923 4056 4185 3763 3879 3934 3974 4138 4065 3759 4175 3785 3557 4014 4064 3883 3578 3495 4267 3697 3645 3890 3909 3614 4202 3521 3935 4221 3788 3754 3653 3757 3849 4014 3844 4148 3942 3692 3988 3811 3708 3449 3758 3810 4024 3767 3666 3992 3811 3930 3708 4372 4011 3841 3988 3753 4104 4090 3739 3937 3915 3545 4045 3966 3640 4116 3824 3982 3608 3956 3942 3743 4114 3608 3709 3873 3694 4003 3715 3982 3878 4015 3834 3757 4113 3562 3847 3688 3823 3922 3780 3732 3901 4085 3944 3728 4241 3788 3989 3881 3366 3998 4063 3857 3615 3705 3737 4309 3619 3632 3746 3812 3659 4034 3850 3804 3969 3444 3767 3511 3570 3748 3726 4100 3886 4022 4221 3759 4016 3813 3556 3636 3995 3646 3956 4226 3965 3802 3673 4112 3846 4097 
4394 4167 3870 4373 3918 4253 4370 4475 4331 4516 4407 4576 3806 4507 4303 3874 4101 4103 4350 4395 4149 4230 4303 4448 4352 3871 4090 4447 4585 3990 4344 4310 4187 4183 4143 3985 4158 4209 3987 4399 4270 4228 4193 4167 3959 4012 3923 4145 4609 4326 4184 4036 4237 4168 4114 4090 3903 4050 4153 4376 4474 4181 4400 4275 4282 4379 4407 4202 4416 3960 4157 4296 4230 4210 3932 3879 4664 3906 3955 4279 4264 4271 4831 4162 4254 4346 4553 4074 3857 4226 4295 4439 4061 4524 4309 4218 4236 4173 4339 4153 4148 4387 4270 4125 3925 4199 4269 4248 3992 4729 4303 4209 4191 4211 4565 4258 4355 4279 4219 3855 4638 4203 4078 4471 3978 4338 3927 4612 4300 4092 4383 4124 4391 4316 3959 4349 4000 4503 4510 4474 4190 3959 4375 3867 4322 4105 4467 4194 4329 4077 4231 4363 4215 3950 4560 3960 4354 4252 3768 4330 4049 4314 3763 3885 3746 4391 3952 4066 4030 4382 4052 4376 4538 4141 4615 4116 4123 3901 4062 4217 4062 4329 4291 4426 4398 4177 4390 4432 3718 3895 4320 3838 4345 4403 4485 4243 3935 4154 4185 4462 
4317 3940 3689 3806 3787 3532 4239 4331 3997 4022 3965 4144 3523 3926 3834 3833 3869 3501 4011 4013 3712 3802 4049 3940 4144 3766 3936 4008 4311 3800 4112 3836 3878 3839 3674 3784 3857 3605 3510 4091 3965 4379 3744 3787 3900 3802 3667 3614 4115 3975 3863 3756 3998 3985 4002 3820 3569 3917 3614 3923 4055 3821 4142 4182 3983 3926 4235 3843 4346 3783 3836 3940 4095 3961 3778 3930 4238 3574 3903 3887 4067 3932 4346 3850 3864 4128 4036 3875 3700 4192 3788 4175 3533 4309 3897 3822 3893 3925 4078 3849 3997 4102 4036 3844 3856 4155 3890 4231 3797 4439 4106 4029 4141 3728 4349 4174 4017 3777 3994 3783 4172 3890 3772 4034 3999 4062 3560 4381 4095 4001 4419 3908 3995 3946 3662 4152 3583 4057 4188 4250 3852 3797 3930 3815 3924 3816 3942 3819 3969 4128 4208 4341 3981 3883 4176 3678 4075 3799 3878 4134 3867 4020 3709 3805 3514 3943 3921 3644 3730 4169 3841 4137 4059 3992 4055 3677 4042 3773 3780 3906 3869 4209 3998 4208 4114 3880 4018 4243 3647 3627 4330 3670 4070 4213 4343 3814 3902 4160 3977 4325 
4120 3939 3638 3898 3844 3935 4307 4225 4169 4076 3852 4367 3551 4227 3918 3794 4279 3612 4173 4112 4053 4193 4069 4298 3995 3741 4077 4316 4487 4001 4061 4061 4024 4223 3832 4110 4088 3773 3742 4185 4129 4358 4107 4011 3839 3606 3763 4091 4063 4053 3927 3661 4211 4152 3849 3932 3795 3860 4052 4339 4248 3908 4223 4195 3900 4218 4193 3843 4564 3877 3883 4087 4316 4052 3733 3980 4410 3938 4131 3870 4095 3918 4197 3906 4069 4077 4039 3936 3986 3886 4216 4116 4017 4207 4017 3928 4129 3990 4014 3873 3809 4191 4165 4126 3826 4083 3935 4123 3668 4729 4055 4069 3978 3921 4349 4298 3978 4017 3979 3815 4310 4205 3965 4327 3941 4223 4061 4399 4013 4092 4267 3893 4250 4110 4002 4154 3955 4298 4287 4323 3913 3750 4183 3725 3777 3989 4168 4069 4010 4244 4149 4567 3980 3775 4463 3898 4250 4130 3745 4162 4155 3995 3733 3807 3782 4145 3753 3951 4018 4066 4117 4166 3996 4046 4090 3751 3872 3858 4024 4163 3827 4279 4193 4576 4273 4149 4259 4140 3692 3991 4241 3684 4009 4115 4382 4130 3959 4298 3881 4366 
3900 3754 3644 3974 3818 3754 4200 4124 4129 3973 3888 4153 3542 3882 3962 3596 3920 3673 4089 3776 3888 3882 4267 4147 3803 3771 3779 4073 4447 3932 4334 4004 3981 3599 3530 3878 3834 3789 3607 4137 3802 4075 4050 3969 3975 3595 3790 3649 3953 4268 3799 3663 4016 3876 3894 3693 3653 3606 3540 4246 4177 3818 4263 4139 3931 4143 4137 4019 4319 3878 3765 3931 4010 4204 3604 3809 4291 3792 3891 3711 4107 3913 4581 3615 3988 4119 3992 3937 3760 3956 3945 4032 3984 4489 3693 3847 4153 3856 4196 3881 4138 4092 4230 3783 3845 3898 3853 4009 3603 4570 3966 3920 3735 3732 4303 3831 3949 3937 3929 3795 4277 3864 3746 4035 4023 4118 3590 4393 4111 3888 4183 3634 4002 3960 3747 4188 3804 3903 4086 4107 3957 3639 3885 3432 3975 3887 4169 3882 4170 3920 4088 4373 4251 3631 4201 3857 4038 3671 3728 3941 4053 4119 3529 3912 3573 4337 3514 3465 3803 4090 3586 4244 4113 4068 4047 3782 3977 3838 3677 3992 4014 3997 3661 4290 4166 4255 4146 4169 3674 3714 4310 3827 4118 4368 4161 3957 3701 3895 3848 4174 
4221 4094 3862 3781 3992 4093 4205 4673 4309 3969 4308 4409 3811 4058 3974 3936 4014 3820 4009 4069 4088 3938 4209 4287 4079 3840 4042 4394 4587 4137 4452 4489 3937 4122 3807 4324 4128 3896 3841 4395 3995 4322 3940 4022 4022 3732 3864 4058 4266 4049 4002 3670 3994 4133 3964 4223 3650 3850 3941 4364 4238 3746 4358 4167 4134 4362 4292 4045 4496 3927 3894 4038 4324 4220 3797 3855 4651 3785 3907 4236 4069 4057 4428 3689 4152 4332 4081 4064 3840 4342 4082 4227 3952 4777 4126 3745 4312 3999 4211 3893 4182 4148 4106 4200 4263 4372 4288 4412 3818 4721 4278 4297 4111 4048 4465 4119 4187 4042 4378 3921 4542 3914 4054 4240 4143 4228 3825 4352 4432 3963 4582 3934 4009 3999 3986 4337 3901 4210 4200 4058 4182 3881 4176 3540 4059 4469 4336 4121 4220 3977 4409 4239 4440 3892 4383 4060 4629 4044 4080 4405 4036 4240 3988 3924 3855 4501 3943 3734 3812 4301 3928 4104 4197 4000 4276 3998 4159 3871 4119 4110 4334 4168 4098 4291 4232 4291 4201 4451 4055 3748 4521 3854 4342 4376 4237 3862 4214 4375 4042 4538 
3761 3809 3536 3703 3560 3716 3954 4117 3772 3630 3946 4073 3493 3773 3806 3575 3840 3528 3733 3687 3806 3830 3835 4186 3771 3528 3684 3901 4045 3696 3992 3604 3638 3802 3537 3797 3717 3584 3472 3844 3575 4063 3683 3444 3528 3627 3668 3674 3856 3838 3691 3398 3486 3738 3686 3573 3350 3826 3753 3851 3877 3317 4105 3947 3706 4171 3569 3720 4153 3658 3529 3705 3788 3799 3502 3543 4153 3671 3705 3877 3798 3749 4105 3772 3863 3945 3616 3656 3436 3582 3953 4038 3755 3947 3766 3741 3802 3444 3891 3599 3796 3849 4100 3602 3717 3769 3858 3758 3430 4326 3931 3855 3662 3742 3865 3894 3655 3889 3840 3842 4176 3918 3486 3952 3715 3795 3676 4096 3964 3844 4059 3571 3720 3737 3669 3933 3624 3634 3798 3732 3652 3657 3741 3152 3715 3760 3671 3838 3843 3877 3916 4210 3779 3683 4034 3390 4246 3815 3542 3858 3828 3713 3617 3343 3470 4013 3365 3349 3719 4030 3654 3900 3765 3810 3846 3441 3641 3633 3454 3930 3771 3754 3860 4014 3894 3553 3877 4039 3510 3494 4163 3551 3788 4071 3807 3801 3841 3932 3781 3955 
3785 3827 3714 3971 3923 3863 4297 4176 4063 3881 4096 4204 3591 3959 3848 3708 3828 3668 3910 4051 3981 3951 4035 4104 3859 3753 3886 4140 4423 3718 4243 4058 4009 4025 3817 3965 3950 3686 3703 4077 3910 4159 3772 3971 3838 3925 3810 3842 4008 3923 3962 3782 3844 3982 4284 3892 3696 3834 3793 4035 4010 4006 4123 4223 3991 3986 4182 4125 4446 3726 4117 4060 3818 3807 3772 3694 4591 3683 3786 3764 4033 4124 4440 3741 4047 4130 3952 3718 3788 4046 4100 4106 3902 4198 3849 3906 4022 3920 4244 3980 3996 3993 4008 4085 3890 4127 3938 4137 3846 4642 4250 4124 3859 3883 4230 4092 3955 3855 3864 3755 4271 3901 3803 4032 3810 4079 3624 4199 3924 4012 4114 3857 3948 3886 3936 4190 3740 4219 4220 4127 3924 3629 4185 3460 3939 4168 3671 3794 4114 3891 4059 4411 4000 3834 4224 3615 4106 3840 3786 4085 3932 4035 3650 3907 3412 4209 3783 3882 3848 4009 3895 4244 4140 4186 4309 3726 3998 3761 3904 4097 3880 4176 4134 4181 3949 3897 4206 4229 3491 3788 4212 3789 3880 4306 4072 3940 3936 4124 4018 4240 
4329 4219 3939 4064 4028 4235 4473 4380 4213 4106 4291 4346 3905 4412 3967 4055 4209 4077 4249 3963 4182 4214 4170 4533 4253 3976 4112 4278 4732 4202 4209 4320 4015 4146 3991 3962 3974 4105 3792 4394 4197 4302 4173 4006 3898 4101 4072 3935 4311 4114 3857 4116 4133 4174 4090 3941 3758 3992 4034 4267 4281 4139 4638 4247 4201 4399 4217 4358 4624 4023 4117 4044 4490 4082 3979 4012 4527 3791 4104 4579 4219 4201 4640 4081 4320 4406 4538 4263 3863 4301 4370 4460 4021 4517 4048 3992 4206 4194 4074 3833 4165 4513 4441 3931 3870 4034 4163 4363 4019 4638 4327 4212 4111 4090 4531 4182 4368 4159 4093 3930 4609 4175 3735 4362 3961 4169 3935 4587 4301 4068 4370 4225 4195 4085 4087 4252 3848 4210 4178 4217 4226 4075 4248 3788 4097 4231 4230 4133 4163 4135 4593 4429 4026 3946 4414 3895 4474 4203 3885 4125 4323 4039 3974 3931 3898 4355 3965 3926 3985 4412 3955 4352 4434 4206 4160 4005 4124 4042 3936 4022 4047 4351 4515 4405 4161 4007 4257 4331 3644 3970 4445 3832 4162 4670 4350 4297 4073 4309 4147 4469 
3944 3994 3856 3937 3896 3732 4283 4536 4197 3991 3964 4278 3517 4175 4136 3861 3982 4039 4193 4078 4180 3944 4095 4116 4063 3763 3755 4163 4228 3800 4292 4186 4194 3947 3842 4007 3841 3904 3729 4252 4161 4263 4069 3827 3810 3838 3801 3940 4107 4211 3891 3789 4000 3916 3782 3740 3881 3786 3973 4135 4013 3607 4400 4008 4055 4172 4050 3910 4429 3964 3743 3932 4055 4066 3837 3874 4394 3725 3990 3971 3856 4016 4242 3928 3959 4204 3808 3997 3829 4060 3828 4233 3891 4347 4244 3789 4052 3830 4173 3681 4005 4148 4073 4036 3803 4136 4024 4081 3747 4767 4165 4187 4181 3895 4408 4034 3754 4074 4053 3697 4327 4314 4143 4066 3966 4186 3995 4326 3919 4033 4214 3742 4150 3929 3964 4152 4016 3987 4156 4268 4090 4095 4050 3665 3948 4114 4259 4066 4106 4077 4261 4433 3979 3671 4432 3631 4187 4174 3715 4219 4007 4137 3575 3864 3506 4160 3783 3690 3968 4087 3782 4208 3992 4197 4242 3655 3893 3681 3926 3933 4061 4140 3980 4205 4376 4139 4142 4038 3839 3760 4385 3718 4052 4084 4302 3992 4003 4220 4085 4257 
4286 3730 3818 3854 3836 3786 4050 4261 4100 4010 4033 4215 3500 4117 3951 3420 3879 3755 4041 4083 3987 3890 3887 4058 4025 3826 3851 4124 4308 3766 4140 4029 3864 3875 3784 3614 3605 3710 3605 3836 3825 3785 3890 3902 3927 3614 3804 3969 4178 3984 3884 3924 3955 3805 3990 3513 3886 3889 3864 4030 4115 3924 4167 4140 3936 4300 4179 3986 4415 3963 3670 4000 3993 4080 3766 3737 4350 3629 3800 4073 3957 3875 4350 3720 3892 3956 4108 3762 3673 3892 4074 4448 3952 4240 3752 3997 3845 3867 4038 3930 3989 4046 3945 3745 3589 4155 3914 3956 3468 4527 4057 3985 3830 3940 4224 3931 4228 3816 4041 3672 4514 4019 3754 4136 3678 4061 3683 4176 3891 3956 4403 3737 4045 3989 3878 4316 3893 4206 4152 4036 3679 3742 3875 3441 4042 4130 3907 3999 3748 3780 4098 4347 4007 3898 3949 3681 4329 3913 3751 4249 3933 4083 3787 3725 3581 3942 3864 3645 4010 4082 3882 4208 4000 3856 4031 3791 3941 3738 3659 3874 3876 4071 4147 4046 3945 3704 4090 4043 3443 3553 4168 3695 4230 4490 4150 3884 3860 4307 4082 4144 
3968 3833 3806 3855 3843 3663 4190 4311 4126 3698 4053 4252 3609 3960 4088 3685 3912 3931 3899 4024 4025 3997 3986 4155 3930 3507 4051 4101 4331 3798 3935 3994 3989 3895 3750 3743 3608 3640 3615 4162 3895 4014 3753 4220 3807 3721 3738 3829 3942 3745 3829 3753 3906 4008 3982 3868 3671 3815 3776 3794 4107 3634 4036 4027 3907 3935 4097 3915 4236 3924 3925 3943 4183 3991 3559 3782 4207 3826 3901 3927 3820 3810 4395 3576 3879 3988 3706 3565 3564 3988 3817 4057 4024 4040 3925 4068 3946 4096 4129 3803 3803 4039 4065 3905 3756 4001 3893 3964 3681 4379 3983 4035 3934 3753 3898 4044 4085 3798 3878 3832 4413 3971 3765 3848 3790 3958 3854 4237 3849 3955 4189 4141 3824 3962 3751 4110 3949 4155 3902 4336 3924 3646 3967 3553 3834 4093 3780 4124 3746 3820 4035 4369 4062 3858 4198 3535 4083 3809 3765 4006 3786 3913 3635 3788 3599 4019 3687 3725 3857 4209 3713 4130 4162 3912 4187 3610 4120 3921 3870 3865 3959 4182 4158 4297 3967 3912 4061 4265 3651 3622 4023 3269 4009 4309 4189 3909 3977 4002 3812 4136 
3769 3846 3475 3899 3702 3948 3851 4038 3902 3964 3964 3989 3383 3973 3781 3550 3884 3626 3829 3712 3695 3874 3819 4082 3963 3701 3688 4309 4338 3790 3870 3866 3735 3811 3706 3921 3638 3325 3572 3760 3930 3855 3711 3688 3643 3728 3740 3725 3926 3950 3635 3562 3747 3793 3555 3686 3403 3661 3724 3901 4049 3777 4017 3881 3697 4004 3756 4032 4110 3544 3534 3968 3959 3863 3649 3514 4113 3565 3677 3866 4043 3705 4295 3692 3964 3882 3868 3609 3561 4018 3851 4024 3584 4027 3589 3872 3918 3713 3678 3717 3874 3870 3975 3745 3483 3866 3923 3953 3519 4374 4080 3940 3812 4005 3978 3892 4060 3942 3778 3618 4308 3862 3650 3946 3948 3805 3547 4061 3917 3847 4012 3749 3705 3730 3807 4105 3713 3887 4033 3883 3701 3683 3915 3351 3972 3812 3778 3934 3844 3673 3783 4257 3704 3578 4083 3415 4007 3652 3740 3779 3582 3998 3660 3621 3411 3965 3525 3469 3614 4025 3503 3945 4011 3852 3943 3642 3789 3542 3605 3621 3814 3938 3811 4210 3874 4119 4156 3941 3518 3613 4068 3430 3965 3981 4001 3682 3707 3890 3846 4062 
4103 3845 3721 3916 3934 3731 4146 4048 4188 3938 4014 4021 3491 3842 3979 3723 3962 3573 4033 3792 3720 3850 3865 3989 3908 3584 3714 4057 4177 4099 4168 3900 3928 3622 3626 3822 3758 3747 3667 3841 3808 4192 3639 3923 3776 3835 3731 3830 4176 3935 3618 3649 4086 4063 3768 3800 3566 3703 3936 3918 4222 3784 4120 3963 3691 4186 3985 4083 4346 3973 3602 3790 4094 4023 3730 3566 4066 3789 3762 3807 3834 4049 4415 3782 3897 4122 3993 3856 3884 4113 3888 4135 3789 4206 3974 3873 4066 3806 4063 3781 3968 4094 4074 3974 3546 3942 4042 4045 3789 4655 4141 3864 3834 3933 4073 3963 4203 3776 3902 3837 4427 3947 3633 3927 3761 3917 3723 4274 4092 3959 4061 3983 3980 3809 3812 4169 3823 3995 4220 3834 3824 3984 4174 3620 3917 3832 3868 3825 4023 3953 4071 4322 4041 3816 4064 3509 4185 4041 3785 4143 4055 3997 3864 3697 3654 4041 3812 3865 3920 4194 3872 4137 4118 3754 4045 3953 4014 3756 3638 3755 3755 4040 4103 4132 4106 3740 3995 4309 3670 3413 4351 3768 4034 4310 4034 3892 3862 3971 3788 4343 
4152 3967 3588 3684 3956 3841 4452 4258 4390 4059 3937 4357 3800 4156 3930 3831 4110 3518 3903 4052 3987 4051 4025 4286 3990 3872 3934 4240 4273 3844 4200 4350 3928 3893 3748 3868 3960 3778 3564 4108 3803 4220 3746 3888 3749 3907 3845 3725 4072 4059 4019 3750 4236 3936 3871 3668 3730 3959 3896 4131 3991 3815 4307 4186 3879 4162 4080 3906 4325 3767 3771 3933 4139 3971 3634 3864 4244 3526 3853 4250 4027 3853 4402 3842 4220 4072 4109 3951 3653 4186 3918 4111 4045 4376 4199 3930 3939 3786 4081 3799 4004 3954 3971 3958 3754 3998 4051 4284 4042 4512 4011 4303 3793 3896 4311 4058 3937 4119 4031 3832 4318 3998 3779 4009 3860 4059 3933 4185 3998 4043 4273 3667 3984 4316 3909 4135 3847 4287 4237 4153 4086 4053 4038 3561 3886 4202 4111 3865 3978 4099 4042 4358 4012 3882 4200 3640 4158 3965 3823 4184 3859 4284 3884 3995 3626 4353 3875 3675 3670 4064 3726 4072 3987 3871 4171 3784 4029 3579 3528 3787 3863 4235 4216 4251 4221 4135 4221 4292 3674 3546 4199 3764 3982 4085 4310 3906 3879 4240 3950 4399 
4079 3967 3788 3999 4089 3920 4282 4220 4322 3864 4124 4120 3332 4003 3942 3767 3962 3800 3989 3891 3917 4050 4095 4084 4196 3872 4060 3897 4246 3974 4235 4141 3990 4259 3945 3845 3583 3834 3752 4165 4012 4183 3793 3964 3864 3920 3817 3692 3916 4078 3899 3888 4049 3891 3821 3842 3834 3899 3876 3891 4109 3971 4035 4170 4030 4350 4262 4043 4617 3852 3704 3945 4250 3978 3741 3551 4343 3806 3785 4170 4085 4022 4264 3840 4019 4185 3924 3590 3651 4036 4073 4160 3809 4203 3937 3795 3824 3870 4006 3864 4113 4129 4075 3799 3646 4235 4050 4251 3861 4685 4162 4077 3943 4097 4403 4131 4176 4132 3910 3969 4355 4019 3757 3948 3915 4195 3785 4259 4012 3888 3980 3930 3954 4011 3955 4252 3838 4417 4183 4127 3903 3880 4158 3686 3929 3873 3986 4167 4006 4023 4045 4341 3984 4012 4018 3543 4186 3951 3803 4083 4023 4003 3716 3778 3696 4057 3673 3783 3896 4310 3715 4208 4133 3951 3882 3819 4205 3776 3694 4032 3726 4288 4408 4339 4243 3956 4081 4117 3647 3808 4240 3880 3818 4443 4318 3739 3711 4156 4019 4158 
4115 3895 3537 3822 3834 3860 4077 4224 4133 4114 4001 4478 3548 4111 4068 3453 3952 3728 4032 3817 3929 4242 4076 4423 3998 3672 3693 4207 4214 3972 4034 4071 3991 3835 3854 3897 3757 3738 3684 4138 3930 4008 3823 4134 3944 3794 3993 4175 4288 4022 3752 3480 4166 3819 3946 3803 3671 4000 4038 4053 3967 3915 4169 4150 3941 4193 3971 4320 4388 3867 3645 3882 4180 4022 3547 3640 4368 3558 3869 4073 4076 3974 4254 4131 4118 4347 4118 3971 3861 4057 4058 4149 3955 4282 3895 4090 4004 3826 3921 3699 3916 3904 4202 4005 3850 4111 3938 3954 3739 4695 4250 4034 3816 3918 4167 4075 4075 3806 3880 3820 4252 4290 3793 4206 3959 4134 4127 4234 4159 4300 4329 4126 3816 4046 3916 4181 3820 4178 4151 4009 4010 3859 3944 3576 3928 3890 4200 3935 4006 3922 4207 4274 4195 3773 4208 3491 4394 3932 3780 3956 4089 4163 3755 3533 3519 4289 3731 3788 3755 4262 3943 4304 4096 4046 4061 4018 4048 3740 3649 4064 3920 4006 4136 4146 4416 3977 4169 4259 3580 3757 4237 3721 4078 4475 4117 4058 3683 3857 3934 4180 
4243 4133 3796 4147 4139 4158 4581 4312 4376 4112 4480 4616 3843 4289 4146 3956 4163 3931 4170 4229 3958 4185 4286 4387 4171 3905 4161 4140 4346 4164 4360 4286 4078 4065 4017 3925 4363 3958 3919 4427 4204 4324 3840 3874 4133 4049 3931 3915 4167 4056 4281 3936 4285 4148 3956 4075 3824 4152 4001 4479 4232 3964 4370 4353 4223 4270 4201 3914 4441 4152 4063 4135 4263 4176 3936 3825 4500 4109 4038 4381 4160 4120 4419 3855 4100 4399 4176 4197 3776 4094 4070 4387 4066 4688 4253 4003 4300 4100 4315 4087 4141 4249 4409 3930 4073 4263 4135 4420 3991 4690 4233 4100 4079 4178 4521 4321 3970 4107 4223 4074 4674 4304 3947 4346 4039 4340 3799 4442 4290 4168 4358 4051 4081 4037 3946 4331 4013 4177 4299 4282 4285 3906 4378 3844 4072 4115 4148 4201 3949 4036 4425 4301 4110 3835 4285 3956 4187 4118 4019 4287 4154 4174 3769 3945 3908 4241 4029 3993 4047 4415 3989 4220 4155 4053 4187 3949 4384 4039 4002 4090 4119 4426 4390 4478 4303 4179 4300 4455 3719 3856 4385 3789 4263 4513 4330 4033 4037 4133 3981 4486 
3698 3666 3680 3624 3457 3595 4063 4169 3863 3629 3853 4040 3274 3738 3806 3433 3716 3476 3910 3802 3680 3585 3729 3746 3719 3311 3508 3971 4188 3752 3998 3645 3426 3757 3367 3779 3656 3339 3456 3918 3575 3926 3672 3796 3685 3794 3630 3630 3627 3703 3842 3504 3749 3651 3721 3652 3444 3494 3469 3860 3858 3610 3720 4041 3707 3927 4025 3810 3996 3428 3465 3660 3827 3536 3399 3548 4015 3369 3470 3661 3891 3531 3986 3604 3628 3824 3865 3688 3625 3898 3596 3813 3683 4167 3801 3568 3765 3691 3963 3686 3910 3842 3658 3828 3489 3837 3496 3682 3393 4432 3925 4001 3924 3681 3753 3899 3715 4027 3766 3361 4087 3921 3565 3853 3793 3707 3515 4087 3558 3576 3997 3538 3956 3814 3485 3784 3474 3675 3959 3951 3754 3683 3748 3149 3736 3770 3820 3892 3547 3699 3848 4046 3660 3408 3786 3578 3804 3760 3367 3642 3841 3697 3508 3494 3101 3933 3429 3453 3546 3913 3527 3974 3571 3762 3791 3494 3719 3705 3261 3704 3658 3820 3949 3886 4006 3769 3871 3801 3281 3238 3696 3524 3871 3986 4033 3513 3574 4056 3646 3957 
4427 4255 4297 4365 4319 4245 4577 4704 4564 4444 4545 4633 3643 4284 4217 4284 4044 3952 4555 4201 3961 4276 4496 4469 4395 4144 4192 4542 4638 4238 4540 4594 4289 4240 4060 4095 4255 4159 3867 4498 4242 4458 4157 4085 4326 4178 4121 4118 4429 4401 4262 4184 4226 4235 4351 4017 3829 4174 4232 4331 4384 4164 4251 4424 4311 4730 4647 4397 4779 4375 4057 4388 4550 4263 4156 4209 4721 3840 4055 4374 4226 3993 4717 3980 4292 4480 4315 4099 4332 4448 4299 4550 4249 4880 4343 4265 4539 4032 4587 4218 4539 4364 4515 4429 3977 4401 4379 4659 4166 4983 4560 4397 4412 4216 4545 4236 4385 4325 4189 4077 4832 4296 3971 4469 4300 4223 4247 4682 4572 4224 4563 4075 4196 4151 4064 4577 4036 4546 4487 4601 4369 4283 4369 3964 4158 4427 4329 4384 4267 4336 4694 4800 4296 4103 4614 3925 4735 4246 3910 4457 4417 4264 4163 4212 3604 4464 4116 4033 4180 4514 3905 4557 4211 4207 4391 4215 4413 4276 3921 4240 4369 4426 4611 4341 4491 4214 4478 4736 4021 3873 4483 3963 4412 4778 4665 4354 4260 4571 4487 4721 
4580 4582 4290 4413 4475 4432 4723 5323 4662 4452 4710 4871 4265 4658 4584 4232 4691 4132 4812 4688 4570 4577 4522 4730 4448 4438 4269 4599 5041 4678 4686 4746 4714 4490 4434 4550 4383 4397 4069 4815 4540 4562 4590 4312 4437 4345 4419 4468 4673 4540 4629 4290 4570 4590 4374 4541 4110 4425 4306 4549 4609 4272 4687 4821 4499 4630 4929 4638 5098 4332 4287 4568 4779 4359 4242 4634 4863 4187 4279 4497 4637 4775 4982 4590 4511 4632 4682 4399 4341 4671 4562 4665 4325 4791 4557 4251 4644 4677 4649 4312 4588 4683 4525 4321 4343 4607 4498 4699 4286 5121 4666 4974 4605 4389 5048 4853 4652 4460 4744 4239 4844 4704 4576 4483 4489 4833 4350 5128 4586 4506 4757 4457 4608 4592 4312 4666 4401 4679 4712 4647 4483 4586 4633 4031 4414 4748 4666 4651 4462 4625 4723 5083 4588 4371 4774 4192 4968 4551 4507 4749 4531 4394 4266 4513 4321 4847 4351 4116 4278 4763 4647 4786 4743 4450 4735 4274 4601 4578 4370 4495 4400 4839 4756 4865 4676 4736 4767 4625 4218 4503 4900 4301 4521 4737 4892 4295 4266 4843 4686 4708 
4311 4158 3750 4206 3853 3946 4642 4551 4152 4191 3999 4572 3749 4050 4170 3704 4149 3920 4330 4211 4198 4213 4047 4452 4221 3988 3840 4257 4428 4092 4395 4193 4035 3946 3859 4199 4089 3728 3488 4089 3974 4233 4189 4003 3865 4124 4096 4099 4324 4082 4264 3734 4443 4185 4239 4096 3997 4063 3910 4305 4267 3917 4433 4399 4079 4428 4454 4195 4458 4098 3912 3991 4356 4148 3721 4012 4529 3924 3892 4022 4298 4303 4553 4162 4214 4330 4043 4064 4250 4340 3961 4465 4104 4386 4291 3926 4183 3925 4396 4014 4042 4096 4273 3984 3940 4156 4216 4166 3852 4804 4490 4225 4177 3919 4235 4400 4132 4134 4088 3867 4661 4035 4110 4370 4120 4177 4118 4603 4181 4202 4579 3962 4176 4315 4069 4261 4202 4091 4241 4383 4046 3957 4345 3760 4127 4143 4127 4012 4046 4285 4153 4727 4127 4130 4413 3799 4466 4144 3877 4442 4248 4015 3808 3737 3895 4212 3774 3770 4047 4424 4234 4232 4259 4245 4337 3985 4319 3868 3936 4297 4044 4255 4327 4339 4289 4103 4277 4461 3735 3884 4619 4007 4211 4614 4295 4057 4087 4122 3991 4232 
4127 4069 3751 4030 3995 3823 4022 4365 3975 3994 4093 4185 3576 3938 4032 3695 4015 3694 4228 4070 4167 3937 4003 4127 3799 3877 3754 4347 4228 4017 4038 3912 4083 3859 3597 3928 3919 3771 3767 4168 4102 4132 3995 3901 3707 3905 3867 4040 4088 4050 3916 3804 3976 3654 3687 3967 3749 3838 3756 4217 4051 3556 4214 4152 3826 4182 4177 4002 4574 3924 3854 4022 4081 4023 3682 3684 4357 3649 3764 3871 4122 4004 4405 3927 3945 4253 3900 3859 3804 4096 3885 4298 3877 4312 3762 3869 3886 3863 3938 3982 4053 4027 4190 3846 3696 4002 4059 4107 3775 4470 4176 4129 4131 3925 4261 3941 4056 4033 4206 3703 4332 3968 3917 4255 3867 3966 3951 4458 4077 3900 4379 3900 4171 3850 3759 4171 3964 4120 3993 3994 3819 3511 3955 3670 3823 4121 3848 3992 4065 4009 4185 4232 4211 3720 4011 3643 4219 3867 3738 4258 4076 4072 3651 3634 3715 4098 3748 3680 3725 4231 4013 4277 4284 3976 4049 3831 3850 3905 3856 3958 4005 4004 4249 4156 4212 4139 4282 4277 3939 3651 4175 3889 4172 4222 3976 3872 3648 4266 3865 4174 
3851 3703 3484 3809 3742 3853 4084 4169 4133 3979 3784 3859 3492 4077 3870 3450 3796 3588 3872 3850 3704 3439 3717 4075 3851 3595 3497 3841 4205 3753 3854 4072 3728 3699 3690 3576 3602 3460 3470 3904 3634 3622 3821 3596 3640 3505 3647 3637 3809 3963 3862 3413 3832 3798 3994 3622 3514 3571 3670 3931 3991 3561 4067 3893 3671 3931 3955 4025 4305 3873 3511 3813 3892 3960 3500 3648 4328 3504 3409 3925 3945 3826 4180 3543 3987 3925 3876 3773 3787 3590 4031 3917 3544 3958 3833 3489 3815 3559 3841 3745 3726 3654 4090 3853 3549 3841 3655 4110 3318 4415 3770 3825 3645 3720 4139 3783 3842 3749 3630 3865 4147 3776 3836 3865 3576 3940 3504 4051 3711 3842 4096 3821 3760 3769 3775 3965 3745 3929 3933 3904 3958 3781 4077 3372 3800 3639 3844 3796 3732 3861 3871 4241 3723 3718 4026 3605 4031 3762 3435 3977 3942 3798 3544 3433 3703 3776 3464 3406 3653 4064 3415 3871 3850 3742 4002 3662 3790 3775 3520 3613 3608 3943 3929 4095 4111 3747 3925 3761 3513 3665 3959 3715 3756 4006 4113 3871 3735 3670 3706 4011 
4206 4272 4031 4222 4140 4154 4409 4405 4297 4171 4255 4502 3810 4448 3947 4106 4175 3823 4276 4329 3844 4186 4019 4512 4059 3884 4017 4453 4570 3825 4486 4268 4239 4118 4052 4250 4113 4026 4044 4384 4113 4265 4209 4049 4008 4007 3882 4288 4241 4277 4151 3792 4298 4044 4064 4021 3698 4028 4149 4291 4259 3959 4313 4317 4123 4213 4234 4147 4466 4014 3916 4252 4243 4045 4031 4013 4430 3838 4020 4363 4381 4123 4567 3937 4247 4309 4138 4078 4010 4351 4250 4430 3934 4444 4458 4199 4446 4037 4145 4195 4152 4069 4496 4233 4200 4378 4034 4387 3834 4964 4417 4281 4196 4183 4574 4292 4199 4152 4079 4234 4397 4340 3932 4151 4175 4380 4171 4654 4303 4070 4364 4053 4204 4029 4128 4349 3856 4396 4539 4412 4051 4109 4413 3754 4347 4182 4252 4063 4207 4151 4354 4640 4033 3832 4635 3747 4467 4151 3925 4175 4077 4108 3871 3925 3822 4316 4038 4027 3983 4490 3805 4234 4355 4196 4524 4119 4208 3960 4001 4136 4067 4401 4306 4365 4359 4141 4371 4431 3838 3969 4194 3828 4224 4517 4510 4305 4148 4295 4165 4500 
3959 3959 3794 3921 4060 4083 4429 4278 4025 4183 4137 4092 3520 4169 3919 3807 4040 3650 3931 3816 3710 3971 3849 4243 4100 3727 3806 4120 4471 3993 4227 4053 4051 3922 3947 3942 4002 3878 3464 4189 3988 4251 3847 4274 3805 3702 3654 3881 4028 4077 3966 3837 4138 3962 4103 3923 3548 3854 3724 3902 4228 4046 4054 4258 3981 4079 4021 4132 4351 3871 3782 3851 4068 3928 3687 3771 4397 3635 3868 3948 4104 3963 4453 3951 4061 4086 4162 3919 3870 4117 3937 4303 4191 4310 4121 3994 4194 4240 4086 3828 3855 4207 4045 4095 3714 3982 3807 4167 3894 4584 3944 4282 3694 3848 4023 4278 4100 4123 3941 3740 4413 4123 3913 3887 3879 4018 3839 4164 4089 4157 4258 4075 3927 4126 3653 4050 3889 4403 4168 4081 4025 3965 4079 3503 3942 3903 4171 3955 4019 4068 3894 4358 4088 4092 4044 3456 4234 3987 3627 4060 3876 3983 3889 3978 3574 4211 3860 3617 3747 4366 3831 4344 4143 4181 4077 3972 4226 3861 3873 4316 3947 4024 4179 4115 4367 4040 3982 4182 3509 3664 4319 3614 4222 4456 4198 3952 4088 4267 3957 4127 
4381 4334 4250 4376 4204 4409 4555 4904 4302 4102 4472 4562 3870 4445 4476 4096 4235 3894 4134 4373 4364 4299 4489 4639 4370 4177 4215 4517 4829 4294 4672 4493 4385 4171 4302 4369 4123 4277 4080 4342 4557 4734 4241 4273 4216 4039 4476 4398 4552 4359 4434 3905 4407 4388 4429 4116 3999 4134 4103 4349 4464 4311 4519 4580 4157 4831 4611 4536 4839 3991 4045 4155 4315 4296 4089 3983 4698 3973 4018 4432 4413 4317 4742 4408 4323 4371 4449 4267 3917 4522 4419 4405 4558 4484 4449 4007 4665 4261 4321 4138 4159 4541 4323 4310 4186 4568 4467 4370 3953 5264 4609 4538 4154 4073 4541 4418 4327 4218 4297 4076 4646 4219 4429 4402 4352 4601 4257 4942 4554 4377 4695 4389 4274 4359 4139 4395 4052 4371 4496 4481 4564 4370 4529 3951 4311 4320 4531 4191 4446 4627 4568 4543 4652 4103 4503 3939 4660 4287 4081 4668 4370 4477 4002 4035 3865 4486 4269 4125 4192 4777 4046 4467 4383 4391 4890 4176 4435 4083 3910 4480 4161 4558 4555 4217 4494 4439 4746 4647 4215 4120 4474 4063 4401 4808 4502 4169 4098 4679 4347 4700 
4559 4362 3958 4081 4208 4087 4758 4850 4491 4286 4309 4551 3935 4300 4373 4059 4158 3978 4243 4072 4361 4249 4168 4242 4485 4062 3945 4376 4674 4242 4484 4507 4280 4172 4148 4276 4381 4110 3727 4348 4402 4516 4120 4186 4140 4072 4099 3961 4344 4561 4244 3974 4308 4403 4160 4274 3832 4167 3841 4584 4472 4026 4361 4468 4209 4452 4439 4254 4642 4276 4005 4208 4333 4376 4059 4105 4628 3808 3894 4267 4453 4157 4875 3829 4118 4467 4371 4049 4037 4412 4101 4532 4126 4573 4342 4243 4075 4126 4500 4104 4282 4428 4364 4144 4162 4437 4514 4253 4241 4796 4281 4478 4434 4029 4532 4438 4438 4298 4427 3997 4656 4440 4266 4245 4208 4236 3992 4583 4154 4178 4427 4062 4238 4320 4006 4498 4154 4484 4359 4589 4472 4078 4588 3781 4334 4486 4461 4413 4296 4319 4346 4626 4367 4133 4357 3975 4439 4361 3912 4466 4103 4488 4144 4091 3786 4609 4007 3914 4003 4461 4242 4436 4281 4365 4572 4154 4283 3855 4239 4265 4380 4386 4426 4530 4432 4444 4492 4617 4023 4082 4569 3824 4277 4604 4526 4233 4230 4590 4170 4540 
3998 3990 3494 3667 3756 3883 4168 4229 4096 3698 3856 4127 3285 3937 3848 3609 3938 3521 3825 3789 3825 3980 3770 4174 3694 3661 3741 4090 4152 3643 4149 4002 3662 3804 3695 3895 3611 3655 3692 4106 3881 4012 3724 3871 3867 3607 3693 3819 3585 3858 3759 3568 3828 3776 3684 3656 3731 3734 3809 3993 3759 3650 3948 4168 3946 4098 3776 3915 4325 3924 3508 3777 4040 3978 3645 3539 4169 3551 3658 3855 3840 3455 4099 3810 3627 3988 3836 3690 3674 3993 3928 4098 3701 4075 3884 3773 3917 3732 3953 3511 3741 3928 3933 3485 3603 3905 3978 3887 3513 4502 3976 3964 3745 3814 4215 3802 3920 3951 3735 3746 4222 3811 3789 4030 3684 3972 3820 4229 3892 3707 4197 3731 3855 3901 3753 4030 3763 4121 4072 4041 3917 3376 4004 3522 3649 3922 4071 3693 4096 3808 3891 4264 3791 3671 3777 3577 4060 3758 3666 4030 3956 3841 3680 3709 3425 3973 3676 3561 3657 3977 3638 4205 3792 3875 4025 3761 3875 3547 3705 3876 3594 3971 3926 4002 3958 3975 3937 4072 3467 3450 4066 3662 3952 4113 4087 3783 3684 4075 3722 4008 
4054 3917 3719 3849 3854 3890 4294 4315 3989 3888 3949 4220 3559 3801 3709 3670 3931 3486 4174 3969 3898 3805 3699 4071 3610 3636 3646 4152 4280 4045 4021 3928 4014 3707 3610 3889 3943 3666 3327 4011 3940 3965 3888 3729 3523 3719 3755 3706 3980 3722 3889 3736 3995 3761 3672 3732 3533 3690 3656 3902 4061 3833 4003 4067 3744 4082 4283 3700 4356 3794 3646 3917 3871 3958 3366 3557 4195 3885 3553 3773 3900 3796 4148 3561 3766 3958 3901 3649 3701 3891 3697 4222 3818 4296 3784 3774 3819 3747 3747 3841 3843 4044 3836 3713 3847 4170 3782 4090 3441 4535 3978 3956 3938 3973 3911 3817 3995 3780 3855 3534 4222 3822 3966 3988 3943 3942 3513 4071 4031 3771 4105 3526 4000 3913 3606 3892 3844 4084 3731 3909 3645 3658 3875 3509 3896 3897 4066 3979 3578 3922 3982 4175 3899 3865 3713 3316 4248 3968 3540 4011 3893 3907 3470 3519 3510 4053 3796 3613 3768 4089 3648 3871 3874 3842 4017 3728 3953 3717 3618 3802 3880 4164 4165 4074 3894 3769 4091 4084 3597 3528 4129 3740 3771 4155 4041 3727 3650 4142 3871 4120 
3939 4007 3666 3934 4045 3809 4263 4379 4250 3938 4067 4070 3858 4145 3756 3808 3909 3799 4003 3986 4107 4022 4009 4199 4359 3677 3855 4293 4454 4027 4176 4153 4193 3914 3550 3927 4043 3750 3741 4078 4069 4251 3910 3860 3654 3966 3795 3866 4166 4297 3651 3596 3803 3891 4119 3817 3626 3777 3872 4045 4137 3860 4017 4031 3763 4447 4201 3908 4483 3852 3674 4139 4033 4059 3684 3641 4219 3870 3760 3936 4013 4185 4396 3734 4211 4204 3864 3736 3825 4074 4162 4145 3858 4102 3884 3837 4132 3825 4064 3678 3981 3965 4260 3749 4016 4152 3984 4180 3747 4627 4205 4033 4104 3979 4221 4216 4050 3903 3962 3871 4063 4081 4049 4360 3926 4036 3812 4213 4287 4055 4318 3796 4074 4035 3866 4189 3700 4080 4106 4044 4123 4047 4115 3728 4058 3855 4126 4007 4238 4026 4183 4271 4069 3848 4113 3540 4249 4003 3761 4122 4019 4076 3713 3635 3638 4236 3772 3700 3839 4198 3924 4171 4190 4085 4353 3646 4067 3675 3883 4097 3926 4219 3985 4255 4290 3934 4055 4112 3815 3636 4170 3829 4068 4009 4041 4054 3925 4239 3939 4323 
4108 3918 3566 3821 3623 3706 4107 4333 4257 3924 3804 4406 3740 4155 3877 3739 4008 3735 4146 4066 3672 4100 4103 4011 3875 3832 3773 4245 4439 3759 4199 4003 4037 3880 3798 3703 3820 3604 3713 4165 4131 3922 4092 3761 4097 3951 3723 3801 4020 4068 4137 3582 4059 3778 3780 3658 3551 3652 3847 4149 4138 3952 4363 4272 4033 4183 4186 4034 4452 3778 3920 3950 3817 4122 4055 3829 4311 3667 3902 3894 3921 4101 4616 3606 4029 4201 3957 3782 3748 4082 4151 4141 3918 4249 4049 3880 3982 4013 4206 3893 3991 4187 4262 3837 3708 4317 3985 4026 3801 4590 4194 3979 3944 3715 4308 3987 3869 3830 3915 3659 4237 3832 3889 4103 4106 4195 3959 4333 3852 4238 4271 3922 4096 4047 4088 4138 3945 4105 4271 4200 4064 3666 4129 3470 3948 3951 4088 3834 4153 3891 4183 4284 4240 3727 4193 3599 4199 3814 3676 4085 4087 4030 3715 3799 3526 4273 3782 3667 3772 4035 4067 4215 4223 4092 4174 3771 4160 3995 3972 3909 3862 4190 4232 4257 3984 3952 4058 4076 3682 3831 4285 3679 4134 4270 4082 4156 4008 4135 4094 4233 
4656 4429 4091 4330 4213 4423 4694 4824 4666 4404 4788 5054 4162 4586 4435 4445 4557 4154 4444 4430 4633 4496 4602 4745 4516 4132 4286 4534 4826 4366 4687 4420 4537 4396 4186 4225 4251 4114 4154 4702 4531 4722 4427 4230 4495 4209 4389 4363 4599 4483 4375 4140 4453 4450 4357 4299 4198 4349 4347 4758 4766 4119 4624 4541 4508 4699 4534 4438 4987 4142 4294 4561 4645 4431 4204 4128 4832 4385 4323 4658 4484 4233 5099 4493 4474 4782 4595 4301 4407 4491 4452 4742 4266 4752 4613 4486 4298 4607 4444 4366 4527 4631 4659 4239 4317 4495 4561 4575 4027 4993 4600 4757 4497 4369 4927 4361 4657 4215 4440 4364 4746 4483 4209 4798 4503 4829 4264 4752 4718 4538 4733 4250 4501 4585 4327 4638 4325 4689 4761 4579 4319 4224 4685 4041 4360 4654 4429 4422 4677 4498 4584 4778 4315 4307 4815 4239 5022 4408 4175 4793 4561 4606 4193 4083 4072 4615 4349 4330 4407 4694 4262 4661 4670 4507 4516 4344 4463 4064 4472 4259 4483 4419 4426 4646 4478 4654 4650 4792 4083 4108 4682 4204 4700 4564 4631 4570 4490 4677 4427 4819 
4590 4240 4084 4404 4191 4389 4630 4874 4487 4399 4494 4682 4238 4792 4254 4109 4571 4479 4444 4336 4114 4345 4267 4755 4287 3956 4317 4591 4923 4406 4580 4537 4398 4179 4177 4230 4540 4162 4166 4527 4444 4574 4548 4446 4377 4460 4104 4140 4683 4447 4314 4039 4672 4277 4333 4329 4148 4175 4475 4612 4698 4209 4608 4704 4416 4633 4527 4661 4893 4155 4521 4418 4587 4355 4380 4304 4848 4340 4222 4655 4741 4435 5019 4249 4516 4539 4496 4252 4262 4615 4451 4681 4304 5018 4524 4280 4511 4395 4239 4260 4296 4715 4622 4519 4180 4617 4253 4626 4275 4954 4447 4622 4383 4029 4500 4567 4246 4620 4319 4297 4764 4468 4161 4579 4496 4437 4333 5077 4555 4353 4633 4458 4361 4496 4178 4540 4239 4472 4559 4326 4372 4424 4611 3935 4346 4333 4649 4216 4398 4325 4620 4681 4292 4157 4500 4174 4844 4285 4123 4667 4374 4558 4054 4250 4204 4863 4207 4012 4267 4578 4253 4622 4596 4603 4671 4308 4593 4180 4397 4201 4474 4662 4717 4585 4564 4373 4720 4666 4204 4063 4687 4413 4610 4758 4754 4517 4440 4470 4341 4734 
4272 3944 3744 4116 3801 4008 4571 4560 4373 4282 3964 4298 3793 4090 3970 3790 4103 3998 4079 4135 4109 4090 3895 4257 4142 3817 4088 4226 4646 4142 4190 4328 4096 4123 4026 4002 3883 3931 3738 4299 4122 4349 4223 4066 4008 4051 3941 3939 4074 4149 3940 3915 3969 4137 3954 3660 3895 3807 3740 4337 4094 3832 4208 4279 4133 4460 4492 4134 4437 3882 4054 4185 4194 3767 4084 4001 4488 4077 3845 3975 4044 4161 4430 3854 4028 4197 4073 3840 3874 4107 4011 4410 4014 4047 4183 3903 4077 3967 4018 3941 4049 4060 4210 3941 3912 4124 4218 4218 3985 4908 4145 4450 4060 3853 4386 4075 4096 4235 4050 3809 4277 4112 3839 4234 4098 4238 3935 4598 4067 4084 4363 3933 4212 4160 3794 4309 3991 4211 4246 4243 4208 4230 4275 3670 3918 4154 4117 4121 4000 4155 3992 4400 4101 3965 4297 3786 4381 3951 3680 4267 4218 4078 3693 3883 3636 4410 3773 3869 3876 4259 3642 4361 4144 4160 4423 3967 4386 3764 4006 4145 4121 4229 4274 4339 4356 4027 4340 4372 3744 3833 4389 3876 4032 4236 4260 3948 4213 4248 4128 4172 
4393 4366 4068 4161 4110 4362 4472 4431 4249 4183 4277 4775 3538 4370 4185 3904 4392 4114 4472 4236 4301 4562 4214 4434 4261 3963 4054 4471 4627 4027 4419 4059 4131 4091 3916 4079 4028 3877 3992 4309 4289 4208 4324 4309 4184 4138 4226 4134 4293 4294 4226 4170 4228 4015 3959 4139 4000 4072 4143 4398 4449 4019 4326 4433 4144 4476 4303 4407 4633 3868 4185 3959 4365 3999 3864 4092 4735 4068 4088 4468 4233 4366 4884 4058 4332 4415 4330 4156 4161 4372 4229 4609 3879 4749 4328 4221 4244 4303 4331 4244 4313 4388 4531 4237 4112 4427 4106 4348 3854 4937 4366 4301 4175 4133 4713 4227 4400 4371 4298 3982 4817 4198 4176 4523 4244 4274 3911 4634 4239 4052 4531 4308 4232 4340 3933 4400 4052 4355 4444 4380 4384 3949 4333 3554 4174 4194 4199 4267 4069 4236 4280 4459 4253 4195 4445 4171 4498 4168 3943 4532 4303 4426 4177 3968 3584 4206 3796 3926 4003 4386 3946 4611 4461 4178 4272 4012 4246 4185 4104 4215 4030 4414 4459 4438 4551 4416 4378 4448 3717 3870 4240 4104 4300 4607 4279 4199 4115 4402 4137 4208 
4008 3897 3909 4026 3841 3803 4198 4291 4015 4082 3849 4059 3631 4043 4042 3863 4172 3729 3698 3860 4031 3764 3931 4105 4150 3707 3869 4197 4348 3957 4132 4323 3931 3828 3776 3712 3904 3702 3536 4190 4047 4000 3896 4102 3649 3783 3563 3859 4067 3932 4006 3787 4046 3897 3800 3798 3896 3625 3683 4096 4216 3677 4067 4202 3766 4313 4020 3869 4304 3565 3851 4015 3862 3857 3613 3857 4338 3695 3624 4081 4144 3726 4364 3886 3925 3940 3989 3681 3581 4148 4028 4231 3721 4388 3816 3598 3932 3995 3879 3904 3863 4042 3950 4121 3894 3961 4024 4206 3891 4481 3955 4298 3736 3806 4052 3816 4125 4199 4066 3894 4438 3787 3647 3861 3671 3902 3645 4313 3965 3897 4203 3842 4043 3950 3791 4197 3825 4041 4350 4181 3779 3760 4014 3426 3965 4091 3980 3969 3937 3847 3899 4219 3938 3716 4182 3558 3912 3696 3674 4066 3910 4042 3714 3995 3332 4091 3648 3700 3707 4298 3582 4345 3949 3749 4249 3778 3829 3899 3795 3815 3922 4211 4139 4146 4202 3976 4152 4081 3562 3660 4121 3858 3959 4105 4046 4021 3840 4119 3844 4070 
4360 3990 3930 3944 4070 3756 4278 4331 4206 4037 4053 3927 3615 4151 3973 3640 4099 3556 4134 3974 3891 3872 3939 4123 4050 3992 4010 4211 4356 4057 4095 4059 3915 3979 3939 3754 3571 4009 3891 4220 3968 3965 3879 4050 3808 3802 3836 3792 4183 3938 3858 3784 4180 3995 3799 4003 3591 3750 3906 3955 3933 3879 4279 4197 4099 4201 4232 4165 4429 4026 3862 4113 4185 3923 3639 3776 4131 3675 3902 4018 3944 3943 4099 3885 4049 4137 3904 3913 3745 4211 4049 4353 3591 4471 3875 3857 4122 3848 4017 3914 3886 4101 4045 4124 3792 4180 3959 4060 3804 4682 4172 4108 4037 3904 4376 4194 4040 3973 3823 3720 4054 4217 3696 4057 4019 4006 3969 4379 4065 3975 4107 3999 4175 3851 3954 4208 3912 4106 4072 3854 3778 3796 4012 3637 3747 3854 3897 3923 3838 3966 4053 4493 3873 3839 4290 3384 4320 3894 3772 3946 4079 3951 3755 3586 3504 4111 3817 3599 3658 4286 4006 4163 4061 4174 4114 3809 4231 3693 3888 4193 3735 4258 4039 4271 4099 3964 4086 4232 3672 3912 4136 3823 4006 4244 4146 4033 3909 4240 4078 4347 
4613 4457 4179 4370 4241 4463 4784 4769 4647 4506 4587 4621 3998 4654 4432 4157 4436 4249 4551 4375 4222 4218 4435 4722 4388 4232 4042 4648 5153 4218 4509 4582 4766 4385 4320 4386 4212 4410 3938 4618 4304 4613 4326 4315 4408 4408 4172 4263 4838 4388 4324 4295 4607 4364 4235 4175 4130 4288 4262 4539 4581 4229 4710 4636 4348 4716 4557 4277 4978 4144 4212 4453 4422 4353 4193 4241 4812 4050 4259 4417 4697 4495 4724 4194 4537 4780 4533 4351 4122 4565 4448 4988 4276 4683 4412 4230 4292 4390 4530 4244 4510 4562 4507 4468 4307 4678 4419 4765 4046 4922 4442 4630 4556 4330 4758 4632 4568 4467 4358 4233 4970 4281 4218 4557 4290 4350 4309 4675 4390 4641 4684 4365 4555 4535 4408 4434 4058 4539 4509 4460 4351 4465 4516 4042 4260 4417 4424 4393 4342 4182 4745 4808 4490 4079 4759 4206 4746 4459 3957 4728 4432 4334 4092 4058 3936 4473 4118 4201 4155 4646 4191 4569 4537 4203 4370 4197 4490 4184 4186 4366 4296 4698 4412 4545 4770 4339 4521 4542 3935 4123 4832 4214 4536 4885 4734 4489 4474 4773 4600 4583 
4619 4229 4135 4282 4141 4293 4629 4945 4630 4301 4492 4774 3875 4226 4210 3888 4415 4052 4490 4413 4313 4523 4334 4653 4582 3960 4122 4551 4653 4525 4458 4521 4396 4166 3980 4278 4234 4007 4007 4489 4489 4663 4257 4155 4106 4269 4462 4367 4536 4319 4046 3970 4327 4205 4371 4326 3910 3998 4218 4462 4604 4358 4395 4373 4418 4546 4583 4370 4838 4282 3909 4397 4740 4416 4082 4118 4767 3960 4020 4559 4328 4330 4814 4365 4197 4604 4472 4493 4288 4509 4473 4604 4229 4699 4294 4381 4526 4197 4347 4101 4527 4516 4747 4236 4180 4412 4559 4297 4131 5088 4724 4401 4337 4368 4555 4330 4424 4139 4326 3984 4582 4561 4181 4598 4232 4615 4220 4698 4744 4246 4767 4160 4317 4413 4226 4790 4091 4597 4501 4480 4260 4185 4345 3934 4502 4476 4601 4298 4241 4302 4670 4657 4524 4114 4700 3966 4610 4337 4206 4539 4450 4428 4243 4159 3958 4454 4298 4098 3989 4816 4229 4632 4498 4299 4578 4434 4458 4118 4194 4401 4414 4561 4272 4590 4634 4238 4622 4553 3947 3926 4679 4084 4507 4725 4484 4264 4147 4343 4219 4658 
4108 4082 3571 3950 4002 4161 4261 4376 4220 4073 4241 4214 3634 4129 4016 3784 3928 4111 4166 4257 4034 4070 4030 4326 4267 3708 3872 4403 4489 3869 4507 4269 4010 3975 3805 3965 4061 3790 3802 4394 3995 4289 4087 3899 3976 4033 3901 4086 4124 4290 4038 3660 4030 3857 4123 4069 3750 4011 3887 4317 4302 3792 4309 4203 4211 4418 4239 4090 4321 4079 3806 3987 4264 4233 3686 3567 4677 4005 4050 4104 4216 4108 4723 4032 4152 4180 3805 4073 3912 4130 3899 4079 4122 4451 4262 3852 4041 3860 4341 3887 4263 4038 4150 3959 3773 4052 4091 4251 3801 4701 4270 4070 4255 3865 4470 4164 3901 4255 4157 3969 4340 3896 3993 4412 4147 4132 4000 4426 4350 4138 4376 3802 4045 4220 4054 4251 3921 4126 3907 4143 4189 3839 4106 3668 4048 4266 4254 4002 4116 3964 4344 4426 4097 3759 4314 3789 4267 4137 3884 4369 4279 4222 3716 3702 3879 4389 3669 3843 3900 4147 3895 4225 4316 4156 4392 3855 4067 3757 4107 4166 4168 4220 4287 4392 4439 4059 4013 4042 3817 3889 4397 3731 4374 4432 4043 3852 3951 3940 4197 4159 
4241 4013 3836 3803 3964 4136 4201 4540 4196 3889 4093 4326 3642 4146 3919 3602 3965 3741 4051 3995 4031 4214 4093 4255 3918 3830 3849 4238 4469 3959 4301 4215 4049 3694 3952 4003 3759 3907 3721 4264 3880 4036 4030 4156 3986 3743 3646 3895 4115 4023 3926 3867 3980 3813 3880 4029 3672 3833 4029 4087 4223 3919 4186 4147 3886 4302 4298 4016 4791 3820 3698 3817 3856 3887 3701 4123 4258 3736 3872 4142 4281 3886 4168 3659 4157 4144 4099 4063 3946 4163 4196 4422 3983 4382 4000 3929 4093 4048 4130 3969 4278 4054 4136 4152 3769 4250 4156 4114 3744 4626 4121 4418 4110 3781 4359 4037 4087 3877 4113 3775 4492 4016 4007 4221 4215 4291 3826 4471 4159 3761 4417 3960 4017 4315 3878 4229 3928 4113 4156 3986 4018 3854 4061 3475 3930 4233 4324 4168 4133 4039 4304 4389 4375 3779 4265 3722 4423 3931 3943 4353 4107 4085 3813 3905 3635 4016 3698 3761 3736 4071 3831 4109 4247 3958 4171 3911 4118 3958 3574 3912 3953 3948 4147 4053 4409 4141 4241 4100 3591 3591 4250 3726 4086 4647 4362 3912 3805 4100 3930 4234 
4243 4236 3981 3778 4213 4097 4357 4644 4243 3923 4393 4487 3719 4180 4028 3860 4040 3885 4225 4249 4510 4184 4336 4319 4056 3959 4059 4356 4433 4079 4370 4330 4042 3916 3936 4191 3872 3905 3966 4276 4113 4478 4023 4205 4011 3929 4013 4069 4263 4117 3989 3801 3885 4210 4012 4103 3684 3796 3920 4090 4237 3946 4367 3998 3991 4246 4309 4162 4638 4035 3944 4090 4327 4144 3691 4069 4504 3731 3812 3998 4236 4062 4591 4056 4189 4195 4338 4014 4220 4155 4020 4346 4069 4528 4061 3937 4145 4012 4170 4010 4119 4201 4134 4241 3996 4322 4097 4212 3814 4721 4246 4303 4203 4018 4364 4082 4245 4146 4227 3752 4367 4295 4089 4170 4149 4237 3933 4491 4240 4053 4542 3924 4249 4270 3822 4334 4037 4410 4219 4073 4255 3851 4317 3542 4160 4233 4385 4335 4222 4000 4280 4411 4428 3838 4180 4095 4496 4162 4151 4389 3955 4100 3990 4011 3719 4296 3934 3930 3739 4290 3816 4308 4229 3990 4319 4213 4114 3879 4143 4167 4212 4249 4375 4293 4347 4368 4524 4344 3750 3842 4373 4047 4162 4409 4459 3981 3919 4415 3826 4408 
4146 3812 3648 4043 3853 3835 4137 4119 4157 3874 3951 4235 3437 3809 3954 3635 3727 3648 3993 3870 3887 4006 4061 4112 3682 3601 3699 4060 4074 3804 4054 4010 3878 3824 3474 4065 3780 3619 3612 4175 3985 3917 3827 3723 3876 3845 3999 3773 4084 4046 3763 3655 4023 3622 3901 3785 3624 3835 3766 3916 4068 3740 3977 4118 3914 4231 4067 4132 4370 3856 3672 3889 4002 3762 3561 3511 4250 3485 3591 3779 3896 3876 4463 3635 4036 4110 3756 3843 3557 3993 3673 3988 3989 4047 4019 3972 3665 3970 4053 3761 3947 4132 3892 3957 3761 4089 3849 4120 3708 4567 4081 3899 3810 3833 3898 3825 4050 3980 3955 3618 4302 3862 3783 4036 3871 3903 3816 4371 3875 3672 4146 3711 3802 4122 3939 3986 3965 4118 3923 3992 3849 3678 3944 3402 3828 4163 3589 4023 3866 3891 4047 4172 4084 3792 4054 3504 4060 3732 3413 4104 4065 3803 3681 3371 3492 4395 3662 3623 3490 4035 3717 3796 4057 3948 3880 3883 4071 3747 3567 3831 4102 3935 4136 4222 4017 3845 4206 4157 3575 3592 3865 3701 3944 4330 4022 3684 3777 3990 3614 4296 
4091 3995 3798 3855 3798 3808 4164 4366 4271 4055 4083 4249 3497 4344 3936 3568 3985 3796 4123 4036 4033 4026 4048 4080 3944 3679 3750 4281 4288 3925 4218 4331 3973 3950 3761 3797 3767 3768 3764 3980 3937 3913 4016 3876 3814 3722 3743 4055 4103 3947 4020 3691 4234 3801 3862 3794 3520 3532 3920 3994 3941 3916 4239 3968 4018 4148 4139 3857 4453 3689 3793 3830 3880 3965 3659 3658 4307 3667 3849 4108 3855 4004 4352 3811 4031 4164 4069 3995 3679 3919 3986 4161 3887 4465 4072 3830 3994 3704 3855 3704 3781 4038 3946 3857 3774 4051 3988 4152 3544 4461 4121 4034 3874 3928 4335 3965 4048 4008 4029 3671 4406 4070 3793 3841 3964 4075 3839 4300 3945 3786 4325 3739 4107 4081 4053 4143 3883 4149 4288 4109 3915 3809 4086 3606 3828 4026 4083 4036 3838 3874 4039 4243 4031 3791 4161 3885 4417 4147 3808 4001 3933 4158 3854 3789 3637 4164 3704 3702 3886 3992 3799 4056 3897 3712 4028 3758 4062 3951 3747 3851 3930 4430 4208 4132 3951 3989 4314 4005 3557 3682 4112 3816 4045 4131 4347 3944 3704 4471 3680 4212 
4237 4017 3761 3867 3786 3812 4164 4397 3928 3855 4133 4224 3715 3886 3835 3566 4126 3659 4107 4050 4077 4011 3808 4184 3918 3703 4105 4020 4344 3914 4181 4134 3918 4063 3708 3985 3892 3888 3615 4004 3677 4113 3880 4019 3846 3860 3675 3760 4033 3925 4163 3776 4181 3888 3978 3900 3660 3925 3671 4055 4051 3820 4232 4169 3893 4114 4173 3711 4415 3912 3709 3983 4063 3983 3682 3834 4286 4003 3782 3951 4132 4016 4178 3625 3925 4135 3954 3647 3614 4167 4019 4370 4005 4272 4123 3855 4170 3891 4355 4058 4026 3945 3924 3876 3789 4210 4140 4291 3821 4763 4191 4071 4171 3971 4304 4295 4002 3940 3947 3977 4309 4125 3769 4113 3837 4078 3838 4412 4019 3994 4096 3740 4017 3959 3868 4154 3788 4045 4122 4148 3993 3940 4065 3632 3839 4224 3871 4125 3994 4286 4240 4386 3900 3729 4421 3857 4282 3852 3960 4154 3997 3883 3835 3784 3668 3746 3637 3638 3857 4326 4038 4053 4251 3826 4107 3771 4093 3842 3723 4081 3782 4277 4256 4391 4225 3915 3993 4379 3675 3563 3997 3512 4217 4285 4401 4000 3805 4251 3770 4113 
4095 3829 3677 3874 3800 3910 4363 4308 4084 3903 4232 4303 3908 3920 3939 3814 3982 3699 4003 3851 4041 4204 4062 4061 4138 3839 3855 4141 4352 4061 4219 4073 3967 4190 3543 4144 3985 3660 3799 4231 4093 4018 3888 3657 3870 3870 4019 3959 4221 4107 3940 3684 3821 4104 3893 3859 3652 3659 3795 4242 4285 3862 4231 4210 4056 4223 4183 3876 4322 3742 3702 4049 4244 4013 3725 3672 4381 3813 3717 4106 3848 4093 4752 3763 3944 3957 4060 3760 3809 3951 3867 4157 3870 4273 4025 3954 4074 3899 4002 3780 4135 4289 4005 3987 3889 4190 4051 4159 3954 4610 4196 4060 3796 3874 4166 4109 4203 3942 3856 3584 4366 3870 3810 4208 3880 3896 3744 4306 4059 3839 4077 3742 4071 3784 3790 4257 3729 4072 4073 4002 3937 3957 4194 3723 4082 4085 3912 4071 4111 4228 4190 4191 4093 3970 4034 3520 4240 3855 3834 4027 3896 4044 3609 3925 3638 4161 3823 3757 3717 4184 3700 3831 4043 3912 4233 3663 4145 3448 3881 3873 4017 4209 3978 4235 3861 4120 4264 4386 3700 3691 4198 3540 4155 4244 4075 3805 3744 4095 4004 4311 
4148 4021 3733 3848 3764 3819 4233 4272 4103 3939 4107 4244 3273 3727 4227 3761 3943 3721 3973 3833 3907 3989 4013 4139 3604 3568 3588 4177 4467 3986 4264 4002 3924 3964 3692 4146 3899 3819 3509 4041 3972 4149 3854 3804 3758 3807 3683 3796 4091 3887 3855 3769 4180 4009 3634 3877 3622 3880 3813 4071 4111 3885 4119 4224 4041 3978 4178 3919 4464 3742 3682 3754 4054 4033 3771 3687 4201 3742 3826 3939 3680 3897 4423 3726 3961 3996 3797 3840 3545 4020 3930 4320 3939 4236 4141 3791 4116 3695 4119 3782 3860 4052 3951 3951 3709 4108 3971 4163 3861 4485 3808 3971 3874 3819 4084 4067 4127 3815 3799 3912 4165 3897 3716 3919 4116 3918 3712 4215 3891 3841 4001 3882 3774 3829 3731 4131 3857 4182 4019 4228 4014 3667 4201 3700 3802 3972 4112 4042 4055 4103 3862 4176 3944 3706 4042 3583 4284 3923 3719 4152 3844 4036 3747 3733 3547 4056 3670 3778 3671 4331 3721 4025 3875 3904 4186 3824 4154 3715 3635 3919 3962 4111 3906 4328 4155 4017 4243 4387 3560 3919 4087 3554 4039 4237 4344 3770 3975 4057 3923 4328 
3968 3555 3439 3385 3616 3526 3968 4209 3522 3504 3584 3818 3351 3635 3603 3286 3716 3406 3832 3649 3619 3729 3642 3739 3677 3545 3379 3707 3905 3568 3967 3704 3708 3382 3233 3618 3393 3341 3261 3642 3687 3654 3704 3504 3675 3485 3575 3443 3660 3505 3819 3335 3744 3769 3614 3559 3462 3464 3359 3879 3710 3524 3806 3928 3549 3879 3928 3496 4468 3507 3331 3699 3779 3818 3381 3391 3804 3400 3475 3880 3798 3495 4168 3475 3539 3743 3742 3484 3479 3688 3434 3984 3625 3829 3545 3608 3680 3648 3504 3566 3806 3781 3728 3391 3419 3757 3484 3736 3383 4118 3727 3780 3612 3287 3830 3616 3965 3383 3686 3347 3836 3674 3630 3753 3743 3827 3229 4168 3631 3736 3795 3408 3787 3650 3378 3889 3524 3659 3840 3769 3558 3457 3830 3088 3803 3619 3583 3510 3648 3781 3791 3674 3807 3452 3641 3393 3614 3522 3382 3901 3591 3771 3279 3477 3340 3719 3499 3248 3282 3734 3631 3682 3709 3671 3787 3635 3752 3520 3489 3551 3544 3744 3687 3696 3662 3871 3852 3702 3396 3269 4112 3590 3899 3938 3756 3554 3505 3987 3622 3872 
3979 3840 3807 3878 3974 3844 4063 4350 4002 4149 3870 4025 3839 4302 4081 3668 4164 3762 4024 4116 4115 3907 3886 4300 3931 3797 3788 4170 4147 4210 4156 3989 3940 3875 3953 3867 3933 3873 3830 4083 4143 3933 4018 3975 3991 3921 3690 3782 4213 3958 3971 3931 4065 4043 3995 3983 3622 3815 3884 4130 4089 3809 4236 4146 3955 4079 4062 4004 4446 3862 3809 4102 4083 4218 3656 3860 4456 3647 3810 4001 4208 4209 4317 3885 3965 4199 4064 3947 3916 3908 3970 4065 3953 4291 3858 3922 3933 3791 3931 3859 3851 4071 4079 3898 3706 4194 3994 4088 3685 4672 4268 4151 4018 3816 4168 4131 3983 4070 3997 3852 4227 3943 4017 4309 3926 4156 3946 4203 4288 4090 4392 4039 4271 3857 3794 3975 3943 4293 4129 4191 3966 3895 4082 3553 3887 4020 3993 4012 3917 4087 4511 4356 3931 3792 4042 3617 4218 3892 3812 4096 3987 4047 3572 3922 3857 4086 3664 3649 3835 4076 4091 4178 4075 4091 4080 3997 3854 4042 3770 4044 3825 4098 4323 4166 4420 4051 4116 4136 3786 4079 4297 3805 4258 4413 4116 3867 3826 4043 3953 4057 
4325 4067 3945 4172 4141 4051 4378 4608 4367 4091 4123 4766 3814 4213 4432 3992 4028 3939 4347 4216 4183 4422 4355 4208 4308 4004 4136 4550 4402 4300 4307 4333 4164 4201 3937 4061 4061 3861 3935 4249 4277 4321 4073 4034 4029 4032 4130 4177 4268 4202 3886 3859 4281 4086 4218 4041 3901 4197 4245 4341 4352 4040 4479 4266 4141 4379 4338 4262 4667 4348 3979 4342 4422 4560 3838 3957 4664 3801 4165 4347 4244 4197 4806 4146 4331 4566 4310 4230 3996 4254 4146 4346 4248 4581 4133 4488 4347 3894 4178 4165 4298 4293 4495 4168 4046 4308 4237 4330 4080 5166 4488 4191 3999 4362 4416 4348 4297 4186 4161 4243 4779 4445 4164 4291 4165 4424 4042 4474 4379 4376 4447 4171 4188 4268 4302 4749 4099 4343 4440 4411 4222 4021 4526 3750 4189 4232 4266 4312 4449 4243 4460 4587 4468 4070 4457 3973 4533 4169 4213 4180 4175 4455 4128 4214 3841 4447 4141 4214 4092 4572 4151 4515 4384 4009 4302 4037 4298 4146 3907 4414 4371 4488 4128 4741 4458 4186 4312 4570 3864 3822 4541 3845 4421 4544 4357 4316 4229 4236 4180 4557 
3772 3782 3528 3579 3682 3690 4016 4172 3758 3866 3807 3989 3174 3925 3591 3253 3584 3449 3681 3810 3722 3821 3788 3952 3768 3561 3605 3927 3977 3821 3740 3802 3710 3692 3502 3672 3514 3511 3260 3755 3740 3821 3750 3670 3546 3452 3670 3757 3943 3731 3744 3564 3661 3658 3635 3646 3171 3617 3504 3747 3929 3560 3805 3831 3577 3900 3818 3647 4098 3588 3532 3648 3917 3807 3487 3409 3951 3373 3589 3826 3913 3745 4094 3472 3711 3956 3978 3740 3568 3950 3738 4203 3544 4119 3611 3529 3676 3523 3601 3825 3682 3659 3677 3641 3429 3834 3761 3726 3604 4226 3916 4003 3701 3577 4154 3705 3770 3569 3802 3544 4143 3846 3709 3814 3588 3882 3630 4081 3816 3631 3893 3861 3698 3638 3579 4327 3646 3954 3760 3669 3697 3414 3755 3255 3759 3656 3769 3687 3868 3772 3888 3847 4004 3432 3850 3367 3696 3524 3490 3763 3630 3673 3549 3557 3428 3759 3621 3403 3629 4051 3577 3852 3978 3463 3829 3585 3781 3773 3504 3786 3743 3804 3996 3935 3861 3768 3872 4128 3480 3512 3818 3369 3971 4197 3544 3597 3433 4087 3799 4065 
4235 4143 3640 3922 3674 3918 4162 4152 4132 4016 3988 4141 3364 4068 3899 3691 3890 3861 3852 3802 3888 4073 3990 4059 3882 3660 3785 3935 4286 3845 4115 3974 3976 3945 3781 3789 3739 3796 3482 4024 4130 4044 3801 3841 3824 3880 3875 3762 4020 4200 3981 3688 4104 3708 3808 3712 3571 3848 3847 4014 4112 3798 3978 4156 3873 3999 4086 3816 4284 3877 3691 3973 4007 3705 3525 3759 4150 3668 3642 3913 4047 3956 4494 3946 3868 3989 3786 3830 3747 4062 3966 3952 3940 4080 3951 3777 3915 3878 3792 3636 3856 3942 3946 3564 3590 3869 3906 3830 3739 4390 3912 3912 3915 3996 4162 3999 3801 3978 3857 3644 4318 3964 3674 3994 3999 3959 3770 4076 3931 3848 3978 3766 3937 4026 3899 4030 3806 3974 4002 3941 3808 3712 4052 3642 3874 4073 4036 3932 4059 3771 3951 4337 4070 4007 4036 3396 4234 3933 3728 4086 3931 3919 3643 3580 3555 4147 3825 3611 3860 4102 3868 4021 4089 3981 4046 3815 4104 3699 3866 3803 3735 4201 4176 3930 4073 4003 4194 4074 3799 3589 4137 3760 3881 4037 4207 3905 3820 4262 3807 4003 
4266 4246 3999 4181 4098 4218 4665 4598 4354 4413 4242 4470 3870 4305 4250 3890 4142 3878 4259 4229 4147 4118 4301 4309 4511 3909 4098 4201 4425 4270 4472 4408 4042 4221 4007 4204 4040 4059 3811 4230 4425 4189 3915 4126 3979 4133 4106 3937 4274 4266 4168 3997 4214 4218 4174 3992 3920 4072 3982 4493 4442 4085 4428 4501 4327 4521 4313 4298 4685 4090 4010 4230 4306 4198 3943 4044 4647 3700 3947 4121 4186 4267 4684 4027 4446 4449 4162 3958 4023 4435 4251 4268 4150 4455 4048 4007 4285 4166 4266 4131 4305 4441 4416 4110 4040 4362 4369 4480 4142 4852 4290 4366 4115 4165 4535 4380 4279 4170 4177 4145 4674 4061 4147 4266 4088 4315 4068 4566 4388 4352 4546 4184 4269 4192 4145 4528 4054 4498 4542 4273 4298 3972 4324 3580 4216 4345 4304 4326 4142 4199 4293 4714 4071 4065 4385 3745 4458 4240 4129 4432 4371 4224 3902 3947 3817 4350 4046 3941 4029 4523 4042 4278 4368 4206 4369 4089 4202 3699 4286 4250 4161 4342 4205 4368 4320 4166 4394 4634 3899 3932 4648 4066 4350 4676 4282 4203 4150 4209 4228 4665 
4117 4177 3898 3989 3943 3804 4297 4532 4069 3964 4128 4316 3728 4252 4097 3638 3986 3776 4177 3927 3971 4057 4230 4007 4184 3811 3951 4015 4484 3955 4363 4132 4093 3981 3723 3890 3959 3945 3793 4170 3881 4218 3841 3939 3978 3806 4007 4023 4279 3934 4077 3730 4034 3905 4166 3824 3667 3908 3976 4135 4172 3900 4140 4336 3941 4327 4408 4104 4457 3903 3886 4074 4139 4172 3704 3685 4528 3888 3691 3938 4149 4048 4369 3959 4091 4085 3994 3786 3734 4313 3890 4213 3914 4425 4150 3939 4143 3919 4203 3962 4280 4053 4127 4050 3906 4316 4036 4232 3685 4809 4433 4306 4007 3900 4366 4319 4133 4056 4201 3936 4409 3946 3883 4047 4053 4196 3781 4417 4201 3899 4390 4034 4158 3974 4019 4257 3805 4017 4186 4178 3780 3951 4172 3665 4037 3980 3972 3844 3923 4002 4276 4473 4262 3990 4150 3588 4210 3882 3861 4199 3821 4164 3827 3804 3520 4114 3861 3717 3693 4227 3972 4068 3882 4067 4031 3703 4099 3775 3741 4267 3902 4202 4110 4371 4198 4093 4034 4325 3747 3654 4377 3879 4219 4367 4254 4128 4064 4290 4180 4174 
4141 3997 3817 3838 3933 4044 4234 4564 4331 3952 4173 4311 3552 4177 4004 3564 3986 3773 4286 3938 3931 3973 4078 4113 4206 4047 3765 4325 4664 4154 4079 4251 4118 4018 3928 3883 3670 3804 3628 4369 4045 4086 3925 4172 3979 3764 3936 4061 4320 4251 3945 3547 4098 3828 4149 4112 3543 3703 3818 4072 3994 3955 4217 4375 4122 3909 4266 4130 4476 3889 3873 4164 4175 3928 3685 3596 4387 3551 3838 4106 4123 3984 4296 3916 4055 4283 4142 4039 3675 4239 3885 4341 3747 4358 4076 3959 4020 4151 4146 3796 3928 4168 4099 4174 4052 4029 4183 4270 3837 4750 4385 4229 4166 3966 4319 4004 4242 3915 4078 3716 4341 4314 3894 4023 4027 4144 3949 4354 4006 3986 4193 3865 4051 4017 3897 4342 3899 4386 4168 4170 3671 4042 3972 3485 4208 4151 4063 4043 4118 4069 4136 4295 4041 3849 4197 3659 4281 4064 3595 3976 4019 4094 3993 3641 3508 4298 3724 3828 3842 4249 3972 4192 4168 4105 4248 4048 4138 3940 3825 4219 4080 4222 4235 4334 4239 4080 4104 4056 3718 3604 4285 3708 4251 4223 4246 3970 3837 4323 3928 4223 
4082 3667 3756 4019 3738 3753 4082 4175 4034 3825 4164 4091 3585 4081 3798 3746 3964 3784 3794 3824 3755 4026 3924 4057 3910 3937 3593 4063 4328 3962 4235 4085 3869 3859 3768 3874 4091 3543 3685 3959 3827 4111 3872 3624 3758 3749 3706 3957 4329 3928 3783 3835 4000 4014 3970 3676 3747 3744 3950 4054 4177 3788 4240 4266 3791 4270 4063 3984 4234 3949 3872 3988 3933 3907 3435 3583 4496 3792 3814 3993 4150 4032 4418 3790 4053 4095 3996 3827 3754 4042 4022 4185 3939 4045 3801 3819 4029 4035 4066 3761 3885 4152 4126 3972 3974 3802 3983 4045 3824 4478 4092 4144 3916 3833 3999 4300 3846 4146 3976 3903 4444 3856 3822 4092 3752 3908 3710 4451 4135 3799 4153 3699 3958 3956 3639 4062 3912 3954 4344 3937 3733 3681 3992 3797 3963 3804 3763 3783 3923 3915 4078 4392 4001 3759 4170 3747 4209 3888 3765 4172 3930 3943 3681 3696 3669 3983 3636 3742 3915 4048 3865 3973 3883 4000 4273 3795 4012 3637 3800 3906 3957 4056 3839 3988 4127 3848 4085 4123 3629 3771 4222 3825 4018 4396 4193 3875 3793 4211 4109 4461 
4051 3996 3657 3887 3911 3922 4012 4237 4100 3934 4122 4338 3691 3795 3888 3401 3913 3614 3944 4105 3927 3950 3976 3993 3929 3721 4026 4154 4293 4132 3954 4096 4110 3816 3738 3792 3909 3730 3466 4055 3963 3975 3619 3778 3668 3880 3790 3844 3979 3958 3904 3807 3989 3940 3840 3779 3478 3682 3893 4037 3933 3948 4228 4129 3982 4163 4204 4038 4522 3919 3733 4098 4053 3891 3858 3902 4302 3654 3762 4052 3964 3826 4246 3976 4030 4094 4151 3853 3713 4027 4007 4038 3751 3985 3864 3842 4264 4026 4172 3851 4346 3900 4195 3682 3685 4064 3842 4236 3769 4466 4122 4097 3725 3932 4022 4073 4067 3650 4098 3995 4436 4023 3915 4038 4030 4150 3682 4397 4185 3929 4352 4068 3940 4002 3862 4210 3755 4060 4075 4039 3901 3838 4164 3711 3950 4204 4106 4043 4228 4171 4073 4318 3994 3913 4313 3749 4393 3958 3751 4174 4164 3971 3650 3796 3738 4033 3755 3700 3664 4277 3948 4297 4157 3958 4129 3799 4014 3958 3666 3971 3840 3959 3812 4224 4030 3987 4014 4182 3463 3643 4158 3635 4160 4255 4087 3942 3897 4158 3888 4323 
3786 3817 3654 3584 3772 3896 4319 4361 4169 4058 3944 4249 3419 4251 3962 3540 3856 3593 4020 4025 3829 4027 4009 4082 3791 3776 3924 3894 4319 3788 3993 4113 3837 3814 3807 3672 3718 3704 3401 4091 4006 3876 3906 3886 3915 3845 3776 3773 4084 3882 3924 3833 4042 3764 3843 3625 3827 3706 3751 3751 4097 3963 3994 3974 3825 4229 4067 3892 4157 3793 3891 3952 4055 3853 3710 3843 4369 3661 3732 3739 3855 3784 4292 3769 3933 4024 4074 3726 3850 4012 3920 4099 3929 4229 4175 3833 4022 3918 4102 3834 3726 4002 4043 3859 3738 4057 3956 4274 3853 4504 4122 4018 3867 3751 4334 4027 3889 3988 3858 3554 4380 3833 3755 4039 3919 4099 3729 4313 3862 3843 4179 3724 3837 3993 3925 3902 3823 3721 4198 4083 4000 3822 4063 3454 3907 4048 3865 4007 3967 3968 4132 4309 4102 3808 4350 3744 4186 3837 3803 4098 3960 3908 3728 3885 3405 4054 3666 3743 3564 3905 3598 4148 4109 3865 3936 3713 3970 3712 3476 3740 3717 3961 4142 4022 4135 3833 3950 4132 3428 3704 4085 3602 3800 4424 4244 3758 3744 4147 3877 4093 
3645 3642 3641 3486 3753 3575 3857 4091 3563 3788 3767 3781 3290 3623 3929 3397 3690 3390 3764 3616 3773 3620 3548 3826 3563 3231 3598 3885 4078 3671 4003 3817 3550 3609 3425 3664 3540 3545 3438 3641 3973 3812 3569 3804 3458 3696 3423 3453 3797 3584 3455 3634 3610 3767 3533 3416 3303 3618 3630 3573 3933 3638 3626 3871 3686 3838 3705 3761 4172 3502 3515 3800 3723 3957 3509 3241 4171 3328 3663 3668 3929 3594 4166 3605 3620 3842 3762 3554 3680 3891 3637 4039 3534 4115 3642 3638 3788 3555 3677 3819 3502 3573 3659 3617 3703 3968 3523 3821 3527 4097 3968 3859 3581 3528 3964 3605 3792 3544 3659 3567 3779 3464 3698 3749 3687 3809 3270 3764 3635 3876 3915 3633 3756 3526 3618 3819 3533 3666 3809 3914 3644 3280 3615 3031 3634 4021 3804 3402 3815 3674 3767 3781 3863 3343 3900 3440 3756 3599 3426 3762 3683 4034 3617 3585 3139 3646 3556 3342 3386 4014 3572 4067 3802 3666 3808 3613 3844 3476 3610 3556 3666 3884 3620 3912 3861 3654 3666 3896 3369 3538 3799 3455 3845 4021 3801 3901 3753 3904 3809 3956 
4071 3752 3606 3891 3776 3793 4127 4061 3972 3768 4131 4244 3454 3844 3962 3496 3919 3598 4111 3894 3759 3831 3857 3878 3995 3685 3996 3975 4190 3928 3959 4177 3883 3824 3736 3847 3662 3641 3763 3873 4056 4012 3705 3826 3869 3849 3835 3761 4021 3845 3711 3604 3975 4090 3918 3692 3451 3825 3617 4227 4023 3817 3991 3935 4041 4049 4098 3795 4313 3879 3835 3967 4047 4071 3603 3710 4290 3572 3696 4004 3969 4098 4385 3772 3706 3944 4110 3801 3645 3959 3754 4175 3688 4226 3932 3722 3988 3708 4021 3580 3957 3955 4216 3723 3601 3893 3802 3965 3674 4443 3993 3823 3896 3598 4081 3988 3940 3906 3753 3604 4347 3938 3764 4077 4053 3912 3719 3956 3835 3831 4081 3819 3959 3720 3724 4294 3822 4078 4127 4151 3836 3706 4134 3496 3895 4008 3799 3824 4058 3923 4055 4333 4043 3703 4199 3771 4244 3748 3649 3899 3726 4105 3967 4056 3480 3919 3672 3584 3772 4091 3662 4109 4014 3841 4078 3819 4257 3625 3668 3852 3783 4016 3864 4061 3786 3881 4039 4078 3514 3889 4375 3605 4085 4176 4072 3915 4037 3915 3846 4021 
4318 4052 3932 3880 3967 4118 4475 4633 4132 4113 4028 4323 3705 4327 4023 4009 4178 3673 4357 4230 4276 4250 4096 4234 4246 3902 4116 4336 4479 4143 4301 4210 4097 3887 3749 4069 3931 3843 3606 4438 4198 4559 4280 4219 3950 4021 4008 4033 4390 4186 4103 3842 4325 4093 3902 4185 3816 3907 3786 4069 4189 3991 4363 4407 4156 4180 4446 4288 4734 3876 3927 4213 4085 4017 3905 3785 4432 3641 4013 4148 4196 4086 4611 3925 4233 4272 4371 4055 4144 4374 4127 4289 3837 4634 4024 3846 4237 4092 4166 4045 3905 4335 4115 4074 4156 4221 3930 4318 3861 4875 4241 4306 4288 4000 4416 4179 4232 4004 4184 3650 4450 4400 3995 4213 3997 4299 4015 4530 4152 4111 4364 4007 4036 4248 3902 4295 3895 4287 4530 4293 4149 3932 4180 3685 4097 4014 4274 3957 4152 4228 4292 4160 4132 3840 4180 3943 4290 4291 3976 4293 4172 4384 3844 3970 3713 4405 4069 3891 3858 4276 3987 4304 4336 4097 4330 4027 4280 3796 4049 4052 4113 4456 4309 4070 4320 4281 4334 4368 3924 3810 4182 4179 4148 4541 4428 4005 3795 4402 3997 4432 
4178 3907 3737 4082 3819 4004 4312 4333 4318 3837 3908 4457 3621 3983 3977 3742 3813 3703 4140 3961 4059 4025 4013 4212 3750 3747 4077 4118 4261 3792 4386 4105 4021 3954 3632 4024 3681 3695 3642 4177 4133 4245 3828 3956 3822 3989 3862 3892 4083 3991 3893 3831 4140 3857 4011 3811 3596 4011 4042 4054 3879 4056 4196 4294 4096 4090 4021 4018 4314 3950 3963 4000 4128 4066 3797 3969 4487 3758 3844 4002 4320 4084 4512 3801 4002 4217 4041 4003 3781 3943 3894 4103 3848 4438 4305 3963 4239 4016 4205 3962 4025 4084 4195 3835 3569 4011 3883 4230 3851 4807 4119 3925 4055 3928 4254 4092 3685 4242 3865 3965 4357 4004 3869 4091 4130 4121 4060 4350 4280 3894 4529 3831 4014 4151 4100 4205 3950 3935 4172 4264 3839 3696 4093 3694 4090 4145 4115 4121 4200 3991 4035 4402 4191 3720 4207 3709 4488 4269 3766 4149 4009 4153 3724 4060 3673 4242 3920 3638 3600 4093 3905 4017 3991 3901 4160 4031 4052 3775 3727 4040 4127 4407 4082 4345 4212 3955 4249 4069 3694 3657 4192 3709 4248 4343 4359 4058 3922 4179 3872 4218 
3859 3999 3733 3708 4056 3822 3992 4418 3959 3978 4021 4130 3472 3858 4020 3638 4027 3707 3960 3819 3723 3942 3971 4023 3977 3561 3622 4003 4249 3777 4145 3863 3906 3556 3751 3884 3602 3798 3589 3958 3870 3723 3665 3704 3931 3656 3845 3778 4001 3903 3740 3668 3848 3699 3848 3947 3457 3806 3589 4003 3914 3883 4075 4124 4111 4013 4094 4014 4231 3662 3775 4075 4143 3832 3442 3727 4102 3468 3623 4106 4024 3892 4280 3819 3853 4168 3891 3826 3744 4089 3951 3987 3720 4309 3938 4001 4038 3833 3798 3578 4005 3988 4201 3818 3868 4089 3951 4084 3537 4408 4065 3867 3666 3633 4089 3938 4097 3758 3778 3581 4070 3936 3783 4029 3702 3828 3725 4336 3981 3933 4165 4025 3737 3961 3661 4133 3678 3847 3913 4001 3759 3811 3922 3250 3871 3947 3938 3848 3845 3913 3933 4068 3792 3814 4137 3396 4084 3929 3578 4099 3983 3956 3621 3747 3629 4095 3674 3408 3741 4123 3679 3887 3931 3951 4027 3687 4061 3720 3592 4014 3646 4058 3747 4147 3917 4006 3839 4178 3345 3803 4197 3633 4180 4227 3888 3825 3919 4055 3657 4011 
4138 3909 3726 3989 3856 3851 4341 4302 4201 4142 3840 4300 3577 4039 3957 3913 4070 3668 4161 3941 3920 4070 3995 4090 3947 3883 3626 4002 4310 3681 3977 3864 4002 4060 3559 3738 3698 3564 3496 4238 4107 4006 3952 3998 3997 3805 3959 3734 4072 4116 3852 3730 4051 4018 3855 3619 3651 4007 3798 4047 4018 3791 4141 4259 3936 4190 4336 3928 4489 3715 3673 3942 3965 4048 3735 3978 4336 3508 4147 3941 4027 4041 4418 3752 4089 4268 4139 3720 3824 3925 4028 4192 3818 4267 3959 3823 3949 3987 3941 3852 4030 4307 4007 3947 3609 4226 3930 4240 3760 4575 4073 4033 3846 3712 4311 4133 4070 3960 3850 3664 4414 3869 3793 4067 3972 3961 4002 4293 3832 3907 4182 3934 3796 4101 3733 4287 3721 4094 4220 4092 4056 3789 4011 3621 3788 3852 3962 4133 4053 4074 3898 4438 4117 3916 4047 3604 4247 3796 3769 4130 3818 4087 3867 3946 3538 4086 3769 3638 3758 4134 4047 4399 3884 4003 3851 3715 4228 3746 3612 3869 3978 4236 4215 4113 4055 4038 4107 4230 3561 3570 4170 3716 4136 4281 4235 3965 3783 4227 4099 4062 
4050 3871 3651 3942 3709 3784 4360 4286 4005 3724 3942 4194 3441 3782 3861 3676 3782 3669 3997 3893 3857 4189 4126 4182 3745 3756 3822 3930 4262 3837 4164 3637 3849 3943 3805 3885 3694 3703 3587 4144 3999 4129 3876 3789 3854 3707 3854 3680 4088 3885 3901 3548 3865 4076 3690 3666 3571 3740 3811 4034 4071 3679 4069 4143 3689 4211 3997 3964 4433 3929 3739 4018 3910 3812 3867 3692 4124 3539 3762 3974 4048 3913 4160 3927 3959 4028 3907 3718 3769 3951 4162 4323 3774 4021 3976 3968 3985 3790 4219 3551 3953 4021 3996 3892 3579 4082 3956 4096 3797 4689 4024 3982 4141 3810 4082 4024 3970 3821 3814 3706 4127 3963 3785 4177 4043 4051 3830 4313 4037 4054 4122 3810 3879 3847 3828 3989 3684 3974 4068 3995 3794 3901 4143 3629 3861 3652 3900 3830 4129 4135 4040 4378 3954 3627 4076 3612 4308 3925 3680 4030 3929 4038 3655 3645 3420 3838 3665 3684 3713 4180 3798 4202 3834 4087 4160 3765 3993 3685 3682 3937 3645 4013 4170 4026 3974 3850 4059 4170 3557 3473 4141 3564 3828 4314 4142 3980 3600 4072 3956 4232 
3840 3761 3651 4017 3806 3770 4056 4238 4075 3697 3674 4022 3500 4130 4054 3513 3995 3757 3794 3718 4137 3924 3962 4300 3919 3697 3578 4165 4299 3719 4144 3630 3974 3675 3708 3823 3570 3750 3472 3957 3685 4088 3731 3969 3788 3710 3850 3883 3926 4055 3746 3513 3946 4016 3671 3823 3509 3671 3630 4282 4015 3448 3994 3881 3628 4210 4143 4080 4317 3751 3629 3878 4110 3842 3697 3718 4223 3717 3755 3826 4006 3837 4208 3694 3845 4113 3833 3813 3722 3812 4012 4100 3923 4165 3928 3637 3915 3451 3919 3842 3931 3882 3955 4055 3698 3980 4105 3818 3564 4386 3964 3998 3727 3783 4139 3944 3953 3758 3878 3783 4212 3968 3814 4106 3951 4086 3599 4132 4045 3990 4216 3771 4141 4043 3613 4135 3829 3861 4073 4058 3771 3664 4084 3467 3525 3961 4052 3877 3811 3921 3996 4193 3896 3909 4144 3751 4128 3936 3629 4166 3789 3905 3575 3545 3666 4210 3465 3707 3824 3868 3737 3899 4124 4004 3940 3758 3885 3680 3835 3793 3715 4147 4188 4108 4184 4235 4113 3842 3868 3550 4136 3779 3922 4050 4145 3916 3701 3991 3601 4072 
3922 3556 3546 3572 3584 3491 3908 3934 3775 3674 3625 3798 3252 3660 3606 3459 3666 3460 3799 3712 3643 3697 3591 3869 3418 3376 3574 3716 4098 3625 3789 3723 3590 3613 3463 3707 3666 3465 3177 3830 3705 3730 3639 3716 3593 3673 3446 3452 4024 3706 3607 3534 3898 3752 3558 3583 3309 3610 3577 3705 3881 3716 3927 3774 3791 3777 3781 3738 3909 3521 3536 3643 3577 3597 3293 3345 3828 3371 3336 3547 3777 3795 4036 3605 3698 3802 3843 3713 3326 3721 3588 3932 3754 4006 3586 3383 3798 3682 3940 3486 3561 3840 3810 3477 3492 3824 3660 3886 3240 4100 3485 3593 3728 3464 3750 3820 3713 3680 3803 3483 3898 3740 3660 3768 3686 3542 3550 4044 3771 3647 3947 3631 3732 3837 3572 3516 3485 3568 3775 3721 3673 3650 3503 3477 3482 3630 3694 3809 3861 3881 3726 3823 3694 3498 3740 3525 3743 3755 3509 3914 3564 3670 3482 3493 3518 3965 3688 3112 3369 3777 3636 3798 3722 3581 3926 3556 3917 3543 3457 3600 3707 3745 3662 3600 3938 3648 3866 3866 3591 3319 3709 3531 3714 3870 3837 3414 3560 3979 3747 3992 
4024 3685 3769 3693 4059 3795 4214 4031 4255 3670 4071 4106 3755 4206 4037 3693 3951 3678 3853 3875 4039 3839 3816 4306 4115 3929 3900 4314 4429 3955 4035 4045 3929 3687 3862 3821 3847 3642 3723 4157 4156 3989 3978 4035 3696 3604 3624 3810 4119 4118 3640 3707 4044 3861 3969 3760 3656 3872 3859 3954 4093 3831 4089 4192 3810 4150 3950 3873 4289 3731 3668 4010 4058 4072 3517 3735 4199 3578 3631 3947 3880 3921 4399 3635 3590 4136 3868 4212 3559 4022 4029 4259 3743 4322 3846 3831 4097 3976 4003 3560 3761 3961 4167 4009 3822 4054 4211 3983 3775 4433 4113 4137 3938 3793 4147 4058 3906 3719 4084 3821 4100 4067 3830 4216 3813 4041 3862 4186 4092 3889 4322 3683 4039 3933 3861 4238 3916 4048 4034 4134 3851 3845 3702 3450 4008 4022 3882 4064 3832 3854 4079 4488 4015 3761 4071 3619 4052 3899 3699 4016 3947 4103 3657 3863 3715 4305 3721 3509 3767 4296 3788 4185 4090 3883 4135 3835 4053 3835 3707 3849 3968 4196 4098 4212 4088 4072 4145 4215 3744 3730 4044 3545 3991 4262 3930 4139 3876 4252 3850 4196 
3965 3934 3488 3533 3528 3898 4135 4162 3871 3844 3901 4053 3171 3776 3779 3522 3760 3636 3599 3825 3770 3740 3893 3845 3810 3364 3735 3949 3853 3589 4000 3969 3642 3680 3665 3508 3672 3492 3425 3919 4001 3892 3699 3540 3807 3841 3715 3597 3906 3863 3815 3809 3872 3844 3618 3354 3493 3681 3713 3758 3879 3864 3888 3944 3710 3983 3739 3713 4061 3622 3851 3966 3899 3768 3498 3595 4161 3418 3430 3789 3820 3609 4368 3606 3852 3921 3859 3719 3801 3889 3521 4095 3802 3990 3840 3618 3663 3777 3935 3649 3658 4039 3920 3830 3631 3897 3572 3873 3506 4313 3777 3930 3831 3588 4143 3667 3774 3978 3767 3349 4179 3567 3741 3881 3705 3785 3469 4116 3936 3954 3933 3427 3738 3702 3599 3775 3787 3927 4091 4061 3759 3528 3809 3133 3632 3787 3643 3678 3794 3764 3842 3844 3756 3579 3898 3460 3787 3700 3421 3849 3752 3846 3459 3627 3256 4065 3594 3522 3558 3832 3489 4118 3729 3670 3829 3606 3864 3705 3796 3621 3397 3810 3780 3755 3910 3715 3793 4022 3392 3596 3965 3653 3828 4012 3972 3824 3790 4061 3944 3959 
4504 4335 4062 4079 4157 4154 4501 4586 4358 4110 4252 4326 3663 4366 4129 4002 4292 3905 4146 4089 3904 4133 4090 4473 4281 3745 3993 4141 4614 4064 4545 4444 4028 3958 3936 4147 4207 4024 3883 4252 4242 4567 3990 4081 4079 3972 4102 3980 4241 4281 4211 3870 4194 4201 4011 3961 4111 3908 4222 4384 4361 3876 4323 4329 4206 4754 4202 4307 4721 4010 3916 4099 4072 4140 3773 3956 4477 3917 3873 4159 4183 4009 4552 4147 3988 4128 4127 4073 4049 4443 4356 4319 4178 4388 4203 4150 4304 4103 3984 3834 4046 4338 4567 4306 4102 4306 4038 4342 3779 4959 4216 4152 4343 4154 4425 4248 4365 4092 4255 4034 4426 4198 4057 4362 3988 4042 4073 4490 4190 4259 4433 4156 4117 4126 4158 4206 4060 4285 4367 4090 4329 4201 4100 3800 3931 4219 4344 4152 4057 4297 4507 4575 4262 3987 4071 3786 4459 4173 3758 4311 4406 4081 4017 3980 3716 4235 3924 3628 3908 4413 3778 4456 4016 4211 4279 4110 4276 4182 3957 4094 4031 4343 4167 4430 4429 4219 4392 4363 3705 3772 4436 3925 4028 4484 4383 4146 3911 4409 4194 4434 
4019 3792 3613 3873 3824 3636 4193 4315 3908 4038 3922 4169 3389 3908 3882 3546 4103 3552 4231 4021 3870 3996 3849 4062 3883 3828 3667 4138 4270 3889 4357 4116 3742 3740 3673 3658 3778 3502 3649 3866 3983 3991 3937 3892 3707 3667 3813 3775 3999 3711 3980 3616 3976 4069 3717 3657 3814 3778 3762 4068 3905 3599 4109 4065 3894 4129 3812 3806 4172 3828 3653 3777 4126 4007 3539 3617 4353 3540 3858 4011 3998 3903 4266 3964 3889 3987 4081 3805 3697 3962 3907 4320 3877 4140 3728 3652 4008 3800 4133 3687 3961 4058 4003 3730 3668 3928 4013 4064 3678 4584 4131 4087 3769 3948 4012 4018 3953 3726 3972 3864 4369 3873 3808 4043 3906 4089 3822 4244 3970 3968 4402 3961 3681 3887 3650 4189 3501 4088 4190 4285 4028 3590 3957 3511 3876 4043 3951 3879 3832 4036 3791 4131 3939 3924 4075 3683 4284 4062 3756 4282 4020 3945 3719 3859 3491 3917 3770 3674 3947 4408 3846 4246 3678 3848 4249 3762 4109 3453 3706 4144 3669 4198 3947 3954 3967 3963 3936 4252 3634 3592 4090 3657 3968 4435 4109 3723 3825 4073 3904 4052 
4238 3636 3659 4115 3808 3932 4129 4459 4215 3906 4109 4225 3678 4057 3876 3454 3896 3667 3986 3973 3646 4043 4051 4117 3858 3869 3815 4093 4356 3876 4304 4169 4124 3992 3668 3906 4003 3703 3565 4171 4041 4053 3894 3907 3866 3676 3908 3809 3903 3966 4217 3690 4188 3937 3980 4040 3579 3846 3700 4201 4054 4070 4077 4295 4049 4310 4130 4080 4530 3802 3779 3680 3801 3991 4123 3891 4352 3679 3917 4091 4192 3782 4355 3735 4071 4230 4039 3710 3652 4130 4131 4344 3848 4233 3878 3975 4034 4052 4233 3887 4242 4373 4276 3957 3648 4100 4110 4062 3746 4707 4166 4317 4059 3781 4364 4089 4019 3923 3945 3991 4399 4014 3990 4049 4192 4194 3805 4569 4095 3933 4290 3894 4042 4010 3977 4238 3993 4161 4405 4064 3903 3670 4183 3685 3947 3967 4076 4022 4213 3982 4043 4312 4155 3616 4153 3789 4366 3862 3520 3983 4094 4117 3786 3936 3586 3975 3675 3622 3752 4319 3928 4181 4075 4132 4167 3941 4208 3819 3703 3927 3833 4023 4075 4289 4050 4000 4214 4167 3574 3735 4198 3625 4316 4496 4243 4160 3889 4171 3904 4309 
4072 3858 3512 3818 3684 3887 3987 4324 4170 3874 3851 4098 3531 3989 3803 3310 3923 3681 3999 3802 3731 4010 4000 3936 3863 3697 3656 4071 4221 3747 4035 4012 3984 3832 3770 3835 3648 3900 3394 4131 3952 4014 3849 3743 3771 3654 3825 3887 3927 4013 3703 3715 3945 3884 3683 3653 3527 3669 3798 4123 3982 3527 3929 3899 3655 4045 4058 3953 4071 3786 3891 3770 3909 3788 3584 3697 4314 3598 3699 3820 3885 3884 4337 3869 3881 4171 3986 3771 3752 4056 3751 3878 3679 4378 3883 3671 3838 3784 3952 3542 4089 4110 3890 3675 3883 4128 4050 4015 3642 4573 4161 3884 3646 3702 4132 3932 3643 3682 3777 3528 4253 3854 3808 3965 3839 4048 3789 4376 3837 3852 4068 3732 3763 3937 3638 4226 3663 4146 3942 3757 3855 3811 3932 3511 3673 3835 4002 3820 3858 3926 4234 4255 3987 3714 4161 3712 4191 3685 3746 4026 3940 3975 3486 3877 3550 4173 3537 3507 3794 3883 3734 4162 3965 3952 4010 3426 3869 3698 3754 3815 3685 4205 4183 4099 3996 3933 3885 4146 3713 3519 4119 3616 3865 4094 4023 3916 3637 4021 3893 4111 
4414 4097 3921 4077 3962 4326 4369 4479 4067 4358 4411 4553 3899 4233 4159 4138 4360 3943 4290 4242 4147 4242 4111 4528 3954 3965 4164 4332 4541 4164 4553 4225 4122 4067 3839 4376 4124 4077 3946 4273 4478 4184 4386 4218 4237 4142 3940 4181 4513 4423 4186 4006 4175 4243 4058 4060 3756 4048 4014 4451 4204 4295 4488 4362 4257 4321 4303 4155 4807 3997 4241 4214 4139 4200 3963 3802 4439 3954 3962 4269 4397 4089 4629 3925 4101 4496 4432 4230 4060 4188 4338 4400 4057 4557 4112 4260 4267 4465 4131 3895 4253 4455 4468 3942 4053 4352 4156 4414 3902 4766 4186 4250 4167 4042 4564 4056 4334 4146 4154 3874 4560 4401 3997 4413 4188 4061 3876 4525 4343 4295 4466 4176 4349 4375 4045 4213 4160 4327 4387 4301 4301 4159 4404 3806 4061 4201 4294 4119 4461 4285 4420 4298 4200 4033 4427 3897 4560 4221 3759 4455 4341 4260 4056 3904 3823 4564 3881 3667 4152 4381 4124 4390 4259 4200 4385 4265 4438 4064 4053 4035 4217 4285 4192 4381 4247 4506 4640 4349 3906 4106 4481 3986 4154 4540 4527 4251 4048 4656 4093 4468 
4010 3948 3737 3970 3997 4114 4245 4328 4242 4054 4035 4259 3725 4101 4203 3994 4000 3721 4161 3732 4037 4062 4169 4255 4157 3903 3885 4246 4220 3928 4343 4135 4017 3933 3752 4166 3796 3777 3744 4195 4191 4380 3913 3902 3743 3682 3983 3747 4160 3995 3839 3823 4158 4185 4000 3830 3750 4123 3831 4020 4303 3933 4074 4241 3765 4217 4268 3953 4455 3799 4036 3957 4151 4116 3881 4021 4208 3899 3729 4007 4068 3929 4599 4027 4068 4161 4224 3828 3872 4181 4081 4363 4008 4346 4004 4203 4093 4003 4137 4044 3946 4235 4202 4001 3827 4086 4121 4252 4042 4562 4295 4289 4106 4057 4119 4184 4250 4114 3801 3898 4290 4105 3616 4072 4043 4028 3819 4637 4172 4131 4519 3771 4111 3942 4019 4148 3801 4155 4282 4044 3886 3913 4198 3781 3978 3987 4158 4121 4021 4080 4212 4378 4017 3870 4412 3596 4314 4031 3837 4050 3936 3986 3755 3938 3736 4216 3924 3879 3809 4289 3875 4215 4147 4297 4339 4094 3918 3842 3988 3759 3934 4227 4058 4311 4063 4111 4120 4146 3958 3655 4286 3855 4003 4417 4374 4242 4152 4108 3971 4221 
4340 3743 3758 3841 3651 3876 4143 4349 4090 4069 3826 4337 3658 4106 4061 3811 3772 3727 3934 4135 4015 4022 4046 4079 3867 3523 3959 4287 4297 3857 4172 4077 4012 3747 3691 3898 3898 3765 3842 4161 4237 4220 3969 4155 4076 3880 3777 3985 4186 4009 3949 3822 4132 4095 3743 3786 3575 3954 3940 4105 3972 3904 4300 4111 4135 4053 4141 3911 4442 3913 3895 4030 3882 4078 3788 3754 4344 3823 3991 3924 4140 3830 4420 3763 3977 4142 4003 3879 3709 4015 3925 4294 3822 4369 3912 3876 4089 3910 4114 4010 4002 4062 4031 3812 3847 4065 3960 4267 3918 4572 3986 3934 3998 3694 4178 4179 3958 3939 3976 3699 4226 4062 3950 4001 4077 3954 3825 4013 4113 4079 4353 3920 4009 4108 3960 4144 3941 4019 4281 4181 3871 4010 4143 3479 3934 4118 3902 3906 3919 4040 4215 4328 4124 3792 4272 3426 4095 3930 3667 4303 4036 4358 3769 3847 3644 4326 3573 3459 4012 4216 3909 4088 4116 4136 3969 3724 4105 3655 3786 3970 3991 4449 3929 4415 4276 4030 3991 4174 3919 3635 4180 3731 4242 4362 4259 3941 3961 4335 4100 4103 
3668 3662 3525 3591 3586 3355 3914 4085 3788 3589 3570 3777 3350 3728 3690 3682 3707 3579 3683 3786 3602 3916 3771 3791 3484 3385 3588 3814 4104 3670 3970 3573 3609 3614 3390 3673 3712 3526 3212 3699 3539 3746 3606 3776 3733 3583 3528 3396 3760 3589 3608 3464 3753 3658 3795 3503 3311 3553 3599 3839 3721 3447 3972 4020 3733 3687 3835 3782 4159 3607 3610 3630 3827 3780 3418 3617 3897 3223 3581 3718 3676 3597 4125 3486 3659 4000 3707 3558 3556 3519 3533 3738 3576 4021 3754 3546 3738 3570 3715 3646 3660 4130 3879 3881 3768 3835 3763 3877 3448 4235 3756 3698 3647 3391 4041 3827 3883 3802 3730 3410 4105 3721 3478 3683 3679 3726 3363 3976 3762 3710 3998 3531 3925 3702 3734 3855 3821 3864 3808 3987 3635 3508 3820 3292 3631 3639 3555 3536 3751 3777 3885 4269 3711 3594 3886 3560 3968 3586 3420 3807 3575 3698 3367 3649 3364 3773 3285 3364 3415 3635 3607 3952 3584 3767 3710 3471 3598 3510 3645 3677 4068 3878 3542 3847 3927 3866 3908 4020 3400 3484 3826 3535 3642 4059 3948 3492 3647 4008 3805 4094 
4197 3926 3735 4007 3881 3876 4141 4467 4264 4347 4054 3930 3818 4101 3915 3700 3927 3732 4060 4199 4020 3963 4073 4165 4061 3768 3889 4217 4274 4061 4116 4180 4021 3970 3724 3842 3960 3732 3553 4074 4194 4159 3901 3874 3810 3641 3782 3837 4073 4112 3855 3537 4161 3993 3915 4021 3659 3733 3798 4131 4114 3938 4122 3899 4077 4513 4306 4129 4655 3866 3611 4013 4150 4040 3927 3707 4252 3606 3758 4088 4168 4011 4507 3745 4086 4183 4150 3858 3909 4026 4270 4187 3915 4614 3765 4038 4254 3511 4014 4114 4205 4084 4213 3919 3703 4068 4044 4278 3993 4604 4049 4039 3995 3959 4536 4126 4155 3968 3940 3844 4444 4265 3792 4176 4043 4271 3842 4423 4132 3958 4386 3978 4025 3875 3898 4269 3832 4159 4204 3748 4087 3700 4130 3523 3856 4172 4198 4331 4057 3973 4169 4281 4058 3770 4142 3790 4302 4002 3998 4151 4211 4283 3804 3847 3811 3991 3902 3656 3882 4433 3994 4148 4198 3945 4119 3885 4132 3851 3799 4032 4028 4075 4217 4293 4181 4263 4353 4238 3788 3756 4230 3973 4122 4091 4278 4160 3772 4055 3841 4386 
4160 3829 3631 3580 3810 3931 4165 4337 3927 4091 3830 4326 3440 4136 3925 3655 3802 3648 4397 3794 3942 3932 3780 3906 4024 3579 3866 4125 4224 3795 3955 4031 3862 3723 3580 3659 3649 3780 3357 3971 3898 4081 3835 3793 3603 3629 3625 3742 3747 3793 3803 3829 3946 3838 3724 3813 3779 3649 3623 4028 3976 3734 3865 3879 3805 3774 4089 3674 4403 3900 3723 3818 3928 3845 3698 3874 4220 3427 3722 3832 3893 3846 4027 3673 3833 3967 3958 3915 4003 3752 3673 4236 3751 4391 3852 3871 3816 3927 3874 3992 3777 3882 4096 3660 3594 3829 3722 3991 3712 4497 3844 4028 4010 3762 4341 3883 3862 3703 3951 3528 4208 4131 3712 3993 3678 4136 3562 4220 3939 3695 4168 3722 4077 4099 3676 4087 3649 4132 4094 4091 3783 3616 3896 3464 3847 3831 4085 3938 3721 3736 4239 4137 3882 3946 4158 3565 4253 4084 3602 4305 4003 3720 3746 3592 3482 4149 3801 3619 3720 3983 3708 3930 4109 3806 3958 3649 3965 3801 3869 3932 3860 4074 3909 4153 4162 3782 3930 4019 3473 3604 4176 3844 3927 4327 4181 3831 3678 4025 3771 4110 
3836 3985 3606 3724 3695 3892 4052 4269 4171 3762 3818 4290 3376 4048 3910 3313 3718 3644 3897 4019 3993 3702 3962 4140 3869 3688 3687 4281 4247 3862 4191 3907 3782 3835 3655 3703 3725 3604 3670 4225 3873 4008 3639 3936 3943 3575 3776 3846 3846 3837 3923 3579 3975 3942 3962 3598 3723 3741 3669 4039 3788 3808 4216 4236 3744 4024 4044 3914 4241 4128 3653 4024 3989 4087 3759 3804 4268 3509 3813 4010 3974 3765 4057 3759 3975 4088 4039 3718 3743 3972 3945 4168 3856 4196 3889 3720 3946 3812 4191 3907 3944 3823 4207 3911 3631 4149 3882 4007 3597 4597 3907 3993 3990 3747 4068 4105 3731 4007 3764 3847 4213 3928 3846 4024 4070 3967 3807 4092 4032 3804 4539 3825 3790 3909 3888 4293 3763 4034 4092 3889 3849 3683 4241 3504 3948 3799 3956 3824 4040 3959 4344 4297 3973 3676 3982 3563 4232 3877 3690 4168 3928 4016 3626 3507 3622 3856 3701 3482 3797 4133 3890 4093 3931 4029 4011 3852 3749 4035 3632 4117 3752 4041 3942 4207 4120 3841 3774 3949 3759 3610 4033 3829 4130 4378 3973 3860 3828 4114 3720 4348 
4312 4172 3884 4100 4072 4173 4547 4643 4358 4206 4245 4433 3835 4404 4219 4145 4173 3976 4515 4346 4233 4217 4079 4268 4326 4130 4202 4496 4535 4247 4339 4450 4108 4268 3847 4222 4215 3924 4012 4462 4105 4433 4283 4139 4059 3957 3965 4207 4357 4277 3971 3790 4285 4092 4185 4288 3882 4108 4112 4195 4466 3886 4468 4283 4326 4476 4362 4158 4686 4088 3855 4062 4412 4251 3892 4076 4759 3867 3974 4287 4238 4439 4804 4014 4279 4370 4230 4059 4218 4131 3979 4359 4151 4713 4323 4122 4286 4051 4255 4190 4109 4398 4401 4197 4007 4422 3978 4388 4096 4876 4238 4435 4272 4139 4649 4338 4183 4211 4319 3950 4514 4292 4257 4474 4183 4385 4243 4554 4258 4054 4705 4102 4471 4044 4339 4225 4026 4351 4408 4368 3926 4077 4331 3675 4030 4261 4174 4210 4312 4281 4509 4625 4342 4090 4530 3815 4603 4088 3925 4546 4202 4269 3898 3938 4000 4355 4001 3668 4011 4559 4204 4087 4460 4180 4244 4106 4214 3857 4012 4274 4239 4243 4340 4408 4511 4005 4383 4372 3891 3877 4695 3879 4491 4547 4536 4027 4174 4274 4132 4494 
3975 3623 3622 3549 3681 3703 3996 4152 3870 3822 3678 3975 3467 4028 4109 3354 3633 3418 3934 3955 3714 3602 3938 4037 3906 3563 3434 4158 3877 3724 3884 3773 3543 3684 3776 3939 3560 3770 3476 4018 3984 3673 3697 3739 3665 3684 3814 3725 3911 3742 3824 3445 3863 3812 3624 3665 3458 3556 3596 3839 3745 3418 3874 3932 3716 4002 3882 3689 4197 3622 3526 3880 3699 3804 3600 3407 4105 3259 3527 3659 3783 3603 4140 3761 3760 3842 3779 3708 3578 3989 3465 3955 3522 3997 3834 3564 3511 3750 3729 3632 3659 3943 3534 3865 3796 3929 3956 3564 3635 4327 3964 3971 3873 3406 4063 3844 3877 3730 3830 3230 4114 3798 3712 3759 3825 3909 3347 4004 3633 3840 3933 3640 3888 3615 3615 4038 3763 3911 3977 3790 3728 3665 3777 3243 3925 4045 3698 3734 3605 3948 4022 4110 3965 3534 4021 3140 3773 3681 3391 3893 3910 3759 3369 3428 3417 3993 3536 3299 3668 3830 3603 3868 3650 3910 4043 3530 3817 3526 3683 3622 3625 3880 3891 4017 3834 3964 4162 3852 3526 3430 3877 3556 3856 3987 4020 3625 3608 4006 3681 4048 
4143 4104 3788 3826 3764 3907 4385 4343 4107 3938 4205 4392 3387 3849 4140 3678 3865 3821 3826 4015 3966 3962 4061 4268 4084 3816 3919 4040 4332 3983 4224 4063 4088 4163 3745 3888 4017 3797 3692 3898 4063 4055 3898 3908 3982 4018 3776 3946 4330 3907 4156 3642 4109 3788 3854 3970 3607 3886 3883 4050 4173 4024 4161 4112 3920 4189 4171 4009 4325 3703 3834 3988 4059 4119 3762 3727 4408 3569 3678 4009 4126 4034 4323 3898 3952 3967 4129 4062 3778 4036 4033 4322 3999 4265 3961 3855 4015 3979 4072 3853 4030 4118 3953 3719 3496 4347 3958 4056 3728 4561 4191 4049 3861 3940 4157 4117 3840 3846 3855 3811 4424 3926 3884 4086 4077 4055 3894 4128 4156 4029 4145 3933 4011 3931 4143 4201 3768 4214 4038 4101 4066 3824 4005 3728 3891 4093 4279 4108 4115 3963 4176 4256 4118 3937 4014 3574 4213 3998 3837 4119 3961 4046 3785 3731 3498 3939 3823 3747 3989 4516 3952 4418 3883 3859 4022 3869 4276 3915 3933 3914 3998 4092 4208 4091 4207 4029 4182 4393 3758 3690 4052 3681 3881 4177 4168 3863 3961 4175 4131 4098 
4086 3794 3899 3913 3927 3876 3990 4188 4228 3913 4139 4275 3702 4048 4002 3797 4018 3721 4004 4039 3934 3840 4031 4022 4174 3645 3957 4242 4417 4008 4123 4022 3877 3656 3922 3998 3798 3753 3707 4070 3972 4089 3949 3946 3957 3670 3662 3952 4270 4030 3912 3646 4055 4049 3832 3842 3570 3743 4015 4127 4123 3924 4332 4150 3985 3951 4126 4155 4235 3710 3618 3925 4063 3986 3784 3833 4215 3833 3773 3932 4096 3866 4445 3817 3940 3982 4101 4031 3946 3990 4008 4153 3753 4091 3919 3851 4142 3892 3868 3825 3795 4166 4051 4033 3814 4008 3964 4046 3567 4529 4086 4155 3872 3744 4072 4092 3951 3798 3963 3724 4403 4049 3847 4162 4070 4078 3794 4421 4100 3800 4506 3924 3928 3927 3820 4163 3773 3916 4151 4149 3981 3602 4082 3780 3974 3988 4118 3967 3971 4024 4049 4160 3893 3668 4085 3675 4241 3854 3827 4303 3847 4122 3812 3786 3626 4253 3496 3673 3963 4108 3782 4169 4118 4012 4306 3870 4009 3803 3589 3857 4120 4261 4023 3964 4196 4218 4149 4215 3817 3825 4114 3608 4145 4218 4238 3915 3977 4162 3887 4145 
4085 3835 3652 3802 3840 3664 4206 4276 4155 3961 3958 4126 3537 3807 3910 3727 3711 3778 3967 3885 3920 3756 3938 3995 3771 3615 3455 4132 4066 3640 4007 3939 3947 3628 3629 3682 3901 3728 3685 3827 3876 3974 3819 3726 3704 3625 3696 3714 4054 4014 3683 3536 3912 3890 3820 3850 3426 3682 3577 4194 3968 3464 3992 4008 3871 3776 4107 3806 4361 3890 3670 3961 3786 3953 3482 3642 4193 3652 3536 3659 3840 3770 4257 3707 4122 3925 3792 3688 3624 3932 3742 4124 3805 4201 3790 3730 3802 3591 4038 3735 3947 3890 4022 3837 3858 4059 3872 4117 3615 4451 4047 3858 3897 3892 3994 3986 3834 3738 3751 3542 3965 3784 3791 4119 3870 3798 3877 3992 3944 4023 3992 3682 3904 3909 3764 3935 3584 4018 4051 4056 3898 3629 4067 3318 3873 3996 3996 4035 3959 3838 4146 4306 3761 3612 3947 3659 4195 3714 3517 4222 3700 3867 3538 3636 3448 4165 3535 3655 3878 4019 3761 3998 4014 3970 4169 3654 3761 3495 3912 3873 3996 4048 3966 4133 3856 3807 4193 4075 3525 3666 4036 3683 4092 3983 4041 3878 3828 3901 3790 4057 
4628 3968 3915 4168 4028 4034 4468 4270 4397 4250 4286 4471 3725 4123 4182 3794 4171 3918 4339 4402 4061 4119 4212 4319 4090 4026 4105 4318 4519 4092 4526 4372 4295 4055 3905 4176 4003 3720 4042 4512 4153 4295 4194 4197 4170 4115 4050 4085 4206 4325 4026 3985 4309 4208 4203 3825 3975 4061 4251 4306 4273 4112 4353 4188 4361 4132 4314 4156 4581 4134 3879 4029 4056 4288 3847 3843 4642 4103 3922 4172 4249 4141 4723 4174 4418 4413 4252 3927 4027 4339 4083 4368 4058 4482 4299 4187 4285 4021 4503 4125 4326 4104 4330 4125 4188 4562 4247 4549 3796 5001 4063 4260 4371 4250 4747 4334 4167 4178 4117 4164 4529 4466 4093 4258 4151 4221 4032 4659 4412 4259 4604 3931 4213 4189 4133 4455 4094 4476 4294 4308 4101 4068 4357 3922 3978 4155 4084 4240 4458 4441 4353 4489 4232 3891 4446 3903 4270 4138 4049 4518 4037 4209 3940 3907 3987 4254 4071 3829 4145 4516 4150 4272 4244 4236 4383 3916 4390 3910 3763 4098 4096 4231 4133 4329 4672 4174 4326 4503 3989 4015 4548 4040 4278 4526 4404 4112 4020 4544 4345 4398 
4108 3961 3989 4042 4296 4080 4426 4265 4477 4018 4042 4270 4009 4138 4071 4048 4375 3801 4109 4213 4123 3967 4102 4381 4117 4020 4173 4503 4633 4011 4254 4474 4038 4041 3922 4015 4021 3853 3973 4289 4238 4320 4086 4279 4146 3916 3764 3992 4103 4241 3908 4031 4213 3980 4231 3968 4021 3757 4138 4455 4140 4223 4108 4372 4109 4300 4438 4232 4821 4074 3790 4158 4255 4071 3927 4005 4566 3814 3743 4181 4312 4110 4482 3767 4079 4288 4140 4072 4006 4276 4236 4160 4100 4375 4047 3910 4198 4108 4282 4029 4071 4297 4384 4052 3821 4324 4172 4309 4044 4938 4356 4465 4079 4297 4531 4389 4331 4246 4084 3997 4581 4336 4139 4512 3989 4422 4125 4529 4232 4217 4564 4036 4191 4216 4022 4158 4010 4229 4466 4429 4227 3962 4155 3637 4247 4178 4317 4035 4108 4074 4317 4678 4262 3841 4309 3796 4463 4100 3704 4336 4129 4414 3776 3969 3583 4531 4090 3937 3978 4239 4055 4649 4115 4163 4327 4130 4105 3942 3947 3992 4028 4316 4267 4328 4222 4204 4288 4328 3719 4058 4237 3926 4116 4578 4316 4310 4119 4277 3935 4412 
4248 3904 3706 3915 3956 3924 4259 4389 4149 4056 4140 4443 3560 4131 4115 3976 3991 3692 3851 4039 3972 4038 3934 4132 4043 3779 3906 4261 4352 4002 4088 4069 4214 3956 3747 3859 3877 4046 3668 4276 4001 4009 3914 4055 3941 3835 3943 3977 4229 4020 4135 3814 4288 4042 3913 3709 3699 3904 3844 4194 4006 3838 4494 4237 4002 4125 4158 3830 4480 4051 3986 4200 3985 4295 3737 3906 4314 3523 3948 4048 4182 4013 4330 3982 3981 4309 4155 3933 3779 4095 3783 4241 4081 4369 4077 4173 4002 4060 3836 4045 3839 4310 4210 3953 3800 3994 3967 4151 3744 4632 4147 4176 3898 3937 4095 4228 3973 3982 4078 3569 4321 4094 3966 4134 3779 4201 3784 4185 4258 4128 4201 3995 4102 4117 3863 4201 4003 4114 4103 4181 3901 4023 4177 3557 4122 4065 4136 3951 4079 4005 4132 4413 4035 3849 4142 3660 4355 4117 3597 3949 3897 4278 3654 3681 3467 4209 3703 3809 3904 4171 3924 4222 4096 4154 4192 3883 4117 3759 4036 3991 4282 4167 4057 4340 4202 4119 4324 4063 3778 3889 4115 3708 4232 4287 4426 3920 3931 4175 3906 4166 
3966 3846 3510 3714 3610 3708 4155 4222 4021 3776 3651 4003 3229 3705 3809 3491 3656 3552 3785 3723 3743 3835 3969 4064 3744 3627 3643 3938 4080 3776 3941 4030 3563 4013 3726 3602 3372 3688 3258 3932 3556 3942 3704 3717 3643 3382 3571 3736 4025 3727 3806 3204 4170 3547 3866 3904 3522 3776 3626 3974 3868 3793 3828 4159 3805 4099 4144 4015 4124 3611 3669 3434 4179 3806 3652 3675 4174 3599 3560 4016 3927 3672 4172 3680 3847 3976 3893 3620 3552 3973 3722 4014 3525 4337 3957 3554 3704 3630 3951 3758 3766 3879 3561 4019 3474 4061 3951 3927 3627 4508 3848 3995 3642 3570 4196 3890 3836 3987 3598 3646 4172 3581 3738 3878 3915 3913 3784 4128 3979 3816 4080 3710 3837 3815 3700 3898 3581 3905 3835 3931 3576 3630 3874 3626 3590 3852 3845 3739 3859 3707 3909 4211 3884 3631 3985 3618 4211 3614 3801 4070 3676 3785 3610 3581 3368 3754 3664 3711 3535 4032 3708 3808 3829 3776 4084 3668 4160 3739 3528 3928 3712 3951 4107 4113 4072 3853 3864 3908 3444 3639 4075 3576 4084 4013 3984 3632 3718 3644 3907 4050 
4435 3892 3738 4063 4241 4073 4166 4768 4479 4019 4047 4286 3962 4174 4074 3910 4153 4033 4234 4199 4076 4212 4047 4298 4162 3849 3983 4206 4492 4049 4309 4406 4165 4074 3916 3971 3843 3816 3993 4236 4128 4189 4086 3997 3982 4196 4008 3935 4154 4287 4040 3829 4119 4101 3815 4022 3797 3926 4127 4312 4265 4042 4226 4264 4337 4329 4380 4025 4430 3852 4072 4244 4305 4056 3719 3988 4346 4029 3900 4139 4103 4292 4615 3876 4008 4268 3976 4058 3876 4149 4110 4355 4099 4485 3966 4024 4087 3761 4325 3827 4198 4133 4272 3985 4032 4125 4263 4209 3886 4724 4196 4118 4080 4063 4444 4174 4194 4203 3933 3897 4548 4276 3997 4301 4105 4331 4160 4634 4232 4067 4287 3848 4224 4096 3908 4153 4010 4187 4177 4373 4020 3912 4056 3381 4026 4205 4156 4263 4219 4177 4005 4449 4134 4051 4272 3646 4504 4182 3962 4198 4011 4026 3722 4066 3739 4570 3745 3834 3865 4088 3929 4066 4351 4182 4387 4277 4070 3870 4057 4163 4089 4212 4305 4300 4068 4147 4083 4238 3846 3908 4320 3800 4217 4237 4240 4085 4177 4341 3995 4348 
4281 4127 3964 3961 4232 4174 4362 4825 4445 4151 4370 4327 3781 4070 4080 3711 4090 3823 4058 4194 4133 4308 4137 4210 4146 3937 3876 4569 4472 4280 4044 4458 4254 4022 4111 4098 3942 3965 3657 4380 4199 4217 4155 4148 4003 3902 4172 3983 4350 3999 4002 4183 4139 4221 3965 4079 3755 4271 4158 4142 4341 4035 4309 4299 4092 4247 4394 4080 4628 3972 3973 4388 4434 4238 3850 4049 4579 3705 3818 4231 4525 4289 4406 3769 4143 4588 4279 4020 3761 4357 3998 4437 3899 4563 4189 3986 4078 4246 4150 4010 4047 4423 4260 4143 3958 4365 4329 4377 4220 5071 4446 4481 4377 3971 4671 4394 4106 4093 4286 4105 4562 4270 3988 4363 4099 4491 4065 4573 4213 4011 4322 4080 4129 4005 3949 4420 4089 4298 4459 4286 4131 3920 4352 3470 4363 4237 3962 4373 3950 4027 4369 4364 4251 3698 4471 3725 4490 4055 3929 4215 4100 4309 3825 3908 3839 4001 3907 3901 3782 4287 4147 4444 4308 4033 4242 4216 4019 4158 3859 4125 4149 4205 4402 4388 4388 4104 4429 4412 3947 3960 4474 3800 4153 4698 4493 4009 4030 4224 4224 4456 
4228 4182 3628 3906 4084 4168 4448 4485 4226 4128 4169 4233 3653 4189 4115 3874 4282 3771 4096 4119 4033 3976 4196 4367 4157 3742 3949 4388 4605 3888 4292 4085 3969 4017 3977 3921 3920 3976 3587 4272 4203 4125 3860 4107 3691 4078 4072 3943 4310 4151 3969 3750 4267 3970 3905 4026 3862 3982 3888 4235 4180 4132 4151 4323 4143 4278 4271 4226 4420 3866 4053 4280 4313 4135 3818 3919 4263 3773 4027 4216 4277 3914 4434 4007 4217 4270 4234 3827 3854 4437 4259 4295 4179 4471 4045 4090 4018 4047 3996 4037 4021 4251 4161 4061 4016 4268 4108 4230 3739 4683 4170 4270 3893 4112 4521 4032 4140 3925 3962 3760 4448 3970 4049 4269 4346 4452 3843 4390 4261 4191 4445 3901 3980 4033 3988 4168 4024 4384 4359 4362 3889 3954 4209 3496 3927 4278 4301 3944 4057 3953 3965 4436 4091 3978 4308 3535 4259 3833 3949 4119 4117 4369 3796 3889 3755 4432 3983 3930 3836 4426 3960 4142 4376 4189 4280 4083 4149 3773 3949 4242 3993 4404 4151 4400 4193 4276 4051 4277 3736 3814 4226 3688 4154 4266 4354 4083 3941 4150 4101 4372 
4069 3673 3571 3728 3879 3750 4215 4284 4040 3669 4153 4147 3640 3939 3827 3491 3790 3711 4166 3827 3775 3848 3820 3883 3842 3590 3791 4133 4169 4086 3993 4050 3876 3730 3466 3725 3904 3615 3418 3923 3898 3892 3898 3608 3702 3842 3617 3861 3890 3708 3749 3677 3976 3842 3990 3858 3445 3833 3661 4121 3899 3808 3900 3992 3754 3998 3992 3838 4287 3877 3644 3696 4222 3916 3558 3807 4427 3738 3480 3884 3898 4073 4321 3505 3882 4008 3914 3885 3793 3867 3862 3981 3807 4187 3829 3888 4036 3817 4009 3613 3847 3860 4021 3905 3740 3903 3885 3931 3559 4572 3894 3876 3857 3727 3932 4022 3745 3714 3818 3708 4192 3945 3853 4062 3803 4000 3594 4094 4082 3803 4055 3786 3981 3947 3748 4076 3700 4134 3981 4258 3962 3673 4066 3405 3750 3995 4026 3875 3790 3916 4273 4141 3772 3597 4082 3711 4204 3810 3649 4151 3939 3815 3722 3861 3743 4237 3506 3720 3593 4044 3944 3874 3889 3841 3948 3841 3685 3774 3728 3839 3939 4121 4109 4101 4105 3836 4026 4168 3580 3642 4013 3668 4076 4197 4038 4037 3939 4206 3787 4163 
4349 4123 4049 4187 4123 3953 4474 4639 4652 4336 4110 4391 3816 4385 4038 3818 4161 3906 4291 4175 4215 4203 4197 4426 4062 4064 4209 4361 4595 4151 4229 4308 4174 4264 3782 4068 3976 4008 3706 4522 4227 4290 4215 4339 4157 3934 4144 4124 4229 4342 4054 4021 4097 3884 4176 4060 3966 3916 4236 4368 4077 3999 4279 4435 4288 4413 4538 4336 4560 4146 4083 4067 4235 4037 3865 4209 4679 3876 3962 4249 4158 4192 4494 4190 4190 4429 4348 4059 3973 4275 4207 4398 3972 4541 4043 4129 4244 4098 4346 3949 4377 4373 4316 4039 4130 4348 4434 4251 3951 4833 4300 4327 4138 4277 4461 4173 4127 4217 3948 3732 4695 4496 4083 4419 4018 4186 4292 4461 4093 4095 4495 4147 4242 4307 4176 4593 4189 4332 4257 4319 4120 4078 3937 3793 4084 4348 4412 4432 4335 4267 4118 4558 4430 4064 4370 3782 4591 4265 3969 4375 4290 4181 3986 4065 3856 4281 3961 3808 4156 4573 4088 4419 4233 4229 4334 3980 4377 3898 4082 4441 4076 4339 4182 4422 4546 4214 4494 4701 3815 3784 4328 3903 4259 4612 4616 4153 4062 4575 4086 4368 
4179 3934 3867 4143 3841 4124 4369 4438 4204 3988 4265 4361 3638 4155 4054 3884 4174 3820 3883 4195 3975 3956 4174 4293 4315 3949 3883 4509 4617 4231 4129 4069 4092 4131 3868 3942 4065 4031 3764 4152 4142 4367 3994 4059 3851 4095 3945 3869 4532 4096 3842 3868 4155 3906 4093 4170 3764 3864 3787 4260 4396 4069 4178 4273 4249 4141 4457 4106 4451 4009 3873 4184 4160 4092 3775 3704 4398 3817 3946 4064 4282 4145 4610 4005 4105 4285 4239 3942 3798 4406 4155 4210 3943 4225 4120 3860 4156 4040 4058 3923 4065 4289 4156 4040 3866 4068 4030 4078 3893 4850 4148 4382 3998 4133 4263 4289 4149 4027 4236 3918 4577 4095 4038 4304 4184 4263 3862 4249 4349 4057 4500 3971 4231 4173 4140 4269 3965 4316 4363 4292 4163 3862 4342 3644 3950 4004 3971 4166 4111 4116 4113 4442 4230 4038 4151 3843 4093 3951 3713 4233 4087 4433 3772 3662 3598 4266 4051 4023 4039 4337 4056 4354 4494 4028 4290 4012 4426 3761 3916 4089 4016 4274 4310 4243 4220 4036 4289 4418 3723 3927 4212 3986 4287 4417 3948 3942 3992 4269 4174 4329 
4297 4191 3821 4172 4026 3938 4463 4485 4458 4247 4124 4254 3533 4166 3932 3539 4337 3897 4352 4116 4218 4028 4142 4182 4184 3911 4078 4187 4405 4290 4316 4483 4031 4089 3836 4144 3867 3833 3771 4063 4155 4178 4031 3858 3558 4073 4004 3740 4227 4278 4058 3781 4320 4016 4149 3986 3946 3957 4128 4125 4366 4061 4207 4221 4212 4388 4166 4072 4428 4084 3936 3976 4385 4149 3824 4022 4445 3853 3703 4303 4198 4247 4472 3920 4031 4359 4150 4028 3962 4365 4170 4414 3909 4553 4010 4066 4277 3885 4220 3888 4225 4202 4201 4177 4017 4531 4121 4389 3800 4851 4190 4153 4274 4145 4487 4019 4137 4158 4152 4030 4494 4137 4224 4103 4039 4119 4017 4482 4303 4071 4439 3989 4190 4136 4000 4375 4113 4423 4140 4063 4176 3867 4375 3710 3837 4215 4204 3988 4094 4111 4156 4287 4221 4006 4294 3836 4443 3942 4018 4455 4208 4118 3870 3967 3964 4159 4147 3697 3862 4484 4143 4178 4133 3914 4483 4201 4164 4026 3856 4233 3898 4267 4125 4185 4220 4149 4314 4291 3919 3860 4486 4130 4069 4291 4307 3958 3989 4267 4069 4439 

Execution Time: 188.568 ms
