Algorithm: GEMM Simple
Result Matrix:
3324 3616 3556 3454 3143 3621 3494 3458 3305 3398 3522 3419 3820 3377 3085 3267 3477 3587 2990 3318 3254 3789 3400 3478 3185 3646 3315 3156 3077 3511 3050 3247 3209 3470 3658 3358 3407 3388 3018 3031 3069 3399 3193 3542 3523 3375 3397 3536 3285 3483 3680 3424 3805 3879 3381 3258 3358 3229 3179 3175 3459 3357 3363 2812 3718 3090 3166 3305 3401 3399 3684 3453 3408 3379 3698 3128 3587 3465 3641 3191 3272 3284 3143 3370 2979 2989 3290 3665 3644 3116 3169 3253 2997 3354 3643 3019 3497 3378 3351 3828 3385 3319 3332 2928 3415 3408 3307 3434 3421 3265 3181 3803 3885 3261 3062 3191 3657 3422 3607 3097 3792 3196 3289 3752 3597 3137 3421 3010 3447 3342 3678 3265 3369 3309 3410 3267 3671 3233 3648 3150 3458 3571 3504 3408 3400 3616 3418 3545 3411 3619 3334 3061 3537 3382 3725 3142 3624 3224 3383 3265 3364 3673 3079 3494 3121 3491 3105 3594 3095 3393 3420 3734 3413 3673 3142 3340 3104 3332 3494 3779 3471 3509 3414 3432 3598 3487 3080 3193 3328 3674 3442 3461 3316 3490 3621 3730 3338 3208 3349 3234 3543 3569 3470 3437 3515 3367 3336 3163 3429 3365 3409 3441 3549 3573 3257 2938 3467 3315 3391 3531 3266 3239 3671 3438 3507 3606 3543 3039 3338 3430 3190 3648 3458 3170 3405 3491 3387 3513 3345 3298 3514 3749 3384 3403 3618 3325 3216 3160 3520 3311 
3028 3092 3156 3002 2674 3107 3222 2978 3043 2915 3016 2960 3372 2878 2779 2807 3066 3179 2772 2791 2983 3227 2970 3044 2787 3334 3063 2814 2671 2930 2926 3128 2860 2991 3293 3124 2785 2914 3003 2749 2534 3012 2826 2993 3121 2939 3235 3323 2752 3047 3167 2938 3187 3218 2817 2927 2905 3022 2719 2798 3053 3041 2966 2515 3008 2891 2615 3133 2993 2947 3222 3273 3032 3165 3174 2858 3023 3253 2998 3172 3057 2865 2957 3159 2821 2809 2938 3163 3130 2915 2730 3029 2728 2853 3028 2573 3150 2837 2990 3235 2881 3130 3071 2639 2900 3183 3082 3166 3056 2906 2719 3199 3389 2665 2677 3110 3084 3013 3283 2726 3161 3093 2936 3333 2993 2706 2815 2700 3065 3026 3144 2795 2887 2886 2951 2853 3268 2832 3307 2846 2771 3335 2997 2905 2922 3004 2880 3278 3008 3160 2888 2648 3246 3049 3315 3032 2912 2646 2944 3201 2934 3225 2874 3213 2561 3090 2795 3000 2767 3040 2766 3235 2844 3208 2783 2895 2924 3046 3136 3448 3137 2803 3067 2819 3035 2907 2841 2965 2851 3328 3012 3162 3017 2989 2889 3174 2874 3132 3075 3064 3021 3125 3119 3085 3080 2862 2868 2848 3007 2811 2898 2905 2929 3074 2654 2701 2959 2914 3065 3138 2807 2937 3033 2954 3007 3430 3059 2751 2952 3220 2960 3245 2938 2919 2913 2991 2832 3284 2912 2961 3291 3097 3155 2884 3263 2820 3103 2833 2990 2740 
2824 2937 2991 2941 2728 3103 3018 2906 3005 3039 2969 2927 3127 2767 3000 2890 3023 3215 2461 2747 2814 3116 2840 3056 2818 3234 2930 2673 2540 2612 2884 2798 2814 2910 3215 3030 2952 2849 2617 2716 2548 2805 2827 3003 3068 2919 3054 2987 2574 3069 3223 2719 3133 3189 2906 2610 2868 2947 2728 2737 2946 2913 3083 2324 3017 2858 2493 2857 2899 2784 2947 2960 2933 2967 3245 3029 2865 3339 3089 2792 2823 2880 2768 3008 2626 2541 2891 2812 3181 2729 2874 2946 2685 2807 3139 2599 3149 2971 2909 3134 2787 2867 2924 2707 2982 2913 2912 3052 2837 2947 2617 3224 3165 2617 2561 2974 2981 2754 3097 2543 3104 2711 2801 3246 3099 2736 2884 2552 2998 2889 2930 3019 2803 2688 2881 2804 3238 2758 3071 2925 2889 3105 2631 2868 2863 2954 2790 2859 2996 3015 2812 2783 3287 2947 2942 2794 2835 2497 2834 2999 2998 2859 2744 3167 2543 2959 2492 2960 2644 2816 2781 3350 2862 3060 2766 2645 2901 3146 3135 3392 3109 2950 2837 2773 2813 2753 2509 2946 2973 3077 2895 3048 2725 2877 2843 3098 2965 2771 2895 2963 2864 3274 2774 2830 2890 2622 2500 2798 2968 2628 2958 2998 3173 2964 2566 2593 2937 2861 3091 3010 2710 2812 2920 2741 2981 3154 2939 2806 2889 2826 2756 3087 2746 2623 3013 2977 2790 3031 2758 3077 3039 3015 2751 2805 3047 2699 2896 2470 2908 2698 
3044 2987 3182 2796 2825 3185 2988 2797 2922 2850 2857 3254 3439 2656 3003 2972 3053 3114 2533 3066 3066 3498 2842 2913 2931 3312 2756 2658 2812 2882 3077 2915 2896 3015 3154 2968 2841 3051 2752 2709 2716 3051 2790 3136 3186 2922 2904 3253 2682 3031 3177 2841 3347 3322 2942 2920 2952 3115 2895 3003 3016 2946 3167 2362 2902 2754 2682 2728 3053 2619 3105 2954 2869 3032 3354 2813 3150 3309 3049 2809 3069 2902 2680 2784 2689 2646 2907 2942 3394 2952 2804 2935 2590 2959 3059 2702 3226 2981 3165 3171 3053 2897 3037 2801 2883 2833 2965 3035 2964 2968 2770 3217 3295 2730 2590 2848 3235 2828 3360 2578 3032 3016 2892 3371 3319 2829 2830 2762 3014 2901 3113 2830 3044 2809 2790 2720 3334 2682 3218 2795 3033 3267 2816 2913 2924 2776 2906 2971 2975 3242 2702 2614 3274 2778 3203 2836 2989 2648 2987 2974 3055 3074 2852 3171 2421 2992 2573 2890 2673 2912 2980 3087 3108 3087 2884 2783 2842 3259 2971 3282 3104 2998 3073 2960 3127 2862 2781 2860 2877 2994 3034 3266 2905 2897 2952 3135 2970 2835 2948 2909 3033 3190 2918 3219 2929 2782 2686 2736 3262 2572 2894 3091 3039 3227 2650 2764 2891 2888 3086 3139 2919 2752 3101 2750 3182 3238 2989 2933 2750 2880 2789 3048 2978 2461 2784 3022 2736 2983 2869 2804 3124 3105 2877 2789 3478 2811 2783 2776 2751 2598 
3199 3330 3657 3198 3241 3590 3369 3382 3373 3513 3272 3357 3794 3113 3312 3291 3441 3396 2908 3391 3194 3623 3340 3618 3465 3718 3217 3017 3089 3255 3261 3361 3294 3410 3655 3394 3270 3078 3153 2962 2878 3419 3151 3474 3518 3233 3516 3595 3022 3462 3478 3320 3838 3776 3124 3228 3295 3267 3352 3098 3418 3287 3481 2820 3447 3138 3140 3339 3462 3222 3617 3335 3511 3131 3468 3227 3436 3645 3463 3057 3292 3206 3221 3497 3078 2929 3190 3333 3639 3212 3404 3248 3064 3253 3324 2827 3347 3324 3452 3724 3178 3306 3383 3118 3097 3445 3283 3309 3326 3427 3169 3719 3847 2991 3058 3219 3656 3346 3574 2788 3624 3223 3334 3773 3751 3058 3144 2838 3161 3344 3353 3315 3326 3029 3193 3256 3560 2978 3295 3368 3325 3385 3300 3290 3304 3366 3140 3299 3420 3579 3152 2962 3640 3280 3459 3328 3374 3196 3449 3386 3425 3555 3383 3562 3121 3300 2870 3271 3148 3243 3410 3628 3429 3614 3155 3190 3220 3590 3232 3719 3401 3295 3344 3122 3360 3259 3043 3234 3113 3391 3328 3376 3327 3486 3349 3756 3240 3473 3259 3491 3553 3529 3507 3460 3230 3394 3113 3150 3269 3368 3343 3462 3342 3300 3119 3029 3380 3260 3447 3502 3069 3140 3379 3179 3181 3494 3044 3265 3056 3417 3217 3370 3221 3002 3308 3464 3159 3633 3363 3154 3490 3676 3427 3447 3584 3289 3114 3115 3486 3121 
3447 3553 3674 3374 2871 3338 3404 3299 3265 3538 3349 3366 3829 3166 3023 3202 3527 3433 2971 3258 3135 3719 3281 3528 3229 3539 3509 3156 3092 3143 3216 3429 3289 3437 3533 3427 3311 3194 3037 3041 2891 3442 3190 3221 3313 3292 3566 3598 3055 3273 3644 3368 3664 3577 2974 3059 3298 3107 3070 3106 3503 3405 3493 2752 3469 2967 2980 3369 3353 3367 3530 3490 3465 3655 3624 3151 3183 3581 3475 3174 3218 3153 3230 3383 3138 2956 3274 3321 3586 3217 3038 3261 3162 3266 3561 2960 3588 3224 3427 3651 3369 3500 3297 3047 3261 3371 3316 3505 3247 3298 3080 3522 3883 3034 2938 3352 3522 3402 3544 2911 3617 3290 3138 3782 3516 2990 3385 2837 3302 3265 3539 3176 3141 3294 3225 3247 3665 2905 3577 3208 3192 3448 3035 3157 3252 3432 3089 3379 3336 3777 3305 3036 3592 3183 3606 3214 3295 2858 3254 3402 3360 3617 3123 3601 2995 3383 3051 3496 3118 3142 3204 3681 3281 3507 3167 3166 3093 3235 3427 3719 3534 3121 3336 3287 3363 3542 2960 3075 3120 3471 3371 3381 3412 3161 3275 3678 3340 3258 3445 3358 3382 3388 3599 3306 3417 3139 3181 3281 3237 3130 3267 3373 3321 3365 3037 3001 3254 3196 3370 3323 3150 3223 3559 3359 3172 3612 3302 3403 3222 3186 3186 3465 3260 3206 3307 3264 3076 3450 3111 3142 3467 3535 3327 3167 3685 3131 3276 2956 3266 3175 
3292 3320 3276 2966 2855 3353 3115 2936 3104 3419 3088 3242 3556 2920 2976 2979 3151 3367 2991 3030 2964 3516 3123 3136 3036 3311 2999 2842 2891 2876 3150 3042 2977 3278 3335 3130 2905 2891 2859 2855 2859 3096 2865 3131 3111 3298 3123 3469 2904 3361 3279 3094 3356 3454 2901 2920 3231 3169 2919 3234 3242 3008 3171 2523 3498 2933 2945 3065 3200 2874 3439 3156 3175 3246 3341 2979 3158 3470 3192 2860 2985 3070 2870 3368 2868 2748 3277 3113 3343 2908 3023 3004 2949 3021 3120 2731 3391 3052 3184 3192 2977 3173 3054 2757 2893 3036 3179 3372 3094 3033 2895 3436 3532 2896 2831 2917 3282 3022 3420 2695 3335 3055 2891 3730 3270 2738 2909 2836 2860 3016 3202 3066 3070 2915 3122 3080 3430 2904 3279 3022 3204 3307 3181 2932 3197 3186 2631 3292 3124 3392 3094 2713 3289 2995 3464 2906 2993 2860 2895 3286 3147 3476 2853 3326 2795 3139 2628 3165 2866 3083 2921 3197 3068 3359 3049 2860 3188 3192 3186 3253 3381 3109 3213 3093 3310 2979 2713 3049 2957 3170 3058 3368 3197 3266 3122 3428 3254 3143 3065 3080 3106 3256 3074 3028 3019 3039 3102 3112 3249 2964 3054 3146 3226 3212 2857 2806 3006 3081 3073 3172 2827 3013 3472 3048 3021 3284 2921 2964 2888 3123 3128 3236 3227 2920 3117 3166 2920 3467 3017 2854 3183 3298 3206 2904 3502 3025 2918 2737 3236 2980 
3004 2983 3205 2876 2797 3252 3101 2925 2985 2833 2676 2992 3466 2784 2810 3033 3159 3207 2722 2990 2936 3166 2972 3057 2972 3017 3141 2786 2650 3019 2792 2812 2755 2969 3118 3057 3081 3087 2723 2661 2755 3027 2809 3055 3097 3075 3012 3382 2557 3083 2998 2889 3209 3343 2850 2892 2874 3010 2865 2904 3018 3013 3036 2477 3050 2733 2600 2966 2836 2910 3177 3233 3018 2896 3255 2764 2980 3147 2896 2835 3032 2934 2858 2851 2663 2776 2798 3182 3085 2826 2771 2894 2563 2894 3088 2706 3282 3068 3257 3147 3095 3246 3019 2754 2655 2986 3055 3021 2958 3026 2789 3327 3229 2612 2524 2801 3197 2628 3397 2587 3097 2979 3000 3488 2962 2770 2881 2771 2832 3027 3145 3021 2819 2777 2894 3018 3336 2819 3176 2722 2974 3160 2880 2794 3018 2968 2851 2915 2948 3193 2681 2652 3401 2913 3122 2708 3001 2599 2926 2966 3163 3121 2793 2984 2586 3058 2657 2921 2653 2980 2821 3274 3203 3112 2869 2814 2974 3163 2975 3428 2995 2963 3130 2936 2934 2950 2978 2933 2761 2995 2922 3048 2932 3042 2897 3258 3063 3014 2855 2938 2972 3300 3139 3132 2985 2652 2771 2764 3074 2680 2917 2905 3023 3030 2653 2908 2948 2990 3132 2926 3163 2988 3230 2934 3229 3187 2995 2949 2863 2955 2880 2965 2972 2778 2977 3066 2884 3125 2814 2793 2975 3189 2943 2990 3453 2944 2761 2733 2980 2635 
2949 3125 3304 2983 2868 3260 3061 3178 3237 3264 2976 3000 3524 2991 2861 2944 3098 3217 2716 3059 2945 3247 3096 2930 3208 3180 3127 3007 2958 3007 3039 2919 2803 3270 3346 3104 2963 2822 2908 2913 2835 3291 2750 3111 3096 3039 3301 3314 2824 3142 3322 2904 3323 3365 2856 2936 2979 3156 2865 3195 3224 3023 3227 2583 3166 2835 2908 3074 3262 2989 3231 3035 2960 3240 3399 2935 3134 3400 3036 2965 3155 3042 2900 3068 2853 2701 3079 3121 3387 2980 2964 3014 2690 3003 3132 2670 3094 3088 3228 3370 2969 2926 3057 2560 2923 3053 3106 3215 2997 3027 2674 3277 3485 2734 2539 2936 3249 2989 3337 2873 3289 3083 3002 3573 3318 2658 2765 2685 2999 3163 3301 3139 2916 2687 3120 3003 3427 2763 3388 2842 3062 3243 3057 2905 3161 3190 2677 3006 3181 3322 2924 2573 3320 3009 3451 3055 2925 2664 3006 2985 3124 3387 3012 3157 2638 3181 2770 3049 2722 3166 2978 3113 3131 3183 2848 2943 2953 3200 3204 3308 3060 2909 3123 3117 3143 3230 2516 2830 2881 3203 3019 3344 2981 3255 2809 3385 2946 3052 3052 3098 3287 3236 3104 3047 3011 2912 2800 2980 3035 2690 2988 3161 3290 3208 2905 2623 3002 3098 3082 3302 2962 2833 3186 3150 3201 3339 2841 2817 2857 2900 2905 3200 2978 2795 2987 2927 2782 3363 3045 2753 3405 3219 3006 2869 3464 2826 2914 2953 3186 3146 
3060 3414 3266 3073 3012 3428 3272 3109 3257 3108 3020 3298 3550 3130 2986 3115 3214 3249 3005 3120 2977 3402 2871 3382 3021 3349 3275 2866 2779 3071 3037 2861 2737 3127 3289 3414 3090 3191 2952 2752 2774 3068 2971 3432 3145 2973 3238 3528 2761 3248 3175 3079 3343 3389 2962 2943 3021 3457 2955 2907 3206 3193 2935 2671 3404 2841 2991 2848 3088 3092 3388 3130 3239 3218 3355 3121 3454 3538 3294 3021 3241 3040 3221 3067 2869 2980 2966 3401 3471 2967 3017 3077 2742 3031 3234 2688 3469 3233 3363 3346 3114 3296 3242 2904 2869 3283 2961 3361 3200 3187 3084 3472 3741 3133 2742 3037 3364 3062 3607 2605 3278 3250 3233 3593 3286 2960 2872 2871 3197 3090 3366 2869 2977 2951 3150 3050 3377 3131 3501 2876 3201 3406 3090 3326 3184 2985 2961 3166 3085 3550 3069 2980 3320 3046 3413 3103 3094 2877 3037 3297 3078 3342 3016 3461 2778 3207 2855 3075 2880 3202 3038 3210 3333 3316 3031 3065 3038 3337 3140 3436 3226 3246 3393 3200 3219 3213 2958 2825 2965 3390 3183 3337 3289 3248 3379 3524 3080 3043 3170 3387 3336 3423 3261 3429 3214 2732 3091 3007 3217 2809 3034 3303 3333 3421 2839 3065 3079 3053 3192 3197 3077 3031 3288 3122 3474 3379 3337 3093 3092 3072 3116 3204 3144 2751 3058 3094 3023 3396 2973 2903 3254 3358 3224 3016 3685 2946 3151 2899 3021 2777 
2900 3125 3080 2935 2755 3152 3018 2879 2856 3178 2824 3009 3175 2637 2812 2944 3127 3126 2692 2864 2964 3254 2842 3082 3122 3198 2854 2703 2728 2926 2829 2575 2724 2897 3275 2963 3058 2999 2728 2619 2604 2881 2962 2958 3082 2809 3107 3364 2726 2986 3118 2807 3270 3187 2725 2871 2805 2861 2755 2734 2920 3048 2965 2290 2914 2777 2619 2965 2928 2949 3296 3020 2950 3051 3178 2908 2862 3139 2874 2586 2877 2636 2793 2957 2652 2637 2931 2933 3401 2682 2860 2888 2616 2889 2995 2738 3149 2928 3090 3050 3034 2947 3031 2630 2818 2992 2893 3012 2798 3186 2597 3241 3129 2640 2514 2743 3073 2832 3233 2497 3230 2877 2895 3348 3115 2778 2857 2560 3025 2861 3070 2933 2881 2919 3023 2651 3388 2701 3124 2584 2971 2972 2785 2810 2828 2960 2820 3049 2870 3112 2854 2768 3257 2905 3177 2786 3094 2631 2951 3106 3045 3133 2799 3249 2743 2892 2686 2923 2671 2774 2915 3085 3170 3080 2806 2732 2859 3148 2964 3336 2937 2766 2699 2807 3010 2913 2583 2760 2805 3014 2954 3073 2927 2835 3059 3239 3101 2880 2987 3079 2826 3194 2970 3034 2883 2759 2731 2658 2835 2593 3027 3146 3326 3052 2661 2738 2997 2954 3183 2894 2880 2957 3001 2888 3171 3106 2985 2842 2742 2855 2790 2990 3068 2798 2881 2884 2700 3034 2872 3001 3035 3043 2859 2749 3236 2898 2800 2695 3206 2607 
3029 3431 3492 3040 3032 3401 3226 3390 3153 3385 3256 3358 3399 2802 2950 3161 3300 3396 2855 3247 3057 3379 3208 3272 2922 3674 3093 2805 2851 3047 3027 3073 3132 3322 3538 3135 3004 3034 2906 3034 2853 3231 3007 3205 3328 2978 3262 3509 2874 3212 3375 3277 3503 3432 3031 3019 3016 3152 2892 3081 3217 3210 3077 2713 3240 2871 2996 2893 3113 3121 3442 3188 3113 3368 3499 3144 3239 3456 3214 3040 3229 2962 3088 3252 2844 2826 3119 3166 3498 3077 3134 3322 2891 3112 3355 3054 3176 3155 3144 3537 3241 3089 3168 2739 3154 3218 3106 3112 3082 3309 2784 3732 3584 2776 2943 3127 3459 3143 3666 3020 3635 3079 3292 3657 3409 3092 3141 2901 3267 3170 3323 3128 3249 2895 3239 3011 3588 3083 3227 3122 3201 3251 3119 3229 3056 3369 3224 3234 3224 3370 3038 2730 3555 3140 3213 3224 3324 2989 3210 2979 3012 3377 2957 3406 2735 3416 2765 3180 2717 3117 3178 3404 3105 3368 2895 3125 3050 3531 3189 3531 3505 3197 3031 3238 3223 3147 2961 3285 3116 3241 3170 3147 3275 3062 3087 3554 3301 3065 3222 3037 3279 3218 3271 3181 3092 3214 3104 3074 3308 2908 3151 3133 3291 3368 3070 2910 3095 3151 3338 3398 2978 2942 3054 3239 3394 3243 3164 2973 3079 3172 3035 3164 3190 2543 3051 3198 3055 3265 3014 3141 3282 3131 3376 3036 3317 3065 3104 3119 3369 3084 
3010 3246 3282 3111 3069 3416 3283 3126 3092 3093 3050 3136 3499 3172 2909 2994 3083 3298 2575 3070 2998 3164 3101 3273 2888 3518 3125 2875 2651 3133 2921 3019 2900 3158 3375 3089 3086 3168 2803 2770 2707 2884 2859 3254 3210 3244 3377 3490 2790 3257 3181 3208 3363 3413 2917 2980 2983 3084 2711 2833 3104 3145 3083 2593 3293 2848 2806 2867 3107 3048 3178 3120 3153 3125 3311 3025 3225 3404 3204 3093 3258 2928 3026 3114 2821 2856 2754 3173 3532 2801 2880 3008 2696 2850 3302 2677 3297 3093 3205 3537 3008 3280 3077 2922 2753 3161 3055 2987 3053 3333 2845 3301 3626 2978 2708 3093 3383 3028 3375 2758 3391 3048 3082 3513 3372 3108 3090 2674 3076 2988 3190 2892 3011 2964 3007 3075 3372 3055 3392 2943 3099 3209 3009 3061 3076 3136 3113 3102 3095 3340 2922 2734 3308 2824 3345 2992 3127 2629 3045 3144 3252 3217 2954 3255 2616 3191 2706 3114 2850 3052 2853 3361 3350 3249 3052 3000 2725 3216 3063 3684 3355 3272 3213 3063 2964 3172 2931 2791 3017 3244 2974 3222 2958 3203 3004 3485 3275 2951 3032 3016 3175 3330 3310 3117 3136 2819 2908 2858 3055 2809 2921 3050 3124 3192 2812 2789 2951 3075 3193 3194 2872 3112 3157 3277 3142 3229 3284 2904 2995 3098 2992 3301 3243 2835 3066 3216 3060 3134 3076 3173 3114 3287 3006 2995 3273 3107 2891 2956 3246 2697 
2980 3160 3384 3127 2668 3152 3095 3065 2961 3275 3056 2937 3445 2877 3065 3102 3229 3226 2836 3119 3026 3282 3095 2852 2804 3322 3181 3035 2712 2931 2914 3104 2801 3273 3267 3032 3127 3008 2866 2780 2892 3008 2848 3229 3097 3041 3254 3360 2582 3251 3235 2973 3181 3316 2971 2903 3064 3164 2592 2998 3174 3059 3089 2704 3301 2867 2774 2974 3071 2946 3246 3114 3206 3375 3280 3007 3045 3240 3162 2917 3016 2942 2810 3197 2754 2696 3013 3134 3150 3191 2917 3089 2768 2859 3126 2728 3280 2962 3053 3490 3158 3335 3138 2641 2978 3249 3097 3216 3078 2899 2918 3671 3641 2626 2816 3177 3504 3033 3439 2796 3490 3005 3052 3481 3210 2743 3018 2807 3069 3099 3238 3052 2928 2767 3261 3050 3307 2849 3077 2929 3061 3297 3041 3044 3067 3104 2761 3212 3002 3212 2929 2750 3442 3020 3249 2938 3024 2764 2868 3173 3038 3367 2888 3213 2656 3367 2807 3055 2752 2956 3090 3290 3190 3221 3044 2917 2866 3321 3149 3366 3203 3179 3191 2830 3147 3024 2763 3077 3067 3289 3048 3191 2909 3256 3181 3463 3178 2968 3150 3003 3109 3230 3117 2920 3161 3024 2844 3034 3074 2778 3076 3029 3244 3233 2985 2689 3036 2981 3251 3034 2872 2997 3085 2963 3189 3197 3080 2944 2857 3050 3052 3339 3177 3014 3147 3127 2928 3202 2748 3032 3129 3377 2963 2726 3348 3034 2747 2705 3180 2832 
2856 3079 3213 2923 2878 3386 3171 2931 2872 2978 2770 3175 3335 3029 2995 3143 3063 3249 2571 2934 2820 3384 2996 3143 2924 3351 3111 2852 2759 3051 2910 2676 2708 2775 3140 2957 3081 3220 2723 2706 2650 2958 2839 3270 3086 3090 3050 3470 2701 3112 3300 3060 3244 3392 2958 3072 2984 3164 2967 2740 3096 3090 3013 2569 3192 2676 2777 2708 3040 3052 3172 3113 3037 3037 3176 2982 3222 3161 3096 2851 3178 2884 3152 2983 2712 2826 3006 3147 3266 2749 2901 2871 2602 3036 3054 2599 3339 2942 3246 3190 3042 3240 3117 2662 2718 3068 3070 3031 3094 3132 2965 3260 3388 2835 2590 3046 3328 2916 3352 2805 3313 2999 2798 3517 3224 2784 3008 2766 3077 2851 3246 2882 2917 2838 3030 2911 3288 3004 3270 2838 3190 3234 3066 2924 3194 3095 2900 3145 2928 3281 2809 2767 3224 2981 3228 2896 3079 2621 3002 2972 3119 3191 2751 3282 2550 3097 2820 3109 2894 2975 2974 3155 3097 3185 2877 2815 2802 3179 3125 3401 3153 3088 3234 2988 3010 3112 3014 2760 2818 3269 2927 3237 3050 3044 3123 3375 3121 2901 3025 3020 2881 3156 3082 3158 3060 2713 2825 2900 3217 2835 2794 3034 3221 3158 2752 2803 2738 3022 3140 3236 3081 3022 3113 2853 3105 3101 3283 2877 3188 2987 2962 3178 3231 2799 2878 3053 2919 3260 2901 3028 2901 3268 3038 3127 3326 2931 2950 2873 3212 2783 
3116 3038 3117 2965 2699 3301 3146 3195 2978 3092 3034 3250 3474 2807 3044 3082 3174 3252 2622 3175 3046 3395 3044 3186 2919 3432 3180 2863 2828 3127 2902 2846 2913 3112 3239 3169 3085 3095 2844 2764 2780 3005 2760 3056 3152 3177 3028 3423 2896 3341 3262 3104 3184 3436 3001 2951 3067 3119 3097 3001 3135 2915 3119 2729 3294 3031 2732 2943 3224 2963 3197 2994 3042 2899 3292 3210 3405 3324 3091 3029 2967 3067 2919 3163 2792 2773 2964 3038 3385 2825 3041 3106 2856 3058 3278 2860 3215 2996 3191 3250 3102 3272 3075 2721 3126 3274 3082 3213 3150 3132 2870 3461 3409 2804 2840 3078 3517 3073 3319 2795 3328 3159 3036 3422 3436 2846 3012 2733 3083 3204 3315 3116 2833 2856 3036 2962 3344 3113 3290 3085 3196 3246 3002 3209 3097 3066 3043 2999 3305 3382 2946 2882 3331 3261 3416 3046 3356 2815 3031 3280 3119 3263 3031 3326 2629 3216 2786 3122 2794 3228 2921 3196 3111 3501 3086 2887 3081 3481 3243 3646 3246 3418 3377 2942 3106 2998 3045 3179 3028 3185 3043 3224 2904 3183 3102 3602 3187 3044 3195 2963 2988 2994 3075 3195 3165 3132 2752 2966 3308 2934 3198 3220 3230 3164 2822 2800 3162 2848 3283 3191 2987 2957 3010 2996 3182 3331 3090 2855 2872 3128 3046 3360 3286 2837 3184 3248 2925 3294 2935 2855 3179 3326 2960 3051 3312 2871 2940 2854 3165 2757 
3243 3231 3471 3277 3100 3548 3321 3168 3096 3359 3401 3461 3750 3202 3032 3190 3295 3352 2770 3316 3240 3800 3418 3544 3241 3463 3239 3136 3045 3162 3430 2999 3153 3234 3608 3328 3376 3308 3037 3056 2860 3209 3084 3523 3379 3181 3551 3635 3222 3561 3525 3357 3557 3671 3186 3063 3147 3410 3110 3009 3266 3312 3301 2706 3395 3057 3058 3281 3322 3261 3615 3482 3280 3261 3586 3339 3707 3537 3400 3227 3262 3349 3038 3422 3112 2889 3018 3119 3662 2940 3174 3192 3030 3225 3398 2800 3423 3324 3368 3465 3142 3413 3450 2938 3205 3218 3113 3366 3282 3312 2900 3671 3673 3134 2843 3247 3502 3194 3418 2799 3551 3250 3354 3632 3573 3068 3246 2861 3322 3081 3327 3062 3162 3037 3183 3215 3581 2964 3406 3216 3347 3468 3089 3193 3224 3494 3195 3392 3441 3387 3166 2934 3551 3221 3630 3086 3316 2925 3241 3372 3236 3399 3109 3574 3026 3476 2868 3341 2993 3267 3188 3479 3335 3652 3218 3150 3281 3404 3551 3603 3558 3384 3447 3282 3309 3031 2883 3179 3152 3422 3329 3557 3192 3337 3290 3586 3323 3218 3336 3306 3294 3540 3317 3289 3204 2990 3263 3104 3332 3109 3174 3389 3405 3555 2978 2940 3183 3414 3526 3508 3259 3192 3290 3173 3295 3586 3146 3031 3134 3354 3110 3409 3303 3017 3278 3118 3024 3414 3164 3199 3524 3347 3348 3164 3530 3067 3216 3234 3480 3056 
2825 2989 2917 2684 2437 2834 2898 2884 2917 2899 2698 2655 3177 2645 2747 2555 2828 2651 2445 2832 2519 3023 2887 2834 2555 3084 2729 2680 2513 2772 2460 2854 2587 2894 2953 2758 2679 2745 2519 2632 2513 2712 2622 2839 2855 2841 2868 2938 2500 2824 2933 2873 2860 2905 2749 2490 2711 2778 2444 2636 2848 2812 2625 2273 2971 2478 2577 2670 2676 2687 2945 2863 2716 2881 2781 2615 2848 2854 2833 2516 2767 2777 2551 2795 2465 2577 2720 3089 2952 2668 2564 2634 2538 2692 2919 2368 2973 2546 2849 2899 2653 2946 2695 2634 2672 2822 2633 2829 2654 2729 2546 2919 3124 2435 2547 2732 3008 2620 2977 2482 2956 2766 2602 3102 2881 2518 2770 2347 2606 2650 2781 2722 2650 2537 2731 2544 2973 2507 2902 2619 2832 2943 2775 2634 2751 2780 2641 2853 2770 2793 2798 2575 2966 2834 2898 2851 2766 2542 2605 2864 2827 2750 2491 2778 2536 2761 2460 2728 2474 2667 2632 2924 2660 2816 2691 2598 2724 2929 2712 3165 2933 2781 2770 2617 2803 2626 2528 2616 2706 3027 2827 2863 2693 2714 2921 3122 2847 2665 2683 2956 2854 2795 2824 2865 2753 2470 2642 2650 2625 2692 2761 2836 2710 2882 2540 2553 2892 2627 2740 2820 2613 2689 3022 2542 2715 2849 2873 2625 2409 2772 2576 2834 2754 2496 2666 2924 2673 2934 2677 2820 2812 2727 2736 2796 2984 2948 2806 2434 2848 2538 
2882 3026 3124 2863 2559 3051 3131 2891 2908 2985 2867 3131 3292 2815 2788 2897 3057 3214 2762 2857 2771 3320 2607 2953 2861 3398 2986 2661 2763 2952 2892 2727 2699 2925 3443 2905 2969 2886 2735 2762 2495 2860 2506 3094 2887 2753 3191 3405 2809 3158 3129 2954 3203 3079 2982 2842 2782 3206 2755 2803 3038 2707 2889 2656 2894 2825 2631 2815 2823 2851 3070 3052 2958 3070 3070 2893 3300 3198 2996 2911 2988 2950 2873 3145 2691 2506 2890 2666 3173 2800 2972 2742 2530 2901 2848 2522 3099 2853 2846 3268 2767 2917 2947 2646 2808 2909 2962 2884 3003 2959 2760 3346 3246 2651 2820 2835 3159 2945 3084 2633 3310 2868 2888 3198 3123 2765 2814 2611 2844 3009 3098 2900 2813 2749 2947 2837 3079 2848 3314 2820 2955 2986 2978 2900 3024 3006 2888 3092 3071 3291 2953 2577 3141 2977 3252 2896 3025 2724 2838 2939 3061 3273 2965 2945 2785 2877 2683 2879 2847 2904 2954 3095 3096 2972 2801 2546 2750 3062 3172 3187 3189 2873 3107 2716 2896 2915 2684 2765 2771 3011 2988 3122 3076 3071 3081 3163 2943 2873 2914 2953 3053 3138 2839 3079 3034 2988 2595 2756 3097 2743 2887 3081 3231 3034 2696 2631 2821 2818 3126 3223 2697 2662 2795 2943 3230 3117 2982 2516 2878 2882 2979 2979 3006 2829 3020 2978 2862 3173 2758 2968 3081 3195 2909 2852 3116 2853 2951 2847 3122 2717 
3000 3164 2972 2840 2710 2905 3160 2908 2949 3071 2723 2865 3200 2904 2618 2731 2979 2917 2529 2583 2773 3265 2906 2881 2786 3196 2908 2544 2594 2822 2836 2824 2623 2818 3258 2890 2794 2627 2494 2690 2521 2873 2597 2952 3050 2793 3149 3242 2562 2908 2975 3080 3143 3078 2851 2715 2866 3088 2682 2709 3039 2799 2907 2508 2964 2765 2609 2714 2937 2788 2940 3031 2959 2969 3095 2727 3132 3170 2969 2934 2847 2772 2762 2941 2813 2424 2819 3074 2973 2729 2939 2724 2496 2968 2918 2385 3012 2731 2973 2978 2687 2931 2888 2792 2785 2867 2955 3041 2824 3006 2681 3154 3122 2787 2571 2819 3140 2720 3017 2538 3005 2893 2918 3193 3132 2679 2697 2461 2931 2832 2904 2689 2570 2713 2891 2865 3146 2693 3099 2687 2866 3008 2756 2669 2969 2860 2842 2852 3126 3272 2797 2533 3111 3084 3026 2869 2739 2631 2756 2994 3092 2979 2910 3021 2718 2907 2592 2877 2489 2894 2968 3284 2579 2983 2564 2649 2814 2934 3037 3118 3051 2863 3000 2713 2889 2859 2503 2720 2852 3073 2953 2977 3005 2988 2925 3028 2747 2824 2928 2844 2763 3109 2889 2995 2691 2722 2760 2687 2992 2559 2831 3018 3220 3106 2544 2493 2832 2904 2833 3161 2686 2716 2990 2974 2915 3025 2660 2588 2771 2835 2908 2846 2841 2680 2834 2863 2669 3198 2756 2622 2955 2987 2838 2923 3150 2831 3000 2676 2916 2680 
3021 3177 3136 2784 2975 3213 2918 3031 2828 3085 3022 2758 3589 2750 2972 2831 3108 3271 2876 3075 2783 3312 3026 2921 3006 3142 2991 2896 2621 3021 2858 2741 2759 3019 3304 2864 3076 3059 2753 2673 2740 3166 2806 3157 3095 2956 3098 3346 2684 3182 3316 2902 3265 3449 2930 2826 2898 2923 2905 2714 3127 3009 3180 2340 2952 2793 2674 3117 3160 2980 3236 3074 3148 3057 3145 2998 2947 3191 2987 2716 2807 2768 2704 3046 2539 2686 2924 3125 3179 2881 2672 3029 2721 3111 3336 2701 3022 2970 3167 3274 2792 3002 3155 2499 3107 2954 2758 3080 2885 3093 2712 3430 3689 2634 2767 2808 3027 2792 3284 2748 3149 2875 2889 3446 3238 2851 2912 2556 2954 2983 3058 2981 2854 2647 2998 3088 3245 2754 3046 2635 3197 3222 2946 3179 2976 2956 3052 3074 3088 3235 2764 2681 3317 2958 3184 2847 3088 2918 2824 2946 3064 3002 2889 3270 2740 3085 2656 2921 2602 2920 2907 3131 3138 3362 2858 2853 2917 3097 3135 3496 2959 2965 2944 3051 3024 3037 2771 2954 2958 3115 3147 3067 2997 2955 2917 3047 2961 3012 3006 3004 2972 3154 2945 3108 2892 2937 2925 2889 2873 2838 2855 2957 3186 3163 2651 2544 3112 2946 2831 3162 2921 2854 3252 2931 2985 3118 2931 2741 2974 2880 2924 3223 2937 2790 3105 3062 2852 3049 2955 2796 3010 3254 2957 2922 3150 3036 2590 2760 2878 2840 
3170 3188 3393 2882 2671 3102 3269 2913 3142 3289 3079 3307 3564 2900 2814 3006 3324 3310 2874 3183 3008 3469 3212 3208 2960 3352 3244 3005 3018 3192 2991 2993 2951 3135 3109 3274 3031 2961 2792 2790 2906 3168 2903 3221 3212 3068 3229 3483 2791 3161 3371 3181 3134 3409 3101 2935 3136 3137 3070 2924 3272 3114 3120 2526 3072 3081 2886 3006 3123 2949 3300 3252 3269 3258 3373 2950 3102 3265 3192 2978 2880 3123 2809 3220 2703 2999 3105 3210 3423 3076 2796 3152 2853 3149 3247 2654 3335 3096 3116 3151 3066 3118 3178 2872 3155 3221 3019 3286 3234 2966 2926 3408 3672 2855 2784 3024 3252 2967 3337 2687 3434 3021 3049 3492 3246 2752 2927 2617 3121 3074 3305 3093 2887 2917 3150 2873 3596 2891 3307 3086 3152 3361 3182 3006 2885 3151 2934 3118 3096 3354 3111 2693 3340 3024 3420 3093 3048 2785 3039 3076 3257 3300 2924 3403 2897 2977 2929 3194 2873 3138 3083 3395 3027 3268 2854 3024 3051 3023 3128 3369 3288 3006 3151 2928 3230 2966 2766 2865 3025 3079 3233 3303 3083 3124 3153 3506 3174 3072 3173 3210 3078 3247 3075 3156 3039 2960 2961 3047 3252 2964 2899 3165 3151 3188 2840 2816 3055 3057 3229 3086 3060 3183 3302 2898 3259 3372 3070 2994 3051 3076 2939 3337 3009 3021 3117 3227 2923 3073 2967 3099 3205 3349 3262 3145 3477 2989 3031 2829 3098 2947 
3201 3311 3360 3094 2693 3471 3141 3190 3219 3229 3004 3128 3465 3023 3074 2974 3435 3352 2774 3279 3154 3417 2963 3186 3161 3163 3278 2790 2924 3301 3180 3133 2927 3370 3326 3308 3107 3078 2985 2815 2909 3176 3038 3152 3253 3111 3249 3578 2757 3047 3263 2880 3426 3487 3005 3048 2857 3003 2833 3044 3221 3004 3273 2472 3147 2924 2749 3367 3132 2999 3532 3352 3027 3304 3332 3186 3050 3191 3092 2924 3107 2953 2837 3198 2885 2581 3076 3371 3450 2958 2944 3192 2850 2969 3069 2804 3322 3150 3297 3465 3060 3129 3081 2756 3100 3246 3151 3227 3245 3278 2852 3441 3417 2753 2889 3045 3524 2876 3367 2662 3354 3253 2986 3665 3188 2723 3119 2751 3130 3086 3283 3091 3127 2935 2866 3231 3422 2955 3208 2989 3080 3571 3122 3254 2983 3040 2925 3200 3106 3391 3046 2930 3368 3269 3302 3091 3052 2916 3251 3371 3283 3321 2908 3332 2746 3197 2741 3190 2937 3063 2791 3520 3261 3270 3141 3063 3137 3358 3296 3642 3187 2911 3124 3051 3265 3326 2964 3214 3009 3333 3186 3383 3124 3123 2898 3383 3309 3185 3167 3141 3150 3650 3251 3115 3398 2934 2751 3180 3174 2814 3222 3460 3226 3275 2832 3009 3128 3040 3198 3251 3111 2979 3302 3029 3223 3141 3039 3134 2934 3026 3030 3390 3292 2848 3002 3053 3095 3290 2956 2942 3338 3385 2960 2825 3318 3102 3025 2830 2936 3068 
2841 3218 3096 2947 2566 3034 2891 2907 2787 2967 2780 2991 3027 2776 2923 2870 3034 3204 2579 2927 2798 3176 2701 3050 2666 3071 3014 2666 2698 2864 2838 2695 2743 2993 3124 2916 2874 2776 2533 2696 2558 2834 2784 3080 3044 2885 3138 3314 2610 2942 2953 2860 3136 3300 2730 2729 3076 2892 2669 2937 2943 3087 2996 2216 3092 2672 2646 2957 2822 2639 3123 2835 2996 2941 2984 2750 3012 3160 2989 2825 3036 2909 2810 2924 2690 2710 2890 2864 3213 2848 2702 2804 2739 2773 3089 2563 3033 2858 2976 2978 2899 2854 2875 2586 2880 3022 2824 3261 2986 3076 2753 3132 3223 2739 2673 2641 3148 2672 3199 2482 3208 2991 2959 3407 3140 2677 2695 2356 3021 2821 2885 2784 2869 2725 2820 2688 3319 2945 3092 2833 2910 3029 2843 2771 2944 2820 2754 3054 3136 3157 2936 2566 3091 2800 3127 2656 2908 2602 2883 2898 2919 3027 2631 3009 2586 2824 2571 3100 2617 2950 2903 2906 2872 3116 2633 2685 2702 3027 3036 3154 3056 2876 2870 2784 3193 2919 2540 2724 2791 2850 3039 2934 2831 2975 2760 3140 2782 2822 2669 2916 2779 3076 2848 2909 2582 2692 2856 2561 3121 2601 2946 2878 3041 2987 2799 2601 2618 2789 2927 2916 2795 3031 2905 2798 2990 2911 2769 2761 2802 2725 2827 2987 2892 2575 2958 2975 2576 2890 2781 2871 2995 2984 2928 2963 3147 2935 2870 2641 3049 2560 
2991 3180 3287 2834 2569 2947 2956 2882 2969 3037 2802 2921 3250 2551 2751 2778 2976 2941 2522 2809 2805 3098 2890 3074 2983 3124 2935 2649 2551 2895 2689 2657 2729 3002 2968 2903 2795 2846 2691 2818 2391 2776 2492 2925 2777 2920 2972 3284 2620 3056 2895 2872 3114 3072 2708 2647 2977 2918 2896 2767 2954 2795 2712 2361 3037 2509 2697 2726 3011 3051 2927 2905 2775 3004 3142 2748 2981 3189 2642 2676 2698 2757 2805 2765 2740 2581 2694 2878 3286 2882 2845 2787 2542 2915 2878 2909 3123 2692 2887 3175 2809 3033 2735 2700 2846 2848 2810 3002 2699 2756 2584 3184 3402 2571 2520 2815 2950 2829 3073 2697 3150 2987 2892 3206 3063 2559 2830 2393 2858 2903 3018 2788 2703 2619 2935 2690 3169 2698 3238 2670 2984 2983 2662 2904 2767 3023 2695 2829 3024 3223 2851 2522 3214 2556 3136 2663 2910 2599 2760 2672 2647 3186 2700 2801 2616 2917 2592 2878 2682 2860 2985 3034 2848 3137 2835 2685 2934 2978 2733 3146 2865 2712 2973 2922 2871 2960 2530 2592 2856 2975 2829 3028 2854 2838 2801 3268 2734 2819 2754 3098 2867 2978 2870 3114 2945 2800 2606 2906 2934 2481 2950 3154 2902 2913 2644 2698 2723 2913 2768 3046 2619 2798 3112 2848 2869 2964 2927 2648 2696 2876 2745 2921 2678 2795 2951 2939 2649 3032 2813 2687 3041 3173 2812 2839 3179 2889 2771 2628 2832 2676 
2820 2912 3015 2791 2706 2933 2888 2771 2764 2861 2749 2914 3295 2634 2809 2724 2757 2900 2527 2780 2640 3126 2794 3031 2833 3250 2803 2527 2813 2739 2951 2719 2804 2938 3104 2872 2698 2834 2632 2732 2431 2897 2778 2953 2872 2896 3017 3107 2639 2894 2960 2867 3189 3280 2596 2789 2764 2765 2641 2831 3052 2698 2973 2414 2952 2859 2572 2829 2816 2813 3086 3161 3012 3039 2994 2834 3041 3116 2860 2942 2869 2800 2810 2874 2559 2402 2880 2954 2942 2653 2553 2970 2635 2774 3119 2513 3105 2915 2961 3097 2926 2864 2941 2433 2914 3086 2861 2911 2759 2831 2521 3283 3088 2698 2806 2800 2984 2952 3112 2424 3077 2818 2795 3335 2867 2526 2725 2414 2975 2865 3023 2772 2737 2701 2720 2818 3198 2820 2983 2695 2769 3105 2837 2906 2925 2754 2849 2994 2902 3097 2818 2681 3149 2731 3194 2818 2651 2669 2830 2964 2881 2926 2646 3185 2540 2880 2575 2877 2613 2941 2769 3166 2745 3056 2766 2745 2756 3063 3030 3291 2905 2756 2977 2743 2745 2824 2705 2763 2710 2998 2900 2956 3120 2831 2998 3287 2760 2723 2852 2861 2761 3016 3110 2855 2637 2541 2795 2876 2962 2780 2757 2905 3047 3015 2542 2585 2870 2606 2858 3021 2783 2799 2938 2743 2821 2975 2808 2823 3066 2869 2644 3063 2925 2621 2740 2817 2557 3046 2548 2704 3074 2851 2810 2714 3061 2712 2829 2597 2754 2640 
3141 3277 3303 3007 2967 3224 3174 3037 2996 3229 3073 3052 3528 2926 2992 3061 3227 3228 2975 3063 2958 3402 3022 3054 2996 3501 3113 2988 2851 3197 3045 3000 3059 3176 3393 3291 3132 3038 2922 2800 2705 3056 2819 3285 3259 3106 3146 3429 2787 3301 3383 3098 3323 3473 2953 3000 2973 2960 2772 2958 3331 3221 2992 2555 3260 2790 2876 3004 2991 2952 3245 3081 3201 3104 3265 3128 3201 3560 3348 2862 3082 2964 2823 3017 2859 2783 2998 3202 3255 3073 2999 3196 2732 3119 3055 2878 3304 3234 3152 3593 3102 3081 3126 2772 2977 3100 3181 3224 3078 3150 3047 3458 3262 2887 2785 2928 3349 3063 3277 2821 3355 2941 3090 3471 3174 2675 2962 2787 3027 3066 3356 3122 2980 2897 3235 3018 3476 2822 3444 2848 3353 3150 3249 3098 3114 3192 2911 3200 3157 3300 3111 2867 3303 2938 3347 3102 3035 2913 3099 3194 3277 3456 2960 3259 2843 3105 2650 2989 2942 3065 3052 3427 3188 3348 2962 2962 2905 3298 3280 3470 3464 3078 3051 3125 3062 3180 2775 2888 2979 3428 3042 3301 3077 3117 3248 3379 3217 3094 3038 3076 3054 3282 3225 2894 3108 2828 3052 3089 3196 2853 3115 3212 3301 3307 2867 2703 3140 3022 3220 3234 2974 2793 3266 3108 3265 3213 3224 2961 3028 2944 2964 3283 2991 2830 3062 2987 2986 3338 2951 3057 3258 3361 3110 2794 3475 3051 2968 2776 3045 2906 
2809 2938 3012 2767 2574 2946 2992 3042 2948 2916 2788 2830 3243 2605 2812 2822 2920 3129 2605 3060 2671 3158 2768 2957 2751 3231 2922 2709 2648 2777 2906 2579 2681 2888 3077 2835 2690 2919 2802 2582 2503 2918 2604 3102 2875 2889 2958 3175 2768 2916 2955 2855 3057 3067 2871 2828 2732 2939 2847 2877 2954 2852 2788 2361 3011 2751 2599 2901 2931 2893 2930 2781 2859 2818 3205 2875 3044 3223 2961 2748 2804 2929 2673 2794 2509 2573 2756 2769 3325 2785 2725 2895 2670 2922 3035 2740 2961 2852 2999 3035 2938 2949 2763 2381 2752 2992 2960 2949 2727 2786 2569 3112 3179 2505 2636 2743 3158 2605 3086 2605 3214 2937 2972 3105 3035 2740 2907 2620 2790 3003 2967 2757 2934 2580 2999 2664 3176 2892 2863 2781 2936 2940 2777 3042 2898 2906 2792 2852 2919 3106 2960 2657 3163 2918 3125 2790 2978 2757 2857 2952 2746 3226 2806 2991 2641 3055 2409 2957 2451 2809 2810 3027 3121 2932 2652 2616 2771 3048 2776 3346 2845 2855 2899 2814 3067 2909 2555 2822 2645 2966 3006 3007 2888 2965 3043 3276 2825 2945 2855 2893 2976 2924 2788 2981 2879 2972 2771 2720 2790 2612 2929 2879 2963 2909 2754 2539 2869 2838 2968 3037 2927 2662 2799 2744 3099 3011 2987 2718 2657 2962 2651 3132 2912 2654 2898 2898 2634 3035 2611 2631 3042 2945 2997 2729 3089 2745 2824 2627 2840 2727 
2882 2966 2951 2739 2677 2915 2946 2596 2832 3069 2795 2833 3110 2734 2852 2731 2942 3027 2652 2870 2858 3244 2932 2769 2879 3273 2700 2808 2770 3111 2892 2718 2680 2987 3308 2834 2844 2912 2797 2493 2636 3022 2757 2955 3036 2683 2930 3199 2572 3059 3109 2905 3085 3199 2884 2895 2750 2901 2723 2808 2958 2917 2999 2318 3007 2826 2652 2809 2729 2741 2852 2976 2790 2994 3131 2796 3056 3104 2729 2582 2863 2779 2629 2757 2607 2660 2847 2953 3054 2660 2777 2706 2618 2936 2890 2643 2980 2805 2956 3193 2878 2755 2936 2624 2887 2886 2795 3084 2714 3027 2807 3310 3137 2637 2647 2755 3071 2744 3118 2496 2973 2783 2859 3170 3137 2649 2544 2521 2885 2732 3199 2854 2844 2703 2817 2712 3308 2578 2981 2803 2989 3039 2881 2743 2861 2766 2841 2796 3078 2965 2783 2637 3261 2712 3061 2650 3119 2738 2771 2830 2919 3053 2831 3127 2809 2709 2470 2820 2606 2746 2760 3004 2891 2883 2685 2810 2801 2871 2860 3344 2895 2720 2952 2793 3062 2710 2600 2682 2825 2948 2812 3189 2803 2920 2894 3108 2960 2904 2517 2890 2910 3111 2895 2968 2766 2645 2985 2734 3002 2661 2924 2979 3117 2926 2718 2434 2843 2988 2952 2982 2777 2792 3114 2782 2975 2979 2764 2744 2705 2843 2881 3130 2686 2758 2881 2954 2703 2938 2776 2888 3088 3040 2935 2822 3146 2775 2735 2650 2917 2628 
3193 3254 3299 2934 2899 3278 3126 3074 3042 3181 3035 3046 3517 3130 3034 3006 3306 3243 3016 2976 2914 3480 3017 3071 3118 3361 2971 2868 2839 3023 2970 3054 2983 3126 3415 3088 3054 3069 2928 2663 2735 3150 2917 3236 3200 3086 3224 3466 2893 3198 3249 2947 3174 3268 3047 3042 2989 2948 2990 2974 3249 2945 3101 2686 3190 2856 2737 3025 3166 3036 3172 3263 3179 2947 3211 3039 3227 3473 3236 2968 3019 2849 3054 3167 2777 2873 3155 3253 3320 2878 2994 2933 2743 3087 3160 2581 3247 3070 3238 3303 2945 3167 3335 2733 3075 3149 3034 3262 3160 3280 3018 3282 3295 2921 2726 3089 3454 3028 3228 2728 3234 2956 3041 3440 3326 2820 2872 2781 3055 3044 3379 3021 3136 3139 3144 2988 3317 3054 3384 2968 3289 3167 3011 3019 3092 3135 2908 3242 3221 3350 3118 2860 3363 3178 3375 3032 3044 3074 3071 3315 3160 3332 3170 3409 2846 2991 2733 3177 3000 3055 3080 3363 3161 3251 2926 2886 2917 2976 3279 3458 3159 3047 3184 3094 3186 3156 2953 3017 2964 3195 3111 3422 3195 3183 3203 3434 3208 3165 3162 3073 3060 3220 3230 3104 3065 3004 3046 3054 3283 2837 3008 3149 3312 3262 2748 2672 3289 3105 3046 3219 2977 2969 3103 3040 3092 3280 2992 2993 3159 3028 3023 3225 3055 2992 3189 3153 2825 3489 2908 2979 3126 3219 3108 2962 3410 2948 3019 2919 3057 2813 
2555 2909 2743 2626 2688 2901 2800 2753 2736 2855 2659 2901 3171 2923 2831 2630 2927 2865 2462 2743 2454 2885 2772 2669 2744 3069 2629 2566 2508 2717 2877 2584 2457 2866 3078 2635 2764 2675 2514 2665 2678 2740 2551 2920 2859 2753 2899 3009 2337 2941 2886 2750 2947 2965 2837 2567 2641 2680 2506 2772 2976 2580 2808 2254 2876 2695 2503 2819 2793 2600 2900 2956 2691 2903 2796 2553 2912 2894 2665 2587 2864 2608 2688 2732 2407 2330 2644 2912 3067 2550 2519 2675 2562 2740 2818 2144 2965 2645 2842 2866 2691 2956 2944 2364 2648 2827 2660 2809 2624 2960 2669 3154 3148 2491 2484 2687 3031 2688 2986 2380 2979 2889 2641 3282 2974 2528 2767 2390 2758 2632 2808 2608 2432 2622 2523 2726 2878 2783 2810 2689 2761 2975 2641 2903 2857 2611 2599 2923 2854 3007 2560 2583 2981 2699 2963 2562 2913 2588 2775 2840 2824 2743 2697 3030 2467 2692 2654 2790 2478 2665 2747 2859 3101 2799 2625 2680 2370 2930 2876 3020 2776 2685 2978 2733 2841 2765 2530 2667 2776 2866 2777 2964 2730 2856 2861 3114 2897 2577 2697 2723 2755 2940 2676 2749 2563 2378 2660 2737 2713 2717 2875 2805 3066 2977 2516 2379 2806 2573 2660 2839 2724 2732 2929 2628 2766 2994 2740 2692 2658 2415 2636 2979 3009 2674 2577 2763 2531 3036 2625 2584 2895 2887 2680 2475 3050 2761 2600 2565 2830 2607 
2772 2966 2909 2839 2616 2964 3005 2942 2754 2855 2653 2847 3201 2665 2765 2906 2914 2945 2641 2853 2626 3202 2925 2911 2662 3332 2880 2647 2825 2931 2648 2919 2568 2897 2992 2876 2891 2932 2687 2640 2609 2791 2592 2954 2703 2804 2950 3227 2632 3040 2932 2842 3209 3061 2668 2878 2713 2914 2581 2678 2841 2898 2812 2416 2880 2655 2576 2666 2802 2886 3039 2927 3107 2849 3050 2820 2848 3122 3008 2685 2842 2697 2767 3088 2611 2499 2667 2860 3098 2836 2562 2837 2595 2781 2935 2553 2827 2861 3105 3134 2818 2907 2881 2483 2743 2948 2761 2827 2893 2939 2782 3060 3306 2692 2585 2606 3235 2796 3230 2615 2939 2711 2772 3148 2974 2663 2662 2486 2769 2957 2975 2762 2805 2389 2959 3046 3040 2778 3099 2550 2965 3068 2856 2841 2839 2686 2782 2839 2963 3034 2735 2661 3107 2797 2831 2838 2894 2565 2873 2891 2841 2901 2799 2889 2389 2931 2470 2824 2444 2762 2814 3199 2849 3126 2595 2716 2593 3047 2851 3320 2971 2976 2846 2824 2855 3053 2779 2615 2617 3245 2836 2926 2986 2800 2821 3102 2677 2735 2676 2757 3020 2927 2881 3038 2767 2728 2562 2683 2864 2625 2889 2863 2958 2966 2633 2537 2699 2749 2901 3018 2919 2525 3131 2689 2946 3009 2945 2773 2876 2966 2930 2797 2886 2416 2769 2643 2577 2985 2700 2704 2882 3035 2793 2871 3245 2639 2866 2580 2784 2481 
2750 2858 2938 2655 2425 2789 2733 2807 2531 2781 2556 2600 3003 2704 2633 2489 3128 2771 2436 2696 2541 2983 2674 2594 2702 2771 2828 2579 2398 2593 2479 2598 2554 2836 2998 2804 2886 2618 2545 2466 2429 2659 2520 2694 2761 2804 2791 3055 2427 2847 2745 2644 2888 2916 2520 2374 2675 2484 2576 2581 2874 2746 2728 2184 2562 2276 2367 2574 2659 2714 2699 2769 2559 2801 2825 2591 2709 2893 2751 2383 2692 2571 2573 2515 2550 2464 2658 2790 2873 2679 2473 2630 2536 2781 2705 2572 2796 2808 2700 2960 2650 2853 2911 2427 2666 2759 2828 2757 2597 2936 2378 2838 3053 2545 2347 2537 2926 2519 2724 2668 2906 2767 2356 3170 2646 2416 2707 2464 2645 2731 2848 2619 2341 2424 2594 2483 2815 2627 2879 2466 2865 2782 2534 2717 2640 2648 2595 2734 2532 2912 2589 2483 2675 2693 2881 2700 2833 2404 2637 2748 2691 2679 2619 2819 2308 2828 2413 2684 2628 2490 2568 2729 2670 2862 2508 2606 2407 2871 2738 2932 2764 2600 2884 2755 2830 2736 2430 2561 2464 2875 2528 2945 2673 2747 2733 2813 2946 2711 2639 2714 2472 2842 2701 2573 2591 2591 2591 2656 2638 2531 2798 2821 2753 2841 2520 2367 2768 2504 2716 2808 2615 2543 2792 2566 2666 2903 2903 2725 2552 2512 2628 2876 2717 2519 2645 2782 2552 2820 2511 2661 2648 2730 2596 2468 2946 2594 2441 2390 2560 2612 
3162 3296 3342 3050 2839 3507 3206 3270 3456 3182 3117 3183 3594 3146 3001 3055 3420 3408 2812 3328 3063 3568 3315 3264 3095 3349 3214 2916 2954 3084 3021 2930 3075 3236 3564 3285 3103 3132 2961 2777 2646 3290 3072 3235 3279 3226 3325 3502 3078 3290 3402 3210 3550 3451 3204 2888 3006 3244 3014 3204 3250 3265 3209 2473 3248 3021 3047 3128 3119 3028 3292 3375 3156 3273 3424 3145 3229 3468 3368 2950 3141 3186 2970 3140 2981 2930 3068 3308 3618 2891 2844 3097 2885 3144 3255 2776 3430 3266 3305 3348 3090 3048 3251 3035 2959 3292 3078 3309 2999 3457 2823 3552 3640 2985 2949 3012 3368 2803 3455 2885 3360 3131 3183 3611 3268 3154 3011 2820 3036 2947 3281 3136 3219 2990 3145 2960 3541 3025 3336 2971 3446 3446 3331 3063 3137 3254 3016 3143 3313 3576 3042 2761 3520 3184 3432 3140 3208 2921 3207 3233 3336 3355 3120 3146 2884 3144 2622 3191 2891 3050 3175 3427 3404 3225 3023 3103 3053 3225 3264 3579 3275 3144 3175 3125 3342 3150 2617 2960 3174 3083 3236 3385 3195 3169 3207 3331 3287 3248 3112 3155 3272 3533 3197 3307 3011 2982 2973 2862 3311 2860 3208 3334 3213 3431 2965 2735 3154 3343 3348 3256 3246 2972 3239 2970 3307 3257 3135 3032 3002 3056 3121 3380 3036 2998 3333 3284 3106 3223 3084 3081 3219 3231 3208 3054 3474 3093 3029 2972 3241 3025 
3331 3709 3458 3331 3326 3538 3590 3411 3408 3494 3422 3654 3785 3302 3276 3452 3476 3480 3163 3234 3119 3590 3352 3632 3207 3812 3519 3257 2945 3313 3343 3099 2982 3333 3553 3368 3431 3400 3246 3161 3085 3393 3161 3365 3498 3212 3650 3849 3126 3306 3603 3392 3806 3649 3276 3135 3232 3512 3217 3206 3535 3268 3185 2873 3464 3152 3305 3327 3171 3521 3606 3580 3158 3586 3608 3459 3433 3918 3581 3152 3509 3338 3079 3329 3118 3046 3289 3449 3704 3279 3347 3377 2885 3347 3512 3045 3507 3288 3371 3648 3277 3419 3280 3132 3289 3474 3192 3398 3238 3536 3049 3552 3778 3252 2951 3142 3354 3320 3558 2805 3685 3316 3414 3953 3644 3151 3149 3053 3342 3440 3414 3308 3186 3367 3461 3321 3969 3190 3520 3249 3463 3379 3295 3532 3481 3380 3289 3597 3469 3559 3504 3123 3805 3077 3713 3051 3366 3072 3189 3567 3381 3484 3194 3411 3076 3402 3097 3522 3154 3543 3293 3641 3619 3487 3152 3254 3198 3329 3499 3744 3400 3311 3442 3272 3266 3420 2866 3193 3211 3381 3387 3458 3433 3475 3306 3498 3315 3265 3265 3415 3461 3598 3434 3328 3363 3066 3240 3182 3337 3133 3245 3617 3557 3384 3090 3041 3183 3477 3531 3695 3288 3181 3523 3384 3411 3611 3436 3240 3214 3246 3308 3409 3399 3202 3416 3310 3188 3400 3144 3210 3577 3563 3242 3193 3783 3061 3464 3323 3599 3234 
2984 3321 3327 3017 3056 3321 3067 3005 3046 3083 3178 3094 3518 3039 3088 3095 3212 3296 2784 3114 3059 3364 2952 3188 2936 3465 3185 3032 2900 3108 2950 2974 3077 2984 3438 3003 3128 3051 2911 2711 2667 3265 2812 3227 3339 2982 3119 3420 2710 3197 3273 3110 3389 3280 3023 3082 3120 3216 2776 2872 3171 3196 2848 2619 3168 2665 2787 2907 3092 3097 3426 3119 3301 3138 3306 3084 3223 3233 3076 2961 3002 2774 3201 3293 2920 2839 2990 3080 3535 2976 2993 3202 2751 3062 3248 2668 3213 3248 3133 3646 3035 3382 3114 2666 2987 3213 3052 3049 3018 3182 2878 3469 3524 2915 2688 3181 3254 3144 3552 2812 3422 3058 3144 3553 3380 2868 2943 2710 2953 3042 3250 2966 3081 2807 2971 2993 3349 2964 3278 2886 3098 3396 3152 3222 3211 3231 2851 3237 3218 3247 2980 2745 3393 3061 3218 2848 3002 2840 3042 3212 3091 3360 2640 3361 2748 3041 2837 3261 2963 2979 2931 3168 2979 3174 2997 3016 2897 3169 3192 3527 3205 2950 3195 2864 3024 3107 2794 2986 2995 3091 3001 3255 3169 3108 3205 3304 3364 2903 3173 3127 3235 3242 3147 3022 3134 2660 3120 3157 3059 2885 3006 3029 3185 3216 2919 2825 2960 3014 3199 3200 2999 2973 3186 2993 3087 3373 3157 2851 2880 2975 3007 3168 3111 2718 3063 3057 2917 3314 2900 2936 3234 3441 2988 2928 3260 3094 2958 2752 3121 2894 
2932 2971 3018 2771 2462 3211 2922 2944 2835 3097 2959 2977 3195 2764 2747 2942 2839 2863 2417 2831 2699 3150 2825 2849 2724 3098 2878 2755 2818 2829 2732 2674 2676 2939 3215 2886 2752 2854 2670 2642 2959 2965 2709 2930 2858 2819 3080 3306 2679 2983 2872 2884 3194 3160 2676 2812 2635 3104 2663 2792 2884 2819 2894 2450 2969 2528 2709 2732 2877 2841 3146 2826 2976 3235 3061 2803 3074 3182 2804 2767 2996 2898 2805 2980 2792 2217 2854 2921 3219 2659 2815 2670 2594 2861 3056 2579 3093 2850 3042 3150 2913 3067 2870 2462 2788 2871 3058 2973 2748 2859 2599 3298 3170 2831 2846 2802 3162 2789 3032 2433 3154 3062 2961 3331 3141 2724 2713 2543 2824 2835 3091 2748 2796 2554 2800 2758 3064 2686 2942 2684 2840 3107 2881 2815 2970 2852 2603 3055 2985 3134 2796 2622 3239 2843 3083 2754 3004 2628 2806 2834 2877 3121 2690 3150 2664 2961 2584 2657 2540 2879 2807 2958 2820 2936 2843 2632 2970 3053 2846 3032 2786 2898 2870 2761 3028 2929 2648 2780 2784 2871 2861 3184 2706 2815 3042 3183 2961 2778 2951 2777 2969 2961 2910 2976 2759 2677 2872 2754 2975 2733 2743 2973 3190 3178 2695 2696 2672 2749 2956 3023 2757 2729 2769 2769 2900 3032 2866 2677 2591 2774 2787 2886 2969 2374 2842 2832 2498 2943 2596 2600 2829 2926 2780 2673 3273 3020 2592 2694 3118 2827 
3018 3298 3345 3088 3016 3262 3350 3162 3127 3317 3038 3006 3781 3107 3160 3083 3254 3287 2857 3168 3002 3637 3198 3379 2997 3541 3351 3044 2946 3015 2936 3124 3064 3159 3456 3239 3312 3113 3032 2924 2828 3308 3055 3314 3182 3307 3452 3442 3035 3271 3410 3317 3480 3400 3063 3097 2962 3201 3038 3253 3281 3259 3196 2771 3150 2786 3117 3103 3263 3272 3332 3406 3369 3176 3350 3024 3185 3385 3222 2999 3224 3042 3133 3059 2936 2950 3119 3309 3418 3259 3247 3193 3065 3204 3293 2959 3336 3183 3265 3532 3332 3204 3309 2770 2989 3338 3138 3276 3053 3149 3009 3483 3687 3036 2758 3154 3321 3150 3458 3015 3502 3142 3302 3629 3253 2993 2959 2899 3135 3283 3228 3249 2939 2804 3157 3174 3560 2855 3477 2958 3047 3109 3097 3191 3199 3318 3199 3188 3250 3476 3231 2977 3448 3131 3575 3069 3127 2915 3078 3270 3318 3327 2772 3346 2782 3333 2990 3163 2934 2960 3079 3581 3218 3224 2886 3092 2890 3438 3287 3596 3398 3098 3149 3001 3243 3289 2884 3057 2933 3382 3103 3358 3007 3173 3241 3536 3177 2958 3044 3269 3281 3233 3250 3143 3154 2987 3003 3190 3169 2957 3235 3266 3551 3296 2942 2667 3338 2981 3260 3336 3132 2974 3207 2972 3402 3301 3401 3165 2931 3056 3003 3194 3145 2866 2970 3252 3054 3346 2930 3154 3406 3355 3176 3138 3612 3115 2970 2969 3332 3102 
2951 3269 3294 3028 2872 3062 3216 3076 2956 3164 3008 3022 3537 2933 2786 2872 3261 3168 2769 3002 3122 3439 3087 3198 3077 3268 3100 2773 2852 3068 2909 2948 2873 3123 3387 2958 3203 2977 2725 2655 2523 3196 2834 3209 2995 3031 3209 3284 2685 3158 3172 3081 3361 3337 2882 2918 3024 2997 2885 2923 3072 3006 3200 2667 3150 2963 2755 3061 3053 2999 3263 3139 3261 2998 3289 3106 3354 3220 3186 3112 2937 3022 2763 3010 2880 2745 2978 3117 3368 2944 3113 3347 2763 3056 3087 2588 3174 2972 3148 3295 2961 2945 2988 2651 3076 3138 2716 3239 2965 3118 2790 3305 3303 2723 2637 2936 3351 3027 3353 2717 3311 2883 2973 3413 3305 2988 2968 2510 3053 3037 3156 2949 2838 3054 2984 3092 3308 2752 3088 2899 3147 3160 3221 3163 3022 2860 2963 3147 3254 3315 2959 2803 3227 3126 3320 2994 3015 2784 3063 3155 3122 3186 3005 3196 2940 2982 2786 3168 2918 2970 2971 3298 2934 3273 3088 2837 2687 3222 3186 3300 3065 3022 3182 2806 3071 3005 2809 2865 2847 3139 3163 3028 2957 3054 3246 3482 3131 2936 3259 3052 3073 3209 3100 3080 3012 2870 2690 2894 3238 2886 2882 3244 3136 3105 2683 2855 2924 2947 3035 3243 2928 2899 3268 2757 3211 3131 2944 2755 2949 3098 2870 2921 3009 2928 2897 3032 2815 3287 2983 2921 3267 3286 2964 3137 3298 2970 2923 2738 3404 2796 
2821 3105 3191 2751 2589 3137 2998 2721 2947 2872 3010 3235 3338 2611 2870 2945 3030 3030 2707 2909 2842 3198 2880 3078 2778 3158 2958 2584 2723 2831 2955 2740 2641 2763 3119 2816 2689 3015 2654 2586 2552 2960 2715 3108 2961 2825 3031 3249 2516 3077 3093 2973 3276 3190 2736 2811 2901 3057 2687 2666 2803 2925 2863 2452 3326 2767 2752 2871 3020 2791 2919 3101 2988 3074 3115 2903 3055 3081 2878 2809 2771 2858 2631 2915 2771 2438 2678 2947 3228 2899 2904 2810 2822 2934 2859 2796 3111 2863 3090 3298 2884 3129 2719 2756 2758 2907 2777 2998 2850 2871 2723 3361 3262 2591 2595 2957 3009 2679 3312 2592 3098 3180 3029 3246 3001 2629 2955 2500 2789 2787 2951 2669 2938 2610 2806 2720 3221 2672 3140 3010 2848 3223 2693 2993 2743 3030 2853 2811 3136 3267 2910 2624 3292 2850 3015 2634 2995 2505 2722 3085 2811 3111 2551 3135 2576 2845 2696 2802 2346 2905 2607 3097 3042 2942 2711 2644 2801 2989 3070 3264 3062 3055 2994 2849 3107 2922 2794 2935 2953 3004 2992 3218 2794 2821 2899 3203 2949 2916 2926 2799 2977 2854 2918 3026 3001 2719 2727 2943 3051 2728 2922 2906 3137 3036 2653 2620 2793 2763 3051 2799 2632 2748 3067 2770 3117 2958 2929 2828 2798 2860 2932 2820 2905 2735 2857 2863 2746 2853 2724 2707 3109 3031 2867 2760 3140 2921 2910 2514 2844 2680 
3361 3596 3589 3332 3257 3605 3417 3249 3365 3300 3328 3440 3786 3279 3336 3240 3544 3352 2939 3225 3262 3789 3233 3550 3042 3741 3410 2882 2957 3334 3214 3526 3075 3353 3734 3540 3233 3297 3033 2974 3028 3268 3263 3545 3530 3397 3470 3777 3012 3590 3511 3270 3853 3720 3161 3201 3254 3372 3299 3391 3331 3191 3441 2967 3611 3143 3237 3278 3350 3248 3505 3575 3406 3241 3457 3476 3437 3555 3369 3080 3440 3248 3217 3250 3013 3053 3226 3559 3519 3160 2976 3299 3137 3480 3472 3046 3703 3555 3700 3677 3450 3432 3477 3264 3418 3657 3474 3459 3389 3560 3264 3620 3715 3351 2996 3299 3772 3270 3661 3126 3635 3349 3475 3983 3633 3273 3176 2997 3336 3591 3283 3247 3188 3188 3225 3451 3666 3077 3678 3125 3447 3595 3267 3513 3301 3551 3521 3508 3375 3806 3457 3102 3778 3454 3483 3370 3413 2981 3261 3471 3499 3334 3200 3579 2827 3495 3095 3416 3084 3341 3278 3691 3404 3531 3101 3053 3111 3465 3611 3623 3586 3542 3265 3347 3347 3404 3092 3296 3195 3429 3404 3513 3382 3424 3451 3660 3572 3064 3334 3106 3362 3567 3539 3269 3176 3220 3164 3246 3444 3054 3146 3419 3556 3511 3205 2959 3633 3109 3381 3504 3402 3202 3683 3316 3276 3507 3588 3425 3330 3291 3221 3302 3473 3067 3303 3475 3025 3677 3330 3104 3280 3447 3155 3301 3707 3301 3159 3217 3422 3242 
3212 3614 3755 3068 3232 3765 3435 3383 3320 3541 3445 3494 3928 3205 3413 3483 3773 3616 3204 3557 3375 3804 3283 3297 3153 3719 3461 3216 3269 3305 3278 3244 3353 3592 3919 3429 3418 3277 3098 3077 3064 3271 3214 3685 3508 3532 3647 3726 3287 3394 3499 3518 3902 3633 3240 3211 3519 3422 2995 3365 3569 3378 3466 2808 3635 2965 3293 3163 3448 3272 3593 3416 3216 3600 3781 3356 3710 3703 3541 3309 3558 3418 3353 3407 3132 3005 3391 3487 3741 3589 3306 3593 3196 3547 3466 3254 3535 3662 3629 3624 3511 3561 3557 3034 3215 3634 3362 3650 3207 3415 3037 3962 3753 3176 3146 3152 3736 3232 3907 3015 3756 3492 3498 3977 3551 3251 3411 3096 3548 3358 3570 3264 3326 3106 3486 3191 3757 3298 3539 3321 3427 3608 3487 3513 3408 3446 3358 3627 3435 3734 3460 3036 3688 3441 3583 3298 3424 3006 3429 3357 3407 3771 3172 3482 2857 3550 2994 3483 2924 3293 3380 3583 3580 3552 3104 3338 3180 3736 3408 3852 3610 3576 3476 3445 3683 3459 3111 3278 3184 3580 3603 3856 3452 3546 3462 3793 3483 3446 3531 3356 3216 3697 3448 3431 3358 3205 3296 3351 3535 3095 3471 3358 3619 3672 3227 3128 3417 3441 3370 3658 3322 3189 3454 3266 3541 3438 3596 3308 3430 3349 3385 3580 3319 3123 3355 3283 3277 3537 3260 3212 3599 3348 3442 3204 3870 3439 3334 3151 3588 3318 
3274 3510 3605 3314 2941 3499 3077 3253 3134 3343 3252 3283 3651 3052 3245 3113 3472 3420 3086 3364 3253 3576 3160 3369 3186 3533 3228 2948 3066 3257 3148 3063 3122 3175 3514 3312 3291 3282 3091 2884 3021 3368 3232 3407 3269 3329 3470 3719 2880 3359 3510 3340 3685 3719 3132 3224 3318 3271 3168 3075 3487 3432 3344 2753 3310 2969 3177 3264 3383 3098 3539 3379 3304 3287 3423 3335 3324 3377 3408 2992 3196 3095 3048 3182 3032 2917 3189 3309 3460 3173 2959 3358 3145 3194 3461 3085 3248 3467 3402 3402 3375 3345 3324 2862 3181 3376 3153 3505 3214 3418 3054 3634 3619 3115 2906 3046 3579 3268 3681 2941 3606 3261 3307 3863 3552 2997 3005 2890 3166 3338 3255 3165 3239 3083 3181 3161 3612 3132 3309 2992 3359 3547 3189 3292 3147 3156 3166 3450 3210 3568 3169 2861 3552 3044 3496 3186 3304 2935 3147 3309 3405 3527 3052 3415 2790 3323 2916 3253 2955 3251 3114 3387 3362 3424 2997 3192 3125 3395 3046 3616 3223 3250 3239 3263 3422 3364 2939 3052 2984 3285 3473 3464 3361 3360 3387 3599 3420 3300 3192 3301 3354 3451 3387 3393 3022 3081 3179 3110 3364 2826 2998 3421 3495 3445 2883 2926 3150 3205 3229 3370 3254 3219 3294 3124 3351 3475 3286 3299 3212 3134 3153 3237 3235 3055 3282 3267 2915 3498 3084 3028 3420 3471 3316 3122 3649 3234 2967 3109 3172 3079 
2587 2916 2989 2589 2499 2914 2745 2646 2689 2775 2567 2914 2952 2584 2524 2595 2973 2756 2336 2571 2685 2894 2712 2849 2655 2863 2898 2258 2457 2499 2510 2609 2587 2762 2963 2734 2862 2692 2530 2596 2394 2747 2541 2750 2915 2659 2953 2770 2654 2813 2713 2789 3193 2929 2612 2477 2663 2702 2513 2662 2823 2833 2741 2528 2951 2563 2559 2621 2876 2677 2958 2792 2650 2719 2938 2687 3027 2821 2563 2531 2745 2777 2841 2583 2578 2363 2641 2896 2965 2673 2749 2573 2676 2673 2743 2543 2853 2812 2741 2977 2661 2877 2531 2526 2869 2898 2766 2940 2659 2731 2527 3061 3138 2488 2434 2714 2948 2655 3035 2638 2967 2742 2653 2932 2837 2482 2892 2395 2803 2613 2926 2776 2708 2616 2648 2729 3025 2407 2791 2616 2737 2763 2701 2601 2738 2811 2675 2849 2808 3045 2678 2433 3089 2777 2913 2569 2787 2366 2641 2876 2753 2861 2531 2762 2585 2881 2373 2779 2368 2591 2707 2954 2675 3073 2526 2724 2628 2882 2812 2921 2718 2790 2878 2544 2791 2885 2543 2733 2652 2850 2758 2837 2665 2631 2949 3087 2767 2751 2677 2700 2756 2870 2630 2762 2760 2701 2469 2609 2866 2459 2880 2835 2820 2640 2586 2556 2879 2884 2799 2835 2576 2746 2908 2602 2811 2729 2847 2469 2561 2692 2703 2697 2656 2566 2644 2611 2647 2891 2559 2674 2979 2678 2820 2804 2922 2765 2730 2567 2849 2762 
3216 3147 3329 3090 2848 3207 3173 2993 3072 3132 3032 3202 3484 2809 3060 2937 3152 3125 2790 3158 2890 3326 3029 3195 3175 3438 3096 2735 2862 2952 2920 3156 2943 3036 3288 3109 2976 3147 2789 2925 2779 3007 2784 3155 3320 3052 3215 3420 2875 3349 3466 3057 3414 3453 3003 3052 2991 3074 3079 2947 3143 3134 2955 2426 3289 2652 2755 3101 3159 3210 3180 3225 2831 3141 3189 3082 2956 3456 3118 2811 3103 3022 2775 3214 2739 2839 2972 3090 3325 3034 2963 2845 2818 2935 3149 2883 3186 3102 3156 3322 3107 3106 3247 2841 2801 3068 3090 3100 3036 3129 2726 3565 3476 2963 2670 3021 3236 2988 3185 2632 3268 3042 3193 3465 3210 2914 2874 2755 3025 3012 3226 3139 2974 2782 3163 2887 3509 2686 3498 2982 3134 3174 3083 3079 2771 3332 3041 3134 3156 3149 3103 2759 3470 3027 3396 3045 3099 2721 2842 3149 3033 3326 2878 3142 2661 3084 2786 3029 3000 3205 2896 3207 3186 3171 2921 2877 2932 3136 3127 3399 3169 3018 2976 3037 3123 3089 2720 2921 2958 3222 3131 3257 2893 3132 3029 3342 3110 2982 3084 2976 3223 3092 3105 3093 3239 2859 2919 2878 3196 2884 3245 3262 3245 3262 2883 2714 3078 3006 3230 3338 2881 2919 3044 2950 3109 3287 2989 3179 2828 3200 2975 3200 2967 2906 3191 3175 2788 3118 3012 2918 3209 3309 3032 2975 3300 3040 3025 2912 3125 2951 
3075 3318 3487 3154 3063 3744 3299 3263 3399 3274 3105 3248 3726 3148 3497 3484 3332 3467 3038 3191 3089 3539 3227 3358 3046 3513 3255 3211 3143 3024 3198 3017 2981 3228 3660 3243 3380 3381 2926 2940 3140 3322 3183 3331 3391 3393 3401 3556 2766 3528 3676 3153 3752 3634 3257 3073 3142 3469 3085 3015 3329 3332 3354 2699 3358 2927 2975 3055 3347 3269 3645 3305 3357 3364 3524 3360 3329 3433 3207 3029 3240 3143 3009 3455 2941 2811 3177 3207 3517 3157 3045 3204 2984 3279 3592 2884 3303 3450 3461 3483 3298 3408 3412 2853 3064 3424 3136 3376 2920 3274 2995 3829 3674 3114 2934 3122 3504 3121 3449 2763 3663 3203 3382 3813 3592 3017 3126 2903 3157 3156 3497 3302 3094 3133 3201 3303 3534 3141 3306 3036 3409 3353 3345 3337 3365 3150 3107 3366 3264 3506 3067 3010 3733 3316 3323 3300 3311 3020 3080 3320 3439 3423 3077 3587 2909 3273 2872 3291 2964 3342 3198 3537 3293 3486 3273 3115 3267 3429 3360 3669 3429 3402 3172 3186 3280 3559 2938 3132 3191 3480 3350 3642 3200 3442 3319 3500 3331 3120 3237 3121 3147 3632 3289 3234 3254 3077 3127 3043 3403 3098 3182 3336 3649 3389 2860 3048 3269 3168 3400 3526 3128 3139 3381 3090 3227 3445 3352 3194 3138 3232 3230 3330 3267 3041 3369 3426 3098 3442 3161 3256 3218 3498 2976 3034 3516 3328 2994 2994 3310 3248 
2966 3239 3426 3144 2871 3333 3141 3228 3105 3360 3057 3206 3714 2879 3100 3142 3305 3196 2826 3297 3251 3497 2922 3119 2983 3506 3317 2969 3004 3053 3042 3008 2797 3111 3517 3131 3297 3252 3139 2777 2875 3059 3021 3316 3286 3190 3364 3671 2872 3069 3487 3218 3538 3373 2875 3234 3047 3207 2853 3027 3319 3333 3273 2669 3286 2764 2838 3140 3208 2964 3441 3268 3287 3274 3463 3187 3312 3437 3061 2839 3191 3076 2898 3332 2972 2827 3108 3282 3481 3265 3110 3107 2858 3255 3318 3006 3267 3286 3207 3403 3154 3306 3221 2788 3025 3413 3153 3437 3097 3129 3022 3802 3551 2936 3028 2971 3445 2931 3350 2790 3475 3002 3192 3744 3300 2843 3034 2918 3103 3156 3486 3139 3223 2992 3210 3051 3595 2924 3263 2959 3026 3320 3337 3111 3177 3187 3069 3356 3084 3251 3203 2945 3652 3124 3331 3110 3370 2829 2979 3080 3116 3590 2990 3457 2940 3165 2939 3128 2901 3171 3050 3315 3433 3462 3249 2959 3202 3383 3182 3685 3427 3130 3059 2869 3103 3174 3065 3029 3144 3315 3413 3352 3119 3157 3290 3446 3173 3148 3246 3281 3161 3338 3240 3366 3226 2878 3031 3065 3230 2904 3150 3270 3410 3338 2938 2811 3106 3131 3283 3255 3085 3026 3215 3167 3247 3304 3254 2933 2891 3137 2976 3231 3068 2977 3037 3269 3212 3150 3044 3018 3195 3427 3196 2942 3631 3090 3102 2899 3346 3086 
3046 3349 3311 2905 3045 3408 3152 3161 3080 3203 3228 3010 3541 3036 3023 3194 3144 3379 3022 3127 3151 3527 3086 3304 3156 3408 3132 3001 2868 3050 3025 3020 2873 3200 3400 3132 3224 3151 2988 2823 2904 3041 3015 3176 3107 3162 3377 3390 3013 3279 3402 3300 3390 3368 3003 2893 3087 3317 3035 2937 3056 3231 3050 2646 3350 2991 2911 2919 3262 3242 3389 3242 3288 3188 3346 3251 3144 3402 3153 3095 2985 2971 3062 3159 2849 2881 3050 3246 3493 3046 3080 3236 2991 3019 3345 2881 3214 3250 3180 3509 3139 3336 3100 2791 2961 3235 2903 3211 3020 3001 2885 3402 3694 2943 2757 3042 3248 3196 3457 2902 3508 3094 2997 3749 3451 2891 3154 2810 3127 3099 3241 3146 2988 2827 3134 3305 3377 3072 3117 2889 3255 3291 3045 3260 2991 3214 3154 3401 2998 3315 3074 3065 3458 3135 3274 3164 3076 2902 3046 3130 3155 3202 2945 3179 2709 3341 2808 3169 2832 2988 3029 3276 3061 3469 2878 2960 2980 3249 3275 3415 3255 3232 3216 3092 3296 3341 2887 2938 3150 3240 3199 3253 3188 3234 3225 3515 3162 3245 3227 3217 3176 3360 3257 3259 3142 3015 2981 3161 2952 2862 3022 3372 3517 3256 2703 2663 3238 3062 3146 3542 2860 2895 3081 3079 3145 3411 3381 2842 3122 3131 3130 3195 3130 2765 3148 3195 3051 3338 3017 3070 3314 3376 3128 3243 3394 3089 2907 2870 3086 2985 
2765 3138 3090 2738 2771 3102 2915 2892 3064 3147 2713 3096 3369 2709 3018 2865 3056 2935 2611 3052 2781 3234 2819 2962 2701 3322 3021 2884 2524 2818 2925 2603 2698 2952 3192 2948 2899 2919 2551 2675 2804 3015 2837 2923 2979 2871 3005 3101 2529 3191 3103 2962 3166 3149 2823 2633 3044 2983 2645 2833 3019 2947 2928 2568 3144 2827 2741 2828 2967 2698 3196 2741 2723 3171 3085 2733 3115 3131 2855 2913 2973 2909 2914 2859 2553 2713 2831 2999 3142 2726 2796 2832 2544 2936 3083 2631 3206 3002 3029 3121 3101 2991 2677 2791 2896 3050 3049 3023 2872 2919 2670 3298 3279 2842 2605 2887 3205 2776 3039 2514 3246 2943 2926 3339 3129 2682 3001 2725 3012 2880 3024 3009 2655 2696 2781 2753 3239 2789 3082 2767 3059 3112 2951 2757 2956 2788 2831 2862 2968 3094 2674 2723 3091 2715 3182 2609 3080 2504 2687 2903 2936 3084 2777 3049 2594 3006 2589 2904 2756 2980 2723 2969 2974 3167 2708 2636 2691 3198 2979 3214 2993 2918 3064 2611 3142 2929 2635 2843 2802 2976 2853 3060 2885 3033 3215 3178 3147 2827 2856 2891 2907 2992 2777 3017 2839 2674 2702 2766 3006 2789 2932 2968 3144 2964 2799 2597 3023 2815 2995 2760 2626 3039 3046 2754 3127 3091 2999 2676 2740 2856 2801 3119 2973 2640 2812 2974 2713 3039 2753 2914 2964 3090 2821 2808 3123 2924 2902 2581 2869 2801 
3267 3585 3306 3202 2978 3419 3324 3315 3096 3336 3185 3154 3619 3178 3322 3191 3241 3264 2874 3231 3059 3536 3280 3235 3281 3535 3241 2966 3109 3161 3157 2940 3014 3395 3501 3142 3235 3173 2940 2947 3102 3373 2951 3400 3236 3265 3366 3561 3040 3312 3310 3237 3552 3745 3254 2990 3187 3421 3276 3111 3324 3233 3221 2734 3440 2826 2959 3092 3336 3172 3380 3258 3295 3182 3583 3094 3359 3482 3390 2925 3243 3156 3141 3319 2887 2801 3251 3424 3624 3077 3169 3090 2928 3091 3434 2819 3352 3051 3258 3394 3176 3434 3299 2724 2997 3144 3198 3397 3112 3226 3000 3408 3643 2991 2932 3132 3659 3052 3510 2799 3437 3238 3258 3561 3574 3090 3012 2724 3127 3168 3191 3155 2997 2893 3234 3037 3528 3020 3391 2972 3058 3286 2974 3129 3272 3340 3046 3074 3262 3566 3119 3047 3691 2994 3693 2999 3220 2975 3208 3203 3368 3462 3138 3420 2925 3194 2984 3235 2997 3338 3187 3365 3381 3217 3066 3025 3075 3430 3193 3559 3279 3383 3317 3387 3362 3180 2740 2857 3104 3247 3147 3506 3298 3228 3191 3767 3082 3178 3217 3298 3145 3366 3378 3401 3067 2991 3245 3217 3284 2989 3181 3436 3502 3260 2940 2975 3249 3093 3223 3503 3020 3051 3295 3209 3143 3404 3123 3205 2935 3122 3258 3346 3337 2990 3141 3480 3078 3594 3099 2740 3340 3412 3124 3111 3661 3104 3006 2911 3264 2891 
3340 3442 3656 3087 3104 3661 3478 3328 3442 3292 3115 3311 3703 3263 3096 3279 3475 3578 2862 3191 3332 3430 3210 3364 3158 3730 3365 3164 3088 3294 3130 3140 3044 3364 3472 3467 3248 3225 3138 2993 2774 3088 3080 3564 3397 3126 3442 3697 2957 3408 3303 3246 3476 3569 3162 3123 3111 3352 3157 3088 3382 3134 3290 2653 3319 3136 2998 3315 3395 3196 3540 3424 3401 3392 3537 3203 3352 3534 3360 3208 3363 3139 2922 3425 2955 3063 3033 3304 3509 3270 3022 3317 2988 3049 3391 2965 3378 3351 3474 3681 3177 3389 3178 3031 3211 3414 3206 3416 3171 3300 3201 3736 3655 3089 2825 3204 3338 3136 3623 2929 3538 3004 3281 3930 3483 2980 3021 2838 3393 3152 3495 3150 3409 2963 3253 3158 3615 3028 3527 3282 3227 3456 3132 3267 3397 3347 3141 3258 3412 3670 3057 2793 3703 3225 3437 3267 3136 3117 3086 3248 3124 3597 3097 3339 2850 3427 2967 3523 2962 3437 3279 3426 3515 3389 3087 3109 2983 3298 3398 3673 3526 3361 3394 3189 3357 3429 3020 3057 3326 3353 3411 3598 3214 3416 3044 3495 3214 3253 3089 3419 3215 3353 3369 3270 3214 3082 3212 3202 3343 3109 3239 3169 3238 3262 2965 2922 2979 3361 3451 3438 3186 3115 3239 3087 3260 3569 3453 3291 3279 3294 3256 3367 3192 3099 3219 3342 3083 3429 3141 3390 3368 3447 3233 3156 3735 3057 3212 3071 3312 2902 
3094 3258 3398 2885 2981 3233 3118 3076 3185 3230 3223 3206 3557 2962 3100 3193 3368 3143 3021 3106 3125 3605 3298 3210 2921 3527 3220 3022 3089 3107 3212 3296 2858 3190 3463 3214 3071 3151 2979 2957 2877 3269 2852 3464 3377 3065 3369 3626 2980 3102 3336 3013 3602 3542 2884 3208 3136 3192 3052 3070 3137 3217 3087 2767 3413 2857 3063 3197 3205 3272 3189 3607 3261 3332 3435 3053 3391 3523 3061 3034 3276 3126 3079 3047 3074 2853 3189 3280 3503 3299 2911 3064 2875 3163 3206 2950 3423 3068 3318 3538 3096 3483 3276 2878 3070 3324 3111 3321 3140 3089 3106 3621 3478 2957 2714 3228 3483 2937 3543 2758 3535 3415 3210 3637 3431 2796 3024 2749 3119 3186 3372 2989 3042 2808 3196 3051 3568 2946 3356 3091 3108 3294 3013 3245 3177 3082 3156 3355 3286 3346 3298 2748 3535 3252 3272 3076 3209 3065 3340 3255 3176 3307 2856 3504 2944 3345 2846 3181 2784 3048 3195 3504 3214 3439 2829 3096 3122 3137 3246 3560 3265 2974 3245 3189 3336 3274 2995 3054 3082 3398 3180 3404 3092 3340 3266 3458 2987 3246 3153 3219 3195 3178 3153 3152 3307 3075 3044 3065 3268 2962 2987 3155 3246 3291 2947 2749 3115 3283 3083 3337 2966 2846 3374 3270 3133 3241 3297 3101 3174 3076 3075 3124 3024 3068 3180 3182 2873 3332 2962 2878 3303 3217 3103 2894 3534 2845 3232 2896 3073 3038 
2929 3354 3241 3074 2753 3074 3120 3002 3009 3099 2956 2999 3571 2782 2860 2963 3187 3325 2715 3169 2926 3396 3117 3054 2903 3069 3110 2899 2708 3062 2825 2807 3060 3253 3203 3119 3105 3037 2734 2903 2983 3078 2652 3042 3180 2988 3291 3409 2847 3263 3196 3055 3236 3118 3048 2778 3007 3172 2892 2964 3034 3154 3173 2643 3200 2815 2938 2850 3071 2784 3452 3155 3083 3056 3195 3066 2957 3380 2982 2867 3044 2959 2925 3142 2848 2744 2804 3300 3388 3004 2899 2974 2752 2761 3220 2755 3294 3118 3026 3287 3142 3165 3039 2589 3006 3020 3070 3239 2975 3039 2757 3291 3748 2692 2820 3010 3357 2974 3215 2822 3278 3027 3076 3644 3325 2778 2865 2767 2962 3164 3154 3085 3045 2712 2961 3357 3321 2861 3181 2692 2960 3088 3164 2880 3046 2941 2730 3255 3050 3414 2950 2931 3236 2959 3349 2775 3174 2694 2776 3054 3206 3178 2748 3204 2800 3301 2782 3074 2780 2801 2891 3435 3075 3336 2908 2886 2916 3239 3167 3444 3257 3040 3185 2864 3016 3126 2623 3096 2859 3162 3078 3146 3023 3114 3025 3437 3015 2979 3034 2932 3029 3282 3065 3026 3042 2907 2806 3069 3254 2657 2902 3208 3088 3181 2717 2785 2957 2866 2980 3200 2955 2765 3186 2900 2996 3154 3108 2895 2738 3130 2878 3150 3118 2844 3040 3068 2940 3091 2798 2895 3213 3209 2946 2847 3318 3106 2839 2717 3012 2762 
2892 3026 3206 2831 2675 3173 3047 2872 2861 3108 3041 3231 3337 2890 2916 2822 3086 3264 2830 2992 2908 3255 3084 3039 3050 3257 2973 2699 2790 2837 3054 2816 2886 2976 3176 2941 3026 2972 2748 2817 2805 3083 2737 3058 3012 3051 3139 3358 2727 3065 3078 3221 3439 3299 3018 2869 2987 3049 2736 2975 3140 3177 3036 2547 2977 2731 2724 2696 3073 2974 3209 3259 3082 3118 3110 2915 3274 3052 3090 2853 2949 3005 2813 2915 2770 2477 2990 3115 3247 2921 2912 2846 2737 2877 3075 2543 3089 2963 2971 3187 2974 3112 3104 2554 2811 2835 3137 3147 2950 2916 2814 3193 3301 2645 2680 2910 3243 2922 3128 2561 3229 3042 2816 3221 3317 2688 2932 2658 3055 2946 3216 2912 2903 2689 2837 3006 3221 2735 3112 2767 3031 3067 3007 2910 3031 3083 2805 3139 3073 3110 2887 2583 3247 2957 3243 2791 2908 2628 2863 3205 3245 3166 2779 3197 2749 3000 2570 2888 2732 3091 2933 3266 2931 3301 2775 3171 2809 3057 3016 3157 3158 2957 3221 3001 2998 3106 2701 2922 2971 3149 3023 3293 3034 3016 3046 3341 2969 2903 3246 2943 2956 3154 2831 3122 2767 2774 2781 2921 3147 2730 2993 3101 3262 3107 2605 2657 3118 2887 3036 3265 2847 2750 3143 2664 2939 3195 2951 2895 2930 2872 3004 3112 2909 2845 2941 2935 2898 3152 2784 2932 3269 3110 2864 2671 3392 3008 2801 2858 2715 2868 
3377 3350 3482 3198 2925 3424 3344 3366 3313 3249 3090 3366 3560 3256 2956 3136 3307 3405 3000 3144 3158 3773 3179 3436 3257 3568 3328 2878 3038 3215 3064 3003 3108 3349 3655 3279 3437 3310 3041 3100 2873 3252 3062 3324 3431 3197 3314 3705 3246 3397 3538 3153 3820 3544 3285 3190 3271 3255 3116 3234 3190 3366 3186 2563 3422 2958 2937 3054 3282 3391 3402 3461 3252 3147 3482 3224 3159 3478 3314 2920 3235 3127 3123 3366 3135 2870 3136 3224 3621 3047 3239 3161 2960 3269 3366 2938 3472 3340 3295 3619 3479 3373 3251 2993 3033 3259 3301 3400 3193 3337 3056 3558 3684 3047 2959 3138 3524 3296 3585 2821 3645 3292 3100 3755 3640 3012 3086 2781 3038 3170 3398 3014 3114 3096 3133 3205 3635 3137 3529 3012 3546 3360 3269 3106 3260 3455 3308 3393 3434 3589 3327 3023 3497 3201 3489 3181 3204 3024 3224 3208 3563 3354 3141 3322 2826 3241 2814 3347 3015 3307 3222 3525 3312 3452 3112 3185 3190 3355 3437 3541 3258 3322 3214 3415 3166 3429 2900 3284 3126 3471 3317 3526 3394 3283 3224 3619 3376 3245 3122 3298 3257 3367 3394 3307 3330 3144 3011 3113 3200 3003 3278 3485 3466 3322 2981 3019 3315 3093 3212 3398 3119 2990 3513 3224 3411 3468 3278 3172 3085 3258 3184 3135 3188 2941 3188 3313 3076 3499 3109 2963 3346 3517 3189 3251 3427 3302 3322 3075 3306 2981 
3053 3307 3309 3008 2892 3334 3069 2982 2899 3271 3009 3268 3479 2975 3120 3090 3089 3319 2800 3161 2919 3437 2939 3215 3124 3356 3075 3007 2877 2868 3000 2755 2868 3257 3313 2853 3161 3042 2903 2979 2777 2936 3086 3358 3129 3286 3112 3523 3011 3329 3194 3087 3493 3570 3083 2911 3321 3207 2842 2847 3211 3142 3181 2361 3312 2793 2829 2805 3250 3065 3255 3195 3105 3137 3411 3102 3212 3428 3137 2917 2983 2995 2984 3243 2767 2767 2941 3107 3369 2945 3155 2991 2874 3135 3216 2856 3287 3107 3074 3245 3201 3334 3202 2785 2971 3121 3051 3492 3222 3104 2924 3547 3712 2911 2940 3029 3340 2853 3500 2838 3268 3240 3070 3600 3263 2876 2894 2749 3089 3014 3151 2900 2863 2792 3151 2975 3388 3047 3350 2971 3357 3209 3064 3039 3136 3158 2880 3028 3241 3386 3050 2823 3281 2906 3350 2794 3100 2696 2885 3055 3059 3246 2922 3299 2645 3123 2978 2940 2822 3215 3229 2987 3094 3338 3029 2995 3191 3291 3201 3290 3187 3224 3231 3111 3217 2958 2878 2890 2900 3164 3045 3450 3148 3128 3184 3351 3057 3024 3055 3388 2969 3367 3077 3136 2956 2920 2928 3053 3166 2798 3196 3297 3470 3474 2675 2777 2950 2968 3070 3253 3078 2965 3170 2771 3205 3301 3151 2955 3165 2997 3198 3147 2998 2780 3254 3113 2861 3236 2971 2998 3088 3307 3184 3103 3426 3093 3005 2774 3193 2888 
3317 3494 3302 3091 2813 3357 3197 3076 3198 3206 3133 3259 3708 2996 3203 3170 3241 3168 2917 3151 3133 3438 3281 3298 2842 3478 3135 3014 3005 2970 3025 3132 3074 3270 3336 3061 3058 3110 3107 2946 2851 3110 2905 3215 3276 3348 3183 3500 2941 3176 3340 3147 3336 3343 3088 3020 3077 3202 2860 2990 3300 3108 2964 2581 3424 2927 2961 3117 3214 3071 3290 3157 3000 3356 3335 3145 3151 3341 3259 3076 3034 2997 2857 3315 2901 2856 3044 3276 3500 3064 2880 3135 2840 3074 3381 2759 3343 3115 3150 3321 3215 3164 3106 2866 2973 3294 3095 3178 3038 3208 2827 3317 3561 3015 2781 2967 3390 3023 3457 2825 3353 3054 3097 3751 3269 2965 3190 2701 3148 2791 3336 3117 3286 3063 3274 2804 3505 2997 3375 3104 3317 3339 3116 3062 3135 3262 3088 3031 3109 3421 3086 2708 3468 2947 3281 2882 3140 2797 2977 3217 3137 3414 2913 3292 2824 3035 2718 3299 2928 3145 2971 3320 3305 3335 3151 2986 2985 3211 3104 3541 3286 3219 3132 3199 3070 3127 2914 2986 3013 3149 3229 3340 3175 3159 3001 3482 3334 3059 3067 3072 3112 3334 3188 3131 3102 2926 2990 3104 3332 2894 3125 3221 3057 3312 2909 2781 3071 3248 3200 3316 3047 3136 3294 3030 3205 3246 3116 3019 3006 3180 3104 3246 3195 2821 3231 3210 3140 3157 3159 3266 3192 3305 3173 3043 3386 3189 3044 2802 3161 2777 
2864 2926 2999 2902 2354 2874 2791 2930 2839 2896 2824 2995 3174 2626 2733 2908 2888 2958 2633 2789 2809 3267 2870 3019 2863 3097 2931 2519 2699 2786 2757 2842 2674 2846 2936 2916 2912 2817 2400 2621 2568 2901 2472 2878 2839 2785 2996 3020 2592 2992 3209 2873 3060 3094 2771 2834 2935 2757 2629 2646 2777 3016 3043 2205 3108 2836 2579 2818 2848 2804 3056 2897 2938 3059 3091 2647 2858 3096 2876 2648 2698 2587 2584 3010 2604 2364 2777 2990 3194 2519 2913 3067 2541 2753 2887 2540 2878 2714 3070 2984 2886 2943 2741 2439 2860 2995 2709 2939 2745 2836 2699 3167 3374 2764 2575 2782 3043 2622 3082 2559 3237 2838 2763 3344 3082 2625 2833 2565 2661 2871 2989 2611 2659 2743 2887 2836 3192 2743 3013 2673 2866 3097 2891 2687 2713 2874 2602 2948 2932 3110 2657 2708 3021 2765 2961 2738 2799 2447 2786 2954 2912 2912 2821 3032 2485 2850 2771 2882 2468 2721 2659 2944 2740 3038 2540 2722 2577 3008 3034 3086 2986 2873 2747 2692 3109 2803 2490 2896 2772 2937 2899 2763 2905 2924 3016 3195 2942 2705 3105 2819 2647 2815 2956 2876 2682 2704 2633 2704 2910 2709 2835 2784 2999 3076 2661 2498 2783 2700 2925 2871 2596 2854 2999 2763 2948 2967 2803 2698 2623 2732 2761 2842 2883 2621 2802 2915 2520 2813 2514 2684 2828 3139 2923 2818 3120 2839 2828 2379 2938 2745 
2895 3261 3098 3104 2875 3395 2925 3128 3055 3091 2913 2931 3346 3072 2856 3041 3221 3136 2623 2944 3005 3284 2824 2954 2784 3285 2862 2924 2723 2992 3014 2972 2757 3082 3277 2919 3221 2986 2946 2734 2697 3019 2752 2984 3139 2885 3158 3381 2832 2990 3149 3047 3269 3199 2970 2774 2909 3250 2631 2889 3311 3045 2911 2526 3073 2793 2794 2990 2982 2768 3480 3150 3103 3061 3226 2965 3069 3092 3176 2995 2994 2865 2834 3410 2772 2697 2947 2981 3344 2913 2894 2848 2701 2867 3090 2625 3130 3021 2852 3349 2964 3079 2972 2632 3022 3216 2945 3174 3281 3075 2859 3280 3489 2757 2718 2991 3267 3092 3205 2512 3189 2962 2869 3559 3202 2597 3007 2514 3106 2930 3110 3051 2951 2805 3030 3103 3263 2957 3118 2809 2943 3104 2875 2940 3074 3010 2830 3187 2882 3266 2967 2888 3113 3178 3137 2903 3210 2864 3047 3097 3118 3190 2802 3132 2687 3239 2780 3173 2817 2928 2985 3078 2972 3245 2906 2941 2891 3146 3244 3255 3305 3001 3273 2885 3190 3042 2633 3018 2898 3259 3176 3161 3135 3033 3145 3318 3197 2809 2899 3009 3118 3366 2920 2897 2978 2827 3013 2954 2880 2805 2943 3099 3253 3234 2825 2605 2969 2869 3186 3116 3037 2861 3145 2913 3082 3272 3107 2697 2883 3109 2951 3107 3156 2810 3111 3058 2955 3303 2913 2929 3136 3312 3003 2828 3281 2931 3207 2968 3121 2852 
2767 3014 3175 2719 2698 2840 2886 2787 2759 2897 2811 2690 3362 2646 2720 2557 2960 2950 2683 3044 2760 3109 2670 2980 2861 2946 2947 2658 2564 2687 2736 2736 2790 3043 3120 2747 2885 2678 2713 2691 2414 2953 2659 3022 2729 2808 2923 3048 2680 3071 2880 2661 3181 3232 2664 2549 2780 2883 2704 2715 2918 2959 2923 2410 2978 2613 2598 2729 3093 2803 2857 2899 2784 2917 2889 2838 3070 3206 2939 2620 2622 2761 2633 2852 2519 2497 2615 2504 3005 2769 2581 2869 2534 2898 2870 2517 2947 2886 2910 3179 2841 2958 2854 2445 2766 2745 2808 2942 2842 2870 2649 3143 3436 2555 2524 2766 3022 2841 3127 2583 3102 2772 2884 3129 3081 2790 2959 2457 2786 2661 2907 2676 2817 2732 2891 2795 3108 2553 2909 2862 3164 3008 2845 2851 2832 2989 2763 2878 3066 3214 2743 2510 3214 2658 3125 2807 2755 2501 2562 2871 2791 2959 2702 2931 2541 2774 2424 2786 2692 2989 2786 2963 2844 3063 2801 2507 2691 3091 2920 3184 2953 2862 2762 2742 2733 2720 2728 2676 2494 2898 2960 3106 2848 2713 2842 2995 2944 2913 2739 2805 2863 3029 2966 2810 2986 2671 2678 2591 2924 2605 2767 2996 2789 2883 2610 2634 2629 2715 2782 2825 2630 2807 2850 2671 2826 3001 2638 2498 2610 2784 2735 2972 2724 2672 2934 2817 2624 2924 2846 2723 2930 3045 2901 2820 2922 2779 2630 2661 2898 2755 
2769 2785 2699 2638 2234 2852 2683 2639 2468 2528 2660 2683 3130 2552 2606 2698 2785 2812 2510 2776 2623 3056 2604 2675 2615 3066 2737 2620 2573 2498 2575 2580 2568 2724 3042 2672 2726 2775 2553 2430 2352 2712 2437 2764 2624 2780 2896 2999 2541 2771 2940 2596 2859 2942 2639 2601 2662 2705 2463 2572 2597 2531 2778 2304 2893 2461 2516 2625 2650 2587 2731 2740 2539 2809 2749 2707 2875 2892 2729 2529 2834 2779 2628 2957 2452 2306 2716 2730 3037 2643 2420 2766 2518 2554 2861 2278 2801 2689 2769 2947 2582 2653 2763 2423 2506 2827 2674 2728 2414 2518 2270 2871 3109 2465 2439 2406 2840 2562 2871 2255 2971 2723 2644 3035 2715 2499 2683 2439 2600 2701 2802 2557 2602 2463 2705 2537 2791 2596 2775 2494 2556 2786 2581 2609 2634 2817 2760 2692 2815 2809 2551 2437 2888 2602 2866 2544 2527 2354 2609 2896 2688 2798 2525 2602 2340 2674 2362 2741 2418 2765 2560 2721 3097 2802 2549 2521 2452 2933 2735 3174 2755 2828 2750 2709 2770 2710 2448 2516 2693 2738 2833 2737 2832 2751 2621 2922 2550 2668 2861 2665 2605 2649 2898 2913 2658 2596 2659 2501 2692 2615 2689 2659 2706 2693 2477 2582 2765 2626 2856 2897 2512 2570 2892 2730 2669 2740 2624 2659 2561 2621 2707 2782 2743 2447 2697 2825 2738 2672 2649 2548 2714 2718 2690 2573 2970 2722 2693 2538 2666 2435 
3329 3356 3504 3262 3030 3651 3566 3512 3281 3382 3406 3328 3770 3097 3189 3211 3484 3697 2940 3115 2928 3804 3320 3396 3245 3759 3320 3180 3091 3353 3090 3009 3182 3458 3677 3230 3407 3457 3138 3153 2896 3301 3123 3389 3348 3358 3660 3633 3006 3406 3457 3312 3668 3662 3151 3138 3298 3528 3029 3110 3428 3193 3293 2782 3441 3225 2978 3247 3379 3340 3768 3553 3368 3685 3644 3319 3379 3603 3254 3176 3307 3096 2986 3348 3031 2827 3103 3075 3779 3179 3268 3334 2931 3251 3579 3092 3362 2984 3172 3505 3343 3361 3526 2951 3318 3368 3103 3372 3260 3349 2994 3672 3703 2953 2918 3140 3457 3288 3711 2972 3640 3376 3430 3797 3527 3237 3362 2982 3485 3131 3620 3402 3089 3167 3446 2981 3728 3411 3591 3149 3427 3493 3088 3394 3573 3172 3148 3494 3498 3520 3201 3089 3612 3223 3598 3061 3469 3081 3299 3308 3198 3471 3249 3467 2977 3380 2909 3447 3012 3202 3452 3693 3528 3482 3162 3214 3158 3452 3426 3728 3418 3466 3509 3311 3539 3299 3007 3285 3301 3604 3430 3506 3416 3205 3372 3660 3465 3319 3181 3410 3251 3494 3500 3477 3374 3006 3152 3124 3091 3072 3488 3494 3634 3654 3017 2887 3211 3372 3340 3542 3261 3193 3244 3127 3436 3420 3280 3061 3173 3376 3426 3550 3652 3100 3247 3487 3223 3364 3158 3452 3460 3576 3424 3193 3631 3137 3268 3168 3482 3084 
2880 3225 3251 3071 2723 3406 3022 2933 3001 3243 2993 3257 3180 2819 3210 3081 3110 3213 2620 3144 2832 3409 2986 3173 2806 3518 3161 2918 2913 3030 3045 2668 2878 3058 3266 2999 2990 3076 2933 2904 2829 3052 2913 3020 3237 2991 3302 3458 2640 3094 3130 3125 3338 3338 3000 2938 3054 3197 2828 3110 3155 2878 3160 2605 3063 2773 2836 2924 2902 3144 3414 2950 2971 3275 3307 3078 2969 3379 3163 2917 3247 2871 2963 3072 2897 2698 2990 2955 3375 2995 3084 2938 2833 3063 3207 2762 3166 2896 2969 3244 3000 3053 2963 2693 2874 3147 3022 2916 2990 3121 2549 3212 3539 2878 2977 2893 3376 3143 3373 2634 3301 3002 3096 3546 3226 2900 2893 2677 2982 3102 3043 3115 2998 2695 2829 2883 3367 2946 3216 2785 2981 3139 2966 3033 3055 2822 2888 3223 2927 3358 3092 2680 3202 2529 3398 2852 3215 2623 3076 3054 3108 3189 2966 3139 2650 3191 2685 3217 2926 2890 3066 3187 3281 3109 2895 2822 2948 3291 2869 3397 2979 3187 2998 2871 3113 3024 2531 2783 2819 3095 2996 3270 3050 3158 2983 3367 3207 2883 2840 3022 3311 3270 3142 3167 2937 2866 2840 2857 3161 2727 2982 3345 3155 3050 2900 2791 2912 3005 3012 3217 2866 2868 3027 2856 3081 3225 2958 2840 2813 3102 3013 3160 3362 2656 3105 3167 2836 3181 2877 3090 3148 3166 3061 2950 3328 3052 2741 2826 3170 2850 
3030 3392 3524 3169 2929 3182 3238 3180 2957 3080 2933 3118 3566 2958 3019 3263 3336 3375 2876 2981 2906 3358 2985 3016 2985 3344 3131 2825 3069 3180 3033 3157 3081 3406 3605 3005 3021 2987 2947 2727 2696 3282 2832 3306 3371 2963 3301 3370 2927 3037 3122 3023 3363 3385 2924 2932 2972 3088 2835 2788 3099 3081 3184 2613 3249 2791 2887 2981 3175 3031 3239 3065 2966 3087 3310 2825 3358 3383 3115 2944 3307 3116 3078 3177 2913 2789 2911 3157 3419 3027 2934 2989 2759 2817 3115 2683 3111 3135 3161 3678 3075 3158 3067 2764 2884 3204 3249 3131 3058 3121 2890 3505 3627 2998 2809 3064 3432 2950 3449 2667 3516 2999 3059 3439 3403 2963 3092 2784 3114 3121 3186 2962 2997 2808 3110 3096 3561 3010 3304 2798 3162 3253 3145 3155 2967 3093 3152 3276 3242 3383 3210 2787 3288 3042 3231 3065 3119 2722 3139 3116 2983 3314 3068 3332 2855 3278 2675 3010 2745 3073 3027 3290 3029 3370 2840 3124 2873 3170 3217 3352 3131 3072 3133 2971 3146 3246 2862 2921 2895 3314 3262 3302 3033 3294 3071 3455 3102 2877 3068 3040 3164 3308 3311 3048 3225 3025 2946 2970 3169 2985 3085 3140 3063 3315 3028 2924 3060 3063 3078 3209 3053 2916 3314 3193 3244 3341 3003 2956 3083 2938 2923 3081 3059 2701 3242 3074 2816 3201 2939 3045 3161 3307 3055 2891 3588 3175 3105 3018 3145 2934 
2817 3035 2887 2884 2725 3181 2962 3080 2957 3067 2748 2878 3390 2756 2627 2859 3069 3069 2531 2942 2790 3086 2820 2898 2919 3351 3019 2837 2572 2978 2707 2849 2728 2895 3142 2946 2906 2875 2610 2562 2601 2995 2548 3181 2913 2836 3084 3242 2704 2994 3054 2954 3161 3150 2897 2883 2851 2750 2702 2838 3085 2811 2863 2462 2917 2740 2763 2994 2828 2963 3354 2956 2889 2796 3379 2801 3151 2901 2923 2780 2817 2819 2969 3078 2570 2704 2928 2922 3278 2823 2700 2938 2627 3008 3071 2471 2963 2964 2877 3434 2870 3031 2948 2622 2775 2955 2973 3072 2982 2865 2685 3250 3318 2667 2565 2608 3204 2723 3271 2429 3170 2760 2904 3265 3154 2712 2862 2676 2936 2994 3090 2851 2778 2562 2766 2761 3075 2902 2959 2773 2989 3003 2934 2921 3015 3064 2754 3026 2991 2911 2676 2665 3156 2700 3191 2688 2924 2669 2820 2923 2830 3120 2882 3055 2610 2947 2546 3118 2627 3092 2918 3138 3089 3056 2657 2736 2887 3216 3001 3534 3044 2919 2870 2928 3042 2946 2677 2714 2857 2976 2948 3105 2838 3154 2920 3327 2870 2850 2917 2983 3088 3046 2968 2883 2867 2757 2875 2758 2875 2859 2924 2816 2991 2803 2688 2537 2787 2941 3022 2897 2600 2662 2964 2921 2923 3059 2822 2699 2747 2930 2812 3104 2935 2619 2854 3025 2886 3213 2860 2843 3063 3204 3123 2678 3139 2841 2805 2690 2923 2872 
2998 3617 3436 3142 2791 3370 3299 3244 3086 3358 3060 3403 3792 2985 3055 3254 3396 3275 2883 3139 3262 3562 3278 3319 3221 3648 3257 2992 3153 3245 3142 3245 2961 3178 3688 3344 3083 3330 3132 2948 3077 3199 2942 3519 3387 3195 3539 3744 3084 3229 3262 3353 3673 3396 2988 3191 3052 3235 3062 3055 3276 3260 3227 2673 3323 2795 3072 3301 3129 3125 3611 3478 3239 3163 3519 3096 3399 3399 3167 3076 3291 3130 3158 3282 2853 2741 3166 3528 3656 3078 3115 3141 2889 3272 3194 3079 3256 3243 3296 3537 3471 3452 3353 2910 3136 3255 3209 3270 3191 3346 2874 3572 3565 3045 2949 3098 3643 3232 3509 2961 3641 3373 3368 3722 3478 3075 3049 3038 3180 3439 3366 3191 3157 3007 3058 3076 3523 2932 3285 3005 3127 3218 3378 3188 3216 3343 3251 3543 3208 3356 3242 3147 3570 3230 3347 3093 3365 2908 3296 3400 3357 3481 3187 3300 2928 3284 2950 3268 2840 3210 2978 3417 3289 3319 3066 3209 3234 3445 3138 3540 3272 3173 3177 2981 3293 3410 2934 3109 3106 3316 3283 3400 3390 3147 3313 3498 3226 3085 3193 3278 3286 3277 3368 3362 3317 3077 2984 3036 3199 3037 3098 3395 3255 3411 2930 2989 3303 3162 3283 3330 3025 3147 3447 3183 3293 3423 3207 3160 3138 3261 3253 3063 3322 3048 3007 3266 3014 3402 3119 3029 3379 3480 3118 3110 3697 3145 3201 3116 3502 3089 
2813 2862 2919 2738 2480 2941 2881 2794 2836 2960 2637 2821 3025 2776 2552 2702 2825 3008 2372 2704 2734 3076 2874 2848 2670 3014 2885 2612 2546 2759 2798 2552 2675 2843 3037 2900 2843 2715 2786 2637 2448 2642 2704 2922 3042 2680 2921 2935 2530 2723 2917 2789 2919 3091 2768 2468 2678 2833 2653 2603 2820 2859 2737 2250 2889 2606 2483 2543 2949 2600 2904 2853 2713 2839 3225 2694 2751 2988 2825 2651 2822 2702 2632 2958 2526 2624 2704 2968 3081 2665 2718 2804 2532 2735 2800 2447 2866 2717 2873 3031 2887 2760 2858 2459 2737 2948 2689 3025 2656 2720 2587 3139 3232 2555 2391 2713 3086 2795 2935 2429 3110 2786 2626 3150 2870 2567 2493 2444 2812 2785 2859 2576 2587 2793 2847 2603 3165 2538 2947 2561 2695 2848 2886 2500 2782 2891 2643 2829 2670 3060 2852 2551 2873 2653 3030 2675 2708 2575 2755 2669 2778 3106 2892 3046 2464 2868 2477 2813 2564 2806 2668 2815 2910 2928 2664 2770 2751 2927 2918 2975 2864 2827 2953 2822 2893 2689 2232 2586 2728 3023 2891 3060 2739 2905 2829 3170 2763 2756 2791 2887 2731 2991 2852 2777 2713 2688 2721 2609 2618 2640 2866 2943 3018 2797 2687 2706 2854 2826 2924 2812 2525 2820 2919 2902 2947 3071 2835 2670 2606 2730 2696 2962 2770 2708 2622 2917 2661 2791 2607 2657 3034 2978 3038 2737 3116 2745 2864 2630 3026 2607 
2843 3026 2958 2735 2560 2973 2878 2909 3092 2888 2922 2940 3389 2748 2892 2875 2935 3008 2460 2858 2732 3089 2925 3103 2709 3169 2860 2681 2655 2760 2884 2620 2703 2728 3204 2950 2599 2703 2474 2490 2478 2729 2690 2907 2752 2860 3197 3165 2670 2933 3061 2883 3051 3174 2698 2735 2749 3055 2713 2946 3261 2818 2936 2445 3144 2734 2691 2785 3051 2841 3082 3052 2874 3247 3085 2614 3202 3161 2942 2787 2942 2834 2995 2814 2715 2402 2881 2871 3130 2602 2757 2797 2646 2840 2906 2589 3207 2701 2917 3071 2808 2968 2910 2567 2808 3006 2967 2994 2853 2745 2685 3256 3172 2651 2736 2882 2992 2747 2944 2480 3078 3007 2910 3426 3116 2653 2688 2635 3162 2848 3084 2766 2713 2873 2821 2632 3026 2635 3120 2719 2755 3063 2676 2906 2892 2899 2598 3094 2933 3261 2745 2542 3268 2793 3180 2714 2848 2636 2923 2840 2915 3202 2653 3131 2574 3007 2684 2900 2625 2811 2811 2969 2794 3038 2669 2761 2797 3060 3097 3116 2954 2957 3050 2808 3013 2780 2444 2729 3006 3050 3005 2937 2933 2851 2776 3247 2731 2924 2917 2899 2713 3033 2873 3031 2814 2627 2752 2791 2985 2585 2682 2961 3002 3136 2628 2458 2819 2911 2991 3085 2660 3014 2979 2813 2813 3061 2957 2636 2855 2790 2690 3192 2913 2742 2898 3010 2686 3096 2651 2740 2918 2982 2754 2653 3171 2728 2833 2631 3098 2681 
2986 3338 3409 3035 2942 3416 3374 3298 3028 2959 3000 3146 3577 3031 2954 3136 3390 3357 2857 3184 2961 3409 3195 2909 3058 3379 3099 3088 2794 3267 3003 3005 2794 3355 3346 3148 3301 3383 2799 2782 2923 3083 2739 3213 3283 3122 3141 3555 2763 2996 3260 3192 3349 3307 3067 2800 3080 3128 2735 2770 3122 3117 3107 2633 3166 2692 2899 3080 3228 3089 3360 3192 3078 3033 3499 3054 3281 3122 3016 3052 3108 3066 3067 3141 2871 3019 2985 3347 3406 3057 2985 3147 2768 3112 3179 2808 3129 3078 3194 3456 3029 3225 3018 2913 2905 3191 3090 3214 3162 3223 2923 3497 3507 2886 2716 3038 3590 2867 3332 2879 3465 2992 3008 3430 3196 2832 3217 2743 3133 3012 3372 3102 2848 2841 3030 2958 3431 3125 3350 2785 3224 3236 3143 3091 2904 3055 3173 3170 3143 3162 2978 2758 3390 2795 3221 2970 3360 2960 2910 2990 3163 3390 3047 3338 2568 3074 2620 3081 2898 3113 3212 3241 3239 3250 2972 3058 2907 3217 3132 3382 3190 3154 3249 3157 3221 3196 2931 2850 3066 3115 3313 3439 3140 3110 3087 3565 3128 2973 3144 3123 3207 3328 3152 3236 3182 2911 3075 2976 3285 2943 3105 3184 3288 3244 2793 3031 3124 3284 3151 3169 2966 3083 3239 3033 3477 3026 3117 2764 2977 3087 3146 3111 3190 2850 2791 3206 2970 3236 3058 3040 3309 3195 3240 3013 3503 3017 2876 2823 3202 2787 
2897 3231 2818 2850 2726 3133 2860 2574 2772 2971 2644 2881 3289 2561 2806 2884 2836 3022 2573 2915 2978 3261 2833 2862 2833 3331 2973 2829 2787 2772 2957 2700 2715 2864 3235 2826 3011 2915 2700 2474 2538 2966 2649 2932 2716 2700 3252 3039 2537 3089 3130 2617 2955 3215 2809 2789 2798 2967 2651 2649 2938 2945 2966 2371 2840 2914 2494 2854 2882 2718 3383 2827 2960 3142 3090 2781 2972 2929 2926 2587 2760 2818 2688 3060 2622 2434 2848 2769 3301 2849 2806 3027 2557 2965 2880 2346 3066 2908 3018 3066 2770 2778 2892 2455 2756 2831 2748 2911 2839 2852 2591 3168 3467 2726 2606 2785 3091 2922 3087 2273 3001 2836 2763 3241 3071 2645 2748 2534 2827 2802 2944 2758 2698 2595 2914 2794 2959 2732 2926 2481 2797 3055 2718 2727 2766 2704 2852 3028 2867 3238 2608 2601 3092 2754 3117 2700 2845 2629 2816 2981 3075 3024 2774 2851 2499 2817 2603 3058 2557 2862 2674 2873 3092 3043 2911 2699 2717 3111 2931 3141 2989 3093 2988 2773 3107 2907 2574 2594 2726 2834 3095 2892 3011 2923 2969 2914 2837 2777 3023 2847 2945 3002 2864 2972 2900 2707 2631 2741 3034 2797 2968 2878 2906 2892 2622 2512 2794 2864 2886 2839 2605 2892 3126 2641 3002 3104 2762 2658 2418 2929 2887 2975 2930 2731 2794 2869 2750 3011 2696 2883 2937 3212 2887 2761 3154 2946 2623 2693 2806 2541 
2973 3067 3203 2980 2746 2978 3003 2994 2890 3311 2870 3167 3237 2903 2868 2860 3027 3140 2562 2939 2714 3141 2754 2993 2920 3260 3022 2660 2595 2986 2594 2728 2807 2945 3269 2922 2921 3055 2652 2682 2445 2649 2835 3146 2987 2841 3187 3404 2644 2953 2909 3123 3193 3057 2781 2757 2906 2919 2727 2787 3109 2907 2945 2402 3131 2597 2732 2785 2956 3021 3109 2960 2857 3017 3016 2794 3078 3165 2885 2701 3098 2744 2958 2897 2587 2806 2813 2836 3094 2878 2926 2762 2620 2955 2981 2551 3128 2815 3107 3219 3029 3260 3006 2749 2646 2895 3060 3139 2838 3121 2841 3241 3274 2742 2693 2668 3158 2787 3165 2636 3282 2995 2852 3417 3275 2838 3020 2681 2940 2947 3024 2865 2738 2797 2809 2786 3252 2737 3222 2894 3029 2923 2850 3034 3045 2884 2824 3068 2962 3215 2975 2814 3111 2848 3257 2769 3102 2563 2788 3003 2973 3180 2763 3127 2670 3059 2729 3025 2718 2766 2917 3272 3195 3162 2641 2809 2701 3143 2850 3353 3020 3018 3152 2977 2981 2987 2849 2871 2624 2961 2806 3286 2735 2926 2923 3298 3135 3171 2929 3165 2867 3074 3048 3045 3083 2678 2883 2671 2887 2635 3075 3006 3124 3018 2619 2678 2870 2903 2940 2964 2792 2805 2912 2861 3018 3036 3038 2948 2942 2843 2941 3190 2969 2760 2959 2967 2746 3059 2659 2893 3072 3199 3008 2762 3162 2980 2915 2596 3210 2639 
2966 3263 3241 2891 2655 3272 3133 3141 2888 3201 2930 3093 3499 2839 3057 2997 3326 3240 2984 3041 2897 3317 2998 3038 2759 3256 2970 2927 2858 2946 2952 2843 2873 3011 3282 2994 2872 2792 2886 2778 2737 3035 2881 3266 2879 3105 3231 3366 2681 3022 3226 2911 3290 3247 3032 2871 3012 2897 2649 2791 3150 2983 3028 2512 3133 2646 2873 3050 2906 2995 3340 2981 2944 3183 3123 3021 3228 3259 3138 2869 3121 2996 2870 3102 2783 2630 2987 3077 3290 3079 2735 2973 2775 3019 3044 2652 3232 3053 3078 3186 2917 2937 3241 2631 2792 3059 3037 3051 2871 3018 2693 3336 3287 2745 2654 2667 3283 2802 3146 2607 3370 2964 3064 3470 3033 2628 2902 2603 3066 2963 3007 2908 2939 2839 2964 2772 3218 2834 3210 2673 2981 3147 2874 3004 2890 3002 2879 3025 3066 3187 3088 2647 3067 2835 3186 2829 2903 2788 2916 3130 2918 3255 2751 3003 2904 3038 2568 3029 2916 3017 2945 3161 3120 3318 2833 2960 2690 3113 3022 3338 3031 2850 3094 2970 3110 2916 2487 2779 2851 3070 3049 3185 3001 3057 2994 3326 2986 2957 2951 2962 3086 3202 2965 3136 2742 2887 2979 2970 3021 2886 3068 3002 3290 3206 2837 2814 3074 3052 3078 3305 3006 2863 3157 2950 3130 3116 2926 2826 2996 2902 2808 3055 3024 2861 3109 2777 2976 3087 3005 3060 3129 3136 2919 2828 3373 3018 2863 2768 3034 2878 
2759 3089 3193 2974 2608 3173 2899 2983 3093 3175 2879 3000 3161 2930 2886 3072 3084 3220 2733 2772 2857 3263 2724 2924 2894 3170 2820 2706 2944 2993 2958 2740 2800 2969 3261 3073 2855 2768 2698 2579 2578 2900 2837 3186 3029 2975 3077 3038 2770 2996 3162 2989 3209 3128 2835 2759 2815 2985 2829 2810 2932 2931 3097 2555 3204 2685 2794 3016 3001 2853 3108 2975 2885 2868 3360 2821 3192 3240 2989 2701 2927 2755 2828 2924 2680 2623 3027 2872 3202 2643 2842 2841 2596 2765 2909 2614 3101 2854 3084 3100 2887 3056 3125 2619 2730 2981 2935 3058 2882 3006 2721 3294 3052 2630 2750 2807 3342 2787 3171 2673 3237 2987 2990 3283 3080 2811 2850 2786 3038 2813 3140 2898 2951 2721 2761 2755 3376 2945 3146 2766 2996 2957 2988 2754 2991 3018 2748 3127 3016 3223 2781 2742 3181 2792 3025 2927 3153 2735 2838 3071 2986 3275 2864 3036 2764 2885 2484 3011 2859 2743 2941 3072 2876 3062 2751 2795 2805 3107 3057 3336 2967 2860 2931 2927 2911 2770 2561 2699 2836 2968 2930 3279 2963 2994 2877 3429 3064 2924 2724 3163 2935 3188 3043 3058 2857 2727 2933 2685 3075 2607 2990 2894 3207 2965 2614 2762 2907 3009 3091 2997 2808 2965 2967 2891 2844 3121 2735 2866 2893 2926 2885 3107 2959 2866 3074 3152 2735 3210 2761 2832 3036 3052 2838 2655 3355 2835 2857 2681 2999 2672 
2690 3013 2930 2673 2494 2965 2756 2617 2702 2755 2721 2727 3169 2666 2773 2849 3021 2933 2524 2592 2628 3093 2773 2904 2521 2943 2793 2602 2647 2820 2457 2526 2588 2621 2867 3004 2681 2746 2388 2437 2644 3103 2507 2880 2710 2884 2673 3205 2658 2893 2883 2871 3025 3058 2764 2578 2805 2973 2701 2577 2889 2767 2726 2597 2854 2323 2813 2633 2850 2678 3002 2827 2650 2835 2775 2600 2846 2804 2833 2559 2831 2706 2711 2921 2581 2592 2854 2904 3012 2719 2676 2634 2371 2582 2890 2333 2835 2693 2902 2859 2727 2831 2569 2479 2636 2988 2653 2746 2744 2751 2654 2896 3277 2805 2341 2607 3013 2755 2962 2465 3150 2653 2795 3158 3073 2579 2670 2498 2636 2694 2778 2790 2550 2496 2896 2657 3193 2690 3083 2604 2797 2858 2865 2774 2829 2900 2741 2815 2806 3076 2791 2469 2978 2744 3081 2484 2721 2461 2765 2895 2773 3025 2438 2721 2476 2820 2467 2727 2632 2684 2674 3143 2945 2881 2321 2728 2524 2925 2797 3015 2802 2665 2889 2570 2770 3036 2323 2653 2561 2719 2866 2947 2921 2907 2884 2982 2869 2588 2754 2801 2588 2796 2598 3024 2762 2580 2513 2671 2860 2714 2633 2923 2813 2802 2697 2570 2907 2749 2843 2858 2720 2703 2937 2694 3066 3009 3033 2777 2649 2664 2798 2788 2932 2503 2791 2871 2783 2890 2500 2578 2650 2838 2630 2678 3037 2718 2649 2627 2776 2574 
3113 3329 3273 3108 2886 3353 3115 2987 3060 3174 3072 3384 3579 2945 2832 2890 3259 3201 2872 3235 3046 3477 3099 3282 2947 3510 3169 2822 2890 3202 2884 2937 3044 3164 3407 3141 2944 3096 3015 2901 2857 3159 2838 3224 3021 3194 2966 3602 2864 3258 3202 3103 3413 3235 2922 3218 2959 3140 2830 2970 3095 3025 2866 2662 3298 2796 2965 3154 2984 3021 3408 3281 3153 3214 3210 3137 3352 3238 3131 2822 3158 3131 2941 3364 2952 2713 2853 3214 3421 3076 2860 3235 2796 3160 3202 2797 3253 3124 3443 3408 3139 3130 3099 2883 2873 3153 3018 3182 2884 3212 2834 3349 3448 2836 2543 2996 3348 3052 3518 2714 3397 3237 3307 3483 3241 2820 2981 2733 2904 3248 3178 2943 3102 2659 3063 2992 3386 2925 3293 2949 3188 3448 3194 3201 2960 3108 2999 3131 3235 3303 2963 2808 3502 3072 3163 2895 3263 2743 2991 3211 3242 3326 2907 3137 2802 3193 2560 3042 2714 3024 2862 3393 3288 3193 2910 2992 3057 3214 3244 3767 3255 2964 3029 3063 2918 3189 2987 3004 2958 3295 3141 3139 3211 3054 3092 3410 3331 3060 3115 3043 3171 3179 3150 3249 3352 2915 3021 2880 3038 2864 3035 3216 3286 3092 2948 2808 3095 2971 3210 3144 3054 2826 3296 2954 3340 3335 3206 2947 2814 3009 3045 3185 3113 2678 2989 2963 2928 3085 3006 3066 3341 3371 3180 2918 3355 3264 3026 2964 3124 2844 
2712 3130 2994 2885 2786 2914 2663 2827 2862 2865 2919 2978 3339 2724 2748 2735 2924 3014 2527 2860 2836 3193 2670 3014 2702 2903 2817 2667 2721 2837 2865 2755 2732 2777 2852 2777 2999 2756 2750 2700 2607 3031 2580 3047 2847 2739 2958 3028 2662 2923 3032 2703 2980 3046 2748 2809 2783 2714 2522 2648 2777 2758 2822 2492 3094 2672 2638 2731 2782 2760 3044 3027 2648 2881 3130 2864 3041 3056 2800 2685 2776 2667 2590 2833 2625 2486 2741 2945 3254 2646 2652 2808 2384 2805 2927 2462 2913 2816 2959 3250 2708 2853 2805 2558 2835 2871 2686 2870 2809 2971 2430 3090 3243 2680 2257 2829 3031 2585 3137 2530 3063 2830 2783 3156 2990 2485 2886 2562 2671 2887 2841 2577 2865 2736 2602 2838 3089 2719 2965 2600 2687 2984 2738 2788 2780 3052 2823 2942 2993 2970 2825 2523 2986 2911 2856 2647 2696 2464 2841 2962 2804 2944 2526 3030 2430 2851 2522 2969 2477 2637 2551 2903 2975 2979 2686 2680 2677 2776 3210 3335 2675 2647 2882 2839 2813 2834 2650 2898 2712 2786 2856 2776 2902 2919 2998 2974 3045 2656 3046 2784 2981 2924 2949 3092 3028 2689 2740 2735 2738 2558 2684 2788 2977 3080 2690 2565 2810 2833 2858 2997 2770 2844 3028 2880 3063 2992 2747 2653 2791 2769 2578 2925 2920 2580 2841 2751 2801 2938 2646 2592 2970 2987 2871 2703 3009 2634 2619 2586 2739 2794 
3198 3308 3537 3091 3004 3396 3097 3001 2936 3181 3065 3153 3589 3013 2870 3011 3128 3191 2920 3256 3189 3360 2942 3036 3132 3371 3082 2832 2847 3101 2869 3034 3019 3373 3389 3104 3099 3156 2804 2749 2829 3295 2793 3137 3003 3252 3081 3584 2875 3183 3205 3154 3408 3354 2876 3058 3155 3222 2758 3222 3077 3002 3267 2646 3134 2759 2969 3087 3166 3171 3367 3354 3120 3324 3226 3101 3258 3302 3091 2859 3120 2850 2971 3286 2872 2829 3109 3165 3416 3045 3127 3220 2646 2991 3255 2760 3315 3042 3427 3378 3129 3140 3130 2771 2955 3182 3190 3074 3106 3177 2968 3373 3563 2847 2873 3043 3434 3128 3463 2681 3288 3159 3103 3517 3360 2889 3113 2731 3175 3127 3284 2961 3045 2849 3052 3174 3439 3067 3502 2922 3196 3514 3091 3000 3115 3260 3017 3122 3192 3474 2818 2820 3567 2879 3296 2984 3004 2707 2829 3105 3326 3116 2904 3100 2647 3089 2584 3163 2959 3206 3060 3240 3227 3380 3015 3085 2940 3399 3202 3526 3177 3006 3288 3120 3123 3063 2981 2879 2963 3141 3224 3314 3285 3089 2960 3443 3167 2993 3205 3088 3155 3372 3200 3250 3132 2855 3114 2940 3322 2878 3082 3054 3413 3239 2904 2948 3149 3118 3111 3208 3081 3018 3396 2942 3209 3174 2969 2834 2905 3085 3182 3170 3241 2874 3072 3114 2895 3197 3052 2947 3242 3331 3011 2983 3457 3149 2879 3035 3013 2878 
3091 3408 3510 3061 3189 3549 3277 3239 3293 3308 3281 3305 3739 3181 3247 3146 3646 3296 3071 3244 3136 3589 3318 3203 3114 3432 3159 3057 3002 3102 3055 3224 3003 3474 3803 3256 3315 3363 2983 2778 2910 3207 3129 3211 3168 3224 3398 3642 2961 3334 3417 3322 3653 3516 3142 2971 3311 3439 2936 3304 3541 3388 3219 2711 3356 3063 2935 3013 3225 3139 3513 3306 3570 3355 3360 3181 3378 3427 3484 3221 3092 3328 3098 3329 2798 2989 3210 3358 3496 3170 3054 3201 2855 3301 3473 2882 3379 3330 3257 3577 3314 3151 3276 2891 3215 3422 3153 3317 3312 3393 3037 3598 3780 2864 2983 3176 3669 3140 3539 2930 3457 3038 3163 3820 3506 2982 3133 2774 3220 3163 3514 3352 3161 2999 3381 3383 3451 3132 3337 3072 3389 3380 3253 3224 3254 3100 2986 3163 3219 3490 3138 3078 3541 3215 3431 3156 3370 2983 3200 3243 3489 3463 3168 3405 2923 3178 3038 3252 3110 3190 3149 3423 3086 3359 3114 3148 2972 3406 3314 3574 3451 3201 3316 3080 3361 3331 3052 3132 3076 3273 3183 3433 3414 3192 3438 3643 3346 3230 3107 3251 3364 3541 3287 3258 3189 2972 3106 3053 3247 2948 3170 3405 3551 3438 2949 2695 3333 3130 3361 3217 3078 2984 3332 3197 3340 3355 3261 3052 3279 3152 3314 3381 3225 3050 3340 3344 3177 3477 3135 3252 3247 3401 3170 3144 3344 3063 3141 3043 3276 2960 
2816 3059 3264 2956 2820 3263 3075 3113 3131 3083 3046 3038 3361 2753 2871 2842 3108 3022 2661 3050 2913 3077 3129 2996 2832 3197 3006 2841 2707 2929 2826 2701 2711 3015 3174 3095 2737 2873 2768 2662 2528 2946 2866 2967 2883 2930 3229 3272 2723 3099 3093 3164 3167 3148 2800 2830 3007 2978 2845 2871 3138 2986 2708 2390 3289 2719 2752 3004 3116 2985 2952 3196 3051 3170 3047 2893 2965 3201 3097 2881 2756 2683 2758 3040 2760 2558 3050 3133 3323 2854 2888 2983 2706 3044 2946 2719 3099 3024 3116 3094 3004 3102 3135 2655 2894 3183 3008 3266 2994 3083 2794 3338 3357 2856 2555 3009 3070 2872 3051 2650 3127 3091 3031 3593 3137 2719 2874 2683 2944 3009 3062 2952 2912 2715 2923 2764 3214 2979 3096 2822 2977 3171 2937 3070 2935 3019 2726 3115 2978 3225 3007 2833 3241 2950 3153 2959 2932 2618 2681 3157 2871 3287 2905 3218 2636 2809 2766 2885 2685 3057 2890 3156 2954 3201 2890 2842 3005 2986 3083 3238 3100 2917 3013 2838 2911 2991 2764 2842 2977 2987 2954 3226 3049 3010 3039 3331 3068 2907 3020 3024 2951 3192 3145 3058 2878 2632 2936 2994 3017 2734 2860 2919 3151 3189 2640 2497 2906 2769 2938 2936 2830 2859 3019 2839 2834 3158 2991 2690 2881 3091 2966 3105 2866 2818 2981 2992 2778 3100 2974 2887 3244 3050 2930 2729 3252 2794 2923 2776 2988 2749 
3330 3368 3539 3155 2966 3419 3353 3093 3305 3359 3088 3363 3650 3240 3058 3172 3264 3488 2940 3129 2939 3571 3097 3378 3116 3539 3262 2977 3176 3162 3202 3116 3070 3234 3540 3110 3163 3155 3054 2744 3056 3195 3178 3368 3387 3225 3294 3503 2956 3350 3508 3078 3443 3471 3125 3206 3030 3298 3113 3158 3297 3201 3257 2842 3401 3127 2890 3169 3310 3029 3424 3406 3271 3476 3498 3319 3477 3480 3236 3030 3123 3116 3016 3349 3029 2777 3248 3304 3376 3099 3132 3204 2919 3229 3382 2866 3443 3274 3423 3512 3144 3137 3356 2982 3146 3378 3317 3422 3315 3194 3077 3485 3549 2832 2826 3200 3609 3025 3462 2832 3432 3092 3104 3853 3318 2896 2995 3031 3351 3141 3513 3073 3087 3010 3258 3127 3512 3152 3310 3162 3251 3391 3214 3173 3280 3170 3099 3344 3137 3434 3175 2904 3531 3437 3291 3212 3169 3005 3157 3108 3278 3476 3015 3500 2830 3312 2808 3164 2930 3215 3099 3385 3139 3304 3209 3024 3130 3291 3498 3616 3295 3290 3313 3105 3254 3274 3173 3302 3227 3533 3385 3189 3289 3313 3298 3526 3287 3217 3202 3064 3199 3485 3297 3291 3333 3149 3122 3162 3327 2991 3093 3306 3481 3465 3000 2927 3059 3123 3447 3406 3273 3242 3405 3142 3416 3442 3105 3084 3203 3144 3066 3351 3243 2942 3268 3296 3118 3263 3017 3295 3354 3290 3227 3155 3504 3237 3235 3024 3244 3048 
3123 3331 3296 2993 2897 3486 3256 3174 3166 3198 3118 3215 3599 3195 3147 3131 3430 3417 3015 3127 3122 3435 3155 3277 3140 3581 3276 3112 2876 3282 3129 3084 3110 3223 3469 3294 3207 3280 3056 2824 3043 3170 3130 3323 3244 3065 3368 3676 2785 3387 3460 3129 3420 3260 3206 3139 3060 3314 3113 3161 3288 3362 3197 2697 3248 2965 3065 3158 3330 3030 3532 3236 3319 3368 3487 3055 3387 3389 3181 3014 3219 3244 3066 3204 2983 2779 3251 3356 3557 3166 3106 3239 3063 3279 3331 2911 3443 3185 3389 3504 3105 3291 3362 2890 3055 3159 3241 3455 3124 3204 3123 3401 3495 2941 2810 2962 3405 3125 3488 2830 3506 3295 3242 3677 3505 2968 2946 2997 3259 3169 3474 3107 3210 2871 3293 3058 3440 2971 3342 2815 3330 3514 3142 3106 3274 3243 2937 3425 3204 3530 3187 3019 3663 3076 3535 2957 3158 3050 3187 3138 3366 3315 3006 3295 2864 3321 2806 3237 2884 3138 3101 3324 3360 3458 3099 3040 3079 3412 3194 3530 3368 3264 3357 3251 3309 3390 2877 3071 3072 3446 3339 3237 3105 3269 3288 3519 3306 2980 3029 3094 3146 3492 3169 3236 3100 3063 3067 3136 3316 3018 3203 3253 3370 3180 2972 2844 3120 3164 3188 3304 3180 2988 3341 3024 3233 3436 3392 3209 2961 3133 2951 3329 3072 2921 2979 3129 3126 3281 3006 3266 3271 3435 3134 3127 3641 3383 3016 2849 3168 3006 
2998 3465 3104 3195 2820 3259 3001 3221 3268 3253 3053 3189 3731 3038 3073 3006 3134 3229 2875 2997 2981 3385 2945 3302 2902 3525 3174 2947 2877 3172 2986 2930 2991 3104 3398 3143 3061 2862 3002 2914 2753 3003 2869 3280 3194 3172 3233 3421 2946 3217 3163 3082 3375 3267 2979 3098 2903 2990 2853 2993 3195 2977 3102 2697 3293 2858 2957 3188 3163 2979 3396 3244 3115 3099 3388 3042 3357 3315 3182 2911 2964 3073 3020 3073 2898 2875 2867 3117 3328 3171 3051 3048 2828 3104 3043 2773 3221 3029 3218 3306 3073 3287 3063 2713 3016 3127 3085 3222 2988 3106 2912 3451 3476 2909 2738 2894 3284 3083 3450 2723 3314 3081 3235 3592 3196 2833 3063 2711 2944 3111 2921 2985 3041 2989 3159 3001 3396 2892 3372 2897 3092 3308 2986 3161 3083 3075 2843 3345 3172 3386 3216 3048 3278 2884 3405 2846 3309 2983 3230 3160 3251 3357 2759 3235 2945 3249 2898 3166 2879 3044 2839 3434 3271 3229 2785 2978 3121 3240 3460 3610 3339 3213 3239 2957 3027 3079 2728 2961 2788 3260 3080 3178 3228 3240 3175 3354 2991 3099 2798 3159 3202 3392 3148 3084 3250 2843 2979 3014 3125 2884 3331 3216 3234 3162 2860 2685 3083 3011 3003 3129 3056 3054 3293 3062 3260 3390 3190 2899 3018 3210 2975 3271 3164 2905 3103 3142 3145 3370 3099 3052 3407 3367 3132 3075 3483 3086 3050 2841 3185 2815 
3206 3418 3327 3118 2677 3368 3343 3260 3301 3301 3181 3327 3431 2931 3039 3108 3321 3536 2997 3098 3072 3459 3295 3259 3156 3484 3233 2896 3206 3169 3068 3082 2965 3250 3344 3167 3330 3181 3092 2843 2923 3346 3002 3252 3304 3115 3252 3348 3010 3031 3300 3091 3550 3220 3092 2885 3090 3352 2925 3089 3296 3209 3316 2612 3179 2830 2717 3119 3127 3277 3326 3294 3145 3528 3532 3219 3240 3325 3316 2890 3119 3038 2966 3337 2911 2734 3143 3053 3440 2998 3116 3242 2825 3180 3303 2938 3318 3092 3252 3600 3348 3084 3056 2705 3237 3169 3107 3256 3142 3052 2843 3465 3412 2866 2798 3287 3564 3079 3572 2893 3609 3161 3193 3608 3322 2985 3062 2790 3184 3091 3423 3138 3051 2933 3211 2982 3482 2980 3467 2950 3277 3359 2981 3000 3279 3170 3075 3119 3308 3501 3141 2638 3524 3072 3453 3102 3280 2970 3119 3104 3314 3479 3207 3309 2954 3480 2726 3319 2917 3053 3267 3493 3295 3056 2942 2975 3127 3179 3326 3486 3304 3164 3138 3133 3219 3216 2708 3061 3169 3481 3247 3464 3264 3275 3069 3598 3391 3068 3341 3190 3258 3353 3321 3331 3115 3210 2804 3165 3253 2984 3221 3272 3370 3276 2893 2860 3293 3129 3286 3330 3122 3042 3195 3181 3261 3399 3230 3055 2964 3155 3000 3249 3180 2960 3208 3389 2861 3282 2818 3086 3233 3306 3203 2990 3579 3054 3026 2955 3108 3011 
3288 3442 3556 3248 3051 3489 3497 3432 3304 3371 3273 3448 3707 3218 3195 3325 3458 3617 3018 3367 3066 3747 3205 3583 3202 3545 3510 3254 3193 3472 3481 3047 3275 3271 3588 3368 3491 3208 3112 3082 3022 3494 3035 3510 3518 3240 3419 3722 3095 3511 3585 3369 3563 3691 3323 3090 3242 3451 3174 3121 3540 3360 3386 2861 3492 3019 3085 3400 3382 3294 3556 3560 3329 3457 3628 3304 3531 3657 3477 3252 3307 3311 3093 3401 3116 2868 3309 3404 3515 2971 3303 3357 2904 3394 3442 2985 3673 3165 3338 3458 3247 3466 3398 2860 3270 3425 3196 3432 3485 3291 3026 3678 3646 3090 2959 3364 3527 3255 3478 2958 3646 3316 3365 3758 3518 3021 3178 2914 3354 3115 3566 3287 3090 2977 3323 3115 3870 3190 3558 3133 3387 3443 3352 3105 3385 3500 3131 3456 3572 3607 3349 2792 3748 3216 3739 3157 3391 3152 3278 3333 3363 3605 3009 3410 2978 3388 3055 3384 3110 3397 3191 3436 3331 3567 3139 3096 3277 3509 3542 3703 3430 3328 3484 3449 3337 3194 3008 3215 3163 3366 3474 3462 3623 3396 3298 3623 3350 3138 3445 3405 3198 3577 3416 3345 3153 3042 3342 3237 3491 3174 3027 3432 3410 3472 3044 3154 3259 3473 3480 3422 3422 3364 3416 3259 3500 3544 3391 3147 3284 3349 3274 3503 3459 3170 3184 3323 3119 3528 3080 3162 3481 3330 3357 3173 3680 3115 3259 3088 3402 3203 
2906 3163 3362 2764 2947 3249 3172 2863 2898 2994 2860 3162 3418 2768 2835 3047 3182 3199 2748 3025 3061 3431 2930 3089 2852 3138 3005 2776 2721 3211 2934 2906 2910 3149 3240 3154 3080 2810 2939 2684 2735 2973 2682 3324 3246 2914 3121 3411 2747 3163 3042 2958 3190 3379 2841 2928 3044 3084 2768 2844 3030 2874 2967 2636 3292 3006 2879 2794 3189 2735 3352 3240 3267 2998 3077 3067 3487 3259 2970 2966 2941 3017 2676 2929 2522 2663 2843 3117 3155 2945 2851 2934 2757 2946 2965 2835 3124 3139 3094 3168 3063 3035 3129 2749 2998 3174 2967 3037 3098 3005 2815 3381 3260 2651 2642 2786 3265 2928 3403 2544 3405 3053 3128 3367 3354 2701 2874 2588 2894 2922 3193 2962 3073 2711 2882 2887 3340 2821 3172 2984 3127 3140 3100 2983 2941 2968 3006 3073 3159 3257 2977 2724 3179 3161 3118 2812 3088 2955 3031 3134 3076 3307 2718 3251 2964 3149 2606 2909 2570 3099 2896 3186 2935 3307 2800 3019 2885 3094 3063 3285 3206 3242 3286 2930 3167 2920 2849 2953 3006 3103 2999 3153 3024 3107 3193 3389 3157 3009 2862 2870 2955 3105 2936 3007 2930 2944 2950 3097 3182 2812 2866 3119 3244 3230 2872 2777 3073 3022 3023 3094 2980 2950 3152 3006 3227 2834 2962 2866 2946 2964 2989 3046 3141 2833 3094 3110 2935 3064 3010 3100 3220 3133 3029 3027 3384 2960 2795 3007 3036 2619 
3074 3293 3415 3126 2936 3319 3098 3029 3237 3332 3090 3245 3624 2983 3041 3120 3526 3369 2915 3172 3086 3520 3102 3076 3222 3299 3121 2941 2812 3175 3068 3102 2985 3264 3424 2994 3315 2981 3047 2990 2853 3230 2773 3169 3289 3196 3210 3546 2969 3268 3399 3103 3579 3366 3284 3152 3123 3293 2935 3045 3302 3253 3291 2788 3519 2918 3086 3113 3277 2914 3226 3294 3149 3390 3507 3237 3351 3566 3170 3023 3145 3162 3027 3009 3210 2537 3274 3290 3426 3036 3142 2992 2886 3054 3080 2939 3479 2948 3276 3366 3140 3315 3151 3003 3007 3123 3204 3462 3098 3406 3092 3563 3670 2879 2848 3016 3395 2947 3563 2787 3415 3196 3029 3813 3308 2983 3212 2658 3209 3106 3333 3386 2984 2943 3171 3071 3563 2822 3244 2859 3180 3210 3142 2931 3097 3107 2977 3331 3160 3403 3295 2875 3482 3072 3350 2802 3298 2791 2917 3307 3266 3505 3073 3374 2883 3380 2736 3090 2981 3070 3056 3428 3334 3326 3076 2887 3222 3407 3301 3417 3259 3093 3226 2823 3016 3250 2890 3096 3055 3247 3252 3175 3268 3291 3352 3578 3333 2877 3231 3017 3033 3467 3035 3207 3064 3104 2900 3164 3290 2752 2970 3514 3327 3137 3003 2752 3133 3037 3175 3413 2834 3153 3437 3062 3419 3258 3124 2843 2901 3155 3096 3121 3074 3004 3135 3220 3183 3132 3057 3169 3451 3298 3034 2896 3577 3296 2878 2838 3388 2903 
2951 3169 3128 2848 2832 3135 2989 3071 3108 3127 3052 3013 3540 2953 2959 2974 3114 3119 2874 3071 2916 3146 2961 3223 2873 3339 3000 2972 2737 2931 2942 2948 2796 2945 3203 3030 2804 2774 2746 2719 2756 3005 2828 3250 3082 2932 3390 3223 2646 3104 3156 3045 3193 3117 2974 2851 2913 2994 2746 2715 2994 2975 3006 2538 3221 2855 2849 2951 2964 2669 3247 3152 2987 3014 3071 3029 3222 3177 3174 2899 2874 2853 2928 3204 2731 2738 3010 3237 3315 2884 2877 3060 2730 2842 3028 2563 3085 3094 3063 3125 2857 3046 3032 2700 2902 3122 2854 3301 2941 3020 2897 3355 3320 2807 2743 2836 3116 2653 3109 2528 3324 2942 3015 3472 3371 2789 2876 2601 2963 2932 3054 2966 2947 2951 2936 2933 3168 2757 3036 2962 3036 3227 3170 2967 2974 2900 2865 3193 3047 3012 2964 2804 3175 2917 3293 2867 2838 2849 2862 3091 2950 3223 2883 3402 2786 2869 2593 2920 2737 3082 2772 3277 3241 3188 2931 2921 2927 3083 3102 3551 3207 2998 3112 2794 2960 2936 2700 2850 2781 3126 3025 3218 3084 3263 2994 3211 3121 3147 2896 3022 2998 3445 3046 3083 2956 2830 2712 2935 3067 2920 2934 3074 3071 3084 2602 2883 2960 2895 2974 3127 2903 2947 3098 2889 2831 3139 2997 2763 2855 2945 2867 2996 2867 2865 2940 3045 3111 2975 2959 2990 3152 3173 3074 3101 3257 3021 2984 2760 3137 2717 
2898 2950 3370 2699 2669 3220 2799 2772 3029 3073 2889 3106 3377 2938 2973 3052 3016 2910 2322 3065 2968 3301 2904 2740 2862 3113 2945 2768 2764 2787 2812 2852 2782 2998 3013 2870 2920 2928 2772 2770 2730 3010 2809 2990 3009 3195 2980 3402 2702 3086 3041 3079 3173 3239 2939 2910 2822 3016 2798 2866 2897 2816 2847 2589 3054 2772 2710 2817 3195 2945 2947 3126 3050 2982 3209 2917 2846 3290 2909 3016 2905 2750 2664 2963 2451 2561 3029 2961 3287 2954 2771 2783 2630 2835 3112 2721 3092 2875 3007 2951 2878 3197 3015 2688 2754 3120 3094 2935 3033 2951 2740 3226 3385 2684 2760 2933 3358 2741 3185 2874 3195 2955 2844 3370 2989 2784 2957 2596 2926 2974 3128 2943 3066 2763 2847 2790 3346 2794 3121 2820 3012 3156 3029 2967 3036 3256 2808 2855 3027 3338 2802 2618 3336 2885 3293 2826 3024 2576 2859 2960 3035 3099 2773 3078 2546 2737 2705 2866 2671 2950 2945 3099 3043 3199 2815 2793 2721 3126 2899 3247 2924 2851 2970 2868 2923 2950 2919 2798 2863 2935 2755 3205 2923 2975 3017 3329 3087 2821 2831 3032 2982 3009 2954 3157 2801 2866 2737 2787 3170 2778 2906 2958 3214 3153 2758 2635 2952 2908 3174 3195 2888 2871 3127 2776 3048 3012 3077 2861 2881 2905 2900 3063 3139 2884 3052 3206 2837 3055 2830 2837 3023 3094 2791 2720 3279 2941 2887 2830 2911 2807 
3101 3117 3216 3014 2770 3356 3004 2991 3012 2983 3175 3170 3395 2817 3049 3024 3054 3320 2737 3052 2937 3403 3133 3270 3003 3353 2983 2970 2849 2888 3186 2967 2969 3199 3145 3013 2995 3138 2983 2928 2802 2931 2904 3034 3312 2964 3210 3446 2775 3141 3283 2973 3391 3351 2979 3042 2873 3233 2794 2913 2967 3170 3000 2612 3218 2711 2922 2925 3238 3082 3207 3174 3154 3122 3222 3174 3085 3296 3080 2829 3148 2780 2954 3142 2961 2678 2864 2920 3482 3091 2910 2970 2900 2960 3182 2817 3264 2937 3147 3380 3135 3166 3072 2739 2756 3165 3217 3033 3052 2986 2893 3454 3638 3042 2716 2959 3422 3165 3380 2707 3374 3027 3134 3507 3243 2800 3021 2823 3072 3030 3113 2924 2942 2754 3060 3022 3258 2848 3113 2789 3116 3223 2835 3126 2913 3179 2848 3304 3032 3179 2953 2738 3473 2823 3191 3200 3126 2991 3231 3013 3025 3323 2851 3416 2387 3313 2562 3053 2715 2957 3258 3186 3349 3462 2921 3037 2960 3317 3085 3133 3249 3200 3183 3058 3184 3178 2730 2967 2869 3262 3257 3103 2918 3030 3056 3434 2897 3026 3191 3013 3130 3221 3319 3250 3244 3110 2981 2976 3242 2762 3034 3188 3236 3318 2807 2806 2755 2975 3278 3306 3020 2856 3175 3027 3051 3335 2918 3001 2904 3223 3012 3105 3103 2669 3051 3030 2790 3444 3003 2921 3102 3264 3059 2816 3475 3063 2840 2896 3012 2786 
2826 3011 3163 2906 2753 2929 2907 2928 2892 3095 2707 2961 3236 2817 2751 2867 2801 3057 2548 2883 2876 2963 2870 2936 2940 3226 2934 2703 2793 2749 2750 2666 2853 3162 3032 2861 2814 2959 2689 2680 2710 2952 2830 3067 3101 2874 2931 3248 2829 2854 2963 2882 3224 3268 2871 2869 2979 2808 2578 2757 3016 2781 2983 2382 3097 2703 2726 2753 2984 2864 2897 3050 2814 2850 3275 2922 2933 3168 2887 2809 2846 2762 2774 2982 2661 2645 2807 3131 3067 2751 2693 2889 2703 2753 3134 2560 3087 2859 2964 3157 2927 3125 2856 2654 2793 3231 2785 3104 2773 2794 2626 3258 3350 2630 2717 2789 3369 2907 3256 2530 2998 2817 2721 3238 2933 2582 2873 2565 2846 2876 3061 2909 2793 2598 2973 2925 3150 3050 3027 2724 2890 3118 2749 2797 2816 2877 2801 2740 2865 3070 2865 2635 3206 2756 3299 2848 2881 2658 2921 2848 2997 3116 2767 3230 2702 3029 2568 2861 2698 2880 3079 3131 2936 3102 2867 2993 2907 3228 2695 3298 2897 3046 2928 3025 2898 2862 2737 2811 2781 2952 2941 3146 2834 2993 2826 3330 2741 2879 2968 3016 2873 3111 3045 2912 2913 2730 2914 2949 2974 2695 2829 3030 3055 3086 2700 2795 2899 2748 2980 3160 2759 2555 3038 3013 3091 3053 2905 2996 2789 2926 2771 3112 2658 2485 2963 2955 2840 3222 2668 2793 3005 2948 2998 2711 3211 2775 2947 2567 2756 2660 
2924 3338 3402 2856 2764 3175 3179 3038 3067 3084 2923 3117 3583 2792 2745 3030 3381 3236 2828 3175 2898 3332 2989 3143 2979 3218 3152 2920 2751 3078 3031 3043 2719 3229 3334 3010 2953 2868 3000 2734 2676 2873 2731 3130 3076 3075 2985 3578 2901 3084 3068 3091 3269 3063 2793 2788 2895 3057 2862 3019 3160 2961 2894 2563 3253 2924 2762 3156 3048 2878 3290 3230 3083 3153 3205 2953 3202 3330 2953 3175 2919 3155 2941 3118 2910 2735 2815 3132 3372 2956 2771 3008 2828 3055 3087 2769 3141 2961 3156 3400 3218 3137 3040 2914 2873 3135 3019 3220 3103 2981 2790 3350 3511 2723 2679 3028 3259 3090 3394 2622 3370 3204 3109 3638 3143 2733 2941 2661 3026 2981 3295 2951 2982 2704 3068 2857 3254 2991 3188 3074 3147 3203 3056 3070 2820 2959 2863 3113 3154 3362 3038 2733 3359 3094 3171 2889 3187 2792 2952 3079 2878 3510 2961 3191 2688 3319 2748 3087 2637 3131 2919 3088 3153 3314 2902 2733 2932 3005 3094 3318 3114 3039 3177 2948 3167 3276 2961 2943 2980 3094 3199 3141 3152 3267 2933 3396 3004 2964 3165 2939 3119 3044 3028 3095 3111 3196 2722 3097 2975 2931 2955 3239 3100 3241 3060 2537 2845 3055 3187 3192 2919 2864 3117 2993 3197 3196 2984 2900 3045 3071 3099 3241 3010 2968 3091 2962 2732 3148 3013 2921 3229 3259 3083 2866 3337 3016 3023 2964 3168 2819 
2969 3341 3247 3012 2863 3176 3011 3110 3206 3172 3280 3275 3576 3062 3022 3090 3470 3364 2870 3160 2983 3516 2880 3234 2887 3330 3074 2881 2871 3198 3082 3021 3181 3020 3290 3139 3073 3036 2883 2831 2606 3086 2896 3245 3089 3061 3168 3447 2868 3200 3148 3151 3429 3275 2935 2990 3040 3040 2942 3005 3145 3107 3062 2813 3243 2889 2804 3085 3172 2997 3305 3241 3197 3121 3326 3165 3402 3292 3230 3040 2857 2926 2912 3072 2969 2750 3228 2862 3344 3174 2927 3260 2899 3108 3180 2889 3194 3033 3124 3396 2928 3226 3229 2743 3111 3166 3053 3165 3244 3116 2958 3376 3287 2846 2741 3039 3406 3030 3255 2819 3442 3189 2992 3626 3318 2868 3129 2865 3212 3245 3151 3015 3131 2868 2922 3071 3416 2989 3188 2932 3174 3361 2933 3293 3030 3039 2937 3275 3232 3310 3087 2798 3294 3009 3176 2968 3125 3057 3087 3257 3021 3327 2763 3397 2728 3137 2741 3305 2831 2849 2973 3331 3135 3372 2828 3033 2920 3364 3238 3511 3150 3032 3289 3030 3049 3071 3016 3256 2674 3205 3211 3132 3202 3058 3090 3481 3207 3039 3161 3221 2969 3181 3035 3227 3141 2926 3046 3074 3182 2873 3021 3187 3055 3125 2823 2916 3007 3010 3193 3232 2998 3003 3094 2885 3158 3193 3200 3034 3047 3078 2899 3221 3020 2808 3082 3080 2995 3143 2643 2987 3334 3075 3025 2807 3314 3005 2969 2902 3081 2798 
3388 3648 3701 3086 2932 3358 3422 3203 3321 3255 3269 3237 3854 3279 3314 3383 3667 3451 3113 3401 3323 3960 3160 3507 3113 3490 3399 3249 3199 3487 3283 3229 3122 3472 3668 3193 3466 3219 3152 2956 3089 3613 3133 3504 3384 3408 3323 3859 3105 3451 3405 3383 3568 3651 3251 3234 3445 3253 3080 3453 3518 3341 3298 2702 3438 3076 2868 3335 3233 3092 3599 3401 3533 3386 3727 2989 3602 3529 3431 3312 3281 3258 3118 3390 3023 3063 3300 3502 3690 3231 3287 3406 3103 3428 3590 3056 3548 3269 3433 3549 3366 3482 3282 2983 3309 3405 3367 3514 3487 3216 3269 3681 3724 2928 3110 3324 3602 3028 3728 2942 3575 3264 3414 3896 3601 3106 3226 2896 3401 3238 3504 3320 3299 3006 3226 3271 3696 3073 3574 3205 3376 3586 3291 3212 3351 3432 3277 3276 3628 3617 3206 2953 3770 3151 3661 3000 3404 3083 3426 3288 3452 3643 3191 3470 3117 3423 3004 3376 2949 3426 3314 3544 3332 3533 3330 3242 3138 3606 3410 3720 3366 3256 3328 3278 3498 3380 3269 3298 3148 3424 3281 3541 3398 3454 3334 3685 3455 3186 3148 3381 3115 3613 3416 3406 3122 3108 3360 3378 3498 3138 3248 3528 3252 3447 3090 3104 3326 3299 3272 3399 3465 3198 3650 3179 3563 3620 3414 3170 3206 3250 3333 3588 3335 3000 3410 3446 3169 3467 3300 3066 3403 3597 3278 3350 3697 3454 3107 3147 3326 3063 
3272 3269 3320 2950 2960 3399 3269 3180 2969 3313 2917 3219 3506 3234 2956 3105 3440 3179 2788 2978 3067 3492 3040 3230 2960 3580 3317 2794 3005 3040 2992 2949 2971 3462 3388 3307 3363 3049 2960 3020 2845 3124 2847 3370 3313 3321 3436 3518 2827 3240 3296 3265 3395 3429 3101 3106 2936 3163 2871 3040 3444 3181 3180 2726 3391 2909 2934 3136 3096 3037 3188 3218 3191 3155 3485 3000 3191 3477 3060 2996 3276 2747 3044 3205 2821 2830 3112 3275 3356 3087 3228 3089 2772 2999 3254 2878 3382 3050 3177 3361 3120 3259 3249 2661 3005 3290 3148 3355 3152 3216 2953 3416 3426 3139 2828 2896 3526 3116 3472 2837 3460 2876 3135 3745 3270 2923 3060 2954 3162 2933 3336 3059 3076 2999 3188 3029 3609 3033 3347 3017 3064 3206 3006 2860 3406 3078 3058 3284 3224 3470 2873 2852 3434 2873 3435 3120 3194 2777 2989 3180 3150 3271 2871 3286 2869 3169 2887 3281 3009 3100 3183 3264 3248 3315 3152 2979 2866 3368 3254 3543 3182 3231 3131 3056 3187 3132 2847 3041 2914 3262 3219 3344 3237 3226 3080 3535 3224 3195 3009 3145 3097 3307 3280 3078 3037 2981 3155 3047 3148 2967 3178 3111 3493 3314 2971 2911 3043 3086 3352 3249 2902 3010 3163 3277 3200 3239 3186 3144 2943 3158 3352 3335 3475 2919 3027 3269 3086 3415 3137 2954 3175 3179 3307 3109 3429 3179 3142 2973 3300 3008 
2949 3130 3223 2909 2719 3167 3169 2974 3175 3053 3075 3230 3384 2991 3022 2908 3219 3210 2618 3024 2900 3400 2895 3421 2817 3448 3241 2686 2756 2966 3015 2880 3008 2973 3293 2976 2966 2860 2839 2713 2620 3036 3162 3045 3240 2949 3135 3220 2706 3276 3096 3194 3419 3255 2983 2808 2954 3102 2835 3000 3194 3010 2946 2629 3226 2929 2703 2965 3199 2959 3151 3320 2987 3156 3326 2908 3144 3264 2960 2872 2904 2866 2800 3139 2773 2648 2803 2881 3292 2840 2878 2852 2877 3090 3093 2789 3150 3022 3019 3359 3039 3261 3086 2877 2976 3001 3135 3053 3032 3019 2875 3417 3262 2763 2689 3052 3175 2841 3372 2718 3177 3005 3135 3513 3225 2917 2891 2867 3026 3051 3055 2958 3034 2838 2817 3033 3377 2833 3248 2890 3040 3328 2822 2946 2960 3199 2897 3042 3152 3412 2841 2715 3497 2950 3089 2907 3110 2573 2982 3212 3052 3022 2765 3083 2746 3091 2749 2989 2710 2899 2900 3257 2838 3253 2856 2918 2874 3146 3095 3517 3297 3185 3071 2734 3042 3051 2856 3113 2957 3169 3140 3083 3010 3003 3042 3323 3136 2882 2920 2820 3003 3259 3244 3147 3007 2967 2915 2979 2936 2795 2997 3046 3195 3192 2776 2675 3052 2902 3109 2949 2886 2936 3074 2949 2972 3368 3092 2917 2836 3061 2941 3168 3034 2863 3220 3153 2947 3015 2833 3054 3101 3122 2876 2935 3294 3053 2978 2896 2853 2840 
3065 3235 3214 2978 2898 3419 3389 2993 3059 3155 3056 3334 3638 2992 3077 2966 3481 3372 2936 3046 2888 3469 3106 3209 2936 3510 3342 2882 2846 3044 3158 2962 2997 3078 3291 3162 3027 2907 2967 3050 2898 3182 2943 3313 3301 3204 3210 3516 2788 3221 3355 3073 3364 3348 3072 3131 3105 3081 3048 3100 3343 3117 3118 2629 3242 2923 2943 3067 3231 2911 3296 3376 3122 3256 3195 3134 3192 3466 3134 2979 3229 3004 3027 3231 2955 2759 3121 3285 3465 3011 2922 3080 2834 3128 3183 2686 3430 3068 3323 3169 3117 3149 3161 2962 2912 3183 3041 3092 3045 3212 2945 3521 3635 3073 2730 3033 3273 3100 3437 2671 3188 3173 3103 3646 3161 2967 2930 2787 3177 2941 3233 2936 2992 2799 3176 3058 3357 2980 3420 3010 3099 3375 3066 3034 3076 3244 3041 3267 3341 3546 3191 2791 3526 3129 3280 2922 3027 2662 3133 3279 3142 3321 2968 3286 2797 3177 2775 3200 2852 3105 2981 3370 3369 3384 2987 2874 2970 3271 3250 3414 3253 3083 3167 2983 3240 3179 2782 2960 3072 3231 3256 3283 3106 3207 3093 3432 3103 2925 3190 3073 3089 3082 3141 3177 3106 2903 2854 3089 3293 2989 3091 3050 3087 3200 2915 2720 3194 3009 3083 3214 2934 3043 3145 3135 3243 3265 3066 3043 3040 2975 3055 3216 3085 2834 2948 3065 2867 3223 3034 2969 3133 3336 3140 2871 3493 3170 3012 2917 3120 2891 
3252 3364 3477 3305 3236 3656 3396 3443 3369 3289 3245 3471 3816 3178 3290 3312 3533 3542 2863 3386 3302 3458 3163 3301 3189 3735 3278 3047 3063 3240 3035 3212 3111 3225 3598 3363 3312 3339 2961 3009 3146 3309 3076 3441 3305 3308 3376 3741 2987 3502 3667 3259 3623 3668 3317 3233 3199 3372 3117 3225 3405 3338 3379 2716 3479 2949 3061 3173 3422 3369 3479 3413 3199 3574 3518 3292 3386 3593 3276 2971 3392 3044 3298 3442 3080 2913 3191 3287 3796 3251 3104 3337 2953 3230 3416 2967 3600 3335 3666 3717 3496 3552 3389 3058 3171 3370 3385 3524 3194 3418 3170 3917 3878 3054 3027 3298 3744 3248 3820 2966 3614 3340 3379 4102 3631 3140 3267 3067 3382 3220 3556 3079 3243 3149 3257 3405 3596 3268 3422 3230 3387 3550 3167 3258 3460 3544 3251 3551 3462 3801 3083 3117 3844 3231 3501 3265 3322 2963 3151 3355 3354 3623 3148 3385 2842 3444 2998 3348 3085 3329 3327 3544 3518 3413 3241 3009 3187 3682 3611 3842 3517 3393 3214 3348 3470 3499 3033 3346 3433 3342 3364 3595 3189 3316 3343 3699 3497 3192 3315 3132 3352 3543 3408 3428 3375 3121 3222 3060 3477 3057 3438 3303 3612 3619 2976 3048 3205 3133 3384 3573 3158 3166 3401 3188 3423 3490 3524 3260 3121 3230 3272 3401 3364 3018 3293 3346 3025 3498 3265 3128 3286 3561 3285 3003 3690 3450 2988 3100 3383 3094 
3007 3284 3354 3042 2687 3184 3135 3163 3081 3253 3046 3160 3460 2844 2996 3013 3297 3145 2937 3039 3006 3234 3235 3346 2869 3604 3377 2870 3090 3080 2971 3057 2781 3120 3455 3203 3036 3130 2937 2711 2703 3218 2705 3096 3066 3199 3244 3554 2734 3156 3258 3188 3295 3108 3081 3001 2999 3120 2836 3067 3317 3016 3163 2570 3042 2932 2962 3139 2934 2988 3271 3252 2990 3294 3309 2952 3215 3257 3036 2885 3123 2940 2981 3226 2810 2658 3037 3415 3348 2827 3187 3239 2779 3090 3204 2760 3213 3084 3346 3311 3143 3232 3011 2742 3026 3203 3032 3134 2982 3178 2803 3548 3487 2996 2876 2969 3232 3009 3407 2770 3552 2931 3101 3693 3127 3032 2948 2815 2750 3163 3046 3183 3027 2880 3080 2986 3416 2957 3223 2990 3080 3255 3190 3024 3105 3157 3071 3076 3185 3266 3070 2714 3587 3037 3177 2993 3315 2744 2944 3201 3155 3273 2876 3106 2868 3254 2791 3145 2891 3040 2974 3361 3170 2979 2893 2993 2878 3205 3207 3450 3181 3001 3113 3011 2981 3076 2803 2931 2923 2968 3101 3432 3184 3226 3102 3294 3227 2868 3131 3171 3072 3343 3341 2897 3049 2848 2990 3088 3222 2831 2922 3122 3225 3202 2793 2595 2948 3227 3009 3211 2984 2850 3293 2951 3111 3196 3078 3077 3065 3110 3120 3143 3041 2910 3045 2983 2777 3256 2909 3048 3118 3214 2996 2833 3311 3016 2985 2661 3146 3001 
3141 3336 3204 3077 2958 3230 3290 3244 3105 3317 3090 3248 3726 2946 3032 3054 3265 3240 2777 3159 3209 3408 3207 3245 3227 3574 3248 2934 2965 3154 3045 3231 3172 3420 3489 3051 3058 3006 3170 2940 2803 3328 2794 3351 3120 3234 3139 3465 2959 3412 3467 3184 3554 3455 3175 3038 2999 3283 2927 3120 3286 3140 3129 2536 3310 3191 2896 3132 3200 3113 3389 3134 3278 3233 3644 3143 3258 3416 3297 3056 3116 3057 3120 3297 2840 2753 3219 3267 3410 2879 3213 3181 2970 3121 3271 2909 3278 3091 3397 3481 3158 3302 3084 2854 3073 3429 3043 3205 2944 3464 3011 3550 3804 3014 2897 2914 3495 3044 3572 2886 3331 3010 3180 3605 3386 3085 2992 2873 3090 3408 3230 3157 3060 3062 3225 3281 3479 3054 3399 2916 3293 3493 3083 3142 3177 3003 2957 3083 3329 3451 3043 3050 3578 2921 3470 2933 3232 2808 3028 3217 3251 3296 3281 3312 2865 3197 2744 3185 2811 3090 3053 3447 3298 3439 3253 3048 3169 3683 3151 3777 3281 3326 3270 3167 3072 3137 3054 2885 2989 3223 3147 3200 3248 3099 3256 3477 3242 3018 3151 3221 3198 3501 3328 3271 3150 2985 3009 3161 3178 2844 3123 3427 3344 3084 3047 2876 3268 3155 3337 3270 2929 2858 3534 3089 3520 3391 3143 2939 2768 3163 3244 3292 3112 2691 3073 3028 2984 3496 3107 3105 3409 3586 3242 3062 3516 3094 3027 2715 3368 2803 
3032 3236 3255 3056 2909 3438 3171 3036 3105 3112 3333 3236 3526 3134 3196 3195 3245 3454 2979 3045 3089 3607 3086 3211 3080 3523 3131 2976 2930 3025 2922 2926 3121 3360 3386 3220 3312 3039 2892 2927 2848 3390 3021 3353 3109 3034 3196 3297 3020 3372 3453 2871 3547 3468 3280 3011 3190 3238 2925 2938 3095 3135 3193 2743 3385 3041 3026 3078 3320 3009 3411 3267 3211 3255 3382 3123 3409 3284 3313 2717 3138 3098 3083 3265 2813 2748 3107 3105 3576 2972 2977 3223 2952 2946 3335 2771 3433 3087 3361 3376 3095 3235 3286 2641 3238 3346 3122 3304 3087 3044 3101 3422 3649 2796 2897 3145 3467 3119 3516 2769 3382 3241 3167 3397 3363 2995 3068 2896 3373 3249 3346 3010 3091 3029 3314 3047 3395 3161 3320 2971 3278 3450 2953 3193 3202 3282 3008 3311 3174 3485 3143 2920 3482 3189 3428 2933 3119 2805 3065 3292 3162 3245 2815 3379 2801 3237 2964 3150 2785 3064 3167 3398 3241 3491 2914 3199 2856 3473 3353 3631 3274 3280 3283 3096 3278 2978 3000 3389 3146 3452 3287 3272 3173 3205 3318 3393 3176 3120 3179 3154 3154 3274 3026 3286 3075 2888 2985 3191 3245 3143 3345 3019 3364 3265 2996 2889 3234 3004 3340 3199 3198 3063 3399 2875 3326 3335 3247 3009 2851 3073 3125 3366 3094 2902 3306 3255 3179 3267 2966 3137 3206 3223 3155 2961 3578 3117 3194 3013 3166 2887 
2918 3217 3239 2971 2836 3234 3009 3010 3052 3240 2989 3024 3477 2786 3001 2965 3196 3160 2753 2982 2993 3237 2996 2855 2940 3407 2890 2808 2786 2922 2906 3040 2729 3097 3307 2937 2819 3031 2720 2907 2686 3019 2927 3139 2999 3100 3158 3421 2709 3237 3290 2983 3356 3381 2986 3079 2973 3041 2665 2893 3174 3025 3102 2571 3277 2845 2717 3043 3065 2744 3027 3181 3135 3184 3218 2966 3115 3295 3119 2903 3120 2934 2830 3184 2730 2534 3086 3254 3329 2950 2652 3109 2683 3030 3206 2769 3173 3001 3370 3170 3029 3069 3232 2761 2970 3129 2997 3023 2849 3231 2949 3500 3395 2968 2779 2852 3197 2982 3310 2844 3342 3136 3215 3598 3039 2708 2988 2713 3067 3044 3199 3066 2978 2743 3186 2961 3301 2944 3304 2697 2983 3403 3037 2924 2946 3065 2982 3087 3057 3225 2994 2737 3439 3035 3170 3028 2945 2835 2953 3244 3059 3356 2883 3177 2605 3120 2724 3009 2664 3011 3020 3248 3207 3205 2876 2942 2913 3244 3015 3378 3264 3044 3134 2843 3097 3292 2706 2838 2861 3148 3095 3193 3066 3011 3326 3319 3026 2823 3189 2929 2890 3193 3043 3133 2868 2976 2768 3030 3194 2783 3153 3005 3403 3224 2878 2529 3090 2775 3127 3288 2840 2990 3093 3126 3210 3151 3095 2905 3021 3025 3021 3118 2925 2809 2970 2995 2905 3176 2914 2981 3157 3193 2864 2836 3381 3026 2886 2823 3068 2941 
3130 3194 3405 2921 2846 3362 3339 3282 3167 3232 3190 3331 3506 3059 3019 3046 3291 3495 2793 3257 2935 3613 3039 3403 3064 3587 3192 2872 2901 3190 3158 2995 3073 3142 3371 3005 2969 2938 3106 2993 2736 3235 3025 3357 3371 3206 3123 3446 3013 3235 3351 3277 3468 3474 3057 3095 3102 3090 2958 3202 3156 2960 3131 2688 3509 3156 2978 3023 3289 3002 3187 3254 3133 3172 3319 3224 3364 3411 3196 2960 3154 3021 2841 3269 3098 2791 3016 3204 3644 3041 2858 3117 2899 3092 3171 2748 3310 3067 3211 3443 3080 3196 3245 2908 2966 3333 3206 3159 3050 3225 2923 3565 3421 2903 2836 2999 3412 2910 3397 2761 3511 3196 3188 3628 3336 3000 3047 2870 3181 3288 3187 3082 2993 3011 3062 3062 3560 3252 3281 3076 3226 3419 3240 3246 3000 3254 3052 3300 3285 3371 3115 2809 3507 3150 3137 3109 3064 2953 3206 3254 3130 3353 3040 3309 2744 3324 2737 3172 2913 3213 3138 3373 3370 3312 2948 3007 2930 3329 3235 3611 3153 3342 3239 2865 3338 3144 3105 3132 3358 3219 3460 3294 3112 3237 3297 3603 3277 3078 3328 3030 3057 3102 3360 3313 3029 3107 3148 3090 2967 2938 3015 3339 3365 3241 3104 2871 3252 3060 3284 3349 3058 3134 3158 3035 3303 3390 3206 2820 2952 2993 2942 3350 3270 2722 3127 3182 2944 3116 3068 3077 3230 3359 3212 2988 3560 3261 2966 3058 3286 3129 
3027 3254 3221 2876 2670 3191 3218 2988 2961 3276 2967 3224 3198 2828 2840 2901 3198 3091 2779 2964 2873 3264 2844 3215 3211 3548 3115 2632 2647 2993 2861 2693 2765 2891 3172 2893 2888 2903 2847 2694 2670 3101 2839 3146 3062 2733 3221 3479 2665 3076 3172 3063 3370 3159 2976 2650 2981 3006 2693 2785 2908 2892 2922 2456 3097 2820 2854 2794 2943 3045 3093 3190 3019 3090 3192 3236 2990 3133 2830 2747 3005 2696 2975 3119 2718 2839 2846 2962 3366 2916 2905 2905 2787 2845 2811 2737 3144 3014 2940 3413 3018 3065 2944 2727 2830 2992 2869 3225 2935 3211 2861 3364 3349 2785 2796 2995 3131 2983 3329 2595 3222 2871 3060 3395 3381 2747 2658 2535 3039 2992 3095 2946 2714 2730 2939 3026 3353 2926 3164 2881 3159 3219 2872 3058 2906 2934 3000 3257 3142 3278 2971 2772 3194 2718 3187 2927 2984 2708 2801 2978 3075 3065 2928 3206 2725 3108 2693 2924 2956 3082 3026 3143 3103 3125 2860 2895 2804 3049 3062 3288 3036 3080 3069 2831 3122 2988 2677 2804 3128 2913 3102 3253 3082 2961 3039 3314 3261 3068 3006 3033 3099 3027 3043 3009 2989 2748 2891 3060 3112 2719 2976 3158 3230 3070 2745 2887 3034 2837 2982 2974 2891 2794 2994 2787 3178 3141 2950 2713 2826 2906 3010 3040 3026 2832 2997 3009 2770 3257 2966 2834 3130 3313 3117 2907 3433 2892 2998 2791 3070 2869 
2809 2728 3056 2604 2823 3124 2966 2724 2931 2896 2941 2919 3370 2866 2763 2776 3179 3114 2653 2867 2720 3307 2934 2826 2844 3232 2715 2644 2544 2720 2767 2709 2659 2967 3054 2896 2992 2766 2671 2705 2531 2804 2536 2869 2941 2655 3169 3261 2669 2778 2983 3013 3355 3149 2664 2660 2911 2995 2778 2920 3166 2878 2749 2397 2947 2644 2777 2617 3050 2810 2944 3041 2859 2995 3202 2873 2988 3115 2886 2598 2762 2704 2839 2834 2775 2542 2832 2681 3240 2893 2699 2708 2613 2948 2879 2632 3034 2805 2840 3188 2726 2917 2987 2788 2959 2945 2838 3170 2778 2971 2865 3337 3418 2645 2555 2922 3104 2873 3140 2538 3047 2691 2674 3258 3186 2676 2746 2434 2980 2829 3125 2873 2815 2793 2914 2956 3107 2587 2896 2831 2957 2944 2725 2822 2976 2903 2729 3093 2903 3151 2927 2532 3082 2805 2996 2830 2809 2721 2629 2893 2902 3133 2902 3162 2492 2819 2447 2983 2658 2788 2996 3113 2879 3086 2744 2754 2835 2918 2934 3091 3039 2669 2864 2765 2895 2787 2716 2832 2953 3120 2880 3258 2834 2972 2995 3226 3009 2962 2647 2907 2962 3124 2814 2999 2841 2716 2843 2679 2829 2651 2880 2986 3067 3032 2657 2535 2689 2817 2939 2966 2674 2668 3056 2693 2715 2826 2829 2692 2646 2878 2946 2968 2717 2922 2984 2882 2645 2899 2833 2700 2982 3109 2961 2632 3256 2635 2800 2803 2975 2719 
3034 3210 3245 2845 2909 3301 3128 2974 2938 3274 3135 3159 3643 2948 3217 3017 3243 3383 2830 3265 3021 3268 2995 3046 3245 3483 3061 3087 3013 3216 3080 3070 3082 3138 3222 2971 3021 2853 2973 2850 2882 3213 2791 3340 3167 3060 3209 3333 2882 3165 3421 3222 3352 3386 3096 2880 2912 3115 2866 3071 3420 3040 3251 2700 3054 2932 2829 3010 3167 3107 3347 3051 3041 3348 3451 3141 3294 3287 3072 2993 3141 3151 3077 3088 2782 2675 3223 3018 3485 2963 3007 3009 2877 3019 3143 2775 3131 3017 2936 3551 3016 3107 3157 2747 3050 3043 3038 3124 3025 3025 2835 3473 3496 2855 2899 2857 3215 2973 3255 2652 3399 3036 3086 3472 3418 2798 2886 2745 3160 3108 3501 2992 3018 2955 3099 3083 3356 2904 3245 2852 3161 3355 2987 3116 3149 2998 2868 3228 3359 3218 3077 2738 3410 2907 3408 2861 2895 2800 2892 3142 3012 3224 2870 3287 2848 3230 2659 3142 2783 2962 2981 3243 3100 3316 3091 3033 3162 3182 3030 3673 3059 3154 3291 2983 3191 3032 2789 2816 3089 3168 3011 3298 3158 3358 3135 3505 3269 2951 3183 3190 3204 3281 3234 3166 2988 3016 2793 3116 3142 2904 3124 3130 3228 3104 3011 2753 3173 3197 3296 3476 2913 3001 3150 2977 3015 3179 3102 2916 2870 3055 2922 3378 3031 2860 3126 3082 2866 3259 2843 3183 3363 3380 3156 2832 3420 3242 2738 2887 3236 3044 
3013 3313 3174 2913 2964 3217 3010 3049 3039 3128 2973 3025 3422 2829 2939 2959 3193 3268 2649 3011 3025 3277 3083 3312 2841 3277 3134 2981 2732 2956 2837 2820 2907 2925 3279 2918 3046 2926 3052 2810 2637 3124 2900 3250 3151 2894 3181 3377 2917 3112 3163 2874 3338 3378 2881 3025 3051 2887 2953 2823 3117 2927 2989 2457 3134 3015 2743 2982 3047 3104 3151 3203 3157 3319 3294 2918 3098 3515 3265 2932 3028 2722 2900 2931 2631 2563 2959 3270 3289 2820 2796 3179 2653 3050 3273 2729 3163 2948 3203 3389 3008 3184 3081 2801 3105 3142 2970 2951 2915 3240 2805 3237 3584 2778 2521 2873 3184 3013 3480 2703 3297 3014 2941 3600 3212 2923 2889 2722 2824 3096 3023 2828 3205 2726 3033 2796 3173 2977 3105 2714 3132 3149 2941 3026 3121 3093 2906 3146 3081 3293 3103 2697 3352 2843 3150 2880 2948 2913 3061 3237 3003 3290 2967 3218 2772 3113 2650 2954 2770 2983 2998 3191 3252 3313 2877 2909 3031 3199 3099 3464 2988 2940 3005 3105 2995 3023 2740 2917 2926 2993 2908 2880 3084 3179 3354 3179 2985 2943 3141 3099 3168 3219 3021 3072 2944 3000 2892 2906 3061 2816 3006 3071 3224 3072 2978 2637 2899 2939 3067 3293 2945 2929 3218 3064 3191 3339 3163 3015 2967 2917 2964 3156 3078 2640 3271 3081 2991 3102 3055 3133 3083 3278 3037 3059 3325 2864 2839 2734 2985 2877 
2934 3158 2986 2730 2615 3125 3075 2894 2864 2853 2807 3113 3312 2620 2845 2699 3139 3002 2738 2889 2842 3159 2927 2948 2919 3355 2853 2840 2690 2832 2779 2952 2648 2699 3067 2819 2839 2831 2811 2727 2708 2946 2614 3086 2857 3054 2902 3390 2708 2897 3111 2955 3199 3135 2981 2847 2788 2821 2628 2659 3008 2829 2815 2499 2871 2742 2659 2907 2859 2932 3167 3147 2864 3070 3139 3033 2931 3017 2987 2750 2792 2828 2772 3035 2640 2478 2762 2898 3298 2741 2681 2893 2617 2878 2980 2514 3041 2822 2982 3154 3059 2924 2948 2667 2681 2846 2891 2936 2889 2924 2621 3080 3220 2672 2659 2686 3265 2831 3439 2592 3192 2957 2864 3380 3046 2696 2703 2473 2811 3002 2925 2735 2715 2592 3092 2678 3027 2702 2949 2749 3044 3053 2873 2897 2888 3046 2898 2989 2853 3000 2817 2550 3154 2754 3139 2725 2973 2731 2666 3097 2860 3188 2820 2923 2525 3097 2688 2896 2692 3003 2763 3131 3068 2932 2680 2759 2912 3197 2930 3341 3050 2801 2796 2929 2870 2943 2525 2754 2867 2931 2868 2902 3077 2825 2972 3033 3027 2853 2921 2891 2968 3166 2883 2924 2907 2790 2523 2659 2974 2795 3065 3110 3092 3158 2684 2592 3013 2821 3034 3090 2844 2747 2992 2710 3086 3035 3023 2717 2690 2887 2765 2883 3012 2567 2982 2876 2773 3044 2770 2919 2986 3090 2864 2715 3294 3013 2674 2617 2987 2626 
3246 3350 3367 3156 3192 3576 3462 3346 3069 3331 3339 3177 3690 3252 3168 3226 3430 3509 2938 3210 3247 3560 3119 3094 3238 3634 3304 3116 2951 3223 3111 3135 3244 3320 3616 3284 3205 3195 3043 2847 3061 3249 2901 3614 3422 3478 3263 3585 2941 3406 3496 3210 3642 3609 3179 3353 3130 3403 3170 3229 3183 3235 3211 2802 3368 3055 2891 3295 3325 3271 3460 3283 3291 3187 3477 3269 3407 3654 3476 3012 3181 3086 3184 3227 3029 2923 3313 3294 3495 3065 3168 3342 2795 3287 3542 2995 3368 3266 3464 3631 3263 3328 3332 2882 3115 3242 3354 3182 3186 3277 2956 3527 3567 3003 2905 3150 3685 3263 3382 2964 3541 3158 3179 3851 3387 3167 3169 2900 3235 3285 3484 3098 3348 2989 3381 3229 3634 3097 3333 2985 3377 3505 3285 3341 3188 3388 3074 3377 3326 3366 3178 2879 3552 3048 3434 3224 3392 3028 3150 3294 3380 3608 3034 3285 2915 3236 2836 3273 3161 3130 3223 3490 3273 3400 3167 2917 3092 3522 3335 3751 3428 3203 3182 3188 3196 3234 3006 3080 3086 3392 3324 3440 3214 3388 3253 3543 3246 3101 3297 3264 3294 3547 3298 3252 3179 3204 3097 3102 3345 3085 3083 3317 3513 3267 3079 2903 3253 3170 3392 3589 3049 3100 3220 3157 3380 3196 3252 2946 2893 3312 3071 3408 3172 2911 3222 3314 3149 3433 3264 3225 3261 3525 3063 3124 3505 3401 2955 3120 3444 3009 
3164 3502 3304 3205 3153 3511 3387 3101 3288 3282 3303 3466 3864 3067 3311 3325 3354 3445 2873 3363 3310 3649 3371 3417 3359 3671 3296 3062 2974 3159 3086 3232 3147 3329 3614 3303 3153 3120 3073 2959 3106 3466 3019 3412 3373 3325 3496 3710 3162 3489 3612 3351 3627 3769 3264 3067 3423 3568 3080 3144 3354 3319 3334 2804 3596 3171 3256 3124 3489 3122 3668 3426 3276 3401 3503 3360 3509 3784 3179 2960 3480 3332 3183 3433 3140 2983 3221 3252 3880 3171 3154 3304 3142 3216 3526 2950 3540 3312 3441 3594 3238 3364 3236 3084 3101 3316 3258 3425 3275 3285 3063 3791 3987 3191 3122 3081 3612 3067 3612 2775 3502 3346 3415 3848 3688 3132 3129 3051 3152 3498 3353 3139 3213 3213 3468 3388 3563 3103 3416 3110 3305 3454 3295 3304 3246 3473 3231 3508 3318 3608 3248 3157 3751 3071 3730 3232 3349 2932 3146 3517 3256 3510 3143 3299 2963 3495 2930 3416 3046 3395 3125 3612 3497 3711 3220 3257 3287 3685 3392 3731 3577 3473 3324 3063 3445 3259 3002 3198 3364 3278 3393 3421 3425 3551 3361 3689 3341 3266 3409 3291 3268 3451 3362 3469 3271 3197 3197 3177 3447 3222 3267 3445 3366 3359 3115 3041 3392 3088 3448 3515 3119 3162 3704 3277 3354 3607 3312 3151 2805 3406 3173 3397 3421 2988 3413 3571 3154 3569 3197 3105 3449 3623 3283 3133 3819 3364 3187 3126 3426 3028 
2932 3381 3242 2967 2862 3120 3197 2990 3117 3236 3137 3014 3564 2943 2976 3049 3099 3284 2790 2945 2979 3430 2962 3305 3077 3413 3154 2814 2866 3120 2994 2916 2902 2911 3220 3086 2928 2794 2817 2869 2775 3076 2880 3387 3001 2975 3245 3353 2853 3289 3184 3211 3595 3232 2921 2710 3119 3166 2822 2835 3157 3089 3171 2680 3269 2912 2901 2994 3112 2930 3257 3012 3207 3158 3262 3031 3356 3277 3141 2906 3042 2998 2915 3122 2854 2724 2849 3031 3378 3123 2972 3241 2938 3142 3217 2687 3179 3090 3229 3484 3112 3096 2894 2738 3160 3086 3083 3255 2912 3031 2977 3428 3523 2950 2815 2908 3208 3203 3277 2951 3509 2828 3170 3618 3446 2823 2843 2581 2968 3221 3104 2932 2793 2937 2928 3055 3441 2774 3153 2870 3196 3127 3088 3291 2963 2982 3003 3254 3148 3397 3137 2815 3349 2829 3242 2975 2978 3028 2903 3099 2998 3268 2965 3223 2692 3208 2766 3039 2763 2913 2977 3337 2940 3284 2681 2854 2707 3119 3176 3383 3126 3164 3126 2735 3031 3119 2760 3038 2964 3115 3256 3118 3122 3192 3177 3440 3109 3018 3059 3049 3022 3199 3029 3298 2762 3071 2821 3090 3094 2979 3123 3202 3297 3071 2920 2739 3018 2914 3181 3223 2981 3027 3261 2850 3276 3347 3123 2791 2923 2993 2969 3080 3096 2788 2921 2920 2889 3203 2935 2975 3169 3202 2945 3164 3584 3115 2745 2748 3270 2921 
3503 3618 3540 3281 3028 3598 3577 3352 3389 3403 3292 3509 3730 3287 3295 3319 3577 3692 3109 3066 3251 3797 3457 3518 3344 3662 3408 3134 3294 3470 3367 3259 3265 3410 3546 3346 3280 3315 3220 3208 2971 3296 3205 3481 3538 3377 3479 3660 3192 3547 3719 3457 3766 3699 3319 3254 3244 3265 3250 3322 3326 3420 3459 2864 3437 3150 3076 3518 3534 3312 3638 3574 3499 3596 3666 3389 3558 3520 3391 3445 3464 3238 3098 3447 3258 2943 3474 3432 3633 3368 3302 3381 3109 3238 3512 3004 3526 3018 3586 3645 3185 3435 3354 3130 3234 3416 3247 3516 3357 3517 3048 3730 3803 3124 2986 3309 3575 3302 3792 3049 3578 3159 3224 3877 3735 3233 3106 2912 3270 3186 3463 3196 3174 3056 3317 3296 3805 3058 3588 3127 3321 3490 3263 3341 3469 3327 3342 3637 3652 3705 3335 3046 3684 3304 3523 3309 3418 3161 3401 3406 3416 3557 3203 3439 2844 3426 2924 3466 2894 3316 3349 3608 3384 3545 3294 3175 3332 3508 3705 3852 3413 3404 3443 3348 3348 3476 3199 3244 3324 3549 3487 3432 3343 3464 3256 3703 3268 3163 3395 3403 3260 3569 3552 3499 3395 3367 3116 3141 3617 3028 3449 3429 3403 3417 2970 3012 3096 3372 3501 3522 3349 3189 3550 3173 3399 3447 3414 3291 3372 3376 3278 3509 3477 3049 3284 3214 2977 3612 3309 3392 3617 3433 3185 3230 3812 3517 3237 3180 3465 2921 
3017 3215 3389 3004 2891 3442 3263 3142 3203 3357 3214 3121 3520 3050 2937 2911 3378 3215 2785 2935 3001 3353 3226 3115 2889 3336 3160 3002 2716 3014 2932 2863 2873 3145 3349 3286 3044 2916 2871 2759 2734 3240 3063 3025 3024 3064 3180 3332 2758 3245 3212 3200 3289 3455 2945 2971 3137 3236 2843 2744 3292 2963 2969 2683 3217 2872 2901 2960 3234 3084 3197 3186 2998 3337 3180 3134 3277 3416 3225 2961 2996 2903 2746 2995 2812 2691 2895 2976 3268 2929 2984 2901 2860 2993 3188 2707 3196 3000 3281 3208 3155 3082 3113 2894 2990 2987 3104 3286 3155 3024 2842 3363 3484 2825 2690 3083 3181 3132 3474 2713 3214 3150 3034 3490 3347 3010 2962 2691 3001 2906 3213 3236 3116 2859 3042 2942 3453 2785 3267 3017 3408 3226 2874 3162 3118 3265 2938 2964 3259 3475 3035 2784 3353 3113 3325 2966 3218 2643 2958 3187 3054 3419 2918 3181 2968 3175 2736 3031 2951 3207 3007 3502 3052 3467 2887 3036 2890 3044 3193 3428 3159 3014 3160 2999 2984 3171 2887 2919 3013 3259 2971 3354 3041 2969 2939 3270 3079 3002 2916 3106 3204 3289 3043 3176 3093 2831 2796 3067 3114 2797 3007 3152 3275 3405 2840 2505 2987 3023 3026 3205 2965 2790 3222 3022 3200 3162 2853 2943 3070 3219 3021 3186 2957 2967 3224 3028 3135 3296 2974 3112 3371 3203 2843 2840 3578 2792 3049 2956 3024 2741 
3000 3371 3279 2933 2968 3274 3325 3010 3282 3216 3227 3199 3671 2990 3087 3139 3439 3282 2862 3141 3067 3496 3211 3171 3218 3418 3169 3021 2699 3090 3006 3014 3047 3109 3404 3250 3023 3103 3082 2897 2905 3163 3096 3284 3363 3234 3351 3481 2976 3368 3301 3205 3516 3454 3180 2910 3194 3104 3005 3035 3144 3298 3200 2618 3287 3079 2905 3089 3310 3039 3440 3376 3182 3339 3354 3097 3398 3469 3117 3141 3147 3089 3201 3158 2892 2948 3147 3314 3495 3049 2784 3070 2924 3162 3330 2906 3294 3154 3224 3466 3169 3288 3319 3104 3075 3340 3170 3278 3190 3241 2966 3533 3668 2920 2800 3159 3311 3024 3420 2736 3368 3204 3232 3546 3472 2883 3120 3009 3398 3159 3359 3028 2968 2990 3179 2846 3435 2936 3282 2957 3246 3496 3070 3186 3150 3239 3168 3421 3189 3413 3093 2927 3476 3078 3438 3086 3223 2830 3074 3204 2973 3289 3009 3573 2742 3271 2863 3137 2853 3176 3167 3316 3185 3463 2872 3053 3063 3371 3171 3514 3096 3198 3235 3062 3345 3149 2902 3183 3241 3276 3267 3393 3268 3353 3285 3397 3196 3041 3383 3171 3000 3321 3056 3296 3135 3075 3117 3081 3089 3009 3188 3344 3229 3353 2969 2822 3267 3100 3312 3318 3098 3269 3380 3046 3117 3587 3358 3038 3031 3139 3125 3563 3224 2989 3096 3273 2844 3328 3082 3162 3336 3291 3181 2973 3450 3157 3070 3118 3151 3086 
2874 3178 3065 2848 2630 3290 3098 2883 2960 2992 2972 2984 3167 2855 2985 2992 3148 3214 2698 2933 2990 3103 3003 3104 2910 3250 3118 2892 2833 2889 2914 2861 2580 2931 3130 3067 2884 2804 2923 2772 2641 3005 2954 2946 3058 2877 3003 3368 2735 2999 3134 2905 3355 3136 2828 2748 2826 3046 2642 2615 3065 2986 3125 2491 3053 2724 2743 2868 2850 2867 3140 3098 3112 3099 3089 3049 3100 3119 3069 2842 3111 2935 2800 3136 2840 2561 2842 3122 3136 2914 2700 2807 2815 2905 2984 2532 3158 3047 3111 3366 2857 3094 3076 2590 2798 2977 3083 3112 3047 3105 2653 3258 3279 2833 2813 2820 3116 2795 3344 2616 3093 3023 2880 3400 3174 2741 2762 2635 2804 2995 3131 3055 2750 2604 2916 2907 3164 2790 3185 2723 3031 3220 2984 2961 2981 2876 2847 3173 2900 3251 2947 2695 3283 3029 3067 3042 2949 2582 2809 3239 3084 3104 2885 3202 2533 3145 2782 3001 2617 2984 2793 3186 3048 3181 2885 2884 2881 2986 3067 3452 3105 3161 3099 2687 2989 3049 2855 2826 2855 3230 3012 3275 2965 3136 2850 3188 3043 2832 3165 2847 3020 3288 2972 3076 2929 2967 2594 2998 3136 2795 2939 3101 3205 3132 2773 2688 2853 2799 3224 3097 2950 2725 3139 2753 2909 3258 3174 2818 2935 2913 3008 3010 2938 2688 3052 2802 2849 3264 2854 2921 2982 3134 2858 2887 3486 2946 2841 2619 2976 2892 
2954 3157 3161 2773 2878 3240 3315 3074 3208 3121 2923 3071 3426 2860 2932 2934 3085 3153 2933 3198 2808 3319 3029 3083 2931 3464 3087 2724 2766 3141 2875 2911 2825 3166 3347 3060 2775 3068 2741 2727 2782 3146 2848 3281 3010 3084 3112 3419 2761 3192 3166 3148 3537 3345 2847 2851 3121 3177 2829 2999 3197 3060 2993 2544 3523 2884 2940 2772 3150 3098 3213 2988 2944 3122 3256 2986 3328 3324 3076 2751 2990 3027 2876 3142 2697 2787 2923 2998 3300 2972 2625 3043 2879 3150 3150 2765 3133 3068 3322 3409 3126 3194 3113 2735 2785 3134 3034 3254 2872 3165 2961 3504 3358 2718 2810 2749 3409 2997 3525 2750 3465 3140 3025 3422 3290 2983 2841 2648 3005 3130 3250 2972 2844 2837 3005 2887 3471 2790 3182 2928 3317 3178 3418 3220 3077 3087 2863 2952 3036 3412 3138 2688 3326 2887 3292 2885 3093 2845 2840 3188 3181 3378 2909 3256 2766 3115 2651 3031 2801 3118 2946 3216 3053 3193 2795 2877 2729 3187 2845 3469 3153 3232 3049 3000 3131 3064 2804 2902 2884 3210 3117 3282 2969 2975 3113 3568 3138 3017 2958 2889 3089 2976 3066 3070 3005 3058 3051 2908 3067 2988 2885 3100 3246 3123 2916 2875 2987 2996 3028 3210 2818 2882 3252 2930 3076 3033 3050 2885 2902 2859 2983 3270 3126 2887 2999 3078 2866 3038 2905 2860 3118 3094 2953 2907 3355 2993 2831 2746 3175 3013 
2877 2987 2966 2913 2623 3140 2850 2938 3056 2847 2935 2917 3212 2740 2756 2863 2937 3258 2604 3067 2727 3192 2876 3016 2723 3165 2850 2805 2652 2835 2757 2756 2766 2788 3223 2886 2761 2878 2568 2785 2376 2820 2713 2964 3003 2916 3213 3232 2589 3169 3238 2864 3037 3321 2861 2790 2935 2810 2618 2637 2879 2989 2931 2286 3056 2723 2632 2766 2980 2828 2970 3021 2966 2992 3021 2964 2945 3102 2926 2680 3030 2846 2685 3095 2724 2627 2592 2800 3413 2959 2719 2850 2662 2821 2876 2438 2960 3044 2905 3299 2819 3027 2933 2508 2708 2971 2942 2902 2793 2965 2814 3322 3356 2680 2703 2763 3059 2708 3017 2617 3200 2996 2872 3454 3023 2571 2585 2588 2704 2890 2923 2708 2792 2610 2834 2873 3086 2932 3073 2740 2999 3091 3030 2972 2731 3079 2762 3094 3025 3144 2900 2547 3048 2828 2874 3015 2851 2693 2694 2822 2792 3004 2591 3006 2502 2907 2698 2840 2637 2934 2719 2982 2958 2935 2622 2747 2720 2966 3192 3105 2872 2993 2961 2761 3019 2863 2591 2852 2845 2921 3044 3095 2719 3015 2768 3227 2770 2921 2981 2935 2911 2821 2896 2707 2915 2738 2796 2779 3022 2760 3045 2870 3133 2943 2639 2461 2640 2712 2955 3156 2665 2769 2965 2765 3029 3248 2991 2693 2769 2921 2813 2902 2879 2634 2842 2945 2615 2847 2748 2804 2966 3045 2921 2756 2959 3030 2733 2618 3093 2863 
2885 2902 2976 2853 2726 3064 2802 2893 2889 2967 3090 2971 3223 2886 2874 2916 2843 2959 2622 2893 2939 3381 2825 2971 3030 3279 2802 2644 2732 2800 2903 2783 2798 2956 3279 2885 2865 2911 2665 2573 2509 2874 2655 3013 2980 2802 3008 3138 2905 3066 3225 2674 3295 3162 2765 2786 2870 2957 2718 2797 2917 2873 2988 2321 3013 2661 2674 2688 2771 3092 3179 2859 2876 3047 3272 2959 2940 3224 2884 2795 2925 2758 2925 2829 2692 2549 2879 2886 3185 2792 2921 3011 2741 2847 2975 2721 3125 2916 2934 3374 2991 2942 2935 2452 2886 2932 2834 2949 3117 2952 2533 3378 3307 2791 2773 2960 3118 2943 3218 2473 3062 3026 2898 3102 3255 2846 2826 2538 2922 2889 3001 2867 2551 2741 2799 2836 3138 2663 3186 2637 2981 2996 2764 2939 2886 2895 2804 3078 2960 3202 2857 2731 3097 2806 3102 2734 2863 2645 3059 2787 3024 2895 2847 3078 2314 2975 2630 3064 2581 2633 2808 3111 3052 3166 2730 2795 2724 3114 3192 3185 2928 2961 3061 3063 3126 2996 2565 2772 2813 3213 2928 3199 2979 2976 3038 3384 2875 2793 3013 2865 2936 3115 3028 2943 2973 2792 2823 2892 3049 2560 2828 3077 3132 3107 2619 2610 2746 2820 2841 3168 2827 2884 3023 2803 2878 3057 2998 2955 3160 3071 2935 3151 2946 2709 2829 2866 2395 3290 2803 2537 3055 3096 2819 2818 3136 2659 2864 2761 2895 2743 
3403 3513 3465 3235 3184 3398 3295 3320 3399 3400 3141 3256 3674 3084 3251 3171 3469 3414 3115 3416 3121 3579 3265 3434 3261 3496 3321 3145 2865 3241 3132 3034 2963 3400 3565 3150 3270 3210 3084 3100 3170 3259 3214 3284 3394 3338 3350 3541 3232 3573 3646 3220 3722 3550 3109 3087 3328 3418 3074 3307 3349 3403 3357 2809 3559 3086 3160 3097 3409 3245 3525 3372 3138 3407 3521 3297 3412 3789 3252 3159 3075 3218 3243 3336 3098 2953 3233 3492 3528 3277 3065 3254 2972 3372 3570 3100 3470 3363 3379 3565 3314 3468 3209 2977 3303 3422 3248 3432 3144 3337 2852 3657 3913 3055 2884 3218 3544 3297 3623 3014 3591 3375 3370 3896 3525 3032 3249 2850 3322 3347 3487 3308 3018 2934 3495 3419 3720 3082 3535 3006 3531 3505 3290 3401 3115 3251 3122 3128 3373 3584 3162 3177 3570 3212 3586 3106 3442 3026 3145 3359 3400 3338 3139 3388 2876 3640 3086 3374 3133 3364 3199 3480 3385 3529 3077 3135 3090 3509 3367 3747 3411 3359 3445 3195 3310 3480 2846 3189 3009 3438 3384 3223 3310 3398 3420 3723 3476 3092 3203 3251 3210 3441 3451 3203 3353 3265 3007 3233 3314 2917 3308 3565 3401 3291 3084 2970 3240 3128 3213 3361 3275 3309 3493 3334 3237 3637 3368 3178 3145 3147 3086 3430 3308 3073 3426 3311 3058 3360 3074 3030 3252 3404 3183 3306 3397 3353 3192 3126 3359 3220 
2954 3174 3270 2921 2724 3164 3098 2853 2958 3015 3039 3104 3372 2641 2852 2873 3101 2907 2621 2975 2883 3057 2915 3143 2929 3140 3118 2637 2711 2940 2906 2853 2761 2992 2979 3173 2771 2804 2662 2638 2685 3060 2908 2818 3048 2936 2915 3408 2792 3039 3200 2833 3433 3303 2840 2812 2945 2839 2948 2903 3078 3034 3047 2525 2943 2767 2780 2917 3066 3094 3163 3067 3008 3015 3189 2926 2912 3120 2962 2815 2836 2862 2847 3025 2697 2705 2912 3091 3120 2844 2820 2849 2815 3004 2857 2891 3072 3107 3055 3229 2956 3128 2881 2638 2959 3066 3100 3088 3019 3107 2899 3359 3285 2764 2713 2855 3289 2833 3143 2682 3134 2867 3019 3391 3113 2500 2877 2599 2983 3063 3229 2806 2801 2835 2803 2989 3278 2679 3279 2906 2993 3183 2862 2925 2980 3080 2739 3012 3008 3336 3005 2797 3183 2973 3217 2875 2811 2650 2865 3042 2993 3041 2746 3341 2669 3045 2847 2952 2747 2909 2827 3292 2757 3249 2660 2843 2870 3041 2979 3393 3249 2851 2969 2825 3082 3107 2723 2905 2750 3231 2978 3086 3017 3088 3096 3373 2994 2935 2929 2971 2979 3042 3131 2918 2961 2790 2820 2955 3036 2828 2999 3011 3109 3128 2731 2785 3114 2896 3087 3003 2862 2797 3017 2979 2941 3169 3003 2892 3001 2753 2755 3022 3052 2820 3000 2845 2742 3276 2729 2716 2998 3019 2991 2882 3163 2592 3007 2590 2900 2929 
3072 3522 3502 2987 3101 3532 3318 3115 3178 3391 3054 3241 3709 3253 3280 3265 3518 3464 2861 3165 3096 3537 3092 3340 3232 3580 3322 3047 2932 3238 3109 3139 2958 3178 3613 3050 3232 3136 3105 2901 3055 3150 2999 3558 3290 3338 3446 3684 2935 3242 3288 3350 3550 3599 3206 3080 3146 3344 3050 2968 3339 3136 3083 2926 3356 2981 3047 2944 3483 3100 3462 3421 3406 3302 3403 3278 3607 3407 3238 3118 3171 3195 3160 3243 2854 2858 3169 3361 3653 3330 3087 3104 2924 3277 3311 2802 3374 3221 3355 3580 3150 3504 3360 3013 3048 3362 3192 3402 3439 3159 3157 3546 3822 3062 2953 3131 3659 3193 3591 2816 3527 3241 3156 3594 3530 3124 3038 2799 3305 3256 3323 3108 3192 2998 3371 3110 3513 3103 3281 3021 3443 3290 3278 3321 3341 3501 3219 3551 3342 3482 3280 3120 3657 3143 3517 3118 3312 3101 3190 3219 3247 3532 3132 3385 3073 3226 2805 3153 3056 3547 3172 3471 3415 3463 3176 3083 3139 3393 3361 3515 3248 3301 3292 3088 3393 3318 3061 2896 3167 3241 3412 3437 3265 3427 3519 3565 3175 3109 3250 3268 3282 3500 3163 3268 3177 3076 3063 3033 3315 3204 3256 3438 3482 3337 3098 2960 3218 3117 3279 3443 3016 3138 3461 3157 3351 3422 3351 2997 3171 3169 3170 3408 3324 3172 3257 3456 3161 3514 3169 3153 3409 3579 3231 3244 3659 3520 3117 3129 3351 3039 
2804 2968 2862 2623 2853 3046 2851 2788 2813 2894 2894 2764 3381 2854 2709 2928 2925 2917 2598 2898 2696 3083 2644 2842 2818 3077 2823 2668 2570 2782 2649 2569 2815 2689 3120 2562 2916 2715 2685 2314 2477 3007 2566 2846 2789 2957 2835 3104 2646 2875 2909 2763 3200 3229 2629 2626 2738 2995 2683 2501 2789 2933 2740 2349 3005 2652 2613 2741 2819 2786 2931 3000 2841 2744 2979 2793 3027 3060 2930 2601 2671 2691 2701 3029 2695 2382 2810 2807 3193 2667 2798 2830 2381 2714 3012 2515 2858 2783 2955 3186 2673 2943 2709 2661 2721 2808 2669 3003 2679 2784 2767 3212 3231 2600 2568 2805 2952 2738 2968 2441 2991 2612 2675 3355 3065 2515 2837 2459 2874 2794 2997 2744 2696 2637 2878 2939 3071 2669 2822 2595 2876 2909 2688 2726 2948 2831 2813 2808 2985 3125 2710 2554 3091 2646 2991 2716 2902 2643 2920 2828 3020 3001 2708 2997 2534 2680 2282 2747 2641 2754 2884 2966 2823 3012 2774 2481 2694 2989 2894 3312 2922 2807 2781 2861 2869 2985 2740 2749 2606 2904 2857 2919 2836 2852 2891 3082 2823 2742 2755 2700 2679 3122 2881 2876 2928 2809 2774 2652 2800 2635 2675 2989 2935 2955 2368 2572 2744 2616 2905 3107 2669 2419 3213 2800 2925 2931 2851 2533 2540 2726 2747 2758 2654 2535 2802 2842 2743 2950 2665 2601 2872 3156 2714 2562 3051 2832 2593 2573 2796 2533 
3307 3714 3458 3365 3066 3800 3453 3372 3288 3401 3326 3474 3770 3326 3203 3441 3647 3498 3098 3428 3501 3639 3378 3413 3422 3718 3395 3047 3079 3371 3344 3261 3149 3330 3555 3487 3295 3248 3198 2937 3021 3424 3043 3452 3363 3441 3386 3757 3210 3474 3600 3329 3802 3724 3140 3143 3165 3501 3193 3244 3501 3294 3434 2803 3528 3151 3156 3402 3440 3329 3791 3388 3344 3519 3526 3417 3537 3582 3533 3298 3378 3336 3243 3545 3057 2904 3377 3353 3807 3333 3366 3492 3187 3123 3230 2916 3432 3424 3463 3842 3306 3354 3292 3097 3194 3410 3414 3494 3504 3542 3117 3572 3852 3157 3075 3334 3629 3393 3784 2964 3637 3537 3425 3824 3716 3137 3269 2976 3319 3359 3498 3280 3406 3088 3157 3362 3772 3159 3577 3314 3533 3499 3419 3552 3336 3425 3255 3562 3548 3921 3219 3211 3683 3412 3546 3341 3412 3048 3371 3655 3543 3587 3196 3501 2999 3430 3041 3362 3249 3297 3209 3660 3532 3634 3266 3130 3224 3611 3640 3803 3568 3384 3435 3391 3490 3498 3097 3226 3335 3455 3496 3444 3361 3269 3307 3807 3492 3337 3434 3312 3404 3553 3317 3369 3617 3233 3107 3279 3557 3138 3472 3422 3390 3503 3117 3100 3381 3223 3549 3552 3325 3331 3562 3114 3547 3513 3408 3285 3120 3371 3308 3562 3563 3032 3189 3360 3239 3614 3278 3124 3661 3712 3262 3192 3776 3271 3354 3214 3564 3133 
2983 3259 3233 2982 2779 3279 3025 3072 3210 3137 2883 3052 3644 3022 3014 3121 3215 3240 2834 3197 2935 3443 2795 3327 2985 3371 3361 2711 2815 3155 3123 3074 2904 2989 3462 3100 3112 3051 2851 2699 2703 3124 2935 3360 3291 2890 3307 3460 2732 3077 3424 3049 3330 3333 2928 3040 2734 3099 2968 2961 3116 3006 3184 2733 3239 2752 2739 3081 3237 3066 3206 3333 3028 3141 3340 2972 3311 3221 3056 2999 3147 3113 2940 3049 2657 2758 3111 3239 3348 2913 2801 2890 2868 3121 3140 2776 3264 3065 3394 3332 3002 3110 3318 2910 3126 3247 3019 3246 3083 3041 3001 3427 3430 3004 2710 2960 3187 2941 3377 2695 3358 3142 3184 3539 3170 2948 2912 2569 3183 3253 3294 2994 3186 2918 2828 3089 3535 2851 3368 2831 3079 3386 2981 3007 2962 3102 3115 3110 3330 3479 3253 2746 3515 3164 3115 3015 3146 2907 3021 3007 3109 3304 2769 3377 2691 3315 2708 3200 2742 3247 3051 3105 3253 3166 2934 2746 3123 3024 3280 3427 3184 3232 3059 2964 3090 3159 2904 2758 2838 3141 3321 3139 3145 3128 3080 3256 2983 2703 3167 3078 3201 3237 3180 3175 3171 2912 2823 2887 3031 2841 2872 3041 3136 3113 2883 2806 2988 3170 3124 3308 2994 3060 3210 3115 3193 3215 2959 3010 3085 3075 3022 3154 2911 2987 2879 3081 2968 3297 2979 2925 3265 3209 3087 3058 3550 2981 3012 3040 3144 2969 
3013 3204 3396 3042 2935 3347 2960 3135 3129 3171 3134 3152 3520 2843 3079 3004 3441 3168 2730 3146 3125 3644 3249 3176 2985 3311 3048 2844 3010 3325 2861 3067 2994 3249 3520 3290 3159 3001 2827 2905 2774 3213 2768 3082 3274 3068 3240 3436 2896 3216 3288 3328 3439 3360 2913 2956 3245 2976 2938 2983 3230 2960 3172 2670 3243 2862 2936 3091 3072 2883 3461 3272 2959 3021 3203 3008 3208 3279 3092 2941 3115 3031 2975 3025 2933 2704 3023 3520 3355 2871 3094 3031 2812 3151 3318 2894 3226 3009 3168 3348 3060 3154 3062 2953 3222 3324 2906 3132 3177 3140 2761 3627 3498 2947 2868 3126 3473 3115 3280 2746 3390 3150 3027 3444 3248 2820 3094 2589 2989 3134 3164 3184 3000 2726 2977 3020 3466 2961 3174 2856 3223 3247 3227 3034 2962 3085 3081 3137 3298 3272 3126 2851 3411 3139 3272 3009 3345 2816 3064 3102 3126 3334 2992 3098 2794 3080 2760 3151 2852 2973 2983 3444 3007 3335 2788 2957 2984 3322 3317 3480 2907 2909 3158 2937 3181 2967 3023 3142 3081 3094 3027 3315 3189 3166 3160 3348 3204 2961 2976 3149 3034 3194 3268 3203 3116 2847 2995 3007 3218 2901 2993 3393 3175 3133 2888 2617 3150 3120 3095 3381 2946 2866 3388 3006 3041 3233 3051 2999 3102 3295 3175 3215 3078 2879 3113 3096 2826 3296 3022 2891 3219 3215 3038 2908 3194 3091 2993 2923 3068 2962 
2972 2994 3167 2760 2708 3061 2867 2816 3024 3114 2947 2930 3398 2716 3038 3031 2967 3005 2645 3042 2841 3318 2881 2950 2786 3108 2828 2615 2825 2824 2599 2758 2801 2948 3140 2944 2848 2769 2704 2535 2663 2855 2581 3191 2769 2944 3256 3132 2698 3028 3024 2973 3071 3107 2864 2822 2768 3035 2698 2783 2910 2851 2752 2521 3085 2577 2834 2712 2976 2925 2970 2914 3023 2905 3221 2962 2933 3063 2962 2778 2819 2683 2818 2979 2615 2505 2968 2889 3337 2920 2802 2846 2613 2852 2983 2577 3131 2901 2974 3134 2737 2927 2960 2524 2844 3129 2740 2982 2857 2900 2716 3363 3332 2827 2620 2796 3235 2673 3108 2592 3266 2563 2870 3329 3142 2772 2836 2414 2928 2880 3034 2890 2835 2633 2950 2649 3200 2839 3044 2826 2721 3162 2739 2989 2775 2942 2809 2744 2965 3085 2899 2539 3210 2751 3051 2835 2929 2676 2763 2821 2753 3078 2609 3102 2466 2753 2630 2995 2684 2755 2828 3207 3029 3014 2719 2618 2747 3031 2769 3246 2821 2894 2888 2876 2863 2767 2784 2747 2795 2790 2900 3241 2906 2970 2881 3326 3007 2702 2916 2979 2941 2990 2972 3097 2713 2723 2780 2838 2993 2634 2634 2882 3036 3150 2705 2739 2788 3046 3142 2955 2822 2764 3052 2801 2967 2983 2954 2886 2829 2862 2901 2961 3091 2698 2965 2914 2649 3030 2758 2847 2857 2923 2863 2755 3203 2848 2707 2722 2943 2586 
2903 2976 3205 2903 2668 2996 3061 3073 3115 3131 3070 2892 3366 2629 2841 2648 2956 3062 2525 3072 2822 3222 2962 3117 2789 3338 2918 2783 2808 2939 2697 2626 3009 2837 3230 2991 2917 3002 2687 2791 2568 2822 2822 2919 2811 3057 3118 3109 2786 3014 3153 3139 3233 3283 2833 2788 2911 2982 2841 2877 2936 3003 3047 2465 3052 2581 2777 2807 3154 2974 2983 3056 2967 3098 3145 2889 2901 3198 3051 2819 2765 2874 2936 2977 2831 2542 2866 2894 3132 2763 2870 2975 2497 3026 3136 2708 3004 2830 2945 3100 2944 3053 2910 2657 2704 2999 2951 3042 2709 3065 2727 3406 3391 2714 2650 2940 3105 3022 3130 2638 3227 2741 2842 3345 3148 2762 2840 2524 2914 2940 2969 2792 2810 2821 3182 2790 3309 2717 3210 2593 2911 3016 2990 2913 3027 3235 2807 3044 3028 3207 2943 2549 3295 2923 3158 2873 2906 2710 2819 2828 3041 3248 2761 3104 2574 2656 2553 2855 2677 2943 2826 3127 2828 3135 2724 2873 2883 3158 2919 3368 3147 2945 2792 2995 2834 2880 2525 2752 2908 3101 3162 3076 3050 2876 3060 3370 2799 2876 3083 3090 2843 3093 3173 3218 2931 2822 2775 2774 3173 2675 2923 3091 3217 3065 2753 2551 2923 2943 2891 3118 2709 2964 3034 2651 2861 3024 3052 2517 2830 2993 2659 2935 2724 2855 2898 3039 2844 3128 2920 2923 3180 3140 2986 2930 3218 2932 2774 2617 2975 2853 
3203 3454 3424 3055 3028 3370 3201 3179 3239 3147 3243 3282 3406 3099 2966 3074 3408 3453 2970 3036 2923 3504 2960 3217 3079 3356 2986 2918 2908 3083 3051 3203 3022 3212 3361 3055 2935 2951 2936 2909 2838 3273 2930 3369 3308 3036 3250 3639 2889 3176 3421 3111 3496 3537 3206 2941 3084 3298 2918 3027 3304 3159 3024 2524 3298 2858 2868 3110 3104 3155 3459 3292 3089 3269 3256 3141 3367 3288 3500 2878 3291 2971 3237 3266 2898 3037 3194 3096 3498 2964 3010 2959 3041 3027 3353 2564 3356 3136 3307 3353 2986 3166 3215 2983 2854 3305 3186 3231 3095 3322 3122 3323 3728 2942 2858 3054 3547 3089 3548 2774 3426 3154 3217 3699 3381 2903 3051 2693 3299 3028 3312 2899 3103 2972 2997 3278 3385 3084 3513 2996 3288 3386 2993 3178 3148 3096 2955 3306 3293 3636 3137 2734 3417 3156 3448 3219 3141 3050 3130 3248 3186 3502 3097 3310 2779 3282 2795 3366 2909 2968 3369 3320 3239 3290 3062 3077 2891 3149 3196 3334 3142 3117 3209 3059 3361 3277 2811 3023 3041 3259 3424 3316 3108 2928 3057 3379 3213 3064 3203 3122 3236 3498 3338 3457 3028 3020 3084 3054 3129 2964 3010 3363 3316 3374 2825 3088 3297 3077 3152 3325 3134 2978 3349 3034 3304 3455 2909 2966 3125 3138 3263 3302 3156 2887 3232 3160 2881 3492 3116 2893 3208 3237 3138 3043 3384 3225 3084 3036 3288 2928 
2982 2920 3157 2670 2835 3162 3115 2792 2843 2770 2835 2895 3395 2733 2683 3003 3112 3025 2478 2913 2656 3094 3055 2681 2735 3132 2993 2877 2854 3013 2567 2680 2791 3195 3132 3023 2885 3101 2470 2701 2737 2886 2584 3002 2802 2886 3181 3312 2689 3018 2983 3088 3103 3245 2805 2769 2885 3044 2821 2760 3006 2697 2796 2529 3010 2755 2765 2773 2857 2974 2890 3086 2913 3100 2980 2718 2936 3117 2818 2889 2928 2862 2711 3088 2663 2695 2907 3080 3161 2839 2608 2903 2606 2853 3105 2652 2980 2981 3025 2958 2778 2952 2953 2773 2734 3021 2840 3070 2614 2853 2719 3336 3227 2571 2586 2779 2965 2768 3111 2582 3222 2855 2816 3301 3063 2644 2955 2456 2847 3027 3150 2854 2685 2522 3006 2890 3025 2865 3195 2697 2898 3114 2857 2918 2999 2790 2748 2847 3037 3223 2774 2659 3167 2914 3095 2842 2798 2571 2668 2930 3052 3075 2891 3139 2469 2821 2716 2784 2526 2938 2857 3110 2954 3089 2852 2775 2731 2918 2672 3284 3051 3058 3087 2873 3026 3103 2864 2641 2863 2985 2941 3031 2787 3054 2986 3328 2983 2923 2890 2830 2859 3034 3074 3008 2827 2755 2906 2829 2983 2804 2689 2904 3195 2981 2616 2760 2840 2832 3009 3131 2840 2658 2923 2852 2859 3052 3000 2616 2729 2851 2978 2962 2786 2728 3027 2910 2856 2931 2689 2849 2947 2968 2842 2798 3262 2958 2804 2741 3017 2583 
2888 3149 3058 2817 2913 3153 3139 2977 2883 2954 2672 3046 3398 2736 3021 3190 3107 3246 2685 2779 2590 3308 2965 2824 2812 3282 2851 3023 2942 2948 3020 2757 2866 2959 3081 2897 2976 3068 2659 2747 2869 3187 2759 3022 3054 2977 3054 3230 2530 2991 3090 3008 3326 3378 2954 2969 3049 2899 2616 2919 3218 2967 2788 2441 2968 2747 2704 2761 3005 2796 3216 3056 2997 3041 3325 2750 2882 3127 2979 2722 3012 2731 2885 2955 2563 2591 2960 2944 3273 2867 2815 2771 2623 3110 3155 2721 3088 2866 3038 3221 3172 3017 3037 2619 2738 2996 3094 3101 2821 2927 2870 3283 3265 2796 2542 2833 3125 2862 3222 2581 3225 2942 2738 3392 3059 2520 2799 2649 2917 3031 3033 3058 2861 2752 3037 2848 3370 2901 3010 2607 3020 3093 2888 2966 3152 3117 2750 2945 3012 3131 2815 2708 3294 2900 3060 2845 2933 2675 2925 2943 3061 3367 2753 3190 2592 2916 2657 3016 2475 2957 2944 3211 3078 3012 2627 2962 2705 3194 3163 3277 2891 2735 3019 3088 3139 3208 2789 2797 2788 3095 2905 3209 3020 2872 3026 3087 2863 2874 2735 2966 2768 3273 3028 2897 2944 2680 3003 2906 2972 2738 2897 2929 3373 3203 2838 2601 2924 2887 3066 3130 2957 2760 3258 2867 3216 3025 3059 3003 2862 2823 2808 3072 2875 2745 3002 2767 2872 3097 2700 2878 3121 3237 2815 2565 3193 2967 2831 2649 2998 2932 
2842 3060 3257 2908 2829 3064 3021 2871 2969 2886 2879 2919 3314 2977 2871 2875 3072 3284 2594 2822 2805 3258 2997 2897 2901 3174 3035 2764 2671 3126 2821 2760 2827 2934 3180 3153 3059 3057 2574 2917 2858 2861 2678 3203 2935 2865 3189 3195 2676 3186 3211 3118 3156 3094 2974 2878 3116 3075 2799 2927 3042 2903 3060 2564 3099 2791 2827 2792 3030 2800 3056 3129 2807 3117 3090 2946 3073 3218 2805 2830 2957 2799 2902 2962 2865 2626 2891 3157 3310 2806 2974 3282 2804 2958 3190 2684 3111 2957 3097 3171 3090 2981 2957 2676 3042 3080 2959 3087 2851 2761 2790 3290 3300 2637 2517 3069 3208 3103 3106 2751 3308 3149 2918 3352 3273 2620 2949 2590 2996 3221 3093 2792 2665 2845 2975 3013 3084 2820 3275 2709 2931 3183 2874 3098 2988 2845 2922 2951 3055 3334 2819 2791 3204 2805 3237 2756 2849 2605 2830 2944 3093 3129 2911 3204 2353 3043 2753 3021 2692 2872 2861 3243 3049 3085 2851 2867 2761 3141 2960 3283 2871 3019 3142 2800 2957 3014 2768 2997 3013 3248 2964 2981 2851 3080 2917 3369 3122 2806 2956 2861 2952 3149 3000 3025 2780 2726 2704 2996 3052 2696 2884 3054 3215 3000 2692 2803 2941 2822 2973 3170 2930 2989 3224 2957 3066 3233 3091 2693 2758 2880 2828 3161 3071 2617 2628 2993 2843 3197 2726 2800 3172 3152 2927 2983 3196 3102 2837 2838 3140 2780 
3342 3267 3180 3021 2975 3237 3224 3100 3062 3082 2981 3136 3766 2998 3070 3087 3345 3220 2873 3195 3087 3357 3188 3225 3110 3242 3092 2894 2830 3177 3086 2774 2869 3076 3162 3213 2991 3016 2778 2839 2790 3157 2851 3059 3173 3002 3138 3568 3036 3273 3410 2999 3281 3333 3144 2995 3023 3061 2959 3108 3462 3119 3070 2502 3356 2789 2832 3076 3122 3052 3358 3007 3116 2980 3438 2914 3322 3146 3253 2996 3159 3294 3107 3312 2753 2722 3058 3376 3434 2906 2805 2987 2803 3026 3099 2813 3351 3105 3019 3357 3125 3368 3136 2759 2996 3017 3269 3302 3130 3155 2924 3433 3352 3143 2707 2921 3413 2928 3273 2657 3314 3062 3225 3479 3378 2634 2944 2659 3090 3167 3338 3072 2922 2898 2955 3197 3324 2839 3293 2765 3273 3305 3185 2923 3258 2915 3016 3216 3182 3260 3017 2717 3343 3042 3365 2853 2893 2986 2937 3253 3212 3449 2829 3388 2759 3328 2583 3280 2868 3210 2964 3291 3187 3384 3212 2881 3079 3145 3131 3655 3118 3191 3166 2964 3191 3109 2936 2957 2788 3438 3239 3180 2980 3214 3200 3557 3230 3135 3101 3046 3182 3227 3221 3160 3374 2984 2943 3056 3292 2971 3084 3030 2995 3135 2749 2950 2982 3046 3199 3154 2904 3200 3257 3157 3076 3368 3040 2945 3013 3204 2989 3342 3127 3027 3080 3067 2926 3513 2962 2798 3178 3325 3154 2947 3307 3065 2937 2834 3254 2931 
3023 3410 3409 2894 2878 3290 3152 3141 3109 3267 3140 3135 3636 2907 3238 3183 3381 3372 2856 3201 3085 3456 3137 3159 3123 3468 3026 2875 2858 3154 2958 3026 3036 2944 3383 3009 2941 3033 2982 2804 2805 3362 3117 3339 3358 3055 3432 3552 2835 3174 3549 3195 3658 3548 3039 3090 3074 2997 2867 2673 3250 3263 3247 2536 3116 2846 3113 3116 3184 3140 3327 3492 3166 3306 3458 3102 3033 3163 3042 3050 3155 2838 2929 3110 2718 2717 3185 3325 3469 3165 2993 3062 2958 2964 3155 2982 3099 3159 2985 3625 3069 3212 3261 2916 3154 3271 2996 3196 3055 3291 2852 3666 3598 2892 2918 2972 3351 2974 3439 2898 3593 3102 3124 3653 3454 2887 3016 2664 3157 3166 3224 2996 3247 3067 3121 3012 3543 3008 3216 2906 3215 3426 3164 3365 3117 2999 3341 3322 3156 3331 3262 2751 3347 2964 3234 3105 3209 3003 3121 3181 3002 3308 2969 3543 2702 3175 2686 3150 2725 3158 3157 3467 3208 3184 2952 3082 3065 3226 3185 3583 3198 2968 2984 2929 3204 3243 2905 2940 3060 3381 3212 3386 3137 3157 3116 3357 3296 2968 3073 3119 3159 3376 3204 3105 3179 3092 2732 3110 3199 2955 3071 3308 3316 3294 2777 2778 3060 3028 3282 3296 2912 2870 3272 3050 3262 3284 3160 3094 3035 3108 3029 3160 3220 2845 2952 3225 3042 3276 3049 3095 3294 3419 3244 2889 3310 3154 3058 2892 3163 3105 
3285 3319 3471 3119 3111 3354 3463 3354 3370 3289 3091 3139 3810 3112 3182 3230 3358 3307 3014 3249 3154 3574 3168 3343 3269 3616 3335 2986 3044 3250 3180 3349 2964 3266 3374 3266 3330 3179 2920 3015 2673 3357 2839 3288 3418 3075 3334 3580 3030 3269 3274 3198 3660 3453 3140 2989 3107 3295 2957 3093 3283 3153 3319 2590 3246 3137 2903 3169 3270 3321 3344 3545 3491 3342 3597 3199 3319 3552 3275 3285 3066 3009 2976 3570 2830 2914 3199 3104 3453 3264 3047 3096 2762 3034 3216 2812 3286 3205 3435 3694 3118 3306 3267 3009 3070 3382 3081 3208 3133 3354 3186 3451 3520 3074 2947 3014 3370 2994 3655 2566 3399 3133 3136 3736 3520 2969 3022 2672 3188 3127 3366 3267 3047 2984 3156 3265 3695 2995 3465 3078 3300 3569 3254 3189 3406 3375 3316 3234 3420 3515 3264 2930 3527 3270 3458 3110 3048 2916 3058 3300 3306 3184 3124 3435 3019 3182 2906 3339 3118 3219 3255 3585 3343 3442 2959 3044 3102 3407 3541 3771 3451 3151 3458 3122 3185 3220 2842 3015 3080 3256 3320 3320 3398 3364 3319 3511 3195 3179 3130 3267 3277 3472 3176 3237 3367 2891 3097 3064 3270 3174 3366 3205 3352 3374 3032 2906 3283 3057 3147 3400 3033 3105 3407 3228 3257 3295 3163 3140 2998 3122 3244 3134 3285 3087 3348 3374 3118 3221 2981 3122 3405 3353 3186 3192 3593 2957 3251 2843 3218 2973 
2767 3161 3014 2839 2710 2949 2862 2887 2912 3087 2920 2881 3468 2611 2692 3081 3021 3042 2586 2759 2899 3305 2775 2977 2703 3200 2723 2764 2724 2816 2871 2715 2934 3005 3169 2927 2952 2664 2595 2577 2632 3036 2708 3014 2930 2979 3029 3128 2764 3031 3134 3094 3093 2945 2772 2601 2850 2809 2669 2850 2988 2878 2925 2545 3099 2797 2872 2795 2846 2571 3368 2856 2930 2938 3189 2970 3203 3026 2958 2756 2812 2694 2808 3032 2717 2742 2832 2880 3282 2793 2880 2983 2631 2807 3072 2586 3222 2807 2844 3014 2936 2886 2863 2702 2820 3139 2748 3244 2696 2779 2587 3211 3315 2571 2599 2865 3149 2818 3232 2587 3206 2660 2997 3341 3182 2690 2949 2559 2943 2716 2969 2886 2658 2831 2769 2839 3227 2796 2910 2815 2944 2876 2845 2812 2871 2789 2668 3093 2902 3314 2648 2804 3244 2894 3259 2802 3084 2660 2976 2762 2896 3074 2595 3120 2685 3125 2689 2957 2593 2598 2971 3154 2890 3128 2816 2669 2648 3226 3036 3299 2994 3008 2862 2823 3142 2804 2659 2904 2945 2936 2930 3055 2967 2945 2959 3328 3055 2842 2983 2986 2775 3100 2933 3064 2732 2885 2812 2919 2740 2776 2747 3010 3063 3127 2642 2655 2962 2801 3112 3040 2800 2777 3018 2771 3018 3104 3107 2787 2798 2967 2840 3075 2950 2764 2843 2935 2710 3130 2849 2774 2960 2991 2906 2561 3172 2919 2738 2723 3024 2734 
3181 3124 3249 2871 2767 3407 3217 3091 2864 3138 3102 3000 3429 3026 2914 2878 3176 3260 2820 3094 2852 3339 2927 3210 2921 3401 3104 2936 2717 2921 3055 2773 2886 2897 3236 3109 2941 3065 2691 2805 2847 3202 2941 3222 3131 3086 3230 3370 2564 3197 3306 3170 3372 3355 2874 2879 3018 3296 2953 2803 3176 3092 3008 2625 3069 2776 2842 3019 3140 2920 3216 3116 2985 3201 3154 3188 3002 3320 3029 2859 2993 2907 2815 3077 2912 2669 2974 3087 3428 2999 2991 3004 2841 2968 3317 2610 3115 3061 3199 3203 2996 3059 2910 2632 3134 2956 2993 3316 2857 3121 2881 3348 3338 2873 2719 2919 3079 3037 3126 2816 3337 3053 2986 3545 3378 2816 2887 2584 2850 3007 3162 3003 2886 2917 3019 3166 3500 2922 3183 2934 3039 3178 2983 3114 2994 2820 2866 3109 3159 3387 3045 2858 3365 3081 3184 2968 2933 2802 2836 3135 3087 3149 2705 3114 2643 2944 2759 2989 2855 2992 2923 3314 3032 3223 2908 2684 2881 3104 3063 3461 3157 2917 3136 2834 3080 3376 2773 2945 2956 3129 3277 3259 3055 2886 2945 3263 3075 3100 2858 2986 3064 3299 2993 3226 2920 2890 2736 2980 3055 2747 2975 3210 3383 3116 2685 2835 2994 2912 3019 3297 2956 2844 3022 2811 3197 3079 3146 2866 2788 3015 2953 2938 2988 2731 2800 2887 2977 2897 2867 2821 3189 3166 2783 3058 3292 2994 2895 2741 3069 2878 
3104 3100 3074 2744 2532 3136 2867 2984 3147 2992 2854 3058 3296 2841 2883 2753 3194 3008 2689 3042 2775 3300 2932 3136 2904 3291 2948 2700 2827 2898 2716 2739 2780 2965 3178 3030 2887 2861 2702 2668 2282 3002 2662 3052 2961 2787 3005 3211 2672 2917 3067 2968 3039 3132 2818 2734 2744 2947 2785 2789 2922 2899 2937 2436 2923 2669 2640 2966 2829 2921 3061 3049 2854 2988 3039 2875 3071 3114 2956 2677 3012 2821 2861 3036 2659 2772 2965 3001 3330 2888 2775 2876 2630 2814 2946 2484 3064 2760 2990 3109 2679 2728 2892 2660 2841 3058 2745 3003 2798 2825 2624 3139 3275 2708 2612 2761 3019 2634 3147 2549 3277 2858 2935 3228 3131 2746 2849 2474 2805 2871 3052 2816 2875 2631 2883 2743 3183 2745 3142 2733 2990 3210 2934 2846 2812 2825 2761 2901 3208 3137 2849 2536 3071 2844 3196 2942 2847 2815 2879 2982 2847 3047 2855 3076 2702 2882 2608 2918 2755 2749 2972 2946 3095 3078 2784 2815 2808 2991 3076 3369 2904 2837 3014 2740 3047 2805 2524 2719 2773 3003 3006 2981 3034 3049 2891 3301 2859 2933 3073 3128 2942 2987 3055 3126 2973 2865 2717 2690 2975 2663 2929 2999 3044 2840 2767 2699 2910 2939 3057 2906 2821 2792 2975 2776 2914 2888 2956 2678 2727 2995 2867 3102 2867 2783 2918 3046 2806 3002 2722 2872 3015 2996 2998 2787 3286 2974 2997 2716 3039 2738 
3323 3428 3402 2958 3110 3495 3298 3213 3353 3139 3055 3298 3701 3213 3239 3168 3333 3254 2956 3203 3302 3458 3274 3163 3086 3489 3165 3076 2915 3149 3100 2999 2957 3511 3469 3396 3151 3189 3044 2973 3033 3137 3088 3337 3322 3237 3086 3661 3011 3344 3468 3226 3499 3507 3086 2951 3157 3209 3051 3331 3300 3209 3100 2680 3552 3020 2978 3246 3138 3084 3583 3242 3144 3022 3479 3094 3271 3367 3266 3036 3172 3446 3011 3375 2799 3133 3137 3592 3360 3107 2942 3028 2768 3242 3377 2893 3359 3170 3242 3486 3241 3306 3202 2929 3067 3271 3229 3401 3306 3164 2983 3545 3494 2823 2760 3079 3601 3076 3546 2933 3378 3225 3315 3633 3438 2899 2933 2806 3047 3161 3463 3263 3125 2833 3160 3073 3466 2968 3478 3040 3297 3459 3395 3095 3275 3246 2919 3154 3361 3283 3077 2889 3460 3177 3368 2984 3202 3021 3003 3131 3535 3326 3056 3413 2796 3123 2876 3267 2910 3335 2975 3277 3364 3420 3178 3112 3194 3268 3199 3665 3398 3223 3340 3280 3223 3168 3075 3079 3096 3421 3281 3278 3196 3392 3242 3529 3109 3105 3109 3247 3346 3440 3236 3236 3321 3080 3100 3027 3265 3146 3252 3170 3337 3289 3140 2952 3172 3203 3348 3145 3122 3131 3369 3326 3255 3392 3189 3099 3087 3178 3113 3490 3183 3112 3247 3313 3049 3510 3227 3115 3364 3399 3118 3135 3592 3161 3170 3063 3324 3089 
3202 3330 3402 3166 3205 3564 3173 3240 3414 3301 3266 3304 3717 3200 3150 3349 3496 3398 2980 3252 3252 3718 3247 3479 3278 3524 3113 3068 3076 3210 3147 3181 3123 3286 3611 3452 3450 3290 3023 2979 2832 3173 3022 3225 3346 3139 3554 3501 3300 3349 3538 3194 3510 3571 3120 3181 3221 3291 3131 3108 3237 3366 3369 2642 3387 3133 3054 3095 3340 3189 3561 3432 3363 3238 3606 3244 3477 3686 3286 3110 3186 3195 3272 3383 2982 2885 3257 3251 3627 2981 3326 3263 2928 3147 3288 3025 3380 3339 3314 3684 3316 3341 3277 2971 3167 3330 3211 3378 3304 3194 3090 3617 3691 3082 2960 3149 3530 3191 3534 2717 3484 3204 3027 3702 3643 2939 3231 2882 3144 3205 3596 3398 3412 2920 3319 3204 3500 3023 3451 3157 3421 3404 3153 3135 3318 3353 3132 3558 3331 3545 3191 3039 3649 3208 3505 3231 3251 3042 3298 3253 3232 3619 3206 3371 2811 3192 2680 3259 2955 3159 3270 3521 3380 3630 3193 3043 3451 3455 3549 3753 3416 3214 3253 3183 3318 3198 2934 3254 3190 3472 3126 3519 3252 3360 3357 3657 3213 3428 3247 3324 3409 3670 3267 3295 3454 3098 2962 3130 3383 2945 3345 3399 3559 3493 2961 2933 3256 3220 3433 3491 3109 3039 3467 3230 3323 3415 3299 3084 3046 3374 3209 3408 3126 2935 3333 3331 3187 3524 3221 3176 3487 3520 3307 3353 3498 3125 3238 2990 3432 3005 
3102 3357 3419 3032 3003 3299 3105 3074 3227 3266 3278 3144 3555 2996 3201 3164 3195 3474 2953 3096 3075 3544 3196 3264 3030 3354 3183 3050 2998 3168 3054 2985 2957 3300 3361 3228 3241 2987 3075 2931 2731 3145 2851 3183 3298 3082 3424 3427 2939 3103 3401 3217 3324 3396 2977 2842 3201 3241 2975 3039 3294 3119 3226 2589 3233 2972 2916 3099 3284 3095 3311 3311 3377 3211 3450 3246 3304 3527 3421 2938 3140 2944 3018 3066 2920 2890 3044 3198 3568 3059 2958 3235 2945 3205 3490 2872 3295 3054 3290 3351 3028 3262 3270 2849 3232 3335 2978 3263 3000 3337 2998 3385 3577 3013 2848 3166 3310 3176 3486 2895 3566 3054 3381 3550 3521 2903 3108 2769 3206 3138 3346 3179 3005 3063 3090 3030 3422 3017 3412 2975 3237 3282 2995 3137 3227 3129 2983 3309 3097 3547 3184 2870 3547 2818 3617 3155 3196 3006 3167 3130 3408 3342 3150 3514 2784 3207 2905 3433 3008 2969 3314 3456 3281 3296 3036 3089 2967 3051 3212 3502 3139 3187 3325 3130 3257 3187 2834 2939 3149 3152 3129 3356 3122 3282 3255 3528 3392 3064 3091 3195 3204 3377 3259 3207 2968 2956 3087 3249 3239 2742 3115 3330 3410 3242 2775 2651 3060 3021 3123 3375 3186 3045 3349 3170 3076 3526 3222 3053 3089 3099 3069 3374 3216 3007 3291 3336 2801 3443 2986 3086 3319 3437 3122 3017 3623 2931 2794 2863 3121 2972 
3043 3290 3492 2971 2878 3466 3397 3201 3177 3293 3165 3256 3648 3131 3039 3114 3334 3405 2770 3040 3106 3411 3441 3287 3197 3604 3256 3037 2873 3133 3140 2843 2897 3045 3462 3283 3260 3207 2983 2993 2947 3253 3096 3398 3413 3258 3264 3660 3101 3222 3521 3418 3695 3629 3062 3025 3277 3308 3077 2936 3203 3317 3348 2670 3159 2868 2956 3401 3399 3370 3247 3560 3063 3271 3504 3311 3369 3612 3296 3046 3366 3227 3044 3229 3076 3066 3120 3270 3564 3143 3081 3154 2948 3186 3408 2970 3323 3239 3325 3532 3238 3355 3152 3078 3050 3215 3323 3402 3233 3249 2921 3532 3643 2962 2802 3260 3297 3167 3602 3105 3606 3274 3338 3730 3414 3019 3176 2889 3066 3139 3283 3000 3131 3084 3074 3119 3770 3051 3501 3252 3368 3405 3186 3106 3189 3385 3293 3374 3318 3476 3140 2916 3637 3097 3653 3151 3258 2974 3138 3218 3276 3443 3023 3398 2828 3419 2836 3109 3154 3257 3235 3379 3257 3531 3023 3104 3044 3122 3400 3670 3448 3151 3332 3028 3110 3256 2866 3053 3380 3397 3244 3572 2998 3316 3136 3576 3239 3257 3071 3351 3229 3325 3126 3345 3220 3047 2846 3209 3283 2958 3130 3124 3469 3355 2820 2823 3041 3172 3212 3302 3119 3111 3306 3250 3251 3475 3185 2908 3081 3304 3134 3201 2955 3316 3164 3302 3094 3388 3081 3197 3459 3293 3065 3105 3738 2960 3147 2994 3304 2962 
2920 3103 3284 2784 2766 3148 2897 3047 2976 3023 2957 2963 3241 2799 2757 2775 2973 2997 2698 3060 2813 3038 2973 3066 2894 3172 2967 2678 2652 2793 2886 2765 2758 2968 3047 2892 2624 2848 2738 2710 2555 2978 2660 2992 3066 2912 2996 3176 2873 3081 3165 2921 3152 3136 2833 2879 2702 2968 2901 2941 3119 2886 2906 2433 3284 2767 2789 3019 3053 2952 3025 2999 2835 3125 3197 2890 2941 3255 3067 2876 2804 2828 2861 3007 2633 2490 2990 3129 3246 2902 2935 2915 2740 2901 2919 2722 3078 2897 2973 3055 2795 3040 2898 2693 2831 3044 3040 2968 2963 3009 2771 3192 3342 2656 2700 2898 3117 2729 3166 2722 3122 3120 3063 3314 3035 2779 2898 2630 2869 2854 3054 2843 2866 2571 2807 2714 3319 2847 3170 2821 2963 3087 2964 3091 2791 3036 2865 3075 2979 3266 2968 2809 3426 2964 3085 2966 2970 2798 2919 2875 2944 3117 2701 3189 2554 2979 2593 2827 2695 2875 2824 3213 3128 3128 2736 2695 2896 3171 2990 3248 2956 2955 3054 3132 2921 2980 2839 2915 2922 3039 3139 2974 2971 2760 2949 3358 2857 3030 2900 2780 2815 3102 3005 3037 3104 2879 2928 2938 3035 2640 2859 2908 2901 3059 2662 2648 2940 2789 2821 3147 2822 2901 3113 2913 3071 3133 2936 2856 2909 3098 2802 3042 2981 2596 2862 2957 2755 2986 2831 2687 3193 2873 2954 2748 3054 2912 2947 2675 3027 2798 
3188 3466 3437 3080 3053 3441 3230 3059 3146 3319 3235 3328 3753 2957 3258 3323 3327 3279 3138 3353 3089 3484 3267 3302 3207 3580 3285 3120 3043 3176 3089 3233 3030 3116 3501 3259 3174 3068 2877 2755 2760 3169 2776 3277 3373 3171 3281 3555 3038 3204 3587 3214 3493 3559 3012 3258 3220 3276 3108 3199 3479 3262 3177 2669 3419 2890 3217 3290 3236 3408 3443 3515 3243 3234 3476 3252 3182 3366 3293 2958 3034 3225 3194 3288 3010 2915 3177 3327 3545 3042 3158 3151 2948 3355 3285 2839 3385 3268 3341 3554 3185 3209 3363 3043 3243 3401 3190 3262 3038 3222 3093 3519 3523 3093 2791 3035 3393 3073 3568 2759 3572 3113 3351 3623 3542 2728 3091 2734 3142 3400 3411 3175 3056 2895 3335 3140 3593 2998 3512 3044 3321 3355 3169 3142 3131 3299 2993 3347 3188 3420 3248 2911 3589 3057 3246 3059 3157 2931 3188 3293 3298 3401 2854 3345 2806 3285 3054 3435 3029 3236 3145 3575 3102 3430 2897 2962 3257 3346 3333 3646 3352 3165 3167 3240 3335 3358 2872 2940 3154 3211 3258 3205 3319 3283 3157 3466 3201 3282 3222 3003 3242 3379 3229 3043 3296 2898 2996 3202 3302 2913 3166 3310 3389 3363 3023 2647 3223 3350 3318 3265 3143 2993 3430 3178 3247 3320 3078 3103 3157 3183 3202 3180 3087 2981 3380 3112 2916 3424 3014 3017 3307 3519 3123 3057 3376 2993 3071 2860 3351 3009 
3199 3395 3425 3153 3220 3449 3437 3400 3422 3289 3303 3471 3761 3170 3197 3404 3436 3694 3027 3291 3187 3637 3145 3284 3148 3634 3261 3173 3019 3305 3157 3025 3086 3262 3567 3341 3105 3345 3000 2874 2866 3178 3072 3557 3371 3217 3367 3752 2960 3373 3437 3340 3555 3734 3247 3310 3262 3477 3169 2991 3341 3329 3138 2783 3519 3068 3012 3336 3410 3265 3740 3430 3296 3357 3419 3300 3524 3608 3400 3062 3420 3216 3054 3393 3009 3019 3248 3261 3687 3292 3277 3367 2865 3186 3401 2828 3403 3234 3442 3646 3192 3417 3344 3057 3041 3487 3287 3310 3294 3285 3178 3721 3878 3150 2999 3042 3464 2995 3659 2802 3777 3230 3255 3860 3581 3158 3072 2963 3078 3213 3279 3223 3349 2976 3308 3194 3729 3215 3312 3108 3273 3559 3461 3464 3407 3274 3078 3384 3382 3580 3230 2987 3574 3262 3457 3110 3256 3146 3140 3518 3156 3732 2989 3456 3052 3122 2966 3312 2915 3152 3236 3473 3613 3512 3110 3108 3212 3494 3463 3768 3379 3235 3376 3056 3320 3231 3119 3160 3134 3304 3307 3580 3248 3316 3359 3581 3140 3270 3313 3521 3208 3666 3305 3492 3446 3187 3134 3044 3360 2977 3118 3335 3555 3570 3055 3034 3022 3254 3515 3504 3203 3067 3395 3159 3531 3266 3404 3102 3175 3354 3171 3489 3280 2960 3157 3229 3208 3362 3130 3294 3403 3536 3202 3087 3515 3226 3300 3024 3474 2820 
3028 3268 3263 3025 2899 3095 3153 3230 3212 3323 3087 3073 3435 2882 3009 2925 3202 3191 2746 3306 3139 3268 2995 3204 2905 3496 3112 2944 2692 3041 2867 2964 2974 3081 3406 3235 3076 3061 2994 2820 2740 2894 2906 3143 3049 3095 3074 3409 2797 3175 3373 3116 3224 3233 3102 2859 3006 3046 2849 2877 3127 2994 3196 2666 3153 2881 2769 3131 3058 3083 3321 3076 2981 3115 3286 3086 3265 3432 3303 3009 2988 3070 2954 3195 2859 2744 2922 3138 3308 2945 2975 3203 2941 3039 3309 2705 3126 3097 3275 3487 2988 3220 2947 2846 3164 3267 3008 3182 3032 3122 2823 3349 3400 2771 2879 2980 3431 3134 3399 2669 3608 3032 3215 3615 3347 2916 2973 2748 2878 3288 3048 3083 3006 2986 2886 3064 3387 3035 3131 2958 3042 3376 2964 3072 2937 3133 2979 3136 3151 3188 3095 2798 3325 2896 3300 3012 3158 2997 2746 3102 3088 3218 2914 3315 2833 3299 2827 3142 2932 3019 2919 3341 3049 3153 2768 2862 3161 3297 3107 3633 3279 3070 3022 3010 2986 3005 2717 2958 3130 3212 3287 3266 3084 3349 3272 3472 3174 2788 3157 3223 3207 3236 3093 3039 3025 3011 3013 2981 3118 2909 3180 3381 3401 3148 2907 2801 2926 3040 3093 3233 2809 3103 3150 3082 3099 3325 3210 2938 2788 2991 2765 3159 3076 2768 3006 3062 2687 3269 2878 3138 3207 3102 3159 2967 3397 3092 2996 2925 3128 2968 
3025 3172 3504 3185 2959 3342 3284 3234 3197 3404 3101 3084 3642 3247 3078 3020 3341 3307 2899 3277 3142 3296 3168 3395 3051 3567 3332 3051 2965 3194 3169 3070 3111 3209 3424 3346 3303 3023 2948 3007 2842 3365 3031 3327 3435 3221 3383 3551 2907 3307 3407 3328 3456 3527 3106 3152 3135 3116 3014 3349 3475 3206 3408 2920 3336 2893 3070 3355 3436 3115 3263 3460 3211 3163 3355 3184 3321 3485 3181 3082 3241 3357 2954 3328 3156 2884 3177 3214 3547 3152 3118 3112 3122 3091 3286 2788 3291 3116 3201 3446 3186 3341 3388 2769 3190 3263 3291 3392 3197 3213 3097 3586 3361 2892 2735 3058 3249 3150 3511 2798 3618 3186 3261 3630 3562 2819 3198 2724 3130 3263 3304 3319 3022 3085 3128 3070 3596 2991 3591 3063 3069 3208 3063 2930 3266 3248 3033 3336 3248 3423 3211 2851 3495 3076 3382 2989 3089 2885 3125 3285 3335 3319 2886 3432 2958 3297 2760 3340 3011 3279 3167 3398 3307 3261 3050 3012 3092 3382 3177 3716 3378 3216 3317 2948 3093 3258 2860 3105 2995 3398 3289 3339 3066 3397 3221 3713 3360 2964 3136 2981 3293 3450 3180 3157 3066 3091 3066 3192 3172 3000 3160 3242 3452 3182 3069 2936 3116 3190 3324 3294 3119 3159 3249 3191 3164 3349 3274 3059 2976 3284 2896 3150 3111 3019 3158 3233 3127 3312 2951 3182 3504 3303 3198 3179 3561 3133 2948 2965 3318 3003 
2646 2870 2919 2555 2614 2918 2767 2848 2732 2790 2563 2706 3063 2400 2556 2645 2830 2764 2427 2815 2593 2888 2659 2720 2646 3050 2796 2453 2369 2710 2599 2481 2623 2788 3015 2747 2595 2762 2392 2469 2385 2561 2552 2770 2829 2689 2845 3111 2462 2839 2983 2691 2993 3044 2632 2504 2718 2685 2530 2597 2904 2781 2725 2172 2659 2696 2468 2640 2874 2658 2921 2689 2704 2780 2911 2516 2669 2969 2815 2717 2662 2656 2679 2702 2342 2441 2464 2641 2812 2500 2513 2485 2466 2679 2876 2582 2716 2738 2682 2929 2675 2920 2582 2496 2541 2732 2663 2620 2627 3068 2471 3143 2982 2433 2613 2449 2895 2536 2967 2402 2889 2531 2669 3154 2902 2507 2687 2445 2648 2618 2762 2703 2625 2572 2652 2590 3024 2643 2979 2412 2862 2835 2598 2630 2548 2810 2649 2631 2967 2900 2492 2465 2949 2502 2896 2640 2820 2453 2586 2578 2874 2737 2669 2815 2333 2621 2495 2706 2434 2778 2587 2781 2652 2783 2443 2563 2595 2996 2644 3131 2887 2755 2636 2579 2777 2805 2446 2487 2746 2706 2868 2757 2816 2845 2759 3026 2559 2628 2534 2700 2634 2905 2710 2773 2470 2634 2589 2535 2791 2416 2752 2960 3012 2774 2546 2221 2717 2574 2783 2770 2339 2649 2795 2748 2784 2891 2721 2622 2611 2601 2495 2716 2906 2479 2832 2786 2621 2905 2640 2759 2742 2916 2620 2689 2764 2634 2606 2391 2653 2618 
2912 3104 3054 2970 2700 3151 3082 3156 2939 3174 3060 3023 3334 2733 2841 2874 3015 3109 2760 2933 2865 3233 2930 3210 2980 3191 2893 2704 2583 2835 2801 2621 2803 2855 3036 3034 2772 2835 2659 2683 2617 2927 2729 2999 2808 2942 3136 3121 2781 3070 3122 2893 3300 3240 2699 2934 2930 2787 2803 3072 2886 2985 3018 2326 3084 2628 2918 2894 2986 2926 3267 2885 3013 3062 3301 2983 3204 3138 3101 2752 2839 2867 2911 2732 2903 2497 2875 2908 3392 2874 3018 3068 2747 2883 2959 2724 3133 2824 3007 3261 2882 3095 2979 2558 2714 2780 2853 3083 2801 3012 2672 3282 3255 2839 2547 2882 3096 2897 3204 2633 3107 2936 2902 3448 3324 2837 2754 2640 2848 2864 2981 2860 2875 2669 2938 2819 3170 2711 3099 2681 2959 3058 2764 3069 3019 3011 2701 3220 2981 3102 2805 2622 3147 2690 3129 2799 2995 2671 2959 2896 2991 3112 2679 3036 2579 2995 2567 3007 2684 2901 2948 3058 3050 3049 2787 2722 2822 3280 3049 3198 2971 2860 2828 3013 3104 2785 2726 2773 2865 3004 3009 3080 2756 3075 2909 3285 2804 2847 3049 3072 3070 3023 2979 2944 2802 2714 2861 2807 3052 2717 3010 2933 2898 3176 2585 2584 2777 2777 2919 2985 2746 2707 2919 2636 3011 3002 3052 2811 2721 2964 2566 3038 3007 2419 2796 2876 2665 3086 2847 2730 3115 3145 2965 2695 3255 2855 2671 2620 3060 2877 
2767 3339 3119 2906 2707 3067 2961 2872 3001 3231 2829 2968 3484 2933 3112 2974 3303 3170 2726 3022 2944 3305 2974 3096 2904 3344 3132 2760 2901 3042 2909 3024 2883 3053 3239 3017 3028 2825 2841 2883 2866 2832 2838 3107 2933 2967 3263 3297 2884 3145 3030 3119 3253 3140 3036 2840 2913 2909 2602 2868 3131 3048 2978 2590 3064 2798 2614 2834 3236 2789 3253 3051 3179 3111 3362 2908 3134 3167 3058 3031 2927 2817 3021 3301 2609 2552 2987 3115 3322 3046 2884 3154 2803 3019 2922 2618 3075 3077 3098 3208 3033 3205 3043 2783 2860 3224 2965 3033 2997 3102 2850 3345 3603 2920 2692 3036 3404 2934 3232 2704 3240 2907 3010 3549 3250 2823 2843 2724 3043 2919 3120 2843 2933 2708 2964 3021 3263 2861 3113 2917 3020 3369 2902 3031 2830 3050 2865 3131 3170 3229 2915 2876 3478 2984 3224 2952 2893 2722 3099 3187 3063 3174 3064 3197 2582 3017 2827 3004 2631 2903 2832 3229 3098 3265 2793 3019 2823 3218 2961 3400 3112 3039 3111 2830 3036 3006 2800 2898 2811 3153 2868 3272 2969 3085 3124 3494 3105 2913 3069 3212 2804 3063 3013 3196 2839 2746 2748 3059 2922 2811 3066 3022 3041 3175 2730 2663 3060 3042 3119 3021 2725 2881 3110 2962 3130 3308 3142 2990 2909 2995 2986 3154 2952 2748 2906 2919 2835 3479 2769 2983 3144 3164 3116 2868 3393 3147 2991 2676 3077 2685 
2677 2884 3000 2663 2496 2960 2840 2728 2576 2915 2541 2751 3043 2516 2707 2642 2914 2874 2480 2647 2732 2864 2738 2620 2666 3168 2805 2418 2771 2608 2620 2610 2574 2792 2906 2653 2707 2818 2700 2475 2497 2870 2575 3052 2757 2766 2910 3023 2496 2684 2912 2765 3075 3114 2693 2827 2464 2730 2442 2478 2821 2766 2882 2415 2736 2588 2396 2642 2727 2580 2926 2910 2952 2839 2919 2758 2887 2878 2855 2704 2794 2450 2657 2804 2402 2303 2788 2755 2887 2814 2560 2680 2512 2587 2883 2550 2805 2710 2712 3061 2782 2799 2898 2352 2599 2835 2656 2865 2846 2809 2619 3203 3120 2378 2530 2674 3181 2689 3235 2435 2961 2562 2674 3082 2800 2699 2543 2478 2668 2774 2881 2631 2778 2532 2787 2587 2940 2630 2724 2449 2674 2723 2639 2815 2882 2562 2723 2863 2753 2919 2595 2467 2971 2655 2858 2837 2848 2560 2500 2746 2880 2891 2684 3027 2440 2726 2346 2518 2455 2757 2824 2904 2712 2768 2698 2717 2597 3086 2733 3190 2857 2777 2627 2667 2709 2576 2653 2663 2738 2906 2839 2919 2947 2906 2845 3036 2850 2684 2794 2891 2788 2940 2875 2882 2714 2702 2636 2517 2901 2615 2869 2682 2989 2896 2504 2512 2667 2535 2922 2903 2598 2592 2653 2517 2943 2689 2723 2503 2660 2777 2679 2777 2869 2425 2774 2858 2679 2873 2543 2752 2855 3002 2844 2536 3195 2781 2681 2577 2803 2480 
2865 3148 3207 2877 2572 3108 3032 3042 3020 3003 3032 3237 3370 2838 2816 2790 3180 3286 2643 3076 2853 3167 3212 3079 2758 3098 3010 2741 2904 2987 2717 2777 2971 3094 3249 3004 2971 2927 2833 2809 2587 2849 2868 2929 3117 2963 3099 3425 2939 2871 3105 3216 3320 3028 2861 2735 2829 2956 2734 2710 2914 3133 2951 2465 3081 2620 2887 2866 3054 2923 2952 3192 2863 3329 3020 3022 3034 3209 2945 2853 2888 2744 2777 2990 3051 2475 2824 3146 3236 2897 2912 3009 2613 2944 3049 2664 3106 3062 3010 3243 2976 3044 2946 2652 2813 3228 3056 3106 2693 3100 2662 3311 3354 2917 2726 2908 3226 2780 3029 2774 3368 2908 2917 3629 3097 2754 2926 2722 2928 2816 3054 2699 2974 2795 3086 2814 3330 2822 3124 2879 2914 3230 3039 3001 2972 3176 2856 3005 3146 3210 3092 2681 3184 2957 3300 2920 2939 2639 2824 3111 2970 3231 2819 3311 2695 2950 2734 2930 2701 2979 2801 3391 3081 3202 2750 3076 3043 3011 3043 3283 3285 2933 2949 2836 2806 3050 2602 2909 2967 3085 2911 3074 2846 3056 2915 3369 3061 2965 3220 3017 2802 3074 3171 2962 2879 2817 2804 2937 3231 2851 3113 3193 3183 3196 2742 2547 2809 2860 3162 3213 2923 2778 3066 2910 2933 3110 3173 2864 2875 2791 2814 3011 2971 2578 2888 2954 2945 3027 2871 2984 3129 2985 3098 2661 3274 3053 2964 2716 3056 2851 
3034 3313 3227 2957 2953 3341 3158 3065 2968 3252 3103 3304 3585 3023 2856 3074 3245 3338 2876 3046 3078 3363 3224 3129 2953 3365 3342 2862 2956 3107 3081 2949 2864 3200 3456 3168 3178 3087 2805 2716 2799 3286 2923 3121 3169 3274 3214 3502 2927 3091 3285 3203 3417 3374 2997 3002 3195 3074 3026 3069 3196 3158 3180 2647 3314 3024 2854 3008 2983 3215 3302 3280 2993 3286 3256 3038 3273 3263 3203 2953 3169 3041 3040 3137 2799 2733 3015 3362 3288 2831 3013 3135 2749 3014 3227 2775 3392 3174 3208 3215 3246 3334 3228 2814 2881 3265 2994 3279 3148 3079 2782 3391 3460 2886 2721 3145 3450 3097 3442 2652 3372 3218 3014 3535 3276 2976 3109 2773 3126 3106 3182 3090 2889 2820 3062 3055 3423 3165 3238 2955 3310 3327 3035 3064 3258 3102 3221 3035 3211 3427 3142 2768 3365 3048 3395 2867 3188 2539 2953 3167 3424 3271 2898 3307 2743 3145 2721 3184 2945 3273 3010 3312 3249 3254 3007 2990 2800 3298 3177 3598 3128 3172 3204 3245 3096 2962 3019 3019 2943 3067 3090 3335 3166 3206 2922 3376 3415 3047 3187 3069 3434 3404 3165 3170 3091 2583 2883 2982 3097 2907 3143 3186 3405 3303 2784 2819 3109 3031 3210 3382 3106 2978 3320 3156 3112 3362 2998 3113 3099 2957 3149 3276 3190 2967 3271 3233 3089 3245 2893 2874 3214 3290 3162 2890 3367 2979 3059 2931 3143 3011 
3386 3594 3601 3357 3226 3545 3692 3513 3274 3503 3281 3415 3792 3295 3319 3292 3694 3711 3029 3454 3425 3607 3511 3178 3196 3882 3320 3318 3135 3369 2992 3177 3264 3488 3789 3266 3570 3452 3006 3053 3068 3455 3055 3495 3399 3533 3511 3808 3039 3690 3493 3657 3712 3699 3414 3248 3552 3522 3111 3209 3618 3358 3340 2940 3423 3070 3012 3286 3369 3314 3656 3650 3404 3456 3642 3230 3529 3536 3474 3112 3146 3169 3380 3572 3095 3136 3442 3516 3592 3326 3303 3361 2990 3432 3644 3069 3626 3301 3383 3686 3311 3598 3463 3034 3327 3540 3416 3508 3223 3315 3119 3964 3818 2953 3034 3314 3837 3280 3542 3147 3814 3209 3262 3770 3611 3235 3299 3062 3291 3452 3549 3232 3275 3181 3553 3338 3677 3438 3441 2995 3400 3605 3390 3268 3351 3475 3176 3563 3503 3447 3245 3058 3837 3325 3697 3288 3582 3065 3119 3482 3339 3673 3258 3554 3134 3315 3136 3365 3156 3229 3521 3736 3304 3564 3230 3326 3265 3739 3389 3927 3624 3339 3503 3339 3369 3232 3048 3323 3314 3465 3391 3597 3512 3506 3398 3748 3511 3391 3532 3446 3178 3609 3362 3478 3328 3175 3268 3254 3439 3250 3463 3467 3722 3433 3120 3089 3380 3361 3503 3523 3206 3241 3452 3272 3457 3486 3516 3106 3154 3464 3471 3560 3381 3179 3379 3685 3304 3652 3184 3204 3385 3519 3434 3139 3590 3423 3276 3191 3657 2925 
3022 3195 3126 2995 2815 3232 2939 2839 3021 3175 3096 2983 3442 2934 2727 2861 3215 3259 2742 3000 2879 3319 2900 2995 2958 3149 3027 2706 2698 3183 2907 2724 2963 3102 3308 3063 3050 3023 2733 2713 2863 2977 3006 3207 2973 3098 3212 3357 2878 3316 3228 2962 3299 3571 3017 2927 3035 2951 2874 3016 2838 3172 3153 2469 3359 2700 2900 2995 2961 2726 3081 3235 2895 3132 3312 3004 3149 3322 2970 2755 3008 3003 2889 2969 2918 2583 3124 3146 3372 2725 2954 2900 2778 3090 3115 2810 3320 2976 3158 3363 3025 3051 3127 2898 2960 2995 3094 3295 2813 3172 2926 3365 3361 2966 2663 2989 3245 2930 3227 2570 3352 3083 2997 3530 3206 2770 2978 2593 2998 2923 3092 2926 2973 2846 2874 2858 3377 2825 3247 2899 3110 3375 2943 2891 3034 3102 2940 3058 3126 3318 2953 2728 3207 2906 3326 2761 2920 2723 2987 2998 3164 3098 2939 3391 2671 2909 2508 3081 2779 3142 2851 3067 3316 3081 2922 2774 3061 3091 3106 3254 3087 2971 3016 3010 3113 3023 2697 2808 2950 3174 3009 3182 2777 3005 3118 3311 3293 2855 3023 2871 2889 3208 3009 3124 2882 2891 2938 3076 2987 2946 2952 3106 3270 3162 2925 2706 2859 2865 3042 3046 2799 2933 3287 3047 3160 3263 2888 2877 2837 2884 2810 3149 2999 2803 2885 3101 3007 3205 3035 2859 3061 3122 3117 2904 3312 3118 2705 2935 3140 2959 
2983 3267 3305 3016 2800 3189 3094 3021 3162 3151 2971 3156 3460 2981 2898 3008 3088 3189 2803 3089 3094 3415 3096 3231 2998 3472 2981 2805 2784 3115 2961 2707 2963 2961 3307 3079 2970 3199 2715 2825 2917 3186 3126 3055 3062 3017 3235 3461 2997 3250 3255 3309 3390 3142 3193 2891 3113 3162 3065 2983 2998 3226 3098 2581 3055 2874 2918 2852 3142 3024 3359 3263 3006 3239 3287 2964 3171 3293 2947 3092 2841 2843 2883 2943 2827 2811 3017 3070 3239 2949 3050 3027 2743 3141 3197 2807 3283 3100 3218 3240 3191 3406 3140 2778 2889 3046 2945 3237 2949 3102 2795 3376 3527 2893 2642 3021 3364 3136 3253 2741 3335 3196 3009 3447 3537 2989 3102 2791 2940 3020 3069 2848 3017 3052 3035 2958 3450 3005 3360 2795 3216 3221 2962 3162 3002 3061 3118 3348 3193 3586 3090 3086 3477 3051 3628 2983 3128 2914 3065 3229 3203 3281 3081 3154 2749 3051 2714 3106 2813 3074 3010 3350 3206 3253 2927 2982 2930 3136 3139 3400 3296 3104 3145 2983 3029 3165 2641 2973 2922 3187 3085 3421 3066 3107 3150 3523 3164 2960 3101 3021 3035 3302 3096 3324 3123 2975 2854 2956 3133 2778 3016 3310 3466 3215 2793 2733 3168 2873 3069 3293 2973 2877 3122 2953 3151 3546 3253 2968 2977 2970 2870 3194 3116 2984 3047 3119 2948 3393 2918 2854 3401 3360 2979 3051 3277 3055 3092 2882 2917 2780 
2868 3109 3360 3139 2820 3277 3130 3058 3028 2975 3078 3107 3498 2830 3066 3083 3362 3226 2627 3015 3019 3500 3091 3364 2972 3437 3229 2896 2790 3140 2841 2976 3135 3241 3449 3221 3182 3053 2796 2966 2564 3068 2893 3118 3124 3113 3144 3443 2820 3123 3197 3187 3415 3386 3080 2771 3154 3030 2911 2968 3139 3002 3111 2596 3262 2815 2903 3062 3055 3052 3517 3128 2913 3302 3194 2865 3256 3131 2987 2998 3213 3070 2993 3167 2863 2830 2964 3125 3351 2825 3007 3207 2635 2954 3252 2635 3169 3109 3198 3413 3091 3135 3099 2797 3083 3424 2908 3225 3004 3105 2868 3393 3615 2875 2631 3014 3256 3086 3563 2747 3362 2878 3132 3510 3473 2930 2965 2758 2971 3077 3214 3109 2964 2798 3107 3139 3556 3039 3307 2909 3173 3193 3191 3039 3270 3093 3025 3333 3222 3339 2966 2873 3254 3042 3348 2782 3128 2673 2976 3252 2959 3213 2831 3226 2790 3126 2844 3068 2854 2922 3016 3360 2937 3418 2915 3077 2961 3417 3154 3540 3305 3140 2900 3104 2983 3000 2901 3065 2985 3168 3151 3252 3164 3278 2966 3456 3241 2813 3100 3237 2988 3358 3245 3042 3226 2803 2966 2861 3041 2932 3134 3213 3116 3154 3014 2825 3052 3086 3058 3180 3105 2982 3262 2869 3086 3245 3287 2914 3089 2943 3139 3326 3202 2774 3001 3053 2801 3286 3062 3210 3210 3310 3087 2909 3409 3042 3116 2995 3152 2845 
3113 3362 3228 3103 2687 3163 3249 3024 3035 3422 3139 3159 3597 2887 3023 3071 3238 3233 2945 3025 3149 3719 3311 3294 3139 3612 3303 3034 2876 3128 3299 3104 3077 3135 3477 3232 3058 3036 3215 2997 2784 3113 3047 3441 3278 3130 3290 3612 3025 3186 3344 3247 3494 3466 3038 3096 2964 2996 2914 3232 3278 3128 3091 2775 3419 3046 3089 3205 3164 3169 3257 3315 3243 3385 3420 3270 3414 3394 3210 3108 3353 3114 2898 2991 2979 2738 3206 3271 3389 3064 3036 3195 3002 3278 3040 2889 3498 3012 3138 3316 3288 3293 3403 2944 2951 3316 3212 3341 3046 3140 2967 3458 3503 3017 2761 3063 3370 3209 3420 2813 3487 3207 3286 3564 3303 3008 2944 2845 3128 3132 3310 3183 3030 3085 3185 2808 3573 2965 3383 2886 3335 3270 3114 3198 3088 3183 3176 3309 3252 3459 3289 2842 3612 2935 3483 3114 3233 2959 3113 3443 3296 3443 3010 3467 2954 3407 2796 3043 2858 3121 3170 3447 3461 3442 3071 3088 3008 3410 3065 3463 3211 3381 3191 3282 3095 3029 3073 2935 3168 3293 3188 3462 3215 3221 3307 3610 3201 3042 3264 3302 3151 3174 3394 3202 2932 3051 3172 3117 3237 2858 3042 3288 3245 3341 3165 2849 3272 3295 3318 3276 3074 3086 3358 3151 3391 3369 3143 3159 3030 3119 3133 3326 3170 3130 3069 3054 2963 3420 3041 3239 3418 3323 3283 2830 3726 3106 3058 3033 3323 2916 
2863 3100 3330 2908 2640 3257 3024 3041 2907 3152 2919 3066 3468 2722 2816 2897 3104 3173 2533 2812 2840 3251 2782 3147 2935 3269 3132 2587 2781 2954 3027 2829 2947 3043 3345 3199 2894 2899 2679 2633 2594 2949 2894 3247 2963 2959 3193 3340 2594 3165 2961 3064 3301 3143 2961 2657 2921 3018 2891 2819 2997 2834 3035 2526 2902 2877 2667 2900 2974 2745 3149 2985 3036 2975 3190 2923 3070 3050 2933 2745 3011 3026 2909 2988 2616 2693 2756 2855 3250 2583 2864 2873 2758 2991 3083 2592 3115 2930 3181 3243 3204 2969 2933 2798 3013 3085 2964 3088 2853 3245 2861 3410 3334 2720 2734 2860 3059 2861 3203 2624 3290 2942 3006 3435 3225 2836 2913 2758 2832 2887 2867 2857 2689 2943 2646 2786 3293 2838 3058 3032 2985 3167 2908 2990 2830 2951 2889 3088 3116 3154 2876 2806 3238 2932 3219 2885 3004 2640 2954 2922 2993 3108 2881 3319 2676 2933 2793 2983 2731 2877 2705 3200 2948 3120 2737 2859 2917 3057 3047 3232 3024 2995 3094 2830 2960 2965 2810 2834 2979 2878 2870 3199 3069 2926 2935 3296 3030 2929 2933 3169 2839 3188 2948 3175 2817 2957 2733 3030 2935 2796 2802 3066 3316 2980 2828 2581 2996 2904 3191 3035 2619 2940 3027 2964 3105 3187 2968 2981 2923 2904 2891 2976 3008 2759 2815 3071 2860 3333 2883 3123 3158 3256 2802 2846 3282 2799 2758 2700 3029 2908 
2862 3031 3171 2764 2683 3066 3012 2832 2817 3118 2721 2996 3268 2680 2949 2864 3012 3021 2361 3073 2807 3348 2988 3048 2811 3247 2986 2762 2855 2980 2925 2618 2862 3039 3156 3047 3036 2719 2911 2868 2673 2761 2728 3140 2950 3012 2986 3240 2767 3005 3054 3101 3002 3188 2911 2703 2946 3038 2718 2552 2923 2962 2747 2375 3035 2701 2868 2668 3044 2820 2977 3088 2916 2891 3021 3113 2974 3268 2818 2616 2893 2818 2649 2996 2778 2479 2603 2925 3336 2799 2862 2803 2677 2925 2953 2705 2955 2886 3141 3010 3077 3077 2849 2670 2869 3058 2911 3051 2725 2924 2619 3110 3369 2803 2644 2832 3332 2931 3142 2586 3262 2930 2930 3361 3079 2577 2714 2473 2787 2964 2802 2726 2806 2734 3006 2775 3150 2763 2900 2793 2981 2906 2789 2812 2805 2953 2872 2750 2937 3248 2911 2774 3029 2625 3035 2754 2959 2567 2908 2843 3004 3078 2863 2901 2690 3047 2554 2945 2677 3014 2845 3094 3096 3088 2770 2789 2822 3020 2876 3238 2871 3015 2949 2679 2915 2974 2592 2589 2831 2976 2948 2993 3119 3002 2975 3228 2963 2831 2714 3054 2909 2938 2946 3021 2718 2861 2704 2968 2872 2741 2868 3283 3146 2964 2940 2485 2801 2859 3006 3162 2764 2702 3124 2826 3109 3029 2816 2709 2623 2945 2813 2927 2968 2707 2861 2859 2713 3120 2809 2826 3041 3126 2994 2947 3293 2947 2808 2638 2932 2528 
2937 3128 3083 2943 2658 3247 3066 2990 3098 3123 3001 2980 3273 2921 3125 2663 3185 3283 2764 3057 2941 3229 2903 3231 2921 3295 3180 2692 2570 2969 2871 2845 2718 3068 3256 2947 3042 2849 2799 2915 2701 2962 2907 3147 3073 2940 3123 3420 2590 3211 3086 2937 3333 3336 2867 2698 2814 3179 2790 3004 3131 2890 2945 2517 3168 2696 2675 2916 2910 2975 3236 3124 2908 3133 3105 3188 2881 3199 2938 2759 3087 2987 2721 2979 2717 2603 2844 2910 3266 2973 2841 2798 2741 2952 3198 2625 3281 2929 3070 3320 2978 2991 3065 2755 2942 2971 3010 3054 2841 3051 2763 3350 3368 2764 2565 2884 3243 2849 3241 2667 3260 2946 3237 3491 3258 2943 2811 2671 3023 3133 2869 3035 2974 2761 2960 3110 3142 2671 3180 2850 3058 3109 2934 3022 3009 2943 2756 3039 2955 3150 2960 2676 3435 2882 3223 2819 3032 2687 2782 3054 3162 2952 2834 3061 2790 3211 2697 3093 3069 2975 2980 3369 3291 3161 2916 2699 2766 3170 3084 3332 3101 3011 2981 2949 2887 3106 2658 2903 2754 3009 3020 2963 2853 2986 2876 3217 3205 3002 2920 2957 2998 3211 3021 3079 3091 2755 2709 2840 2880 2705 3044 3203 3162 2946 2812 2653 2940 2885 3077 3188 2843 2704 2891 2805 3054 3219 2951 2920 2815 3050 2978 3211 2994 2680 3065 3183 2820 3238 2818 2923 3143 3236 2860 2860 3316 3017 2711 2785 2999 2718 
3326 3542 3609 3194 2960 3285 3500 3107 3178 3397 3216 3551 3794 3098 3041 3191 3496 3376 2949 3221 3221 3691 3231 3337 3126 3538 3442 2898 3066 3400 3148 3174 3153 3234 3425 3505 3255 3097 3030 3003 3064 3472 2964 3383 3335 3217 3312 3748 3164 3358 3471 3300 3534 3362 3372 3073 3329 3277 3105 3192 3426 3226 3433 2721 3311 3181 3121 3231 3229 2957 3345 3460 3412 3372 3520 3161 3344 3610 3316 3269 3234 3271 3137 3492 2947 2830 3337 3599 3530 3203 2989 3407 2843 3363 3265 2731 3644 3226 3438 3409 3300 3374 3300 3004 3311 3410 3177 3554 3358 3239 3171 3432 3743 3128 2909 3172 3514 3387 3590 2870 3467 3246 3154 3879 3496 2925 3071 2901 3248 3244 3518 3069 2999 3020 3228 3144 3612 3144 3579 3142 3224 3548 3296 3306 3217 3362 3253 3454 3456 3641 3295 2942 3609 3366 3664 3005 3289 2954 3356 3279 3436 3341 3142 3421 3026 3272 3101 3331 3032 3223 3256 3582 3275 3472 2877 3115 3025 3328 3318 3600 3368 3209 3333 3413 3270 3223 3042 3243 3220 3291 3488 3395 3374 3342 3330 3655 3305 3034 3566 3376 3176 3200 3280 3407 3156 3007 3091 3323 3480 3231 3049 3219 3281 3414 3063 2920 3346 3152 3290 3440 3204 3079 3599 3342 3440 3505 3471 3360 3325 2994 3128 3326 3328 3041 3160 3234 3002 3512 3073 3135 3417 3287 3383 3023 3920 3227 3234 2977 3205 3078 
2963 2857 3038 2819 2572 3043 2882 2718 2866 2912 2860 3062 3365 2689 2789 2872 2924 3003 2428 2957 2865 3371 2852 2915 2620 3254 2999 2767 2825 2895 2710 2693 2916 3098 3014 3023 2920 2810 2748 2814 2927 2994 2770 2923 3017 2846 3006 3189 2785 2984 3128 2985 3089 3082 2901 2876 2941 2888 2780 3056 2778 2808 3059 2546 3003 2785 2701 2674 3123 2600 3073 2952 2986 2988 3181 2904 2833 3317 2782 2939 2876 2756 2639 2907 2472 2593 2972 2841 2833 2824 2770 2747 2677 2911 3155 2807 3015 2821 2995 2820 3067 2893 2920 2502 2959 2908 2992 3069 2764 2856 2673 3276 3224 2816 2481 2642 3207 2819 3083 2544 3099 2690 2855 3401 3166 2716 2894 2458 2792 3182 3108 3043 2914 2596 2744 2948 3230 2721 3173 2761 2886 3061 2740 2815 2939 2651 2686 2968 3091 3201 2863 2777 3248 2825 3144 2812 2956 2635 2761 2812 3004 3061 2765 2951 2294 3000 2591 3100 2448 3015 2851 3209 3069 3153 2735 2804 2814 3109 2908 3241 3061 3070 2992 2637 2914 2911 2795 2945 2770 2986 2802 3089 2952 2979 2973 3222 2908 2795 2820 2797 2926 2953 3045 3237 2735 2806 2771 2900 2957 2697 2768 2924 3153 2929 2794 2669 2905 2674 2956 3017 2849 2787 3010 2748 3000 3198 2921 2937 2759 3049 2829 2965 2919 2654 3016 2990 2762 3052 2853 2792 3146 3080 2784 2867 3233 2779 2763 2737 2834 2688 
2666 3084 3062 2671 2747 3050 2890 2989 2926 2937 2962 2929 3163 2739 2898 2811 2965 2900 2724 2886 2779 3110 2963 2958 2857 3101 2770 2836 2732 2715 2814 2780 2651 2884 2988 2811 2912 2809 2652 2448 2484 3030 2723 3049 2891 2776 3033 3058 2652 2735 3037 2811 3175 3056 2801 2628 2827 3018 2633 2725 2918 3027 2670 2204 2907 2721 2714 2772 2783 2896 2978 2985 2940 2934 3012 2873 3017 3204 3023 2604 2595 2716 2797 2782 2668 2598 2837 2856 3301 2788 2736 2813 2535 2807 2870 2526 2966 2783 3003 3024 2794 2957 2692 2535 2698 2912 2811 2922 2817 2906 2676 3056 3259 2561 2730 2904 3190 2696 3011 2388 2849 2863 2866 3177 3020 2583 2807 2500 2963 2682 2840 2814 2696 2718 2882 2826 3033 2718 2988 2603 2915 2983 2735 2897 2631 2834 2782 2910 2983 3135 2930 2696 2997 2725 3098 2792 2891 2499 2923 2816 2965 3028 2638 3070 2782 2849 2615 2750 2713 2756 3012 3089 2828 3011 2804 2731 2617 3047 2879 3088 2810 2800 2850 2620 2831 2939 2567 2636 2829 2906 3019 2907 2746 2752 2906 3081 2591 2753 2793 2767 2929 3017 2868 2891 2827 2574 2690 2822 2938 2614 2713 3013 3006 2940 2557 2512 2719 2651 2746 2906 2777 2675 3039 2800 2926 2898 2711 2580 2607 2837 2702 2935 2652 2723 3001 2867 2699 2892 2773 2641 2855 3038 2687 2755 3165 2657 2858 2587 2941 2575 
3018 3189 3160 3066 2606 3301 3084 3008 3283 3179 2916 3043 3409 3025 2916 3046 3310 3256 2662 3091 2830 3460 3023 3299 3103 3229 2984 2817 2814 3158 2945 2776 2796 3081 3269 3230 3011 3046 2780 2792 2592 2991 2988 3043 2915 3181 3150 3214 2885 3137 3322 3051 3226 3335 2938 2925 2847 3054 2876 3066 3148 2921 3134 2554 3254 2944 2771 3068 3097 2869 3353 3038 3075 3169 3390 3042 3212 3331 2918 2994 2893 2979 2997 2946 2744 2637 3033 3152 3273 2639 2875 3161 2806 3015 3144 2669 3225 2776 3362 3192 3026 2921 2968 2771 2998 3075 2917 3130 2974 3063 2776 3403 3381 2776 2809 2986 3285 3058 3213 2768 3354 3114 2946 3433 2992 2811 3058 2674 2984 2999 3183 3117 2978 2767 3157 2920 3443 2940 3397 2731 3193 3233 2934 2916 2971 3159 2811 3131 3209 3463 2955 2916 3387 3086 3230 2944 3063 2845 3053 3202 3029 3440 2920 3062 2762 3155 2593 3119 2909 3073 2929 3302 3052 3263 2905 2740 3012 3368 3273 3358 3003 2988 2889 2966 3163 3153 2658 2870 2955 3139 3089 3148 3140 2997 2988 3524 2952 2917 3077 3106 2956 3076 3047 3060 3017 2963 2835 2975 2989 2805 3226 3273 3271 3045 3007 2723 3157 2997 3339 3272 2848 3122 3097 3005 3293 3102 3098 3010 2943 3095 3007 3434 3072 2840 3036 3075 2836 3162 2885 2917 3290 3169 3042 2904 3175 3113 2959 2949 3167 2907 
2927 3338 3297 3027 2848 3158 3099 3061 3062 3100 3238 3049 3428 3034 3103 3007 3362 3268 2869 3106 3050 3458 2901 3030 2884 3418 3094 2969 2949 3165 2776 3011 2826 3161 3455 2955 3160 2924 2973 2721 2757 3097 2869 3264 3047 2941 3303 3406 2815 3151 3196 3232 3432 3474 3078 2878 2883 3189 2810 2950 3058 2928 3036 2711 3276 2817 2903 2937 3198 2864 3229 3154 3035 3168 3259 3204 3329 3253 3219 2798 2975 2797 2774 2954 2802 2672 2968 3087 3357 2968 2863 3212 2753 3019 3145 2813 3038 2979 3171 3353 2931 3022 3179 2842 2910 3218 2986 3084 2906 3188 2920 3426 3497 2774 2891 2926 3400 2790 3435 2897 3380 3093 3118 3398 3346 3052 2988 2812 3223 3163 3198 2866 2862 2812 3079 3021 3296 2852 3150 2838 3163 3161 3166 3251 2948 3171 3069 3280 3201 3375 3071 2780 3406 3067 3196 3168 3107 2837 3058 3315 3024 3396 3046 3163 2549 3072 2837 3039 2775 3061 2913 3211 3138 3268 2946 3114 2923 3432 2911 3427 3075 3146 3051 2951 3189 3107 2876 2912 2968 3182 3040 3177 2964 2956 3248 3194 3158 2983 3172 2967 2993 3253 3201 3272 3178 2938 2998 2863 2979 2807 3054 3311 3278 3165 2792 2788 3017 3038 3116 3272 3105 2963 3151 2908 3145 3119 3149 2742 2911 3021 3189 3184 3156 2784 3162 3129 3052 3237 3067 2824 3165 3331 3002 2792 3615 2945 2791 3019 3182 2812 
3627 3690 3816 3534 3338 3702 3634 3434 3318 3725 3500 3683 3899 3424 3336 3292 3861 3830 3119 3476 3506 3781 3434 3516 3431 3794 3418 3243 3224 3538 3227 3276 3285 3591 3738 3520 3575 3251 3277 3278 2997 3383 3219 3533 3463 3495 3476 3913 3275 3533 3707 3545 3776 3857 3388 3396 3554 3538 3319 3228 3755 3464 3443 2948 3377 3182 3070 3375 3442 3474 3790 3679 3447 3619 3748 3345 3571 3639 3767 3172 3412 3256 3304 3660 3193 3188 3476 3425 3819 3332 3349 3452 3078 3333 3489 3075 3568 3299 3556 3704 3461 3647 3560 3078 3448 3522 3411 3479 3571 3588 3199 3825 3985 3263 3132 3349 3888 3532 3772 3134 3847 3372 3264 4052 3800 3240 3340 3080 3463 3445 3714 3377 3300 3128 3491 3414 3908 3343 3758 3271 3516 3691 3376 3340 3446 3615 3323 3774 3485 3581 3435 3100 3597 3364 3912 3348 3394 3078 3324 3588 3471 3880 3348 3575 3166 3569 3208 3606 3386 3369 3369 3743 3485 3791 3353 3451 3343 3582 3554 3928 3621 3294 3612 3349 3488 3371 3095 3368 3217 3581 3466 3655 3630 3729 3499 3877 3667 3373 3603 3653 3492 3603 3388 3550 3415 3356 3118 3364 3480 3186 3621 3631 3584 3615 3278 3140 3466 3282 3716 3667 3274 3261 3583 3448 3593 3803 3540 3441 3323 3415 3475 3649 3611 3328 3594 3538 3276 3711 3181 3409 3601 3665 3473 3156 3796 3431 3336 3434 3707 3098 
3101 3298 3559 3080 3134 3404 3486 3265 3156 3133 3216 3167 3752 3169 3244 3387 3166 3585 3107 3149 3142 3369 3222 3311 3131 3712 3235 3119 2901 3062 3087 2883 3036 3352 3495 3164 3041 3184 2911 2894 2935 3343 3040 3397 3392 3142 3414 3649 2827 3266 3550 3081 3519 3682 3078 3072 3296 3310 3025 3150 3275 3222 3236 2659 3311 3016 3036 2993 3429 3108 3300 3401 3198 3384 3503 3109 3210 3428 3130 3003 3263 3119 2972 3220 2901 2920 3184 3335 3620 3153 3293 3265 2893 3137 3451 2946 3399 3189 3254 3680 3240 3339 3372 2887 3220 3333 3357 3328 3013 3147 3085 3762 3692 2848 2969 3246 3317 3068 3548 2907 3665 3190 3207 3661 3663 2921 3254 2870 3147 3367 3353 3155 3071 3105 3356 3289 3562 3136 3522 3129 3182 3394 3081 3138 3337 3197 3213 3227 3348 3555 3197 3034 3567 3098 3488 3222 3097 3062 3036 3209 3252 3371 2979 3494 2729 3292 2988 3264 2797 3398 3315 3486 3222 3273 3328 3196 3233 3532 3347 3633 3489 3327 3318 3110 3260 3331 3005 3151 3226 3579 3087 3558 2954 3366 3251 3615 3270 3150 3007 3114 3025 3650 3488 3115 3352 3124 3100 3233 3307 3110 3273 3322 3602 3370 2852 3021 3113 2973 3275 3349 3162 2962 3385 3094 3301 3265 3436 3054 2945 3267 3131 3372 3173 2982 3122 3257 3157 3384 3221 3165 3311 3666 3031 3186 3527 3115 3023 2994 3321 2959 
2544 3095 3043 2590 2775 3147 2916 2770 2802 2845 2890 2973 3265 2673 2827 2839 2970 3054 2628 2824 2745 2986 2737 2907 2643 3279 2918 2702 2591 2735 2834 2855 2610 2947 3002 2727 2697 2652 2916 2763 2580 2811 2538 2947 2960 2850 2884 3133 2633 2762 2902 2798 3189 2915 2745 2582 2829 2926 2629 2627 2803 2765 2710 2378 2915 2658 2630 2701 2988 2572 2853 2766 2691 2851 2998 2818 3046 3020 2953 2727 2845 2903 2699 2788 2638 2570 2794 2917 3328 2807 2679 2918 2644 2697 2980 2569 2892 2884 2971 2980 2837 2737 2670 2593 2779 3031 2806 2799 2576 2804 2672 3091 3147 2543 2505 2724 3143 2755 3117 2447 3050 2893 2840 3196 2946 2616 2712 2444 2932 3015 2910 2770 2739 2584 2863 2865 3059 2786 2839 2739 2912 3065 2739 2940 2728 2578 2738 2854 2790 3011 2899 2569 3129 2641 2947 2706 2795 2542 2786 2880 2666 3154 2738 2802 2291 2906 2507 2864 2447 2752 2847 2954 3001 2944 2686 2826 2759 2943 2720 3147 2831 2795 3032 2431 2902 2867 2606 2628 2784 2890 2831 2980 2795 2973 3024 3055 2772 2730 2743 2800 2873 3052 2800 2987 2781 2759 2483 2813 2846 2567 2832 3039 2917 2774 2512 2496 2825 2778 2819 3072 2796 2626 3000 2609 3016 2966 2987 2558 2568 2788 2779 2823 2752 2424 2636 2693 2666 2971 2833 2814 2959 2971 2715 2760 3215 2745 2695 2675 2857 2634 
2662 3035 3069 2740 2721 3087 2699 2879 2894 2887 2812 2905 3235 2706 2891 2820 2919 3036 2612 2689 2654 3020 2770 2957 2910 3214 3015 2576 2752 2731 2819 2703 2613 2778 2922 2849 2743 2945 2521 2453 2601 2895 2776 3075 2996 2814 2983 3029 2653 2917 2883 2872 3237 3159 2766 2816 2674 2795 2714 2804 2963 2914 2978 2399 3069 2639 2735 2981 2804 2731 2857 3077 2820 2739 3160 2856 2751 3014 2793 2791 2806 2768 2696 2786 2484 2483 2883 3044 3181 2680 2949 2799 2582 2699 2991 2591 2963 2798 2872 3209 2844 2745 2746 2595 2907 2986 2727 3053 2838 2761 2788 3002 3103 2643 2494 2929 3014 2711 3267 2638 2960 2713 2803 3296 3010 2669 2732 2610 2821 2915 2966 3097 2833 2551 2876 2842 3039 2803 3076 2627 2774 3045 2760 3062 2972 2830 2808 2927 2875 3146 2716 2593 3188 2754 3047 2706 3061 2531 2846 2723 3040 2821 2706 3037 2376 2814 2605 2910 2610 2693 2773 2957 2948 2811 2573 2674 2775 2957 3092 3119 2763 2862 2813 2909 2793 2997 2778 2702 2936 2905 2910 2910 2916 2919 2838 3126 2917 2683 2693 2847 2941 3159 3042 2894 2995 2686 2552 2740 2898 2619 2826 2771 3099 3040 2562 2409 2868 2622 2840 2858 2848 2694 3101 2759 2898 3019 3026 2933 2773 2860 2749 2843 2879 2480 2745 2953 2669 3006 2690 2811 2880 3038 2709 2661 3152 2757 2799 2561 2729 2780 
2922 3024 3109 2829 2662 3127 3159 2833 2804 3056 3057 2933 3246 2775 2830 2875 3226 2988 2512 2761 2766 3316 3012 2777 2743 3152 3021 2784 2591 2822 2760 2964 2606 3003 3301 3024 2764 2807 2772 2714 2571 2882 2757 2881 2911 3014 3038 3537 2717 2952 3006 2958 3251 3348 2943 2785 2985 2877 2533 2727 3070 2948 2865 2395 3004 2649 2820 2840 2971 2959 2892 3012 2884 3125 3081 2931 3038 3191 2945 2766 3045 2934 2721 2921 2851 2625 2837 3181 3135 2936 2749 2899 2667 3055 2848 2596 3110 2835 3065 3054 2824 3021 2980 2643 2717 3005 2965 3033 2880 3119 2762 3340 3419 2750 2769 2773 3228 2754 3183 2832 3022 2815 2883 3392 2946 2729 2774 2657 2901 2659 3134 2936 2748 2577 3054 2858 3205 2670 3042 2881 3010 3095 3027 2869 2896 3171 2923 3002 3027 3135 2894 2528 3101 2819 3142 2772 2939 2643 2822 3168 2829 3225 2795 2939 2627 2978 2754 2827 2739 2841 2767 3268 2946 3159 2691 2960 2600 3104 2837 3191 2995 2846 2942 2855 3064 2984 2826 2783 2806 2866 2885 3295 2848 2994 2878 3109 2857 2926 2965 3014 2836 3011 2889 2821 2781 2696 2963 2803 3044 2724 2922 3063 3039 3199 2696 2549 2900 3058 2882 2981 2751 2685 3017 2982 3150 2991 2973 2813 2940 2797 3177 3142 3021 2809 2877 2774 2810 3073 2823 2842 2874 2924 2917 2648 3154 2733 2807 2605 3097 2825 
3192 3164 3441 3206 2776 3294 3231 3126 2923 3272 3080 3357 3415 2935 3056 3141 3339 3299 2779 2953 3030 3488 3165 3045 3148 3268 2965 2835 2915 3014 3084 3011 3015 3077 3290 3182 3011 3194 3006 2761 2865 3212 2845 3226 3288 3024 3201 3313 2937 3209 3432 3148 3339 3241 3166 3039 3039 3258 2919 2979 3274 3104 3240 2613 3079 2917 2831 3067 3304 3020 3413 3286 3172 3226 3331 3026 3189 3361 3167 3079 2866 2778 3012 3241 2893 2656 3153 3127 3201 3007 3115 2879 2809 2970 3079 2731 3103 3012 3059 3276 2943 3230 3212 2781 3064 3194 2933 3148 3150 3375 2886 3407 3662 3058 2830 3120 3348 3104 3360 2773 3356 2999 2958 3576 3454 2709 3084 2812 3071 2944 3337 3014 3041 2879 3062 3208 3570 3073 3414 2880 3167 3368 2847 3168 3001 3082 3001 3156 3268 3422 2863 2951 3277 3054 3377 2952 3321 2974 3169 3265 3064 3328 3002 3393 2885 3281 2902 3182 2953 2916 3134 3535 3145 3361 3041 3224 3009 3367 3069 3423 3202 3089 3341 3083 3238 3262 2815 3098 3027 3162 3217 3358 3118 3049 3102 3480 3230 2908 2999 3225 3082 3243 3127 3267 3185 3012 2885 3193 3304 2863 3114 3290 3160 3354 2850 2811 3207 3022 3137 3181 2945 3157 3173 3146 3249 3378 3134 3165 2986 3077 2936 3102 3192 2920 3197 3104 3021 3337 2735 3038 3245 3396 3197 2866 3300 2982 3009 2971 3053 2805 
2865 3107 3172 3059 2785 3374 3069 3051 3159 3048 3102 3089 3634 3046 2873 2914 3230 3397 2789 3005 2809 3210 2972 3138 2914 3237 3025 2823 2585 2989 2776 2916 3025 3112 3270 3219 3193 3005 2807 2911 2784 3111 2813 3087 3117 2981 3260 3502 2653 3184 3223 3136 3277 3165 3030 2901 2990 2966 2902 2929 3146 3147 2928 2769 3014 2632 2929 2783 3236 2879 3224 3269 3067 2974 3227 3108 3266 3210 2992 2873 3084 2891 3050 3043 2939 2774 2939 3154 3353 2855 2952 2909 2764 2977 3182 2557 3291 3018 3156 3442 2917 3187 3113 2667 2953 3007 3080 3257 2909 3282 2876 3499 3550 2754 2691 3129 3234 3011 3329 2957 3370 2890 2873 3399 3321 2825 2935 2736 2861 3130 3151 2954 2993 2918 2876 3072 3128 2824 3325 2967 2941 3115 3062 2925 3172 3250 2787 3233 3098 3400 3031 2823 3239 3194 3289 2970 3022 2775 2877 3091 3172 3296 2826 3259 2650 3083 2835 3040 2800 3057 2851 3221 3056 3154 2868 2839 2938 3118 3290 3438 3170 2839 3144 2802 2915 3080 2838 3059 2955 3222 2827 3295 2813 3169 3161 3408 3213 2995 3083 3131 3268 3148 3029 3200 2959 2981 2838 2921 3139 2901 2990 3089 3329 3189 2716 2706 3004 2918 3314 3099 2771 2727 2962 2917 3155 3179 3249 2829 2951 2988 2853 3136 2926 2949 3031 3077 3027 3299 2855 2993 3209 3370 2952 2839 3235 3007 2839 2650 3053 2935 
3508 3526 3362 3208 2874 3331 3249 3176 3271 3515 3255 3269 3709 3142 3188 3276 3455 3226 3004 3327 3202 3702 3252 3284 3106 3673 3398 3114 3197 3267 3115 3167 2958 3282 3598 3262 3118 3211 3078 2907 2904 3458 3084 3269 3304 3336 3319 3868 3169 3520 3491 3221 3568 3704 3235 3289 3090 3267 3072 3219 3386 3255 3335 2723 3413 3056 2858 3422 3234 3234 3404 3298 3204 3231 3539 3395 3493 3704 3509 3109 3358 3379 2995 3520 3092 2936 3387 3406 3586 3354 3012 3359 2992 3278 3397 2974 3324 3290 3341 3466 3156 3365 3296 2902 3129 3366 3229 3448 3428 3397 3268 3688 3617 3030 3125 3072 3616 3047 3560 2845 3375 3166 3334 3797 3451 3165 3040 2992 3360 3126 3492 3355 3080 2930 3433 3260 3650 2921 3569 3030 3478 3544 3417 3305 3337 3379 3242 3300 3506 3503 3287 2911 3625 3230 3633 3110 3277 3008 3163 3362 3379 3489 3249 3396 3129 3222 2835 3192 3062 3339 3214 3397 3330 3521 3173 3126 3103 3539 3409 3766 3353 3286 3328 3179 3278 3287 3051 3131 3083 3548 3364 3502 3181 3492 3244 3636 3280 3112 3215 3295 3110 3312 3290 3291 3282 3127 3251 3136 3580 3118 3329 3399 3327 3461 2878 3045 3160 3275 3369 3568 3306 3042 3553 3273 3371 3476 3400 3109 3154 3267 3284 3366 3204 3010 3424 3299 3057 3261 3053 3086 3251 3387 3226 3109 3726 3248 3323 3058 3350 3066 
3096 3395 3288 2872 2830 3224 2993 3173 3115 3123 3068 3090 3480 2984 2879 2910 3343 3175 2861 2965 2900 3363 3153 3233 2990 3478 3182 2796 2929 3079 2916 2812 2974 3005 3330 3370 2924 2952 2705 2818 2822 3274 2814 3224 3094 3038 3034 3271 2841 3238 3237 3339 3415 3340 2925 2916 3035 2929 3157 2963 3193 2997 2980 2794 3369 2795 2893 3063 3089 2966 3342 3161 2672 3113 3096 3016 3224 3312 3243 2762 3095 2797 2849 3029 2831 2713 2950 3282 3289 2884 2959 3029 2752 3074 3127 2696 3076 3118 3245 3387 3233 3114 3051 2761 3086 3217 3025 3153 2994 3199 2815 3253 3339 2868 2570 2915 3309 3054 3219 2846 3422 3099 3069 3640 3402 2946 3145 2953 2942 3189 3106 3191 2881 2977 2889 2900 3400 2776 3221 3108 3176 3125 3307 3117 3059 3171 3177 3180 3138 3367 2950 2876 3115 3144 3344 3068 3270 2767 2833 3290 3159 3306 2885 3294 2855 3177 2876 3070 3099 3007 2891 3363 3051 3285 2856 3023 2729 3087 3160 3517 3041 3153 2991 2948 3008 3144 2780 3140 2961 3178 2995 3068 3158 3054 3093 3365 3358 3108 3161 2977 3095 3022 3177 3046 3135 2987 2929 2877 3033 2975 3074 3140 3240 3247 2957 2801 3170 2949 3084 3090 2688 2940 3182 3001 2963 3269 3139 2815 2781 2935 2935 3203 3203 2842 2939 3205 3124 3244 2849 2891 3259 3257 2998 3022 3317 2988 2985 2863 3283 3098 
2771 2984 2972 2824 2767 2870 3057 2993 2870 2896 2784 3063 3402 2591 2905 3000 2988 3121 2501 2823 2713 3351 2770 3007 2863 3203 2826 2613 2571 2864 2503 2791 2779 2754 3200 2892 3030 3021 2851 2547 2416 2731 2687 2998 2851 2932 3041 3313 2759 3003 3094 2924 3162 3180 2869 2695 2871 3030 2763 2714 2881 2923 2923 2358 2913 2647 2735 2802 2869 2960 3197 3133 2993 2868 2977 2905 3095 3045 2926 2733 3037 2892 3003 2892 2580 2733 2737 2878 3201 2805 2703 2907 2562 2989 3056 2592 3145 2888 2908 3157 2873 3074 3076 2771 2779 3204 2713 2998 2719 2916 2672 3078 3501 2641 2538 2715 2996 2849 3321 2610 3246 2767 2937 3372 3127 2668 2810 2697 2934 2915 2988 2819 2797 2651 2975 2839 3201 3009 3003 2758 3032 3160 2748 3064 2958 2899 2890 3081 2886 3121 2700 2716 3255 2876 3133 2913 2890 2693 2965 3000 2783 2968 2690 2895 2433 3019 2537 2935 2507 2787 2876 3247 2931 3173 2589 2821 2796 3271 2899 3435 3029 2988 2952 2992 2970 2910 2730 2867 2886 2999 2981 3164 2963 2828 2946 3105 2937 2811 2994 3060 2740 3134 2970 3100 3004 2612 2604 2781 2834 2537 2869 3137 3098 3071 2531 2560 2828 2908 2967 3114 3054 2761 3062 2695 3061 3113 3111 2872 2991 2877 2888 3041 2942 2716 2884 2892 2673 3135 2881 2924 2951 3208 3022 2807 3183 2763 2837 2821 2983 2671 
3323 3403 3319 3139 3051 3376 3180 3185 3353 3367 3034 3267 3726 3167 2963 2991 3231 3251 2992 3084 3094 3526 3164 3322 3156 3685 3192 2990 3021 3187 2980 3239 3010 3195 3584 3229 3167 3146 2861 2857 2965 3211 3014 3409 3293 3197 3300 3599 2895 3401 3294 3209 3492 3525 3068 3220 3134 3121 2978 3152 3289 3036 3313 2674 3212 3086 2998 3187 3068 3151 3453 3440 3068 3296 3313 3173 3165 3468 3175 2858 3143 2887 3054 3187 2820 2939 3026 3474 3356 2996 3083 3262 2895 3221 3409 2895 3491 3269 3341 3456 3382 3241 3291 2878 3143 3169 3140 3192 3162 2944 3067 3604 3496 3064 2713 3009 3401 3275 3423 2861 3593 3057 3099 3843 3288 2938 2994 2852 3103 3253 3351 3138 3214 2965 3166 3092 3453 3027 3376 2979 3427 3410 3191 3154 3230 3280 3103 3191 3189 3381 3020 2803 3577 3076 3398 3196 3178 3018 3078 3219 3269 3291 2957 3373 2880 3301 2845 3178 2978 3135 3129 3506 3263 3204 2822 3056 2958 3360 3283 3453 3255 3131 3142 3334 3191 3152 2971 3208 3061 3305 3067 3396 3311 3224 3130 3363 3237 3186 3163 3250 3306 3321 3346 2972 3030 2867 3100 3161 3128 2934 3139 3181 3422 3448 2891 2824 3226 3110 3108 3447 3219 2928 3455 3157 3304 3573 3189 3361 3301 3100 3112 3174 3201 2771 3114 3232 2936 3394 3003 3111 3222 3306 3124 2885 3432 3138 3130 3045 3168 3013 
3193 3436 3604 3437 2887 3420 3457 3385 3174 3377 3126 3277 3583 3052 3066 3248 3409 3534 2868 3385 3183 3597 3447 3383 3234 3700 3391 2859 3076 3236 3042 3179 3008 3300 3591 3299 3382 3374 3005 3013 2869 3316 3013 3345 3221 3166 3566 3750 3101 3387 3386 3483 3539 3468 2972 2977 3342 3430 3011 3140 3517 3317 3489 2769 3410 2973 2823 3173 3482 3324 3558 3358 3299 3635 3622 3190 3460 3502 3372 3121 3315 3319 3242 3453 3120 2806 3100 3234 3581 3276 3167 3239 2953 3219 3450 2844 3371 3233 3441 3754 3294 3467 3234 2895 3224 3457 3277 3324 3177 3569 2990 3683 3904 3084 3013 3252 3668 3257 3597 2967 3678 3136 3210 3692 3619 3186 3188 2924 3112 3234 3326 3103 3284 3052 3326 3338 3724 3194 3376 3089 3271 3362 3323 3136 3189 3370 3232 3363 3365 3692 3316 2921 3792 3258 3416 3220 3207 2986 3167 3424 3287 3606 3305 3372 2985 3460 2830 3279 3046 3187 3149 3552 3290 3502 3097 3096 3009 3376 3364 3747 3341 3417 3367 3132 3194 3395 2934 3102 3241 3262 3475 3450 3292 3330 3199 3884 3317 3294 3352 3354 3247 3259 3304 3572 3309 3204 2991 3200 3453 3137 3388 3395 3491 3329 3206 2846 3016 3457 3332 3542 3046 3428 3401 3171 3305 3427 3212 3213 3282 3341 3423 3367 3370 3246 3235 3430 3040 3423 3127 3236 3429 3425 3375 3349 3557 3193 2992 3048 3437 3011 
3016 3109 3255 2917 2955 3243 3044 2973 2959 2928 2919 3138 3379 3079 2814 2943 3100 3095 2611 2925 2890 3326 3052 3098 3030 3184 2917 2687 2804 3048 2714 2777 2791 3160 3261 2970 3040 3143 2768 2792 2621 2940 2764 3055 3048 3031 3020 3394 2742 2985 3033 3099 3310 3117 3015 2836 2854 3145 2848 2920 3059 2852 2894 2520 3150 2764 2821 2964 2891 3017 3191 3317 3181 2915 3207 2975 3131 3215 2931 2758 3077 2832 2875 3070 2705 2836 2974 3249 3415 2882 3016 3046 2686 2961 3086 2664 3174 2849 3236 3212 3014 2975 2973 2739 2909 3126 3033 3132 2987 3021 2852 3253 3308 2878 2756 2860 3201 2912 3183 2700 3183 2950 2954 3518 3103 2804 2834 2600 3049 3001 3118 3018 2761 2908 2953 2977 3288 2915 3149 2742 2978 3231 2970 3104 2895 2946 2938 3121 2943 3165 2924 2936 3532 2938 3256 2908 3071 2712 2862 2866 3060 3007 2867 3168 2646 3068 2688 3082 2703 2921 3119 3114 3096 3187 2883 2952 2896 3009 3244 3168 2822 3006 3183 2943 2971 2905 2849 2941 2930 3031 3022 3169 3052 2963 2971 3388 3076 2929 2955 3037 3054 3221 3044 3171 3001 2763 3001 2824 3080 2784 2953 3151 3276 3084 2712 2780 3000 2947 3112 3291 3120 2695 3275 2785 3162 3140 3005 2764 2885 3032 3100 3039 3036 2664 2816 3068 2767 3147 2946 2787 3085 3024 3064 2994 3377 3066 2898 2903 3332 2687 
3220 3431 3110 3034 2757 3115 3248 3154 3106 3045 2827 3199 3628 2909 3102 3095 3284 3297 2939 3085 2975 3481 3236 3279 2933 3221 3220 2873 2836 3072 2956 2910 2962 3231 3444 3131 3053 3216 2910 2891 2701 3189 2789 3095 3309 3280 3187 3445 2755 3193 3293 3072 3284 3569 3118 2833 3015 3081 2983 3123 3191 3172 3244 2699 3316 3012 2737 3074 3049 3065 3349 3258 3056 3189 3175 2975 3371 3307 3131 3040 3050 3039 2936 2961 2915 2812 2949 3380 3248 2967 2851 3168 2737 3149 3269 2886 3324 2986 3089 3205 3126 3288 3242 2773 2954 3203 2902 3186 3036 3100 2825 3472 3500 2865 2836 3053 3459 2990 3208 2841 3454 3118 3124 3622 3265 2869 2933 2739 3097 2985 3341 3026 2950 2911 3154 2922 3472 2955 3319 2895 3183 3269 3152 3025 3129 3014 3150 3062 3256 3321 3023 2674 3352 2879 3409 3021 3231 3013 3000 3282 3327 3315 2873 3306 2847 3161 2641 3062 2921 3279 3036 3268 3086 3261 3046 3141 3059 3281 3038 3440 3145 3283 3156 3182 3102 2943 2756 3067 2818 3074 3291 3230 3146 3120 3081 3416 3111 2927 3197 3188 3129 3052 3215 2962 3109 2871 2959 2797 3305 2860 3217 3387 3132 3277 2731 2937 3196 3100 3189 3373 3051 3085 3183 2996 3239 3280 2987 2957 2996 2870 2945 3303 3244 2896 3212 3326 2878 3258 2861 3016 3315 3206 3178 2898 3369 3172 3021 3017 3167 2846 
3103 3355 3465 3282 3027 3665 3356 3147 3210 3401 3488 3505 3573 3324 3068 3140 3597 3533 2943 3154 3341 3527 3306 3395 3184 3761 3225 3033 3025 3254 3137 3207 3141 3239 3420 3425 3114 3212 2966 2883 3052 3396 3184 3345 3390 3395 3217 3559 3141 3318 3638 3242 3546 3416 3326 3202 3353 3133 2966 2944 3225 3376 3395 2682 3373 3037 3123 3116 3290 3064 3400 3370 3273 3204 3547 3244 3334 3355 3121 3122 3143 3027 3178 3502 3037 3110 3254 3421 3700 3145 3132 3481 3031 3186 3296 2870 3309 3343 3525 3569 3292 3344 3295 2871 3288 3372 3098 3606 3372 3419 3071 3511 3743 3222 2807 3381 3551 3320 3704 2907 3591 3346 3176 3649 3665 3010 3125 2996 3147 3234 3477 3072 3081 3177 3312 3201 3729 3209 3493 3285 3364 3400 3210 3315 3157 3296 3210 3559 3403 3465 3112 3046 3431 3226 3412 3163 3348 2987 3394 3440 3424 3487 3128 3442 2739 3268 3012 3467 2891 3275 3120 3558 3337 3449 2926 3441 3103 3282 3404 3783 3529 3172 3288 3183 3436 3417 2959 3277 3261 3477 3235 3685 3218 3335 3270 3710 3615 3288 3303 3416 3217 3320 3171 3461 3355 3164 3134 3217 3468 3272 3384 3215 3384 3433 3037 3007 3353 3169 3386 3375 3195 3239 3504 3090 3439 3548 3430 3218 3278 3247 3183 3395 3157 3031 3232 3268 3070 3639 3264 3084 3396 3545 3486 3295 3737 3184 3355 3064 3283 3018 
3034 3445 3259 3152 3023 3262 3328 3131 2878 3187 3075 3049 3646 2946 3155 3089 3130 3205 2970 3131 3033 3394 3211 3265 2934 3460 3386 3021 2930 3177 2994 2925 2981 3267 3357 3212 3104 3052 2810 2801 2803 3243 2896 3204 3125 3261 3376 3463 2855 3453 3345 3134 3328 3246 3005 2935 3056 3171 2926 2984 3193 3146 3055 2694 3200 2859 2930 2991 3203 3134 3421 3152 3136 3135 3227 2903 3239 3466 3110 3026 2995 2874 3119 3176 2777 2800 2865 3315 3420 2875 3070 3297 2833 3115 3220 2951 3204 3075 3306 3275 3149 3404 3201 2596 3032 3056 3015 3168 3053 3162 2862 3363 3447 3003 2783 3073 3456 3143 3284 2879 3293 3191 3363 3409 3253 2972 2984 2866 3182 3201 3161 2926 2917 2804 3196 3152 3362 2866 3435 2752 3202 3176 3092 3166 3059 3226 3047 3089 3400 3356 2924 2919 3353 2858 3375 2965 3105 2741 3022 3317 3227 3291 2916 3236 2857 3275 2710 3025 2921 3118 2974 3458 2963 3355 2994 3091 2944 3393 3099 3503 3395 3132 3183 3077 3117 3230 2620 2874 2683 3294 3049 3086 3075 3119 3073 3304 3175 2914 3039 3091 3088 3170 3234 2990 3239 2796 3019 3016 3233 3015 3273 3178 3176 3238 2709 2883 3097 3103 3081 3479 3117 3104 3213 3055 3089 3375 3053 3041 3022 3037 3133 3311 3263 2764 3224 3032 2851 3431 3139 2824 3118 3419 3105 3160 3418 3113 2991 3014 3188 2871 
3025 3106 3431 3041 2776 3183 3188 3080 2934 3046 3048 3012 3317 2907 2840 3054 3200 3268 2703 3061 2932 3208 3191 3258 2964 3328 2994 2854 2548 2851 2835 2954 2725 3083 3252 3086 2926 2876 2855 2863 2553 3004 2967 3022 2910 3078 3282 3397 2851 3142 3260 3141 3329 3429 3058 2857 2977 3158 2793 3008 3092 3129 3028 2621 3150 2896 2924 3036 3078 2941 3297 3288 3189 3203 3341 2998 3253 3299 3192 3025 3068 3038 2985 3013 3014 2665 3089 3133 3376 3021 2921 3040 2799 2953 3135 2681 3090 3093 3024 3332 2887 3155 3115 2840 2881 3091 3097 3139 2981 3128 2930 3294 3376 2894 2749 2840 3265 2869 3258 2763 3461 3075 3232 3414 3280 2834 2912 2737 2946 3095 3108 2929 2920 2836 3003 2927 3344 2972 3187 2976 3024 3163 3002 3038 2984 3033 2956 3269 3031 3175 2949 2851 3509 2973 3295 3065 2768 2903 2938 3214 2891 3205 2874 3013 2570 3087 2690 2988 2979 3228 3056 3340 3084 3258 2843 2920 2849 3236 2982 3282 3243 3014 3208 2895 3144 3195 2797 2807 3124 3112 3267 3180 2937 3157 3151 3417 3005 3062 2937 3046 3102 3273 3084 3135 2846 2951 2927 2991 3019 2820 3125 3195 3225 3017 2810 2661 2941 2879 3172 3331 2935 3014 3069 2944 3212 3396 3086 2814 2934 3035 2983 3000 3052 2762 2995 3035 2882 3135 2925 3044 3323 3112 3026 2927 3335 2941 2938 2970 3236 2819 
2831 3374 3273 2981 3005 3188 3028 3017 3167 3348 3070 3390 3383 2943 3014 3192 3204 3270 2880 2987 3053 3424 3178 3198 3061 3550 3114 3017 3223 3014 3120 2963 2891 3167 3265 3003 2980 3105 3086 2920 2829 3374 3057 3414 3251 3047 3191 3382 3023 3132 3402 3087 3542 3529 3026 2935 3216 3181 2973 3002 3216 3082 3422 2656 3280 3186 3068 3218 3149 2985 3325 3161 3122 3286 3420 2944 3185 3415 3189 2973 3145 3066 3084 3045 2886 2855 3137 3357 3407 2947 2866 3005 2839 3216 3397 2819 3334 2993 3142 3363 3244 3205 2914 2865 3054 3312 3047 3194 3098 3141 2970 3617 3654 2879 2964 3052 3415 2963 3413 2782 3499 3170 3174 3532 3255 2887 3229 2787 3173 3203 3121 3142 2974 2924 3187 2982 3472 3114 3316 2936 3049 3342 2937 2982 3126 3095 3117 3079 3193 3467 3014 2757 3590 2984 3321 3078 3253 2838 3004 3104 3177 3333 3147 3524 2839 3264 2903 3221 2821 3020 3300 3390 3340 3192 2753 3044 3010 3259 3151 3471 3175 3116 3158 3043 3276 3317 2911 2918 3252 3098 3283 3396 3183 3248 3393 3479 3095 3096 3169 3248 3004 3264 3320 3249 2940 3081 3141 3051 3242 2836 3070 3276 3435 3159 2832 2747 3182 2999 3091 3211 3042 3140 3354 3072 3209 3552 3103 3029 3073 2987 3014 3209 2960 2759 3201 3233 2779 3320 3001 3050 3181 3257 3315 2967 3551 3085 2913 2941 3124 3007 
2910 2823 3181 2938 2733 3194 3257 3071 2866 3012 3028 3067 3467 2891 3108 2936 3161 3272 2739 2941 2718 3498 2995 3125 2908 3256 3092 2839 2909 2929 2920 2663 2925 3058 3333 3056 3122 3109 2863 2922 2728 3135 2893 3199 3147 2934 3088 3257 2576 3094 3228 3067 3349 3408 2933 2766 2964 3115 2890 2858 2958 2896 3091 2603 3052 2902 2693 2965 3176 3075 3269 2998 3026 3271 3126 2920 3201 3252 3115 2957 2967 2926 2768 3009 2813 2522 2979 3019 3104 2849 2868 2968 2678 3027 3357 2593 3009 2894 3194 3123 2985 3014 3009 2543 3119 3234 2767 3075 2801 2940 2624 3438 3489 2716 2697 2820 3214 2992 3367 2796 3297 2870 2860 3362 3154 2907 2980 2613 2965 2948 3149 2914 2895 2865 3087 2971 3336 2955 3091 2835 3075 3232 3012 3023 3216 2905 2910 3052 3245 3159 2965 2668 3104 2952 3286 2857 3024 2820 2838 3062 2909 3183 3004 3227 2686 2884 2602 2931 2640 3062 3018 3220 3118 3220 2809 2740 2802 3334 3085 3439 3041 3028 2945 2985 3007 2953 2836 2923 2825 3249 3134 3342 3077 3229 3176 3272 2984 2904 2972 3196 3089 3247 3132 3389 2928 2866 2942 2673 3063 2982 3093 3329 3394 3053 2829 2818 2858 2969 3061 3238 2912 2913 3082 2755 3123 3065 2905 2782 2946 3060 3046 3119 3044 2830 2980 2948 2727 3122 2826 3026 3205 3174 3058 2930 3369 2989 2813 2704 2969 2724 
3123 3334 3380 2974 2772 3296 3105 2865 2880 3108 3104 3023 3418 2861 3123 3001 3062 3061 2704 3061 3014 3251 3049 3211 3186 3479 3203 2760 2729 2845 3085 2938 2897 3229 3248 3195 3068 2871 3037 2884 2846 3121 2658 3232 2947 3174 3084 3469 2761 3218 3199 2988 3288 3209 2943 2824 3004 3175 2896 2985 3128 2980 2952 2571 3069 2959 2628 3056 3106 2930 3226 3159 3144 3231 3268 3224 3136 3343 3081 2801 2910 3019 2926 3143 2724 2592 2906 3083 3382 3059 2904 3169 2803 2946 3210 2804 3055 3067 3317 3425 3079 3045 2922 2640 3225 3254 2947 3029 2870 3301 2921 3308 3478 2961 2735 3086 3295 3165 3190 2692 3388 2995 3189 3492 3322 2720 2831 2651 2864 3205 3056 2873 2871 2947 3025 3073 3389 2902 3029 2999 3058 3310 2916 3033 2908 3114 2895 3138 3196 3282 3052 2911 3507 2833 3139 2963 2826 2881 2961 3076 3171 3130 2925 3279 2728 3119 2820 3037 2870 2992 2838 3179 3064 3225 2926 2908 2905 3177 3100 3385 3076 2882 3122 2839 2979 3166 2722 2896 3118 3020 3151 3045 3319 3324 3140 3422 2999 2953 2955 3213 2962 3098 2951 3104 2832 2900 2855 3221 3033 3043 3146 3145 3264 3061 3065 2680 2982 3008 3114 3272 2719 3221 3159 3102 3091 3147 3089 2993 2824 2875 3049 3189 3166 2971 2996 3187 2785 3309 2903 2978 3222 3266 3015 3037 3280 2914 2770 2917 3077 2932 
3247 3371 3532 2861 2837 3428 3176 3053 3177 3290 3060 3118 3709 3021 3212 3020 3526 3318 2916 3388 3145 3533 3219 3054 3217 3338 3390 2987 2888 3237 2964 2998 3218 3268 3537 3247 3111 2993 2902 2883 2975 3259 2945 3356 3127 3149 3436 3653 2789 3285 3299 3208 3345 3269 3026 3030 3152 3062 2907 2966 3292 3148 3086 2712 3020 2889 2764 3057 3291 3182 3514 3255 3164 3406 3285 3098 3296 3372 3033 3171 3100 2989 3114 3262 2758 2873 3143 3246 3287 3221 3041 3199 2881 3136 3340 2950 3221 3266 3398 3370 3020 3297 3225 2749 3124 3164 3243 3317 3304 3292 2816 3645 3539 2850 2899 3154 3581 3016 3355 2904 3323 3057 3145 3747 3397 2904 2976 2789 3056 3333 3336 2953 3190 2926 3120 3070 3452 2961 3346 2903 3438 3459 3181 3242 3158 3134 2999 3233 3409 3535 3109 2755 3398 3102 3407 3021 3287 2845 2956 3127 3057 3461 3071 3309 2753 3098 2779 3061 2937 3178 3144 3222 3002 3365 2981 3017 3001 3329 3285 3523 3344 2965 3277 3053 3229 3226 2938 3031 2994 3198 3131 3365 3244 3423 3187 3395 3246 3185 3071 3181 3183 3345 3074 3079 3058 3045 2995 3112 3428 2954 3299 3150 3163 3372 2917 2782 2922 3098 3179 3320 3074 2994 3185 2979 3137 3338 3207 3147 2915 2992 3210 3268 3218 2976 3339 3061 2862 3438 3021 3200 3200 3349 3211 3011 3421 3314 3059 3125 2902 3009 
3067 3301 3169 3120 2655 3332 3084 3137 3026 3146 2979 2861 3511 2925 3044 3040 3209 3049 2781 3049 2871 3285 3073 3094 3001 3372 2998 2918 2824 2993 2934 2823 2862 3052 3360 3182 3038 2884 2717 2758 2699 3035 2937 3316 3070 3056 3332 3322 2739 3280 3200 3072 3405 3404 2843 2943 2893 3150 2728 2763 3287 3282 3051 2502 3196 2785 2929 2935 3037 2910 3385 3162 3224 3102 3211 2954 3151 3177 3146 2917 2948 2874 3052 3203 2812 2610 3094 3148 3269 2903 2938 2796 2750 2888 3083 2664 3091 3186 3216 3300 3086 3099 3159 2638 2874 3058 3118 3224 2907 3128 2786 3391 3395 3087 2963 2781 3262 2987 3325 2722 3290 3049 3141 3546 3243 2718 2939 2663 2926 2998 3148 2960 3123 2715 3203 2854 3165 2886 3356 2792 3043 3246 2991 2868 3015 3052 2840 3158 3028 3399 2980 2950 3198 3015 3306 3118 3056 2780 3081 3090 3124 3341 2806 3280 2666 3052 2819 2980 2887 3017 3015 3180 3103 3251 2842 2825 2952 3299 3003 3349 3286 3189 3178 3104 3219 3265 2483 2716 2669 3098 3132 3181 3325 3151 3279 3400 3057 3064 2907 3141 3093 3331 3091 3090 2993 2867 2893 3040 3015 2837 3191 3012 3203 3407 2972 2684 3162 2746 3180 3111 2972 2996 3193 2952 3147 3193 3051 3113 2736 3210 3085 3098 3054 2786 3010 3054 2979 3340 2813 2843 3132 3291 3027 2932 3298 3090 2991 2667 3085 2705 
3106 3249 3232 2920 2890 3178 3208 2904 2991 3096 2985 3189 3529 3016 2771 2806 3282 3242 2787 3077 3014 3327 2966 3177 2888 3123 3054 2871 2868 3067 2802 2927 2864 3222 3389 2977 3012 2913 2849 2626 2785 2909 2822 3234 3001 3102 2975 3285 2884 3108 3221 2985 3450 3264 2778 2997 3009 3059 2992 2848 2991 3108 3006 2582 3329 2649 2792 2891 3047 3009 3125 3158 3184 2921 3385 3034 3099 3312 3059 2882 2836 2824 2851 3121 2798 2741 2984 3190 3229 2937 2835 2933 2742 3060 3050 2706 3162 3253 3259 3181 3003 3100 3288 2832 2826 3159 3001 3228 2972 3072 2722 3223 3351 2987 2494 2873 3331 2905 3313 2653 3354 2984 3036 3439 3341 2931 2783 2629 2979 3134 3246 2932 2857 2629 2934 3056 3335 2814 3341 2843 3067 3306 2984 2966 2899 2953 2840 2889 3210 3223 2976 2820 3197 2994 3217 2693 3120 2683 2756 2987 3113 3215 2826 3300 2742 3109 2812 3166 2842 3153 2899 3183 2969 3229 3088 2952 3020 2970 2947 3268 2976 3084 3188 3092 3010 2966 2769 2722 2708 3032 2817 3133 2983 3051 3060 3384 3274 2873 3134 2960 3231 3076 3135 3039 2989 2799 2909 2981 3040 2760 2887 3102 3176 3077 2820 2889 2926 2955 3088 2999 3129 2713 3230 2910 3010 3220 3111 2982 2817 3028 2961 3056 2917 2696 2959 2902 2749 3161 2899 2586 3018 3228 3045 2916 3453 2855 2868 2788 3198 2704 
3031 2952 3163 2865 2726 3112 3195 3189 3014 2923 2901 2903 3425 3009 2999 2752 3162 3462 2908 3095 2944 3250 2896 3018 2788 3292 2938 2979 2820 3166 2814 2718 2929 3077 3358 2983 2907 2981 2788 2604 2586 3019 2762 3221 2907 2993 2987 3321 2559 3277 3046 3092 3267 3330 2926 2895 3057 3087 2683 2999 3038 2943 3012 2538 3062 2714 2831 2870 2980 2793 3199 2969 3089 2882 3092 2909 3310 3083 3044 2858 2826 2962 2807 2971 2871 2805 2802 3089 3286 2963 2650 2966 2673 2980 3267 2527 3107 2853 3095 3308 2833 3077 3136 2507 2769 3039 2941 3170 2857 2887 2679 3443 3422 2646 2684 2652 3261 2905 3245 2658 3264 2987 3088 3146 3289 2955 2759 2575 2924 3037 3129 2804 2822 2786 3007 2986 3153 3087 3113 2621 3122 3162 3157 3115 3066 2850 2697 2991 3164 3044 2859 2683 3152 3009 3176 2837 2910 2833 2978 3088 2984 3166 2959 3132 2708 2840 2501 3016 2675 3042 2865 3170 3132 3171 2799 3055 2616 3264 2984 3598 3135 3010 3290 3000 3182 3079 2776 2819 2807 3218 3276 3139 2933 3129 3017 3217 2894 3002 2913 2878 2951 3277 3124 3155 2894 2749 3010 2734 3033 2688 3047 3050 3060 2971 2822 2673 2785 2872 2914 2985 3016 2776 3009 2819 3067 3113 2888 2712 2964 2997 2852 3269 2814 2732 3030 2983 2939 3100 2872 2822 3108 3233 2918 2747 3328 3056 2779 2746 2841 2609 
3085 3205 3584 2897 2663 3148 3013 3344 3269 3210 3165 3133 3636 2836 3036 3142 3312 3218 2863 3022 2850 3633 3404 3273 2934 3386 3039 2978 3090 3047 2813 3056 3088 3128 3416 3084 2840 3033 2796 2773 2765 3249 2795 3309 3014 3038 3177 3604 2890 3218 3351 3271 3467 3278 2945 2851 3182 3114 2874 3001 3231 3137 3107 2452 3334 2866 2831 3089 3162 3099 3457 3244 3168 3341 3321 2904 3115 3292 3187 2940 2951 2888 2924 3251 2994 2825 3084 3199 3393 3130 2971 3217 2836 3101 3408 2930 3185 2959 3096 3359 3249 3155 3114 2710 3023 3250 3029 3181 3049 3062 2918 3639 3534 2544 2850 3037 3379 2856 3307 2800 3517 3023 3144 3809 3272 2809 3032 2812 3004 3102 3094 3004 2867 2906 3180 3000 3358 2917 3259 2916 3105 3202 3163 3048 2969 3072 2804 2948 3284 3297 3139 2840 3277 2996 3283 3024 3188 2907 3027 3037 3012 3444 2935 3400 2658 3136 2865 3014 2825 2922 3072 3392 2796 3244 2946 3132 2988 3407 3204 3448 3272 3072 3052 2893 3180 3028 2768 3311 3101 3240 3060 3297 3164 3092 3083 3587 3147 3047 3039 3106 2778 3211 3254 3199 2975 2993 3112 3174 3114 2958 2999 3275 3289 3224 2801 2728 3053 2885 3006 3183 2984 2941 3352 2876 3071 3310 3127 2955 2971 3223 3074 3130 3109 2896 3113 3222 3010 3054 2963 3160 3130 3322 2955 2905 3336 3064 2968 2710 3268 2994 
3256 3339 3468 3295 3132 3579 3379 3316 3193 3274 3257 3287 3773 3077 3240 3305 3451 3646 2937 3334 3200 3576 3023 3460 3406 3661 3339 3080 2976 3129 3306 3139 3204 3366 3544 3292 3197 3103 3014 2961 2997 3340 3122 3489 3296 3207 3372 3729 2983 3369 3603 3036 3667 3698 3268 3189 3303 3335 3207 3182 3303 3356 3332 2780 3521 3126 3012 3192 3400 3279 3513 3417 3169 3364 3582 3283 3315 3749 3316 2988 3464 3208 3204 3375 2987 2880 3240 3265 3677 3174 3283 3383 2985 3227 3361 3040 3448 3381 3461 3690 3421 3443 3195 2801 3200 3303 3278 3438 3378 3134 3056 3652 3771 3063 2817 3302 3631 3319 3582 2813 3587 3246 3333 3933 3602 2939 3092 3059 3316 3322 3536 3093 3345 3012 3423 3402 3631 3213 3271 3306 3326 3456 3105 3307 3222 3358 3165 3420 3435 3519 3196 3048 3582 3212 3524 3345 3107 3081 3201 3356 3200 3582 3082 3256 2873 3524 2881 3346 2947 3364 3177 3420 3377 3419 3078 3031 3137 3555 3417 3656 3434 3182 3296 3341 3523 3415 2924 3269 3014 3511 3429 3428 3267 3490 3355 3694 3332 3227 3340 3389 3501 3432 3444 3317 3421 3248 3127 3172 3417 3192 3344 3335 3413 3322 3074 3128 3026 3222 3391 3515 3211 2989 3251 3239 3504 3467 3349 3361 3154 3289 3117 3371 3245 3087 3343 3224 2963 3600 3126 3042 3272 3616 3373 3134 3588 3179 3302 3106 3382 3248 
3002 3405 3328 3053 2837 3311 3171 3272 2978 3126 3040 2963 3468 2710 2987 2920 3232 3197 2777 3189 3068 3443 3327 3198 2989 3384 2939 3022 2763 3103 2917 2932 2896 3264 3457 3037 3066 3235 2851 2989 2694 3060 3038 3322 3276 3057 3177 3548 3013 3324 3234 3015 3426 3505 3115 2943 3008 3069 2982 3002 3171 3114 3052 2510 3254 2685 2882 3100 3085 3271 3366 3246 2914 3171 3183 3054 3191 3293 3100 2985 3289 3105 2862 3049 2846 2853 2965 3084 3448 2911 3055 3002 2877 3018 3168 2999 3200 3096 2870 3462 3102 3194 3045 2578 3030 3144 3046 3131 3109 3181 2793 3457 3441 2743 2808 3146 3366 2862 3397 2908 3386 3209 3209 3519 3367 2873 3014 2779 3033 2997 3174 2979 3105 2947 3122 2862 3374 3045 3446 2883 3195 3169 3140 3222 3004 3156 3185 3217 3208 3250 3095 2746 3342 3084 3445 3037 3236 2890 2942 3126 2986 3301 2780 3226 2860 3190 2826 2982 2892 3030 3055 3147 3141 3269 3013 2967 3125 3281 3151 3485 3258 3139 3082 2988 3165 3024 2796 3027 3026 3353 3300 3356 3065 3085 3097 3484 3120 3058 2967 3107 3245 3179 3128 3243 3204 3146 2914 3011 3280 2881 3123 3255 3225 3320 2947 2852 3195 3074 3120 3374 3037 3055 3111 2892 3183 3238 3280 2765 2923 3151 2888 3035 3219 2893 3185 3250 3016 3228 3080 3192 3216 3091 3089 3193 3258 3064 3082 3089 3278 2963 
3079 3254 3232 2865 2794 3347 3164 3073 2935 3115 3108 2869 3502 2825 2958 2971 3281 3227 2841 3061 2842 3376 3224 2939 3077 3355 2951 2926 2857 3077 2982 2955 2781 3133 3425 3060 2889 3081 2743 2768 2694 3109 2759 3283 2994 3232 3234 3379 2927 3321 3190 3021 3468 3508 2816 3038 3017 3153 2792 2850 3204 3173 3007 2449 3234 2674 2852 3184 3161 2984 3050 3240 3050 3113 3298 3044 3113 3418 2944 2989 3097 2875 3021 3077 2920 2565 2977 3061 3395 2875 2796 3099 2860 3026 3289 2897 3163 2924 3308 3349 2944 3179 3162 2631 2967 3070 3003 3300 3017 3267 2881 3479 3395 3002 2748 3095 3276 2954 3367 2815 3193 3051 3117 3458 3194 2879 3072 2719 3072 3003 3176 3065 2862 2675 3266 2911 3440 2879 3333 2796 3170 3178 2924 3123 2924 3093 3054 2992 3232 3260 2818 2642 3327 2863 3153 2888 3163 2761 3022 3114 2887 3386 2951 3179 2550 3077 2615 2991 2790 3031 3060 3279 3157 3270 2896 2880 2873 3359 3051 3453 3031 2910 3066 3031 3158 3321 2916 2821 2849 3137 3252 3190 3081 2877 2844 3279 3009 2983 2983 2896 2857 3064 2950 3094 3065 2829 2919 3059 3130 2784 2911 3047 3147 3304 2830 2692 2852 3065 3147 3189 3031 2973 3228 2997 3169 3086 3095 2965 3020 3029 3209 3140 3077 2808 3118 2877 2795 3189 3014 2797 3021 3048 3017 2953 3396 2909 2906 2951 3120 2866 
3074 3231 3130 2873 2997 3336 3055 2916 3070 3237 2958 3312 3498 2915 3014 3102 3390 3351 2758 3052 2858 3301 3090 3110 3122 3181 2856 3010 3005 3030 3033 2897 3009 3073 3204 3081 3289 2973 2888 2953 2821 3148 2800 3267 3252 3126 3348 3367 2811 3259 3154 3147 3352 3409 2910 2880 3096 3171 2889 2837 3347 2939 3115 2535 3227 2770 3051 2996 3063 3126 3279 3334 2986 3219 3308 3165 3345 3319 3196 2682 3210 3199 3037 3271 2817 2760 3043 3084 3521 2926 3039 2956 2744 2981 3184 2562 3393 2973 3039 3250 2904 3195 3142 2838 2978 3207 3099 3333 2913 3072 2813 3412 3699 2931 2752 2969 3306 2974 3370 2698 3245 2998 2832 3504 3119 2632 2921 2537 2869 3006 3327 2991 2931 2757 3078 2930 3509 3091 3302 2950 3129 3281 3042 2962 3028 3033 2762 3268 3084 3466 3177 2736 3367 2967 3286 3037 3126 2786 3087 3157 2943 3360 2810 3392 2835 3003 2599 2962 2888 2831 2965 3302 3237 3405 2880 2852 3179 3112 3162 3472 3092 3040 3305 3129 3028 2840 2884 2990 2832 3062 3162 3402 3208 3014 2967 3416 3189 3132 3160 3224 3078 3416 3071 3217 3132 2799 2757 3137 3167 2950 2894 3083 3293 3317 2882 3050 3143 3208 3225 3247 3102 2981 3608 2851 3118 3213 3034 3079 2898 3142 3177 3167 2877 3005 3133 3081 2946 3175 2968 3009 3037 3045 3115 2913 3391 3034 3029 2808 3115 2873 
3032 3174 3387 3011 2744 3433 3039 2885 3143 3024 3162 3135 3397 2942 3039 3167 3251 3399 2631 3088 2791 3382 2964 3132 2771 3325 3113 2953 3085 2971 2985 2837 3055 3162 3288 3121 3024 3045 2859 2811 2667 3092 2798 3274 2949 3033 3294 3145 2653 3263 3269 3075 3195 3346 3118 2830 2961 3270 2935 2996 3039 2973 2855 2664 3267 2939 2794 2940 3176 2884 3280 2902 3289 3203 3330 3002 3413 3196 3302 2960 2980 2990 2876 3062 2891 2541 3065 2844 3274 3112 3101 3037 2789 3133 3151 2626 3200 3153 3114 3534 2944 3013 2937 2645 2902 3043 3138 3249 2983 3078 3027 3487 3500 2714 2873 3058 3334 2940 3265 2702 3510 2912 2924 3579 3170 2750 2972 2691 2948 2928 3224 2987 3044 2677 3021 2816 3326 2952 3088 3010 3177 3270 2970 3244 3256 3225 2868 3156 3311 3469 3000 2757 3124 3198 3224 3038 2969 2872 2890 3123 3098 3315 2859 3210 2830 2943 2716 3018 2772 3035 3041 3328 3088 3278 3035 2875 2912 3179 3275 3295 3213 3184 3218 2871 3076 3103 2912 3014 3087 3216 2994 3206 2914 3252 3265 3437 3158 2995 2851 3159 3057 3104 3018 3071 2991 3087 3008 2999 3390 3062 3063 3057 3260 3192 3083 2677 2964 2891 3284 3181 2780 2746 3181 2711 3349 3205 3032 2646 2791 2963 2836 3092 3008 2804 3263 3056 3141 3243 2891 3264 3146 3364 3097 3057 3251 3259 2875 2617 3079 2844 
3302 3483 3545 3324 2857 3556 3265 3279 3269 3324 3250 3385 3687 3193 2940 3217 3550 3456 2978 3133 3130 3548 3057 3482 3189 3709 3491 2814 3027 3391 3044 3304 3217 3295 3485 3272 3195 3144 2929 2953 2848 3272 3040 3296 3391 3302 3413 3493 3086 3135 3399 3367 3484 3424 3089 3082 3156 3034 3093 3088 3293 3167 3204 3029 3552 2818 3081 3218 3399 3275 3356 3315 3097 3396 3506 3256 3553 3351 3337 2992 3426 3056 3182 3318 3021 2846 3302 3347 3547 3132 3325 3204 3044 3146 3318 2957 3405 3202 3490 3521 3262 3266 3296 3074 3052 3349 3431 3354 3270 3247 3089 3484 3522 3058 2795 3098 3562 3223 3520 2952 3670 3112 3181 3707 3420 3202 3276 2956 3360 3342 3451 3270 3189 3040 3182 3045 3672 3187 3587 3129 3470 3298 3180 3153 3274 3303 3291 3405 3294 3724 3219 2934 3661 3186 3431 3151 3389 2874 3248 3334 3351 3422 3235 3341 2843 3378 2726 3245 3075 3308 3354 3477 3353 3528 3085 3118 2918 3340 3296 3607 3269 3453 3300 3173 3250 3359 3108 3009 3122 3442 3290 3221 3203 3159 3179 3771 3440 3073 3275 3105 3333 3256 3498 3388 3266 3332 3075 3134 3326 3112 3183 3269 3376 3273 3132 2975 3277 3268 3398 3485 3122 3036 3413 3262 3400 3557 3245 3036 3207 3306 3120 3325 3349 2929 3209 3430 3132 3469 3216 3260 3420 3502 3274 3140 3705 3343 3297 3163 3235 3053 
2957 3075 3305 2877 2814 3255 3122 3076 3217 3268 3125 3173 3611 3132 2895 3136 3064 3304 2880 2981 2876 3202 3025 3007 3104 3476 3095 2838 2835 3047 3064 2920 2951 3004 3291 3067 3105 2943 2832 2750 2801 3011 2877 3199 3327 3138 3365 3450 2660 3137 3175 3178 3435 3122 3135 2801 3074 3302 2941 2900 3092 3194 3119 2721 3083 2800 2890 2948 3362 2990 2944 3193 3179 3165 3256 3227 3098 3306 2966 2922 3084 2906 2921 3133 2982 2846 3017 2949 3492 2930 3012 3010 2748 3029 3145 2630 3355 3019 3279 3291 3167 3271 3192 2634 2907 3211 3044 3372 2940 3055 2936 3525 3380 2889 2924 2975 3325 3098 3299 2690 3510 3133 3173 3650 3315 2979 2957 2659 3032 2978 3109 2974 2692 3084 3177 3068 3388 3140 3078 3069 3138 3273 2943 2905 3038 2962 2961 3166 3066 3348 2985 2788 3350 3038 3394 3063 3101 2958 2940 2985 3065 3181 3009 3395 2697 3244 2812 3096 2958 2954 3120 3216 3140 3079 2793 2928 2970 3180 3053 3311 3240 3199 3323 2938 3067 3166 2633 2859 2957 3177 3221 3434 3031 3302 3028 3491 3403 3115 3068 3132 3001 3271 3088 3061 2985 2863 2944 3003 3066 2851 3044 3168 3450 3164 2792 2693 3040 2951 3109 3255 3029 3084 2895 3074 3021 3264 3027 3012 2847 2984 3005 3107 3009 3064 3014 3229 2761 3165 2849 2917 2981 3234 3038 2928 3570 3127 2877 2992 3174 2763 
2932 3275 3153 2943 3030 3144 3099 3127 3024 3023 3010 3123 3630 3219 2959 3156 3344 3267 2812 2970 2862 3315 3042 3027 2933 3434 2986 2945 2846 3131 2872 2815 2994 3246 3320 3109 3130 3003 2778 2896 2960 3235 2900 3222 3145 3110 2877 3537 2916 3149 3201 3004 3414 3223 3103 2896 3150 3021 2923 2974 3186 3117 3110 2584 3235 2599 3061 3043 2980 3025 3281 3052 2789 3035 3323 2981 3131 3367 3119 2863 3214 3172 3027 3218 2879 2844 3108 3336 3387 2921 3005 3052 2642 3002 3294 2667 3387 2942 3102 3419 3297 3116 3149 2711 2939 3245 3090 3287 3013 2990 2882 3344 3483 3007 2667 2881 3330 3094 3391 2748 3486 3031 3085 3589 3321 2959 2964 2757 3099 3235 3065 3212 2790 2851 3150 2933 3488 3028 3303 2800 3208 3265 3147 2834 3217 3133 3030 3219 3147 3281 3189 2908 3307 2867 3405 2640 2970 2677 2924 2997 3149 3104 2970 3316 2629 3161 2627 3170 2865 3094 3014 3239 3258 3378 2786 2929 2882 3278 3183 3496 3045 3088 2976 3056 2967 3016 2671 2903 2841 3224 3073 3136 3048 3298 3070 3494 3193 2819 3071 3052 3001 3321 3127 2932 3100 2845 3004 2918 3057 3027 2929 3189 3386 3261 2990 2792 3065 3024 3063 3159 2835 2952 3324 3085 3174 3298 3206 2929 2937 2939 3019 3207 3003 2809 2861 3131 2907 3166 2923 2980 3101 3237 3039 2787 3291 3120 2934 2816 3332 2925 
3127 3200 3149 2921 2925 3305 2894 3057 3019 3021 2895 3026 3433 2932 3215 3238 3035 3187 2693 2813 2922 3307 2801 3030 2985 3439 2930 2938 2928 2874 3080 3087 2783 2974 3254 2974 3111 3023 2975 2628 2826 3051 2830 3142 3087 3063 3159 3410 2536 3148 3272 2905 3395 3357 2939 3097 2879 3152 2852 3022 3249 2891 3034 2526 3062 2787 2659 3081 3132 3007 3219 3147 3009 3177 3187 3079 2997 3124 3140 2654 3010 2759 2912 3060 2617 2634 2991 3114 3306 2979 2909 3150 2640 2917 3270 2690 3326 3067 3083 3320 3142 3204 3103 2647 2775 3217 3183 3071 3085 2859 3054 3401 3378 2846 2717 2986 3222 3126 3342 2646 3328 2915 3029 3666 3120 2727 2913 2795 2973 2850 3080 3025 2912 2740 3163 3040 3432 2866 3138 2750 3089 3333 2778 2909 3163 3311 2959 3030 3025 3188 2955 2816 3479 2902 3192 2909 2915 2798 3076 3082 3063 3355 2664 3344 2559 3162 2769 2941 2635 3061 3002 3325 3199 3138 2835 2922 3003 3383 3133 3299 3143 3036 2999 3049 3052 2988 2870 2876 2973 3200 2955 3178 3049 3072 2931 3153 2994 2868 2934 3082 2872 3371 3203 2747 2969 2535 2909 3101 3011 2773 3017 3010 3400 3306 2612 2598 3127 2989 3102 3165 3076 2914 3186 3144 3061 3245 3194 3068 2943 2931 2963 3221 3124 2755 2950 3088 2992 3217 2944 2926 2901 3372 2865 2652 3378 2906 2950 2799 2896 2961 
3090 3112 3138 2866 2876 3381 2925 2945 3005 3119 2891 3147 3498 3025 3031 3073 3093 3219 2623 3073 2864 3379 3074 3325 2961 3316 3170 2745 2855 2804 2963 2610 2833 3124 3337 3161 3252 2842 2689 2786 2710 2812 2826 3002 3102 3215 3148 3288 2906 3296 3194 3157 3285 3516 3075 2615 2934 3114 2992 3020 3194 2951 3030 2591 3310 2929 2754 2837 3117 2833 3141 3238 3084 3074 3262 3072 3198 3451 3114 2728 2986 2988 2903 2902 2767 2627 2812 3147 3285 2756 2857 2947 2870 3124 3141 2755 3345 3080 3150 3119 3066 3242 3231 2758 2975 3089 2875 3175 2954 2973 2876 3441 3388 2863 2708 2921 3347 2925 3130 2618 3207 3060 2962 3543 3091 2802 2980 2658 3110 2860 3240 3065 2688 2821 2950 2915 3243 2990 3120 3014 3129 3080 2903 2881 3072 2980 2900 3147 3087 3443 2852 2867 3375 3016 3310 3129 3033 2745 2956 3035 3267 3122 2977 3115 2711 3134 2712 3072 2869 3065 2934 3222 3153 3272 3014 2816 3031 3195 3229 3289 3209 3278 3178 2926 3123 2920 2751 2905 3110 3221 3057 3108 3050 3045 3145 3358 3100 2947 3129 2910 2909 3155 3066 3051 2860 2703 2925 2896 2912 2938 3017 3206 3413 3156 2739 2706 3109 2983 3179 3238 2883 2986 3079 3034 3097 3339 3133 2825 3017 2870 3016 3353 3212 2922 3113 3294 2935 3299 2911 2781 3148 3186 3034 2926 3409 2853 2965 2839 3248 2882 
3351 3702 3673 3261 2901 3609 3231 3227 3319 3599 3331 3408 3927 3228 3217 3315 3402 3433 3092 3406 3289 3510 3128 3484 3214 3877 3436 3084 3192 3467 3217 3186 3094 3226 3635 3355 3234 3277 3161 2999 3063 3379 3162 3515 3293 3351 3559 3896 3060 3306 3553 3392 3542 3436 3058 3308 3188 3375 3058 3084 3536 3294 3468 2902 3336 2992 3124 3412 3344 3207 3572 3463 3286 3590 3463 3356 3466 3569 3348 3256 3366 3369 3262 3516 3086 2999 3310 3526 3655 3371 3145 3188 3000 3189 3441 2878 3449 3227 3510 3691 3197 3533 3279 2952 3292 3428 3225 3475 3378 3432 3107 3694 3759 3046 3141 3249 3572 3401 3635 2902 3531 3356 3348 3818 3484 3034 3434 2863 3486 3351 3487 3384 3333 3190 3390 3349 3732 3258 3710 3177 3353 3591 3244 3226 3250 3296 3339 3523 3369 3753 3374 3156 3729 3331 3580 3165 3235 2881 3254 3292 3499 3543 3162 3471 3098 3376 2973 3388 3114 3347 3151 3493 3431 3442 3182 3066 3135 3447 3527 3929 3451 3260 3394 3005 3295 3548 3160 3134 3316 3436 3601 3433 3492 3431 3196 3668 3445 3242 3272 3284 3419 3464 3377 3546 3437 3021 3065 3332 3386 3077 3259 3392 3433 3420 3043 2990 3270 3285 3336 3522 3135 3345 3454 3311 3412 3599 3451 3140 3308 3270 3302 3469 3332 3207 3339 3412 3347 3247 3117 3293 3406 3606 3397 3312 3582 3388 3258 3143 3301 3204 
2860 3149 3152 2837 2726 3076 3015 3073 3035 2968 2900 2943 3412 2777 3155 3107 3062 3271 2844 2982 2802 3161 2970 2944 3039 3200 2955 2960 2905 3112 2978 2724 2690 3158 3203 3000 3036 2888 2828 2635 2775 3096 2879 3025 3111 2861 3173 3341 2639 3023 3287 2717 3204 3214 2918 2763 2819 3127 2904 2730 3132 3088 2960 2557 2998 2870 2845 2973 3022 2912 3270 3178 2997 3141 3150 2859 3084 3106 2869 2608 2945 2925 3160 2900 2733 2661 2908 3167 3345 2863 2853 2711 2750 2893 3009 2759 3165 3016 2994 3315 2912 3244 3025 2649 2910 3201 3006 3113 2950 2897 2708 3320 3447 2747 2903 2854 3201 2844 3207 2710 3265 3118 2927 3367 3048 2565 2781 2721 2998 3037 3056 2953 2826 2800 3113 2925 3225 3012 3159 2702 2920 3264 2905 2918 2901 2946 2902 3037 3086 3225 3045 2824 3343 3084 3315 2958 3054 2713 2984 2957 2943 3243 2785 3326 2685 3026 2812 2906 2577 2966 2911 3065 3000 3171 2956 2822 3042 3146 3018 3358 3057 2980 3023 2859 3206 3051 2595 2768 2883 3224 3064 3118 2911 3142 2899 3245 2916 2922 2933 3128 3172 3383 3074 3096 3124 2890 2538 3094 3026 2827 3076 3229 3273 3092 2734 2632 2983 2806 3073 3074 2931 2977 3210 2941 2997 3152 3001 2846 2791 2870 2944 3213 2963 2889 3000 3168 2918 3240 2844 2684 3054 3371 2997 2752 3224 2910 2982 2709 3086 2896 
2897 3138 3080 2964 2616 3187 2819 2895 2765 2863 3080 3151 3200 2828 2655 2807 3168 2969 2766 2904 2925 3181 2811 2844 2890 3227 2851 2818 2723 2889 2822 2857 2618 3095 3103 2804 3022 2967 2641 2720 2648 2943 2668 2876 2882 2888 2901 3205 2754 2948 3113 2992 3303 2959 2930 2936 2729 2930 2596 2799 3119 2896 2884 2575 3112 2719 2654 2999 2724 2784 3176 3185 2753 3144 3208 2972 3106 2965 2919 2652 2694 2617 2740 3017 2787 2437 2938 3012 3263 2852 2963 3052 2646 2922 3000 2700 2962 2877 3101 3136 2957 2949 2922 2614 3080 2980 2844 3023 2907 3089 2787 3244 3198 2996 2667 2939 3153 2850 3128 2592 3170 2930 2950 3340 3078 2583 2968 2591 2934 2883 3089 2901 2839 2816 2831 2934 3255 2751 3103 2765 2824 3030 2817 2860 2664 2820 2883 2984 2956 3127 2714 2792 3345 2691 3027 2874 3143 2790 2751 3115 3015 3151 2665 3146 2541 2924 2760 3029 2665 2879 2748 3079 3023 3014 2838 2837 2849 3054 3001 3294 2989 2833 2923 2962 2845 3119 2879 2806 2627 2893 2986 3134 2993 2676 2906 3296 3100 2713 2887 2900 2943 3089 3047 3050 3079 2785 2846 2882 3049 2752 3048 3006 3200 3026 2556 2740 2775 2877 3033 3047 2852 2893 3095 2861 2977 3006 3012 2847 2847 2900 3093 2907 2952 2667 2757 2830 2731 2947 2784 2702 3080 2934 2908 2606 3063 2865 2847 2974 3038 2625 
2758 2959 3119 2668 2847 3170 2944 2923 3000 2771 2667 2880 3403 2856 2934 2832 2939 3148 2604 2824 2823 3057 2841 2988 2824 2996 3004 2597 2438 2832 2772 2752 2798 2974 2950 2957 2971 2831 2709 2753 2694 2748 2638 2967 3061 2866 2878 3197 2670 2894 2837 2872 3218 3088 2706 2582 2954 3018 2709 3018 2999 2855 2903 2492 3152 2567 2771 2682 3251 2777 2943 3051 2759 2867 2976 2851 2939 3205 2828 2817 2833 2807 2700 2740 2610 2616 2559 2899 3119 2866 2810 2717 2521 2820 2961 2675 3181 2884 3045 3064 3096 3121 2963 2594 2787 2934 2935 2886 2716 2782 2685 3125 3156 2662 2290 2868 3024 2933 3186 2630 3113 2871 2949 3516 3255 2647 2728 2528 2786 2814 2944 3021 2850 2601 2732 2957 3317 2774 3115 2791 3010 3136 2728 2830 2944 3005 2613 2841 3048 3173 2795 2675 3197 2722 3083 2675 2722 2548 2817 2983 3181 2928 2634 3048 2356 3113 2614 2928 2696 2990 2708 3146 2964 2987 2612 2808 2759 3098 2832 3091 2994 2991 3173 2790 2832 2891 2664 2876 2763 2846 2761 3071 2684 3000 2797 3225 2922 2730 2778 2731 2820 3029 2770 2776 2782 2550 2630 2940 2820 2512 2824 2975 3061 3118 2674 2489 2794 2757 2787 2932 2886 2718 2981 2870 2995 3154 2988 2969 2770 2707 2655 2920 3027 2598 2846 2883 2711 3177 2734 2724 3000 3139 2680 2638 3261 2739 2678 2789 2820 2757 
3315 3387 3369 3109 2893 3222 3281 3025 3243 3517 3290 3268 3685 3032 2891 3040 3144 3025 2833 3147 3078 3401 3227 3368 3053 3354 3103 2845 3000 2920 3153 2891 3024 3193 3446 3267 3093 2935 2952 2829 3037 3241 3051 3148 3144 3272 3455 3326 3021 3160 3264 3217 3516 3323 2820 2936 3072 3157 2903 3042 3290 3236 3201 2748 3256 2794 2986 3122 3221 3212 3414 3253 3163 3460 3384 2969 3456 3452 3192 2963 3024 3143 3050 3163 3017 2810 3196 3249 3220 2939 3158 2924 2938 3197 3250 2812 3355 3192 3343 3415 3097 3234 3052 2706 3099 3049 3294 3456 2999 3147 2786 3568 3363 3103 2865 3026 3373 3085 3282 2743 3481 2920 2983 3787 3262 2787 3094 2738 3027 3085 3317 3033 3064 2954 3104 3004 3573 2726 3287 3008 3094 3120 2907 2862 3152 3171 2882 3264 3092 3408 3083 2753 3379 2987 3511 3053 3221 2875 2987 3159 3079 3478 2901 3420 2994 3215 2856 3112 2965 3050 3044 3320 3016 3381 3057 2889 3092 3184 3069 3365 3429 3007 3065 3056 3195 3126 2771 3055 2852 3168 3187 3281 3171 3245 3250 3535 3246 3061 3256 3223 3216 3309 3115 3179 3019 3028 3161 3195 3204 2990 2917 3269 3228 3397 2892 2875 3225 3098 3210 3258 2911 3064 3317 3137 3169 3477 3104 3078 2815 3108 2899 3129 3089 2896 3103 3077 2986 3402 2917 2910 3177 3017 3215 3009 3425 2994 2966 2902 3236 2976 
2916 3366 3308 3203 2827 3439 3104 3106 3059 3242 3099 3109 3551 3036 3015 2910 3300 3227 2827 3381 3087 3528 3171 3171 3138 3560 3056 3053 2915 3224 3039 3029 3103 3239 3376 3107 3246 3311 2824 2819 2812 3062 2901 3424 3162 3236 3370 3450 2842 3093 3186 3174 3376 3364 3013 3139 3180 3021 2767 2989 3268 3175 3172 2612 3317 2762 2924 3167 3126 2942 3376 3173 3106 3165 3345 3032 3423 3224 3227 2927 3231 3216 3025 3171 2905 2869 2932 3220 3717 2958 3011 3154 2978 3022 3131 2803 3259 3175 3475 3350 3086 3063 3139 2929 3123 3257 3042 3400 3048 3314 2996 3451 3461 2939 2807 3186 3444 2994 3226 2756 3388 3287 3172 3499 3302 2775 3083 2676 3296 3232 3305 2923 3251 3041 3043 3086 3444 3112 3295 2928 3147 3294 3176 3107 2949 3009 2985 3382 3318 3289 3230 2841 3381 3067 3273 3092 3362 2955 3178 3261 3320 3554 2905 3437 2859 3302 2781 3221 2900 2968 3112 3188 3192 3254 3083 3062 2899 3141 3110 3470 3164 3079 3232 3026 3281 3191 2917 2918 3047 3311 3304 3420 3027 3093 3267 3651 3090 2992 3100 3238 3149 3221 3119 3229 3092 2948 3094 3015 3212 2849 3069 3164 3216 3262 2878 2793 3003 3226 3136 3321 3063 3163 3394 2806 3149 3213 3108 2962 2910 3281 2906 3277 2927 3018 2916 3089 2794 3398 3019 3056 3512 3373 3146 2887 3499 3238 3101 2970 3296 2850 
3140 3363 3484 3006 3068 3582 3394 3423 3442 3165 3219 3263 3774 3112 3153 3306 3429 3710 3017 3432 2998 3654 3262 3297 3234 3593 3164 3318 3090 3399 3121 3252 3346 3291 3532 3291 3259 3383 2934 3042 3090 3425 2959 3455 3435 3211 3379 3581 3134 3412 3499 3431 3581 3602 3250 3175 3307 3370 3389 3289 3422 3412 3172 2712 3498 2821 3104 3227 3501 3101 3452 3244 3365 3386 3488 3090 3397 3515 3429 3217 3185 3069 3170 3313 3030 3063 3437 3191 3840 3238 3076 3178 2893 3125 3495 2884 3640 3263 3312 3347 3201 3305 3543 2904 2973 3398 3377 3420 3275 3362 3153 3659 3748 3063 2809 3225 3400 3138 3554 2818 3617 3186 3240 3731 3739 3172 3119 2832 3364 3203 3420 3569 3090 3110 3358 3105 3847 3221 3545 2963 3358 3436 3303 3248 3438 3385 3138 3197 3328 3683 3156 3067 3636 3389 3563 3000 3320 3048 3292 3334 3373 3679 2957 3571 2917 3317 2966 3439 2836 3322 3397 3481 3536 3363 3044 3248 3094 3560 3267 3651 3300 3425 3363 3150 3407 3298 3073 3041 3277 3295 3192 3513 3282 3218 3237 3687 3300 3229 3135 3247 3186 3488 3322 3428 3124 3093 3222 3007 3452 2970 3107 3368 3303 3482 3077 2982 3152 3363 3353 3346 3340 3234 3333 2998 3302 3407 3466 3040 3237 3075 3208 3379 3286 3010 3177 3327 3213 3327 3269 3207 3358 3515 3289 3240 3612 3182 3038 3098 3409 2995 
3041 3277 3098 2744 3020 3246 3157 2941 3039 3295 3039 3214 3431 2843 2868 2969 3075 3120 2661 3031 2930 3372 3054 3028 3090 3432 3169 2987 2909 3022 3178 2944 2924 3281 3411 3193 3068 2848 2965 2715 2761 3188 2995 3096 3131 2936 3212 3358 2967 3128 3280 3016 3398 3373 2946 2676 2957 3232 2795 2815 3144 3027 3218 2570 3028 3160 2896 3052 3082 3165 3349 3186 3049 3311 3257 3094 3273 3492 2997 2829 3114 3075 2930 3127 2834 2706 3041 3011 3413 2978 2731 2950 2708 3251 3104 2693 3250 3076 3170 3469 3127 3107 3098 2804 3028 3075 3143 3193 3034 3157 2776 3339 3454 2968 3000 2805 3262 3092 3302 2527 3249 3234 3122 3440 3121 2838 2787 2740 3031 3079 3259 3072 2707 2775 2869 3002 3393 2831 3069 2889 3124 3208 2959 2892 3152 2973 2931 2973 3178 3522 2944 2870 3302 2948 3356 3020 2958 2711 2920 3132 3420 2975 2907 3260 2844 3170 2804 3119 2745 2985 3092 3299 3122 3399 2768 2870 2954 3186 3045 3531 3169 3108 3239 2836 3238 3024 2767 2862 3038 2999 3130 3204 3235 3124 3038 3182 3045 3097 3098 3249 3060 3228 3103 3145 2880 2964 2981 2982 2930 3036 2963 2994 3309 3275 2816 2708 3192 2983 3041 3263 2809 2927 3310 3142 3142 3280 2830 2823 2883 2954 2968 3333 3040 2961 3016 3086 2859 3156 2819 2971 3137 3081 2979 2881 3456 2871 2921 2752 3167 2984 
3095 3197 3335 2928 2898 3281 3212 3044 2924 3135 3170 3105 3452 2937 3000 3176 3183 3240 2573 3058 3065 3306 3257 3044 2947 3189 2874 2870 2903 2935 2942 2955 2901 3180 3380 3101 3136 3026 3000 2880 2740 3118 3078 3098 3271 3101 3252 3446 2912 3147 3289 3169 3324 3398 3020 2913 2831 3138 2994 2875 2993 3295 2999 2483 3105 2926 2844 2980 2968 3206 3376 3479 3200 3075 3120 3059 2917 3225 3087 2937 3067 3033 2874 3142 2931 2786 3092 3331 3401 2996 2923 2964 2825 2718 3320 2645 3186 2987 2976 3449 3054 3154 3202 2663 2995 3128 3040 3177 3104 3153 2772 3494 3614 2825 2868 3150 3363 3015 3462 2802 3250 3017 2970 3600 3319 2796 2993 2610 3157 2814 3193 2963 3064 2740 3001 3121 3357 2778 3123 2874 2927 3148 3057 2990 3091 3114 3068 3254 3039 3257 2918 2841 3257 3054 3183 2909 2967 2844 3084 3054 3063 3117 2756 3181 2738 3013 2761 3207 2709 2914 3040 3284 3218 3345 2947 3068 2858 3130 3241 3368 3020 2902 3144 2968 3149 3186 2842 2946 2973 3166 3232 3221 3075 3144 3028 3438 3023 2890 3034 3186 3261 3320 3109 3258 3069 2977 2780 2944 3080 2980 3070 3268 3247 3286 2765 2756 3020 3027 3361 3366 3017 2917 3111 2899 3035 3181 3140 3091 3193 3131 3084 3104 3139 2934 3121 3096 2874 3170 2893 3034 3180 3143 3002 3043 3211 3010 2915 2897 3090 2810 
3025 3059 3111 2918 2837 3313 3074 2737 2876 2963 3081 3230 3522 2919 2864 2976 3072 3187 2541 2908 2885 3029 2938 3140 2769 3302 3120 2652 2783 2927 2824 2724 2901 2955 3198 3082 2920 3003 2808 2520 2671 2945 2769 3120 3081 3076 3003 3265 2689 3059 3081 2932 3211 3274 3001 2934 3039 3018 2815 2847 3052 2954 3072 2399 3137 2754 2665 2968 2818 2849 3076 2908 2911 3059 3233 3008 3116 3312 3115 2722 2940 2937 3005 3105 2639 2694 2871 3197 3138 2641 2961 2871 2666 2969 3065 2636 3255 3085 3169 3278 2957 2923 2845 2673 2909 3104 2969 3043 2954 3000 2807 3210 3269 2809 2717 2751 3190 2780 3360 2580 3170 2814 2914 3470 3024 2712 2917 2559 2859 3028 3090 2868 2885 2754 2933 3046 3328 2853 3118 2752 3157 3190 2816 2910 3179 2950 2894 2935 3030 3228 3054 2843 3152 2848 3207 2626 2792 2574 2971 2925 2978 3094 2887 3104 2709 2908 2494 3038 2747 3020 2716 3088 2994 3115 2867 2862 2889 3218 3060 3389 3077 3026 3000 2842 2960 2873 2559 2885 2905 3059 2891 2979 2942 3060 2974 3226 3171 2941 2825 2867 3088 3450 3026 3036 2873 2593 2827 2971 3028 2922 3114 3135 3088 2983 2797 2634 2972 2884 2999 3166 2844 2929 3256 3033 3057 3134 2963 2767 2935 2998 2937 2975 2971 2736 3077 3042 3055 3037 2827 2878 3036 3220 3043 2890 3136 2937 2765 2580 3087 2765 
2968 2989 3190 3016 2657 3088 2988 3055 2991 3062 3069 3031 3429 2875 2913 2874 2777 2951 2574 3074 2882 3308 2943 3060 2995 3378 2938 2787 2860 2938 2858 3040 3037 2953 3213 3077 3083 3027 2828 2601 2657 3079 2665 3050 3016 3166 2996 3272 2706 3005 3279 2941 3299 3326 2804 2894 2953 2999 2935 2814 2999 3020 3060 2483 3179 2652 2798 3064 3009 3180 3233 3036 2922 3088 3299 2900 3026 3124 2987 2730 3043 2995 2758 3035 2745 2660 2925 3069 3245 2799 3085 2879 2576 2828 3130 2605 3125 3012 3102 3239 2883 2980 2969 2601 2778 3128 3096 3156 2797 2869 2712 3220 3211 2807 2659 2861 3340 2709 2946 2514 3409 2901 3043 3488 3116 2676 2776 2710 2788 3108 3036 2948 2839 2951 2908 2955 3476 2812 3200 2832 2758 3121 3084 2786 2966 3021 2836 2892 2896 3031 2974 2581 3259 2887 3248 2878 2969 2690 2863 2912 3109 3242 2649 3075 2743 3029 2774 3026 2895 2906 2829 3312 2997 3043 2706 2878 2884 3044 2911 3466 3123 2802 2928 3093 2963 3027 2699 2705 2931 3213 2977 3197 2967 2982 3135 3376 2946 2933 2959 3168 3020 3200 3120 3128 2995 2602 2972 2797 3023 2779 2928 3167 3182 3187 2673 2718 3113 3160 2909 3176 2838 2837 3184 2828 3023 3037 2943 2980 2673 2885 2697 2926 2863 2879 2887 3103 2755 3054 2811 2881 3215 3143 3071 2754 3359 2798 2824 2642 2970 2948 
2905 3077 3201 2832 2614 3160 3156 3038 3160 3113 2981 3334 3294 2789 2790 2925 3099 3241 2775 2928 2838 3272 2879 2985 2888 3151 3009 2753 2696 3017 2893 2942 2851 3136 3278 3027 2977 2980 2849 2756 2894 2957 2712 3174 3196 2948 3077 3221 2651 2980 3243 3039 3267 3032 3058 2927 2927 3047 2836 2989 2847 2904 2926 2608 3100 2904 2635 2984 3064 2798 3290 3049 3073 2980 3385 2981 3196 3226 2907 2896 2889 2830 2755 3202 2707 2661 2955 3083 3376 2883 3009 2982 2568 2960 3169 2509 3066 2909 3155 3103 2911 2949 2934 2726 2955 3014 2834 3051 2818 3027 2791 3297 3269 2714 2694 2788 3236 2915 3338 2635 3515 2895 3016 3441 3246 2744 2735 2624 2729 3070 3042 2867 2879 2792 2892 2949 3371 2816 3165 2821 2955 3135 3086 2896 3072 3002 2726 2927 3062 3155 2871 2741 3181 2913 3112 2678 3203 2910 2952 2955 3098 3230 2873 3138 2867 3089 2772 3143 2675 3097 2942 3245 3145 3063 2878 2741 2939 3210 2910 3231 2981 2969 2973 2814 3060 3005 2714 2882 2941 2964 2897 3082 2798 3099 2978 3318 2902 2807 2998 3060 3057 3177 2846 3028 2863 3154 2708 2824 3015 2839 2969 3090 3175 2876 2792 2772 3033 2894 3148 3039 2618 2785 3054 3180 3262 3180 3017 2755 2763 3017 2755 2927 3000 2742 2897 2968 2835 3008 2774 2956 3181 3266 2840 2767 3197 3108 2798 2628 3135 2803 
3153 3327 3229 3135 3055 3393 3217 3192 3155 3172 3111 3247 3811 3049 3282 3436 3382 3618 2863 3168 3211 3713 3252 3048 3203 3505 3293 3238 2901 3204 3107 3215 3267 3377 3601 3358 3485 3270 3096 2940 2940 3258 3006 3504 3617 3200 3519 3587 2873 3374 3552 3210 3465 3817 3129 3072 3274 3174 3023 3138 3279 3139 3386 2823 3352 3162 3049 3288 3454 3058 3567 3490 3061 3245 3404 3232 3425 3581 3275 3028 3378 3389 3048 3131 2940 3088 3149 3274 3526 3179 3014 3172 2994 3288 3497 2787 3342 3203 3285 3700 3146 3290 3407 3061 3293 3373 3347 3476 3162 3277 3175 3712 3778 3027 2842 3216 3367 3148 3652 2978 3540 3053 3130 3800 3582 2898 3087 2940 3235 3288 3373 3300 3271 2890 3213 3135 3698 3080 3460 3094 3316 3613 3260 3246 3353 3434 3051 3490 3403 3432 3068 2934 3558 3273 3438 3189 3283 2888 3049 3322 3307 3360 2966 3539 2762 3315 3050 3390 2920 3319 3161 3384 3429 3544 2888 3133 3110 3444 3531 3594 3422 3357 3352 3198 3317 3296 3125 3215 3352 3218 3472 3390 2999 3383 3235 3280 3121 2977 3321 3243 3106 3375 3212 3097 3236 3045 3015 3102 3327 3069 3232 3246 3358 3553 3025 2805 3093 3235 3420 3362 3207 3101 3448 3127 3324 3575 3207 3323 3151 3066 3143 3457 3158 3064 3355 3342 3074 3394 3104 3386 3455 3457 3149 2955 3718 3119 3069 3213 3256 3095 
2993 3246 3226 3071 2990 3318 3314 2976 2910 3310 3017 3118 3503 2976 2965 3045 3137 3395 2871 3129 3080 3200 2947 3324 3137 3469 3275 2913 2883 3012 3086 2810 2979 2921 3106 3097 3097 3111 2855 2868 3056 3120 3019 3441 3183 3243 3205 3255 3006 3317 3380 3237 3596 3540 3038 2983 2999 3039 2818 3093 3241 3206 3168 2589 3243 2734 2822 3087 3018 3060 3285 3431 3229 3324 3490 3197 3284 3230 3196 2880 2952 2911 2904 3178 2655 2721 3081 3042 3543 3145 3065 2901 2893 2927 3084 2910 3175 3219 3113 3501 3318 3324 3257 2846 3054 3071 3159 3166 2969 3134 2975 3369 3437 2945 2757 3031 3332 3136 3387 2800 3432 3110 3076 3514 3422 2754 2877 2843 3089 3073 3323 3120 3019 3060 2870 3130 3482 2988 3247 3003 3216 3150 3147 3085 3264 3064 3066 3371 3051 3377 2968 2875 3462 2931 3274 3013 3012 2878 3071 3145 3372 3234 2786 3375 2969 3205 2640 2999 2957 3118 2997 3258 3235 3192 3182 2934 3044 3145 3148 3561 3193 3146 3171 2906 3071 3215 2937 2875 3082 3260 3064 3212 3012 3069 3260 3390 3158 3075 2936 3007 3274 3401 3000 3214 3189 3044 2841 3153 3171 2994 3255 3091 3396 3181 2956 2815 3006 3000 3228 3356 2974 3013 3265 2985 3262 3384 3147 2809 2816 3169 2951 3261 3082 2896 2952 3082 3199 3290 2991 3016 3351 3384 3079 3045 3413 2953 2779 2920 3174 2897 
3109 3274 3235 3057 3052 3289 3217 2984 3071 3102 3218 3224 3512 3072 3003 2928 3422 3400 2864 3167 3074 3405 3133 3065 2963 3429 3230 2992 2769 3210 2881 2999 2968 3172 3347 3181 3232 3130 3041 2822 2680 3167 2893 3305 3334 3100 3022 3655 2843 3384 3404 3040 3354 3601 3146 3198 3117 3258 3112 2958 3268 3169 3014 2547 3299 2796 2938 3228 3208 3115 3273 3255 3253 3128 3306 3137 3126 3326 3257 2964 3148 3050 2853 3244 2954 2872 3041 3271 3364 3062 2769 3304 2858 3064 3277 2759 3469 3079 3327 3484 2969 3188 3069 2735 3139 3421 3069 3240 3019 3313 3066 3537 3603 2977 2712 3061 3411 3033 3528 2839 3271 3049 3224 3678 3267 2962 2831 2935 3083 3307 3215 3008 2946 2641 3239 3183 3438 3009 3366 2975 3129 3499 3146 3156 3142 3153 2920 3249 3067 3372 3062 2735 3381 3130 3240 2967 3078 2828 3018 3363 3133 3356 2840 3398 2704 3270 2988 3303 2901 3041 3043 3369 3291 3507 2818 3028 3012 3429 3027 3621 3386 3064 3126 3135 3136 3189 2824 3062 2982 3326 3342 3204 2968 3228 3145 3360 3240 3078 3274 3152 2969 3156 2977 3058 3184 2778 3092 3010 3127 2907 3039 3105 3148 3282 2820 2807 2898 3101 3223 3090 3042 2930 3263 3051 3226 3319 3302 3184 3088 2955 3143 3262 3131 2807 3220 3226 2819 3368 3027 2998 3049 3296 3223 2915 3571 3042 2997 2924 3185 2792 
2979 3351 3356 3151 2976 3373 3188 3211 3094 3111 2983 3219 3490 2962 3215 3136 3381 3448 2915 3245 2900 3563 3116 3412 2985 3475 3311 2954 2924 2953 3085 3014 2958 3143 3391 3318 3233 3313 3005 2847 2637 3109 2972 3362 3232 3137 3376 3536 2834 3203 3348 3187 3388 3398 3134 3185 3001 3322 3016 3108 3364 3173 3113 2720 3391 2760 3053 3251 3262 3188 3471 3532 3301 3181 3229 3098 3261 3331 3298 3024 3243 3152 3053 3074 2885 2836 3082 3294 3560 3143 3186 3156 2956 3125 3241 2714 3444 3065 3117 3407 3123 3164 3332 2829 3059 3421 3070 3417 3335 3138 3065 3327 3645 2905 2615 3234 3308 2985 3589 2755 3512 3290 3307 3504 3361 3021 2985 2989 3102 3136 3200 3149 3088 2904 3151 2870 3544 3056 3381 2893 3063 3280 3023 3392 3226 3212 2991 3383 3250 3444 3254 3000 3465 3282 3303 3114 3163 2848 3099 3367 3198 3283 2727 3477 2889 3258 3052 3211 2794 3054 3081 3495 3409 3208 2782 3014 3073 3251 3494 3462 3255 3075 3219 3150 3194 3140 2970 3117 3134 3393 3361 3282 3331 3192 3219 3434 3160 3022 3200 3353 3155 3398 3192 3240 3284 2778 2955 3024 3245 2817 3080 3277 3385 3494 2881 2731 3109 3271 3208 3226 3251 2945 3264 2913 3332 3215 3329 3130 3137 3107 2971 3167 3165 2886 2995 3160 3024 3385 2937 3179 3335 3262 3244 3067 3432 3017 3291 2861 3239 2953 
2996 3208 3150 2897 2879 2980 3044 2969 3058 2940 2856 2981 3343 2729 3029 3078 2976 3044 2704 2838 2798 3246 3065 2947 3017 3252 2773 2743 2730 2880 2895 2796 2680 3022 3245 2853 2905 2958 2814 2878 2787 3023 2767 3098 3090 2969 2982 3458 2677 3428 3239 3099 3322 3336 2850 2677 2976 3210 2897 2901 2939 2969 2931 2617 3361 2726 2879 2927 3215 2878 3075 3136 3033 2906 3061 3035 3198 3240 2965 2915 3130 2919 2739 3000 2868 2734 2866 3020 3225 3021 2769 2834 2719 2949 3296 2736 3247 2699 3027 3249 2954 3192 3149 2756 2770 3096 2790 3156 2863 3036 2733 3404 3380 2831 2581 2901 3240 3015 3339 2781 3339 3027 3210 3527 3258 2874 2796 2675 2898 2846 3034 3088 2706 2737 3079 2800 3340 2721 3103 2894 3048 3080 2999 2856 3003 2982 3009 2890 3104 3185 2690 2538 3378 2661 3316 2971 3159 2909 2753 3028 3158 3168 2886 3265 2643 3233 2652 3051 2656 3125 3107 3156 3229 3146 2897 2758 2934 3223 2818 3227 2917 3232 3042 3008 3051 2899 2856 2748 2853 3061 2928 3091 2912 3118 2919 3336 3122 2800 2978 3132 2884 2936 2904 3097 2888 2999 2917 2726 3179 2906 2844 3130 3121 3226 2675 2850 2910 3040 3120 3110 2745 2898 3150 2925 3142 3175 3001 2844 2847 2831 2997 2988 3162 2785 2905 3180 2570 3353 3045 2841 3040 3116 3058 2903 3399 3042 2621 2862 3247 2766 
2957 3359 3354 3153 3001 3196 3223 3006 3131 3191 3074 3030 3531 3041 3081 3006 3318 3343 2682 2955 3102 3423 3061 3095 3064 3381 3150 3118 2788 3022 3163 3021 3030 3227 3498 3012 3177 3010 2968 3011 2797 3074 2886 3146 3239 3183 3260 3249 2710 3227 3304 3153 3382 3364 3039 3044 3115 3059 2915 2980 3218 3200 3248 2690 3225 3163 2735 2921 3225 2902 3302 3043 3340 3268 3364 3090 3419 3375 3026 3163 3058 2827 2980 2991 2927 2724 2959 3147 3290 3051 3026 3243 2882 3222 3453 2845 3174 3169 3273 3350 3122 3145 3075 2905 3002 3206 3188 3215 3020 3188 2841 3470 3674 2786 2784 3192 3438 3034 3327 2775 3313 3078 3077 3429 3491 2919 3198 2672 3151 3108 3267 2973 2857 2875 3043 3096 3339 2865 3161 2847 3198 3105 2955 3106 3251 3032 3120 3192 3236 3545 2830 2964 3443 3127 3172 2986 3310 2821 2928 3037 3195 3272 3115 3368 2865 3143 2811 3090 2735 2959 3051 3326 2928 3396 2983 2976 2788 3403 3293 3542 3106 3090 3227 3041 3227 3266 2965 2956 3116 3354 3199 3202 3136 3237 3334 3474 3132 2982 3010 3080 2980 3311 3205 3122 2961 3028 3200 2852 3203 2781 3203 3209 3350 3133 2896 2715 3148 2912 3159 3260 3012 3163 3195 3010 3181 3282 3210 2768 3003 2996 3006 3346 3064 2856 3138 3087 2718 3271 2995 3160 3310 3378 3084 3038 3372 3325 2987 2925 3013 2827 
2709 2973 2834 2727 2472 2909 2674 2771 2724 2888 2616 2944 3082 2477 2813 2703 2950 2877 2708 2709 2563 2999 2614 2875 2688 3001 2802 2467 2658 2597 2952 2702 2485 2755 2964 2690 2631 2610 2541 2578 2505 2836 2621 2783 2888 2734 2766 2998 2334 2891 3034 2538 3115 2984 2693 2701 2560 2885 2687 2608 2865 2818 2928 2223 2867 2570 2555 2735 2770 2472 2997 2793 2774 3005 2801 2506 2790 2886 2710 2642 2745 2647 2609 2898 2502 2294 2638 2758 2903 2610 2463 2713 2396 2719 2823 2386 2835 2788 2954 2932 2819 2815 2833 2447 2478 2716 2578 2811 2625 2839 2533 3069 3209 2650 2311 2567 2850 2615 3111 2239 2990 2904 2799 3269 2876 2555 2508 2534 2649 2637 2746 2488 2676 2479 2817 2511 3048 2469 2934 2536 2689 2822 2627 2740 2743 2696 2599 2805 2831 3106 2504 2332 2999 2688 2765 2544 2789 2524 2693 2848 2786 3006 2589 2954 2475 2822 2391 2646 2504 2845 2460 2845 2928 2823 2568 2410 2635 2844 2872 3075 2969 2659 2677 2726 2872 2894 2309 2606 2441 2709 3020 2719 2918 2861 2638 2796 2723 2566 2932 2571 2695 2863 2779 2736 2839 2678 2506 2498 2779 2560 2714 2689 2878 2778 2484 2422 2761 2612 2809 2750 2529 2768 2681 2836 2828 2980 2540 2705 2671 2434 2667 2828 2786 2452 2700 2738 2512 2725 2652 2454 2833 3021 2751 2567 3030 2812 2624 2480 2684 2572 
2969 3269 3038 3085 2710 3348 3008 3169 3010 3171 2760 3228 3408 2843 3035 2964 3135 3206 2787 3053 2949 3418 2941 3149 2984 3198 3001 2868 2829 2957 2942 2991 2959 2927 3328 3012 3038 2981 2766 2665 2753 3201 2845 3111 3182 3023 3271 3237 2773 3149 3251 2930 3306 3216 2943 3000 2845 2978 2836 2862 3236 2921 3255 2694 3117 2745 2815 2941 3116 3112 3623 3040 3076 3042 3136 3079 3314 3085 2973 2890 2945 3009 3005 3127 2693 2556 2856 2870 3270 2855 2846 2814 2719 3005 3118 2511 3181 3162 3066 3291 2915 3063 3114 2744 2900 2972 3163 2972 2960 3147 2588 3276 3430 2904 2750 2736 3405 2776 3229 2695 3281 2950 2953 3473 3304 2809 2927 2796 2838 3040 2994 2929 2971 2749 2870 3055 3188 2856 3205 2656 3069 3042 3017 2930 2933 3133 2834 3121 3082 3286 2928 2688 3265 2993 3070 2853 3232 2697 2992 3163 3102 3291 2794 3068 2845 3230 2713 3095 2790 3037 2957 3315 3007 3229 2831 2746 3075 3311 3165 3350 3167 3060 2990 2816 3037 2996 2645 2970 2740 2916 3005 3067 3107 2956 2856 3226 2987 2888 3121 2880 3087 3214 2941 3144 3097 2959 2734 2837 3057 2776 2937 3080 3147 3160 2692 2705 3280 2995 3201 3234 2931 2925 3065 2938 3091 3237 2919 2843 2824 3085 2699 3023 3083 2489 3209 3026 2949 3174 2830 2916 3041 3345 2909 2911 3248 3085 2881 2779 2972 2911 
3014 3332 3136 2990 2719 3240 3073 3152 3122 3070 3089 3023 3469 2985 2927 2973 3136 3300 2751 2909 3063 3341 2969 3104 2863 3403 2993 2993 3028 3191 2953 2996 3029 3013 3218 3181 3161 3010 2740 2788 3017 3176 2800 3203 3171 2993 3212 3359 2695 3079 3277 3117 3309 3375 3147 3033 2982 2927 2975 2896 3138 3043 3007 2628 3097 2673 3018 3047 3032 2992 3288 3317 3131 3136 3168 3012 2974 2949 2951 2973 2983 2733 2865 3163 2766 2763 3046 3207 3222 2780 2996 2985 2857 2918 3201 2721 3296 2940 3003 3198 3072 3137 3231 2731 2906 3190 2973 3265 2947 2966 2760 3341 3323 2786 2610 3135 3242 3046 3302 2591 3448 3055 3054 3482 3310 2750 2903 2516 3052 3039 3130 3131 2842 2950 2838 2822 3287 2862 3263 2811 2873 3034 2884 2928 3041 3163 3130 3125 3143 3365 2969 2653 3103 3017 3249 2781 3156 2806 3001 3052 3368 3273 2734 3310 2766 3045 2885 3225 2657 3074 2912 3376 3146 2990 2874 3059 2991 3148 3066 3428 3034 3063 2988 3055 3134 2994 2849 2883 3048 3065 3003 3120 3104 3009 3052 3301 3241 2855 3172 2942 3113 3244 3230 3027 2967 2776 3103 2974 3095 2816 2639 3158 3369 3123 2708 2764 3197 3024 3069 3027 2856 2981 2990 2936 3130 3074 3123 2860 2837 2988 2888 3100 3107 2904 2996 3152 3026 3270 2978 2944 3163 3348 3063 2854 3292 3013 2875 2775 3114 2885 
3019 2899 3172 2741 2769 2980 3223 3003 2911 3139 2777 2910 3380 2909 2711 2668 3023 3145 2533 2864 2726 3239 3091 2929 3028 3233 2968 2827 2682 2891 2691 2856 2894 3026 3327 2878 2910 2743 2841 2748 2571 2929 2697 3151 3152 2865 3016 3195 2731 3084 2994 2976 3174 3090 2895 2788 2827 2833 2807 2676 2930 2744 2804 2334 2895 2808 2662 2854 2929 2933 3179 2969 3025 3075 3087 2854 3064 3120 2983 2844 2751 2855 2709 2982 2624 2700 2741 2963 3188 2874 2799 2787 2644 2891 2990 2331 3075 2909 2987 3108 2860 2938 3086 2754 2843 3055 3008 3003 2715 2995 2567 3280 3352 2585 2522 2780 3175 2684 3222 2559 3125 2746 2809 3232 3164 2892 2711 2449 2815 2919 2952 2942 2591 2773 3008 2697 3197 2712 3032 2770 3091 3090 2978 2994 2953 3015 2760 2979 2998 3032 2874 2686 3158 2993 3250 2842 2921 2643 2866 2926 2936 3117 3054 3057 2757 2854 2585 2917 2690 2946 2947 3316 3057 3058 2799 2855 2875 2996 2986 3258 3025 2931 2916 2806 2920 2775 2658 2771 3000 2994 2819 3103 2909 3113 3116 3221 3006 2930 2957 2964 3067 3264 2995 2948 2813 2840 2782 2722 2819 2752 3111 3174 3043 3051 2744 2560 2930 2893 2917 3056 2867 2807 3161 2638 2985 3123 2886 2819 2691 2893 2899 2996 2917 2635 2872 2899 2738 3134 3005 2965 3094 3162 3058 2861 3176 3013 2735 2792 3114 2658 
3110 3382 3535 3030 2922 3209 3432 3301 3327 3142 3136 3196 3567 3042 3095 3146 3352 3304 2906 3080 2888 3442 3122 3159 2991 3414 3128 3053 3090 3299 2905 3002 2992 3254 3382 3103 3150 3209 2885 2994 2805 3220 2913 3337 3257 3090 3281 3343 3009 3355 3518 3178 3286 3341 3241 2961 3180 3223 3150 2871 3151 3257 2941 2494 3481 2947 2942 3078 3259 3177 3388 3282 3189 3208 3345 2941 3278 3461 3367 2948 3157 3096 2946 3488 2806 3005 2962 3285 3447 2957 3015 3198 2791 2975 3290 2807 3132 3032 3309 3400 3212 3402 3123 2896 2913 3171 3057 3248 2941 3189 2958 3478 3645 2908 2732 3130 3312 2919 3469 2912 3542 3067 3155 3695 3402 2888 3046 2783 3061 2964 3321 3038 2941 2804 3175 2828 3559 2964 3500 3006 3225 3218 3270 3056 3003 3226 3021 3257 3376 3400 3120 2922 3375 2998 3355 2957 3107 2849 3016 3207 3073 3473 3146 3131 2729 3105 2826 3180 2902 3273 3027 3282 3202 3296 3004 2889 2940 3206 3183 3621 3355 3189 3167 2956 3216 3290 2813 3029 2980 3249 3158 3367 3094 3161 3247 3449 3260 3064 3189 3123 3121 3257 3236 3343 3227 2918 2953 3045 3183 3043 3042 3336 3192 3201 2831 2895 3150 3090 3167 3190 2954 2912 3125 2952 3247 3337 3122 2853 3005 3124 3172 3283 3118 2857 3291 3279 3036 3159 3078 3072 3140 3361 3179 3280 3440 3093 3095 2752 3292 2798 
3390 3390 3427 3244 2937 3451 3464 3268 3264 3362 3173 3274 3809 3260 3336 3301 3493 3592 3063 3089 3352 3792 3309 3408 3190 3667 3389 3146 3191 3433 3159 3163 3014 3302 3503 3278 3525 3309 3113 3158 3008 3356 3110 3515 3462 3333 3537 3714 3156 3531 3515 3184 3654 3706 3331 3295 3254 3458 3235 3111 3447 3263 3474 2820 3408 3105 3176 3315 3335 3322 3353 3410 3229 3367 3634 3130 3531 3439 3394 3056 3403 3327 3107 3434 3176 3032 3357 3404 3736 3322 3146 3387 2976 3188 3388 2895 3529 3152 3399 3555 3147 3461 3342 2931 3269 3365 3425 3521 3331 3206 3115 3610 3644 3033 2889 3185 3543 3120 3760 3059 3627 3296 3281 3717 3395 3167 3047 3133 3369 3365 3406 3205 3139 3284 3474 3215 3697 3098 3651 3094 3217 3508 3364 3085 3334 3371 3241 3432 3300 3540 3245 2938 3706 3170 3713 3120 3225 2950 3321 3458 3523 3451 3081 3450 2944 3360 3081 3382 3124 3263 3171 3587 3331 3489 3036 3170 3306 3412 3389 3816 3381 3371 3356 3192 3407 3152 3016 3201 3053 3630 3458 3561 3172 3512 3374 3686 3446 3253 3228 3440 3269 3525 3433 3460 3400 3245 3044 3108 3522 3119 3298 3321 3456 3252 2902 3095 3197 3424 3332 3510 3326 3431 3546 3105 3375 3538 3471 3118 3136 3315 3269 3450 3422 3181 3246 3543 3139 3369 3247 3288 3321 3550 3292 3368 3916 3257 3272 3131 3465 3128 
3088 3012 3330 2851 2828 3074 3106 3133 3101 3115 3033 2981 3353 2843 2761 2991 3287 3105 2964 3064 2815 3349 3056 2941 3035 3245 2821 2894 3039 3163 2847 2885 2952 2982 3189 3158 2914 3110 2791 2566 2656 2988 2933 2992 3056 2861 3318 3405 2988 3146 3240 3209 3443 3076 2961 3034 2954 2968 2881 3022 3080 3080 2855 2492 3077 2735 3134 2980 3183 3040 3245 3375 3050 2961 3194 2927 3207 3225 3155 2791 3006 2773 2926 3124 2934 2735 2971 3104 3344 2975 2813 3018 2933 3042 3113 2573 3063 2893 3202 3214 2906 3182 3317 2859 2797 3141 2963 3275 2853 3157 2874 3235 3231 2747 2685 2814 3121 3032 3350 2567 3375 3085 2970 3349 3266 2703 2950 2777 3015 2811 3125 2951 2854 2831 2987 2609 3390 2818 3213 2788 3068 3318 3122 2970 2956 3199 2885 3335 3158 3202 2954 2706 3229 3050 3286 3145 3068 2877 2944 3244 3158 3234 2945 3261 2734 2988 2661 3197 2814 3004 3047 3392 3120 3210 2598 2937 2919 3081 3034 3440 3016 2887 3067 3110 3268 3099 2788 2738 2859 3302 3141 3358 2960 2917 3098 3326 3080 3127 3116 2988 2910 3251 3146 3139 2993 2984 3218 2813 3169 2835 2917 3135 3279 3223 2720 2756 2998 3185 3133 3036 2947 2746 3107 2833 2847 3159 3088 2965 2848 3046 2865 3164 2953 2892 3010 2761 2778 3149 2927 2888 3175 3036 3083 2833 3315 2940 3032 2779 3011 3008 
2910 3182 3225 2829 2738 3343 2979 3055 3146 3099 2878 3189 3334 2823 2931 2935 3308 3203 2620 3022 3085 3232 3137 3119 2954 3418 2944 2802 2832 3185 2851 2850 2806 2987 3268 3135 3036 2967 2997 2893 2946 2865 2821 3191 3036 3027 3080 3365 2811 3022 3198 3190 3404 3280 3024 2925 2959 3073 2831 2855 3075 3117 3186 2371 3064 2713 2817 2892 3048 2723 3259 3091 2833 3166 3339 3026 3249 3372 2923 2959 3035 2937 2704 3005 2833 2574 2961 3099 3363 3086 2801 3027 2530 3045 3111 2859 3046 3142 3232 3364 3078 2998 3006 2807 2917 3058 3047 2978 2942 3124 2701 3271 3348 2708 2657 2781 3369 2946 3388 2653 3148 3061 3026 3673 3278 2795 2973 2831 3102 3004 3239 3084 3035 2715 2993 2899 3296 2764 3212 2913 3077 3243 2947 2955 3077 3064 3035 3068 2922 3365 2906 2853 3161 2895 3216 2767 3212 2591 2985 2777 3102 3219 2932 2939 2752 3189 2701 3133 2792 3096 2926 3222 3208 3156 2842 2939 2932 3293 3052 3459 3073 3080 3130 2862 2993 2933 2734 2995 3114 3107 3010 3201 3007 3213 2957 3340 3150 2901 2897 2832 2925 3264 2959 3109 2911 2809 2813 2971 2999 2702 3040 3019 3114 3088 2779 2615 2877 2901 2986 3157 2975 2809 3244 3042 3094 3237 3288 2728 2724 2994 2767 3144 3020 2712 2815 2976 2986 2933 2953 3080 3209 3208 2941 2937 3515 3061 2851 2801 3023 2888 
2882 3126 3325 2997 2878 3070 3082 3164 2984 2910 2931 2920 3330 2683 2884 3145 2928 3106 2642 2902 2845 3136 2928 2856 2870 3262 2920 2900 2633 2953 2790 2772 2785 2943 3246 2991 2845 2954 2807 2664 2614 2936 2761 2965 2948 3097 3076 3391 2803 3077 3359 3065 3194 3213 2886 2757 2923 3042 2756 2762 2980 2881 3004 2592 2988 2913 2722 2875 3074 3055 3291 3121 3073 3112 3165 2960 3067 3331 3131 2972 2942 2962 2882 3001 2648 2810 2850 3120 3091 2955 2805 2936 2496 2964 3178 2752 3020 2982 3097 3315 3023 3203 2995 2568 2793 3279 3157 2887 2913 3162 2597 3260 3427 2535 2924 2808 3202 2817 3242 2844 3245 3014 3073 3393 3070 2740 2898 2835 2864 3073 3026 2918 2680 2730 3088 2885 3349 3007 3266 2726 3040 2991 3099 3025 2879 3059 2872 3160 2868 3200 2790 2924 3191 2900 3287 3018 3113 2720 2883 2845 3063 3141 2947 3161 2544 3071 2922 2786 2653 3006 2912 3249 2923 3058 2612 2822 2791 3285 3051 3501 3128 2962 3046 2964 2911 2994 2746 2793 2922 3150 2914 3026 2992 2997 3043 3301 2958 2958 2926 3061 2792 3176 2928 3076 2971 2840 2846 2940 3000 2748 3026 3116 3376 3135 2735 2524 2958 2803 3073 3303 2954 2827 3034 3036 3203 3324 3211 2707 3026 2983 2711 3154 3061 2736 3072 3099 2798 3254 2834 2915 3036 3210 2928 2902 3256 2846 2840 2718 3096 2722 
2969 3264 3172 2966 2873 3289 2948 3094 2911 3120 3110 2962 3492 3034 2948 3087 3196 3291 2625 3144 3202 3306 3168 3140 2852 3357 3022 2963 2789 2998 2941 2794 2889 3139 3242 3138 3335 2923 2958 2700 2694 3048 2880 3104 3135 3106 3096 3372 2965 3050 3148 3004 3296 3318 2821 2870 2868 3033 2980 2855 3076 3151 3237 2508 3115 2758 2753 3122 3237 2882 3177 3050 3119 2978 3403 3162 3117 3334 3241 2969 2794 2860 2980 3045 2862 2639 2970 3088 3394 3008 2976 3212 2697 2930 3108 2773 3240 3024 3119 3318 3014 3148 2985 2715 3142 3321 2993 3182 3060 3201 2839 3180 3486 2901 2682 3204 3505 2960 3298 2747 3274 3016 3139 3453 3279 2858 3135 2610 3192 2922 3009 3027 2953 2825 3103 3077 3466 2972 3137 2875 3138 3196 2744 2864 2960 3207 3070 3054 3106 3464 3105 2899 3372 3021 3314 2920 2967 2747 3174 2999 3203 3176 2833 3358 2695 3068 2736 3089 2800 2916 2968 3302 3148 3408 2839 2857 2947 3357 3262 3503 3191 3157 2973 3084 3033 2910 2775 2990 2955 3101 3079 3221 3001 3106 2975 3537 3087 2975 3037 3079 2882 3191 3096 3041 3047 2838 2864 3080 3067 2755 3070 3102 3246 3119 2797 2604 2950 3009 3189 3168 2919 3223 3231 3050 3016 3072 3301 2973 2918 3139 3026 3079 2967 2927 2941 3164 2890 3152 2948 2914 3112 3156 3156 2871 3257 2875 2934 2871 3132 2771 
3072 3326 3302 3085 2992 3398 3326 3221 3220 3347 3197 3429 3642 2938 2921 3116 3415 3332 2786 2991 3058 3373 3190 3267 2951 3599 3505 3001 2893 3109 3204 3214 3034 3248 3336 3363 3158 2900 3083 3014 2878 3055 2848 3289 3296 3161 3319 3538 2828 3366 3325 3310 3428 3266 3233 2983 3179 3203 2907 3113 3253 3095 2967 2778 3220 3181 2934 3057 3370 3092 3386 3248 3279 3427 3459 3200 3388 3415 3226 3099 3125 3113 2998 3268 3148 2685 3099 3286 3563 3123 3031 3239 3024 3370 3270 2985 3376 3207 3372 3378 3217 3361 3216 2909 3208 3393 3163 3365 3019 3341 3007 3644 3586 3137 2827 3121 3422 3109 3491 2822 3522 3149 3243 3703 3339 2898 2902 2774 3104 3368 3271 3048 3000 2852 3118 3082 3361 3020 3243 3064 3175 3349 3077 3200 3325 3086 2981 3169 3239 3553 3024 2801 3379 3113 3300 3062 3195 3003 2971 3222 3279 3423 3083 3350 2866 3307 2929 3269 2845 3202 3143 3342 3301 3297 2986 3010 2967 3331 3167 3590 3324 3217 3381 3010 3169 3302 2978 2988 3182 3195 3282 3222 3198 3381 3392 3377 3388 2925 3154 3289 3210 3334 3067 3292 2822 3124 3070 3171 3102 3058 3202 3210 3382 3331 3010 2803 3184 3094 3295 3379 3021 2972 3347 3071 3368 3506 3330 3042 2977 3094 2952 3226 3160 2963 3153 3054 2944 3402 2958 3270 3339 3376 3094 2983 3668 3210 3007 2820 3212 2902 
3046 2973 3364 2963 2832 3440 3105 3129 3134 3058 3100 3052 3502 2945 3029 3056 3146 3223 2650 3059 2920 3449 2930 3151 3022 3326 3221 2763 2936 3042 2929 2883 2840 3055 3382 3256 3044 3014 2753 2696 2757 2969 2787 3239 2976 2997 3055 3408 2915 3210 3103 3147 3401 3348 3012 2872 2760 3244 2953 2933 2961 2929 3107 2753 3192 2786 2834 3122 3335 3113 3185 3218 3193 3011 3217 3214 3211 3279 3072 2973 2865 3065 2959 3229 2928 2562 3111 3062 3345 2961 2933 3057 2813 3023 3139 2648 3265 3053 3370 3299 2909 2984 3032 2756 3082 3298 3054 3171 3034 2973 2834 3400 3442 2848 2782 2953 3336 2920 3307 2752 3326 2795 3014 3514 3221 2977 3073 2701 3091 3065 3183 3091 3032 2799 3076 3161 3192 2855 3130 2868 3074 3284 3094 3192 2959 3270 2929 3092 3151 3355 3037 2844 3416 3101 3278 2918 3069 2929 2893 3054 3041 3261 2921 3221 2756 2959 2762 2998 2906 2949 2935 3229 3076 3278 2871 2753 2906 3235 3383 3457 3086 3179 3018 3038 2962 3002 2918 3020 3006 2954 3203 3292 3215 3197 3130 3528 3139 2901 3114 3109 3115 3441 3154 3342 3008 2885 2859 2923 3183 2806 2921 3193 3462 3112 2865 2818 3030 3123 3217 3169 2987 2912 3171 2867 3024 2918 3192 2764 2938 3114 3009 3001 3037 2829 3004 3051 2926 3247 2864 3134 3197 3046 2896 2929 3436 3095 2816 2695 3185 2792 
3121 3243 3452 3091 2912 3326 3064 3252 3094 3170 3200 2970 3527 3002 2981 2974 3141 3373 2757 3091 3118 3373 3221 3075 2990 3236 3117 3001 2823 3064 2934 2891 2975 3129 3444 3240 3003 2867 2852 2803 2686 3281 2949 3187 3125 3102 3246 3500 2770 3206 3319 3097 3238 3473 2919 2935 3021 2955 3028 3046 3268 3089 3196 2648 3182 2924 2935 2939 3097 3062 3311 3211 3191 3105 3080 3168 3133 3233 3191 2930 3144 3103 2900 2926 2856 2814 2998 3231 3366 2873 2946 3159 2936 2916 3386 2589 3295 3136 3225 3259 3111 3191 3096 2641 3109 3202 3073 3168 2987 3261 2855 3545 3601 2832 2857 3096 3345 3177 3454 2834 3409 3146 3148 3655 3462 2945 3122 2560 2879 2976 3001 3084 2893 2960 3154 3068 3278 3109 3287 2972 3285 3209 3115 3096 3066 3136 2988 3163 3147 3361 3204 2731 3331 3041 3418 3085 3118 2851 2931 3156 3206 3326 2952 3325 2635 3053 2910 3225 2726 3182 2982 3346 3232 3246 2865 3035 2858 3350 3227 3402 3274 3118 3217 3102 3148 3116 2894 2858 3001 3095 3152 3364 3063 3192 3111 3510 3168 2950 3008 3013 3140 3342 3235 3070 2941 2798 3082 3033 3345 2836 3081 3265 3353 3210 2913 2636 3052 2928 3243 3181 3020 3102 3096 3127 3147 3331 3070 3017 2988 3080 2950 3148 3174 2896 3252 3151 2881 3311 2937 3078 3200 3297 3039 2960 3496 3043 2855 2978 3102 2994 
3227 3096 3048 2772 2523 3080 3095 2961 2878 3082 2744 2830 3380 2891 2894 2944 3191 3212 2700 2805 2765 3434 2855 2828 2983 3144 3033 2875 2592 2834 2946 2843 2751 3134 3299 3073 3046 2787 2683 2713 2575 2727 2779 3033 2994 2827 3023 3315 2778 3137 3110 2911 3174 3234 2945 2734 2712 2920 2674 2944 3110 3038 2970 2411 3038 2819 2741 2957 2956 2870 3119 3107 3215 3037 3237 2928 2928 3230 2885 2818 3030 2820 2777 3002 2752 2497 2980 3007 3191 3057 2834 2985 2747 2913 2920 2627 3145 2931 2810 3171 2846 3027 3051 2711 2789 2918 3172 3026 2876 2915 2799 3105 3324 2807 2646 2765 2953 2764 3131 2622 3264 2794 2792 3349 3166 2551 2744 2697 2930 2846 3104 2850 2701 2761 2996 2765 3155 2638 3175 2671 2940 3125 2875 2988 3006 2958 2840 2945 2962 3341 2706 2761 3145 2917 3073 2798 2712 2829 2888 3155 3149 3043 2707 3118 2662 3032 2568 2974 2613 2934 2778 3075 3049 3199 2818 2858 2730 3079 3111 3169 2968 3072 3181 2904 3233 3030 2559 2779 2861 3121 2934 3024 3004 2975 3030 3263 2919 2989 2954 2960 2922 3040 2927 2844 2826 3081 2755 2941 3034 2701 3091 2822 3154 3010 2846 2644 2920 2979 3233 2874 2809 2863 3069 2942 3155 2969 3152 2815 2791 2736 2968 3065 3078 2867 2860 2881 2889 3119 2706 2967 3100 3189 2907 2690 3298 2964 2847 2556 3032 2814 
3231 3463 3508 3138 2932 3545 3347 3222 3195 3358 3129 3248 3641 3254 3153 3177 3435 3385 3095 3179 3181 3705 3092 3211 3287 3574 3205 2997 2976 3307 3079 3056 3103 3420 3686 3342 3344 3102 3038 3044 2930 3272 2972 3332 3305 3306 3348 3573 2920 3170 3537 3292 3481 3405 3296 3174 3281 3261 3148 3315 3295 3122 3246 2756 3395 3021 3128 3314 3207 3207 3538 3424 3174 3298 3278 3169 3291 3478 3276 2983 3212 3130 3229 3257 2974 3029 3367 3475 3695 3050 3250 3111 2927 3129 3223 2669 3497 3061 3437 3271 3168 3280 3525 2908 3030 3381 3273 3370 3173 3199 2968 3265 3644 2916 2870 3050 3553 3331 3674 2880 3503 3300 3175 3777 3538 2903 3076 2661 3275 3320 3431 3377 3161 2961 3073 3230 3636 3249 3542 2900 3251 3277 3154 3267 3275 3130 3077 3473 3255 3647 3217 3153 3394 3270 3657 3066 3267 2967 3258 3269 3471 3377 2967 3142 3112 3251 3042 3323 3136 3247 3287 3393 3325 3382 3105 3048 2976 3420 3285 3590 3129 3101 3255 3213 3326 3259 2947 3040 3243 3231 3314 3291 3369 3359 3243 3525 3195 3121 3217 3329 3537 3488 3280 3404 3086 2922 3014 3153 3159 2997 3328 3503 3456 3364 3025 2870 3449 3163 3147 3454 3280 2895 3498 3133 3389 3403 3144 3027 3020 3060 3278 3436 3408 3147 3155 3271 3163 3527 3281 3038 3549 3475 3053 3025 3597 3305 3198 3174 3329 2992 
2811 2983 2810 2736 2660 3026 2833 2857 2838 2761 2852 2871 3173 2634 2836 2791 3070 3033 2528 2762 2752 3121 2858 2856 2555 3180 2881 2762 2635 2891 2750 2563 2700 2735 2978 2842 2794 2797 2720 2537 2548 2745 2791 2769 3016 2816 2900 3271 2513 2912 3188 2820 2948 3017 2966 2669 2614 2737 2595 2776 2841 2858 2760 2361 2698 2751 2715 2887 2905 2698 2972 2747 2802 2850 3018 3087 2796 3005 2722 2733 2892 2641 2620 2919 2561 2647 2740 2929 3106 2725 2658 3093 2586 2923 2961 2628 2890 2780 3030 2846 2750 2768 2783 2551 2825 3147 2768 2922 2595 3082 2484 3103 3219 2701 2583 2622 2966 2652 3130 2669 3063 2675 3053 3407 2833 2640 2661 2590 2782 2759 2784 2697 2705 2769 2993 2823 3208 2846 2989 2585 2943 3157 2702 2861 2718 2862 2903 2942 3084 3011 2751 2630 3178 2772 3090 2911 2921 2724 2756 3029 2827 2917 2620 3104 2353 2973 2599 2997 2339 2850 2687 3002 2983 3024 2632 2842 2750 3103 2949 3365 2990 3005 2699 2844 2906 2829 2519 2802 2777 2949 2810 2996 2690 2822 2802 3119 2965 2792 2786 2804 2611 2987 3017 2826 2626 2750 2888 2703 2993 2529 2959 2812 3154 3051 2648 2549 2801 2842 3078 2910 2852 2805 2975 2882 2963 2924 2897 2790 2596 2821 2718 2928 2878 2660 2861 2752 2515 3083 2818 2836 2913 2829 2952 2613 3125 2988 2737 2670 2916 2592 
2886 2998 3002 2919 2923 3181 2987 2949 2952 3080 2979 2916 3546 2843 2923 2881 3263 3006 2806 2837 2900 3274 3033 3057 2862 3257 3059 2818 2875 2931 2876 2969 2884 2993 3216 3015 3022 2768 2837 2772 2730 3082 2922 3117 3003 3035 3178 3208 2681 3050 3099 2957 3337 3220 2930 2733 2872 2975 2636 2899 3017 3119 2961 2474 2901 2830 2879 2806 2957 2802 3180 3106 2974 3167 3100 2946 3305 2991 2920 2840 2904 2847 2945 2846 2668 2691 2967 2945 3262 2779 2764 2911 2811 2934 3229 2689 3061 2897 3292 3127 3116 3027 3203 2761 2978 3111 2843 3019 2857 3058 2722 3362 3442 2986 2545 2794 3228 2990 3429 2632 3091 3006 2985 3402 3105 2824 2915 2609 3127 2931 2933 3005 2674 2786 2924 2857 3228 2751 3094 2694 3120 3164 2752 2813 2982 2918 3124 3004 3074 3157 2952 2735 3177 2919 3109 3082 2942 2573 2948 3132 2993 3018 2784 3209 2628 3076 2532 2960 2606 2849 2856 3029 2880 3205 2680 3027 2795 3247 3136 3246 3022 2978 3020 2983 3098 2906 2604 2780 2687 3033 2988 3081 2931 3004 3171 3171 3042 2774 2881 2998 3096 3289 3071 2994 2887 2796 2994 2782 2973 2790 3176 3008 3241 3275 2843 2524 3007 2909 3016 3109 2970 3034 3227 2832 3061 3117 2788 2979 2882 2775 3095 3025 2950 2706 3008 2846 2707 3141 2959 2969 3079 3098 2936 2818 3210 2894 2803 2956 2870 2833 
2924 3275 3112 2930 2946 3166 3270 3009 3080 2988 2642 2999 3523 2821 3003 3265 3138 3195 2625 2907 2794 3245 2783 2894 2984 3279 2962 2691 2703 3045 2778 2963 2801 2995 3412 2888 2843 2809 2738 2713 2707 2889 2548 3142 3016 3012 3175 3469 2722 2996 3021 3125 3254 3175 2796 2897 2784 3030 2832 2825 3131 2817 2961 2617 3117 2518 2684 2919 3006 2904 3253 3352 3053 2959 3148 2864 3270 3336 3028 2777 3014 2746 3000 3007 2761 2582 2902 3080 3073 3002 2948 2820 2699 2994 3020 2788 3143 2937 3136 3206 2785 3185 3157 2687 2601 3009 3019 2776 2786 3010 2798 3143 3148 2747 2821 2872 3280 2835 3206 2679 3182 2931 2889 3483 3209 2712 2750 2597 2947 3072 3121 2922 2925 2477 2817 2935 3301 2866 3198 2757 2954 3209 2938 2943 2996 3016 2911 3100 2938 3406 2768 2815 3329 2876 3102 2884 3028 2795 2824 3076 2924 3331 2874 3078 2742 3042 2730 2964 2723 2953 2694 3236 2972 3044 2782 2784 2890 3286 2987 3376 3155 2971 3119 2763 2973 2979 2799 2776 2785 3007 2935 3059 3084 2934 2769 3203 2911 2925 2882 2830 2921 3067 2888 3034 2891 2757 2766 3070 3161 2914 2900 3069 3045 3108 2731 2833 2849 2795 3020 3188 2904 2785 3040 2972 2986 3118 3069 2840 2827 2823 3011 2924 3129 2688 3008 3144 2916 3232 2756 2743 2917 3028 2920 2822 3330 2982 2893 2983 3090 2635 
3222 3335 3568 3109 3204 3653 3484 3164 3139 3169 3138 3454 3641 3145 3307 3334 3558 3483 2775 3335 2980 3683 3107 3248 3105 3727 3447 3091 3027 3445 3042 3121 3187 3341 3543 3391 3460 3318 3088 3082 2953 3097 2949 3427 3384 3194 3430 3643 2918 3400 3486 3280 3365 3616 3231 3004 3247 3240 3167 2933 3291 3164 3199 2783 3466 3083 3053 3038 3358 3191 3412 3270 3255 3406 3478 3116 3356 3606 3228 3055 3349 3192 3159 3359 2939 2901 3092 3464 3621 3124 2992 3284 2937 3282 3280 3028 3424 3325 3346 3500 3133 3423 3266 3040 3193 3387 3270 3363 3264 3304 3071 3642 3706 3044 2926 3257 3513 3009 3507 3012 3540 3177 3169 3679 3358 3013 3191 2992 3420 3312 3528 3237 3023 2869 3281 3077 3548 3097 3562 2948 3252 3418 3268 3141 3271 3407 3251 3388 3396 3615 3082 2874 3521 3001 3411 3172 3226 2751 3099 3137 3311 3406 3203 3274 2683 3211 3060 3174 2930 3340 3141 3368 3438 3414 3070 2950 3003 3403 3245 3680 3346 3346 3178 3170 3394 3297 3159 3071 3351 3388 3265 3402 3316 3367 3554 3600 3485 3064 3170 3233 3273 3314 3435 3439 3030 2963 3243 3075 3432 3162 3254 3365 3298 3319 3017 3138 3155 3247 3249 3397 3174 3256 3447 3153 3277 3482 3516 3052 3185 3160 3156 3373 3360 3030 3233 3448 3054 3305 3140 3268 3253 3436 3456 3291 3668 3354 3017 2989 3383 3094 
2958 3291 3272 2898 2670 3276 2959 2901 2882 3099 2924 3088 3280 2730 2873 2825 3207 3145 2675 2823 2650 3337 2846 3029 2882 3178 2974 2726 2611 2902 2728 2961 2979 3155 3283 3011 2976 2954 2658 2604 2763 2835 2774 3068 2985 2943 3092 3165 2656 3044 3079 3068 3352 3197 3100 2729 2959 3019 2746 2760 3056 2905 2927 2558 3130 2719 2818 2947 2903 2846 3338 3094 2976 3049 3124 2867 3093 3155 3089 2754 2815 2709 2859 2938 2518 2758 2944 2944 3161 2734 2726 2835 2672 3121 3108 2568 3144 2929 2985 3108 2951 2928 3031 2737 2882 3065 2927 2984 2962 2934 2641 3157 3493 2765 2693 2746 3247 2980 3273 2546 3261 2690 2869 3377 3169 2831 2913 2650 2953 2754 3113 2931 2712 2701 2870 2696 3358 2947 2983 2830 3078 3174 2843 3078 2822 2983 2693 3190 2962 3164 2827 2890 3222 2962 3294 2886 3133 2549 2883 2990 2886 3029 2821 2975 2653 2987 2806 3015 2635 2908 2899 3106 2696 3130 2543 2765 2852 3109 2925 3190 3137 3008 2901 2817 3190 2824 2575 2876 2984 3009 2994 3093 3059 2926 3045 3085 3065 2816 3014 2860 2916 3122 3032 3042 2726 2794 2880 2758 2907 2782 2791 3068 3075 3133 2795 2495 3060 3004 3003 2854 2841 2622 2964 2842 3032 3058 2919 2682 2902 2763 2951 3158 3156 2695 3037 2971 2920 3183 2894 3011 2807 3069 2968 2751 3223 2926 2944 2840 3026 2850 
3202 3359 3600 3070 2902 3393 3195 3347 3400 3319 3133 3182 3508 3097 2992 3062 3366 3302 2933 3303 3042 3387 3229 3197 3087 3441 3177 3041 2951 3158 2850 2885 2942 3273 3531 3038 3114 3209 2797 2889 2825 3208 3118 3256 3234 3196 3440 3576 2976 3107 3369 3257 3508 3407 3054 3209 3145 3164 2829 3244 3319 3164 3159 2646 3476 2985 2971 3145 3211 3322 3524 3365 3098 3425 3451 3054 3208 3386 3348 3099 3159 3038 3048 3113 3013 2872 3213 3398 3431 3099 3130 3117 2813 3061 3429 2908 3366 3225 3247 3346 3153 3296 3294 2992 2914 3328 3162 3271 3138 3289 2743 3592 3564 2816 2903 2944 3412 2950 3576 2807 3472 3258 3168 3850 3249 3089 3206 2772 3327 3082 3346 3137 3244 3006 3246 2944 3572 3119 3401 2958 3346 3360 3271 3210 3151 3210 3010 3257 3264 3318 3264 2774 3432 3233 3474 2955 3219 2938 3058 3300 3243 3463 2937 3335 2883 3286 2872 3262 2900 3219 3224 3377 3328 3283 3094 3164 2967 3384 3177 3593 3205 3227 3241 3190 3282 3183 2888 3056 3066 3359 3233 3368 3107 3318 3206 3598 3247 3178 3141 3274 3234 3498 3288 3201 3213 2892 3041 3024 3198 2789 3117 3300 3398 3391 2967 2765 3133 3266 3196 3310 3117 3050 3215 3029 3347 3200 3156 2893 3062 3200 2994 3273 3106 2917 3308 3164 3187 3231 3004 3243 3370 3265 3116 2988 3392 3271 3188 2873 3362 2989 
3324 3269 3172 3072 2758 3315 3138 3242 3093 3152 2926 3194 3613 3110 2972 3245 3268 3473 2961 3039 3029 3687 3051 3201 2964 3315 3029 3097 2922 3039 3105 3019 3175 3336 3462 3150 3294 3118 3052 2802 2777 3122 3028 3142 3252 3282 3076 3616 2832 3249 3169 3173 3199 3198 3215 2994 3122 3116 2911 3107 3121 3131 2979 2627 3221 2963 2861 2848 3170 2828 3436 3267 3219 3036 3293 3049 3358 3388 3181 2949 2876 2978 2883 3246 2794 2903 3015 3183 3317 2832 2875 2967 2774 3115 3300 2729 3281 2994 3276 3217 3212 3246 3241 2627 2918 3154 3218 3307 3007 3122 2806 3407 3432 2989 2765 2982 3456 3001 3315 2858 3400 3040 3022 3622 3371 2899 2942 2798 2984 3013 3255 3202 3022 2880 3152 3187 3389 3121 3214 2854 3261 3299 3206 2957 3021 3237 2870 3148 3220 3294 3004 2894 3315 3345 3392 3030 3239 3005 3126 3245 3283 3423 2937 3293 2833 3345 2909 3247 2711 3135 3034 3114 3094 3294 2878 3209 2999 3220 3305 3343 3298 3181 3260 3055 3319 3240 2859 3078 2946 3280 3248 3281 3237 3314 3150 3378 3089 2930 3228 3124 3080 3285 3209 3111 2925 3255 3170 2987 3078 2935 3173 3352 3455 3340 2912 2647 3177 2969 3245 3163 3107 3029 3077 3091 3274 3317 3209 3120 3127 3001 3016 3391 3208 2945 3307 3278 3026 3252 2960 3009 3087 3388 2980 2798 3493 3139 3056 3079 3082 3024 
2596 2691 2729 2545 2553 2781 2622 2641 2570 2616 2613 2711 3218 2430 2663 2611 2727 2783 2518 2684 2572 3017 2618 2660 2618 2858 2843 2524 2589 2625 2607 2684 2542 2744 2746 2699 2638 2536 2461 2321 2424 2612 2288 2916 2715 2778 2636 2882 2527 2727 2780 2585 2876 2885 2568 2660 2624 2655 2610 2632 2737 2650 2714 2364 2903 2382 2561 2766 2713 2522 2678 2818 2503 2522 2784 2629 2637 2843 2384 2466 2655 2722 2559 2637 2420 2243 2628 2896 2946 2627 2850 2617 2452 2683 2645 2465 2905 2627 2819 2782 2640 2748 2539 2479 2558 2790 2689 2758 2479 2383 2608 2827 2913 2474 2291 2603 2818 2454 2775 2333 2907 2702 2650 2932 2805 2247 2695 2350 2393 2759 2549 2593 2597 2234 2712 2640 2767 2429 2777 2484 2548 2723 2621 2638 2653 2773 2613 2530 2781 2764 2740 2432 2861 2716 2619 2468 2647 2362 2530 2744 2739 2844 2395 2805 2331 2642 2359 2576 2315 2522 2448 2806 2839 2775 2386 2401 2617 2899 2841 2923 2639 2559 2804 2670 2565 2679 2578 2506 2497 2641 2693 2626 2626 2733 2690 2977 2508 2699 2641 2642 2490 2775 2688 2643 2857 2554 2517 2701 2668 2425 2685 2618 2895 2594 2481 2259 2723 2490 2725 2860 2653 2491 2951 2649 2701 2795 2616 2693 2476 2807 2527 2650 2638 2388 2578 2571 2586 2883 2553 2385 2792 2853 2611 2466 2944 2675 2639 2269 2617 2436 
3127 3391 3543 3090 3003 3316 3415 3128 3160 3226 3135 3339 3716 2942 3121 3171 3441 3516 2835 3193 3223 3487 3388 3341 3324 3431 3074 3115 2863 3165 3126 3037 3195 3212 3365 3386 3232 3014 2860 3159 2967 3256 2965 3590 3239 3170 3309 3437 2773 3380 3403 3368 3367 3454 3341 2890 3371 3312 3015 3123 3316 3121 2961 2802 3309 2962 3160 3093 3318 3067 3612 3475 3176 3332 3372 3005 3426 3258 3235 3048 3205 3305 3033 3164 3000 2847 3042 3353 3547 3200 3176 3129 2916 3205 3287 2833 3405 3310 3270 3547 3329 3468 3301 2919 3138 3156 3165 3438 3084 3010 2855 3683 3652 2927 2561 3078 3402 3263 3571 2973 3614 3226 3302 3533 3445 2764 3105 2825 2850 3571 3120 3014 3028 3049 3144 3138 3398 3026 3431 3023 3163 3187 3125 3139 3170 3209 2946 3350 3266 3506 3163 3048 3282 3184 3458 2974 3114 3060 3154 3340 3167 3602 2823 3258 2933 3333 3007 3065 2884 3100 3251 3544 3210 3245 3025 3015 2870 3444 3181 3492 3418 3273 3420 3131 3402 3242 2866 3130 3143 3308 3399 3422 3059 3447 3389 3629 3311 3138 3174 3301 3446 3506 3273 3309 3188 3107 2918 3373 3203 3066 3179 3416 3682 3344 3116 2940 3105 3044 3336 3425 3045 3080 3433 2965 3498 3431 3332 3027 3031 3191 2961 3196 3012 3174 3164 3120 3015 3651 3031 3180 3603 3637 3120 3104 3588 3332 3063 2904 3261 2871 
3283 3597 3535 3284 3100 3493 3296 3262 3215 3331 3131 3328 3649 3121 3247 3316 3309 3316 3169 3255 3143 3575 3322 3457 3313 3629 3302 3014 3117 3090 3114 3066 2958 3321 3591 3329 3292 3627 3001 2878 2944 3256 3179 3348 3205 3227 3546 3637 2949 3502 3391 3119 3615 3468 3056 3194 3205 3442 2956 3180 3240 3420 3239 2716 3471 2960 3103 3131 3312 3274 3585 3273 3529 3433 3518 3142 3152 3580 3159 3207 3242 3104 3135 3333 2991 2847 3200 3403 3774 3177 3134 3307 2994 3166 3390 3092 3495 3283 3417 3610 3452 3377 3337 2912 3060 3310 3121 3331 3151 3452 2932 3685 3595 3014 2971 3222 3485 3192 3657 2859 3524 3456 3288 3636 3526 3132 3245 2912 3304 3204 3437 3351 3109 2954 3394 3072 3508 2988 3459 2925 3298 3375 3140 3217 3358 3261 3191 3228 3345 3502 2999 3005 3593 3145 3465 3033 3256 2908 3115 3443 3568 3278 3086 3464 2808 3299 2953 3302 2909 3244 3173 3372 3458 3401 3240 3118 3021 3634 3159 3583 3177 3312 3351 3253 3441 3464 3039 3098 3151 3398 3209 3313 3373 3335 3373 3665 3419 3252 3157 3308 3296 3284 3346 3347 3223 3061 3324 2980 3289 2994 3280 3305 3486 3432 2828 3052 3266 3246 3397 3308 3125 3268 3439 3091 3444 3425 3415 3243 3094 3349 3215 3311 3499 2885 3102 3285 3036 3460 3064 3094 3306 3466 3210 3227 3601 3310 3060 2936 3404 2861 
2756 2826 2883 2551 2661 2947 2666 2629 2634 2810 2702 2736 3277 2704 2729 2786 2734 2893 2598 2965 2789 3178 2670 2902 2847 3010 2864 2766 2547 2709 2566 2502 2830 2907 2863 2891 2868 2769 2628 2352 2525 2788 2511 2982 2820 2886 2725 3009 2687 3026 2864 2644 3005 3103 2713 2764 2705 2806 2700 2519 2668 2744 2944 2447 3106 2426 2762 2813 2747 2754 2894 2857 2779 2630 3064 2835 2972 2997 2698 2507 2635 2718 2660 2793 2429 2548 2621 2862 3019 2609 2743 2784 2427 2597 2842 2458 2971 2773 2952 3128 2717 2837 2846 2459 2598 2923 2655 2870 2746 2635 2575 2940 3225 2697 2451 2650 3119 2722 3089 2334 2970 2719 2843 2962 3115 2597 2664 2495 2564 2730 2941 2744 2625 2438 2876 2729 2979 2647 2942 2535 2774 3042 2697 2753 2910 2743 2634 2760 2776 3017 2652 2513 3046 2688 3040 2639 2857 2599 2770 2719 2788 2890 2549 3047 2440 2761 2398 2837 2519 2598 2673 2729 3024 2970 2686 2614 2833 2893 2837 3238 2882 2861 2909 2801 2774 2694 2543 2586 2603 3007 2860 2919 2773 2885 2825 3112 2702 2704 2797 2696 2812 3070 2877 2945 2934 2687 2624 2719 2829 2684 2793 2809 2930 3023 2639 2645 2723 2684 2888 2811 2829 2650 3066 2785 2694 2857 2779 2794 2481 2878 2678 2971 2747 2497 2710 2925 2675 3057 2778 2551 2829 2923 2802 2779 3170 2725 2618 2565 2687 2540 
2661 3066 3055 2719 2487 3021 2629 2730 2694 2950 2629 2576 2972 2591 2835 2714 3003 2842 2596 2834 2573 3125 2678 2736 2739 2942 2847 2757 2587 2707 2728 2616 2397 2872 3237 2695 3026 2895 2569 2458 2642 2741 2665 2842 2914 2614 2972 3098 2604 2815 2914 2715 3170 2996 2726 2556 2750 2764 2606 2831 2976 2976 2913 2364 2820 2362 2599 2668 2729 2697 3051 2828 2842 2731 3030 2836 2834 2836 2734 2483 2758 2756 2698 2748 2457 2385 2835 2934 2957 2743 2700 2466 2450 2983 2826 2427 2875 2890 2595 3096 2814 2893 2910 2385 2706 2711 2811 3029 2845 2823 2580 2969 3104 2418 2597 2704 3060 2597 3053 2398 3058 2719 2628 3188 3093 2506 2700 2411 2614 2676 2949 3002 2600 2350 2797 2725 2961 2594 2788 2498 2887 2810 2799 2663 2785 2868 2721 2888 2758 2877 2690 2658 3097 2891 2868 2800 3001 2515 2647 2769 3063 2814 2624 3011 2483 2890 2641 2856 2638 2789 2764 2813 2751 2801 2694 2666 2912 2906 2716 2939 2788 2818 2718 2768 2906 2883 2519 2550 2660 2841 2689 3055 2866 2828 2987 3120 2888 2589 2735 2851 2809 3026 2858 2568 2821 2698 2702 2644 2799 2393 2602 2868 2976 2903 2626 2430 2855 2693 2676 2708 2626 2632 2977 2730 2616 2877 2908 2679 2568 2699 2673 2728 2840 2672 2842 2895 2696 3078 2633 2691 2712 2943 2773 2598 2870 2783 2556 2519 2827 2943 
3072 3449 3165 3049 2859 3472 3230 3087 3073 3307 3144 3265 3602 2996 2965 3165 3339 3420 2819 3007 3009 3479 3017 3224 2913 3451 3251 3100 2789 3087 3030 3028 3175 3206 3474 3028 3367 2973 2954 2876 3053 3099 2972 3247 3212 3304 3261 3319 2989 3292 3432 3226 3410 3499 3205 3047 3099 3170 3145 3073 3243 3189 3208 2797 3178 3078 2974 3140 3289 2987 3512 3059 3156 3210 3484 3274 3397 3458 3296 3114 2982 2917 3032 3192 2911 2832 3142 2909 3386 3058 3136 3261 2961 3192 3366 2714 3271 3187 3142 3230 3034 3251 3221 2915 2914 3085 3173 3395 3145 3231 2951 3193 3691 3014 2755 3043 3363 3155 3621 2920 3384 2958 3134 3772 3531 3082 3179 2660 3136 2918 3309 3248 3063 2995 3030 3147 3641 2944 3444 3046 3328 3176 2978 3088 3167 3270 3042 3125 3288 3743 2913 2974 3538 2894 3595 2858 3327 2804 3102 3154 3424 3483 3009 3308 2849 3244 2985 3402 2908 3251 3175 3301 3315 3359 3055 2916 2938 3370 3230 3421 3356 3425 3098 3031 3145 3194 2961 2909 3026 3067 3099 3354 3004 3104 2946 3612 3196 2891 3057 3062 3110 3375 3156 3109 2787 3139 2892 3069 3186 2851 2933 3216 3292 3213 2819 2800 3164 3039 3241 3261 2950 3085 3180 3043 3278 3392 3159 2819 3031 3001 3026 3194 3245 2955 3182 3173 3161 3323 3108 3169 3365 3443 3181 3097 3548 3158 2902 2897 3330 2936 
3552 3683 3705 3311 3212 3509 3619 3467 3525 3506 3365 3454 4121 3227 3435 3542 3611 3732 3147 3628 3487 3949 3450 3494 3426 3762 3564 3251 3473 3613 3313 3388 3405 3628 3743 3587 3604 3486 3197 3193 3141 3526 3191 3606 3563 3295 3708 3808 3387 3613 3821 3519 3790 3733 3462 3292 3266 3565 3442 3514 3633 3500 3539 2968 3708 3256 3188 3493 3718 3516 3830 3676 3632 3748 3903 3441 3601 4018 3721 3431 3484 3206 3533 3552 3077 2921 3443 3542 3721 3318 3455 3557 3198 3497 3600 3281 3829 3616 3557 3787 3560 3776 3598 3144 3430 3673 3480 3478 3367 3558 3321 3942 3992 3419 3190 3515 3862 3455 3782 3149 3729 3268 3657 4084 3834 3332 3295 3081 3525 3440 3773 3405 3492 3216 3335 3504 3953 3331 3888 3254 3551 3965 3441 3547 3465 3464 3463 3663 3743 4011 3418 3419 4009 3523 3876 3525 3349 3248 3238 3741 3588 3712 3396 3926 3126 3458 3122 3483 3207 3362 3377 3820 3425 3714 3393 3335 3322 3798 3534 3965 3667 3660 3540 3491 3591 3360 3161 3318 3424 3655 3563 3815 3434 3479 3612 4073 3654 3385 3654 3450 3623 3684 3731 3587 3531 3196 3334 3548 3699 3149 3441 3625 3835 3811 3161 3235 3387 3412 3663 3611 3312 3413 3621 3388 3585 3698 3654 3414 3401 3473 3428 3602 3637 3199 3613 3568 3099 3853 3277 3209 3662 3810 3589 3221 3838 3373 3528 3155 3582 3304 
3263 3456 3307 3036 2850 3385 3197 3172 3231 3272 3178 3056 3472 3094 3093 2959 3368 3397 2904 3270 2984 3376 3331 3269 3177 3421 3076 3164 2875 3160 3118 2825 2843 3281 3546 3099 3135 3251 3010 2886 2860 3110 3129 3171 3184 3044 3335 3496 3018 3334 3389 3128 3438 3405 3089 2882 2877 3202 3023 3054 3377 3236 3158 2529 3318 2933 3073 3194 3117 3150 3428 3307 3084 3338 3450 3184 3176 3317 3236 2939 3039 3008 3148 3158 2905 2769 3050 3388 3567 2917 2978 3202 2975 2983 3340 2783 3380 3070 3068 3483 3202 3242 3086 2788 3075 3183 3124 3242 2947 3197 2836 3370 3671 2851 2939 3137 3488 3173 3481 2880 3536 3151 3086 3705 3433 3053 2965 2840 3122 2983 3251 3173 2894 2979 3183 2967 3374 2935 3255 2772 3265 3332 3096 3164 2952 3255 3058 3273 3156 3379 3069 2932 3483 2850 3579 2984 3258 2978 3049 3187 3166 3336 3159 3495 2803 3267 2870 3049 2957 3143 2977 3240 3407 3234 3042 3095 3149 3451 3153 3400 3224 3165 3187 3255 3238 3199 2600 2965 3103 3242 3158 3342 3254 3289 3121 3672 3316 3237 3101 3223 3206 3388 3276 3164 3104 2990 2996 3158 3194 2956 3274 3551 3278 3247 2959 2860 3210 3103 3213 3175 2977 3107 3336 3129 3166 3414 3272 3056 2809 3054 3169 3305 3274 2854 3130 3282 3031 3254 3018 2963 3098 3224 3249 2967 3352 3176 2978 2971 3332 2924 
3149 3473 3324 3079 3065 3390 3201 3357 3261 3198 3035 3317 3611 2957 3042 3251 3366 3408 3016 3174 3080 3412 3115 3247 3231 3579 3092 2918 2988 3174 3003 3062 2899 3315 3459 3259 3177 3219 2946 2820 2677 3309 2731 3277 3113 3188 3220 3738 2882 3190 3399 3178 3484 3394 3121 2893 3238 3263 2920 3026 3200 3097 3187 2504 3235 2989 2925 3232 3222 3242 3366 3231 2986 3250 3389 3221 3332 3356 3126 2803 3223 3019 3004 3231 2815 2952 3090 3245 3849 3150 2949 3271 2687 3080 3217 2744 3365 3119 3446 3428 3353 3177 3055 2721 3037 3342 3173 3187 3054 3210 2931 3577 3498 2714 2953 2829 3587 2980 3487 2735 3591 3242 3227 3703 3295 2978 3145 2897 3208 3236 3147 3046 2908 2908 3318 3247 3446 3352 3220 2966 3330 3340 3085 3132 3179 3191 3130 3088 3268 3430 3012 3031 3458 3111 3241 3190 3217 2970 3131 3243 3213 3372 3037 3161 2912 3295 2871 3184 3066 3145 3363 3333 3323 3270 2936 3010 2912 3474 3265 3537 3083 3044 3241 3052 3374 3182 2808 3080 3090 3090 3309 3220 3216 3158 3183 3532 2999 3093 3319 3231 3056 3314 3202 3171 3120 3057 3172 3000 3214 2843 3285 3213 3522 3261 2789 2840 3128 3132 3224 3433 3142 2854 3474 3159 3433 3234 3179 3013 3064 3347 3098 3357 3283 2947 3104 3222 2925 3408 3081 2943 3165 3355 3026 2808 3508 3145 3069 2840 3196 2923 
3075 3163 3494 2923 3009 3262 3265 3022 2781 3186 3093 3251 3438 2846 2893 2969 3155 3160 2743 3215 3039 3597 3060 3100 2957 3228 3068 2925 2863 3147 2847 2940 2955 3447 3410 3203 3215 3109 3037 2747 2900 3127 2928 3197 3115 3204 3132 3458 3006 3300 3238 3156 3535 3521 2839 3022 3118 3154 2903 3093 2959 3079 3218 2605 3201 2754 2959 2945 3059 3127 3242 3116 3234 3271 3308 3082 3510 3513 3149 2780 3280 3064 3058 2916 2814 2863 2970 3206 3331 3126 3142 2961 2788 3206 3077 3067 3259 3193 3228 3402 3121 3247 3121 2853 2959 3261 3267 3198 2988 3269 3001 3490 3608 2979 2848 3077 3423 2963 3335 2923 3361 3126 3210 3481 3261 2834 3000 2891 3149 3080 3348 2967 2925 2785 2979 3122 3447 2889 3260 3007 3133 3315 3027 3254 3211 3132 3032 3017 3241 3337 2834 2880 3459 3113 3316 3117 3265 2703 3042 2946 3283 3179 2972 3298 2866 3208 2768 2957 2777 2965 3208 3256 3272 3350 3025 3001 2866 3322 3104 3439 3208 3044 3314 2932 3289 3005 3274 3016 3034 3239 2999 3251 2967 3056 3192 3343 3065 3143 3029 3189 3059 3305 3258 3402 3050 2994 3258 3062 3199 2821 2972 3139 3236 3283 2873 2883 3180 2979 3142 3383 3177 2897 3410 3013 3286 3303 3206 2878 2979 3153 3046 3313 3091 2723 3025 3102 3018 3213 3156 2914 3197 3170 3144 3096 3443 3016 2733 2944 3316 3041 
2897 3072 3028 2661 2799 3087 2887 2770 2817 2876 2913 3123 3235 2714 2889 2741 3061 3023 2750 3003 2738 3178 2771 2972 2837 3224 2843 2893 2752 2992 2662 2548 2713 3014 3336 2751 2972 2864 2608 2553 2475 2950 2659 2845 2950 2764 2947 3272 2713 3050 3225 3004 3050 3143 2825 2721 2727 2956 2726 2779 3082 2656 2827 2471 3028 2800 2500 2774 2782 2838 3166 2779 2807 3043 3147 2936 3042 3238 3050 2891 2764 2850 2762 2902 2447 2487 2894 2821 3057 2665 2982 2931 2528 2898 2998 2622 2915 2770 2771 3111 2823 2722 2806 2657 2780 2795 2776 2775 2907 3027 2527 3231 3110 2639 2692 2642 3041 2834 3030 2510 3141 2837 2854 3254 3099 2794 2847 2536 2945 2816 3182 2981 2735 2718 2914 2597 3106 2701 3273 2765 3069 3067 3039 2904 2860 2906 2844 2916 3147 3132 2932 2579 3243 2852 3240 2744 3007 2559 2708 2932 2978 3225 2846 3075 2633 2797 2505 2897 2653 2931 2816 2963 2995 3061 2941 2637 2923 3017 3057 3167 2995 2958 2932 2828 2694 2829 2533 2770 2706 2974 2664 2978 2959 2831 2912 3155 3014 2765 2956 2781 2920 3022 3001 2906 3025 2775 2515 2734 2955 2748 2946 3028 3147 3006 2617 2650 2825 2865 2978 3132 2645 2699 2892 2842 2966 2982 2876 2664 2879 2892 2974 3076 2917 2551 3054 3001 2779 2956 2880 2864 3085 3086 2855 2834 2877 2878 2742 2726 3185 2632 
2807 2968 2978 2525 2631 3092 2878 2752 2786 2995 2766 2670 3171 2694 2847 2848 2991 3047 2581 2863 2761 3215 2793 2838 2898 3160 2769 2820 2749 2974 2871 2747 2656 3132 3137 2872 2831 2582 2873 2615 2516 2887 2438 3049 2786 2863 3018 3033 2698 2795 3049 2787 2972 3045 2728 2876 2611 3009 2757 2811 2998 2714 2886 2452 3014 2764 2701 2854 2985 2731 3018 2884 2877 2893 2978 2786 3102 3057 2877 2575 2792 2778 2875 2921 2637 2363 3050 2988 3143 2616 2887 2856 2589 2857 2834 2539 2882 2707 3023 3081 2619 2747 2804 2479 2760 3035 3018 2902 2836 2900 2777 2986 3073 2721 2620 2699 3033 2697 2986 2415 3208 2812 2883 3080 2986 2643 2699 2624 2788 2984 2964 2869 2751 2484 2899 2645 3105 2644 3118 2595 2747 2945 2776 2643 2775 2944 2624 2822 2913 3048 2892 2742 3130 2798 2954 2722 2756 2550 2824 2827 2816 3168 2690 3102 2549 2758 2652 2773 2548 2790 2808 3007 3040 3015 2687 2603 2861 3083 2796 3124 2902 2758 2916 2706 2954 2773 2647 2641 2763 2905 2997 2928 2910 2913 2951 3165 2923 2734 2918 2929 2754 2925 2840 2962 2664 2698 2656 3142 2792 2687 2704 2926 3066 2898 2820 2522 2893 2729 2902 2987 2797 2766 3047 2778 2852 2871 2798 2692 2486 2734 2765 2972 2792 2509 2812 2945 2716 2945 2720 2752 2772 2985 2865 2851 3147 2873 2853 2716 3041 2744 
2769 3156 3185 2606 2515 3232 3116 2943 2880 2935 2913 3019 3456 2787 2820 2853 3195 3053 2860 3063 2735 3101 2980 2988 2959 3126 3044 2971 2669 3029 2745 2756 2629 2944 3220 2895 2848 2866 2771 2629 2634 3174 2541 3074 3092 2657 3127 3273 2757 2985 3040 2926 3253 3105 2720 2606 2807 3071 2664 2723 3093 2942 2904 2620 3174 2583 2770 2886 2911 2941 3022 3077 2962 3210 3034 2859 3143 3024 2983 2888 3024 3006 2792 2859 2608 2496 2919 3088 3180 2947 2653 2589 2611 2938 2826 2822 3143 2993 2799 3344 2961 2991 2960 2737 2898 2870 2912 3069 3027 2882 2765 3279 3195 2797 2548 2766 2915 2748 3034 2567 3281 2929 2997 3278 3229 2568 3028 2467 2997 2872 3251 3012 2799 2503 2974 2658 3198 2681 3097 2850 3085 3108 2848 2803 2981 2967 2854 3008 3012 2976 3024 2587 3337 2900 3096 2900 2955 2713 2739 2853 2773 3222 2708 3044 2557 3141 2508 2830 2644 3170 3034 3012 3158 3046 2774 2680 2818 3008 2986 3083 3115 3020 3260 2861 3090 3152 2646 2730 2815 2975 2948 3226 3031 2962 2988 3182 3101 2903 2866 2829 2912 2908 2834 3032 3121 2664 2758 2941 2865 2796 2733 2974 2844 3033 2715 2739 2870 2789 3109 3104 2958 2735 3040 2790 3032 3211 3046 2787 2892 3030 3059 2876 2785 2738 2947 2903 2880 3070 2829 2885 3082 3038 2975 2813 3366 2829 2819 2813 3025 2792 
3214 3301 3279 3095 3005 3307 3290 3172 3176 3271 3203 3336 3684 3019 3027 3330 3322 3268 2716 3301 2930 3689 3339 2993 3112 3459 3072 3160 3058 3295 3029 3036 3163 3245 3496 3235 3133 3282 2895 2841 2821 3415 2979 3371 3328 3289 3267 3519 2966 3376 3461 3165 3376 3754 3155 3134 3386 3221 3105 3101 3233 3068 3255 2622 3460 3114 3084 3234 3133 3224 3437 3452 3245 3418 3309 3182 3116 3507 3215 3192 3350 3233 2986 3341 3006 2942 3142 3265 3423 3141 3002 3176 2877 3132 3291 2806 3407 3122 3115 3474 3200 3305 3175 3007 3068 3457 3057 3416 3181 3323 3083 3697 3650 2958 2933 3155 3470 3042 3425 2638 3433 3254 3120 3757 3322 2798 3150 2717 3047 3248 3179 3099 2913 3041 3325 3106 3509 3115 3441 3086 3210 3360 3176 3256 3277 3107 3121 3082 3326 3557 3120 2921 3224 3144 3401 2845 3295 3068 3239 3206 3221 3348 2959 3407 2962 3212 2926 3243 2961 3198 3215 3524 3398 3381 2926 3070 2943 3426 3325 3614 3217 3322 3347 3230 3530 3223 3005 3060 3220 3314 3357 3386 3289 3418 3213 3669 3218 3258 3129 3272 3170 3212 3310 3129 3191 2967 3250 3135 3333 3209 3148 3358 3441 3326 3038 2833 3244 3100 3280 3409 3052 3148 3413 3035 3357 3249 3219 3071 3140 3210 3088 3314 3293 3083 3307 3396 3040 3223 3062 3092 3363 3437 3326 3117 3455 3126 3158 2949 3384 2940 
2982 3293 3379 2794 2837 3312 3129 2802 2929 3220 3029 3192 3599 3059 3220 2985 3210 3327 2850 3227 2970 3362 3299 3271 3196 3339 3178 3004 2940 2890 3052 2950 2975 3138 3280 3026 3227 3123 2942 3009 2856 3187 2925 3182 3223 3121 3217 3340 2772 3199 3341 3128 3522 3284 2970 2903 3098 3193 2776 2943 3257 3157 3254 2560 3289 2814 2818 3107 3219 3054 3410 3219 3106 3357 3243 3154 3055 3378 3172 2911 3128 3057 3032 3259 2821 2677 3000 3241 3390 2990 3005 3090 2830 3101 3282 2693 3214 3241 3286 3370 3169 3167 3081 2752 2938 3151 3096 3097 3057 3238 2909 3481 3603 2800 2779 3084 3416 2987 3415 2856 3351 3102 3217 3590 3364 2764 3006 2798 3030 3102 3300 2980 2928 2875 3095 3186 3412 2759 3229 2894 3239 3237 3172 3056 3174 3062 2966 3262 3152 3301 3072 2895 3417 3040 3410 2862 2992 2815 2913 3180 3177 3204 2852 3326 2725 3131 2749 2944 3039 2935 2969 3331 3110 3377 3018 3089 2809 3285 3145 3470 3221 3043 3335 2966 3070 3317 2806 3114 2985 3229 3188 3097 3190 3245 3259 3369 3267 3174 3083 2943 3082 3273 3157 3072 3184 2833 2902 3112 3257 2943 3344 3254 3251 3174 2828 2685 3104 3018 3098 3252 3109 3040 3301 2895 3167 3241 3099 2905 2798 3069 3093 3175 3111 2873 3024 2994 2916 3142 2758 3008 3298 3361 3036 3036 3439 3119 2920 2755 3145 2895 
2983 3225 3159 3004 2775 3197 3162 3173 3123 3040 2924 3108 3600 2874 2950 3057 3190 3220 2544 2975 3129 3382 3110 3132 2963 3233 3150 2786 2795 3024 2960 3032 3006 3216 3437 3199 2960 2829 2777 2752 2798 3116 2830 3139 3183 3078 3006 3454 2730 3147 3153 3039 3457 3311 3091 2856 3066 3069 2883 3001 2951 3084 3112 2635 3128 2780 2745 2830 3141 3058 3419 3038 3031 3311 3302 2947 3177 3255 2843 2970 3110 3029 2876 2965 2911 2639 2977 3149 3309 2861 3093 2972 2744 3054 3133 2766 3290 3159 3196 3459 3155 3089 2906 2702 2931 3183 3240 3151 2954 2931 2614 3481 3468 3037 2789 2926 3405 2787 3286 2703 3353 2992 3114 3547 3404 2924 2908 2649 2710 3115 2996 2884 2963 2682 2945 3232 3290 2864 3006 2831 3059 3260 3097 2979 3052 3034 2926 2948 3143 3238 3013 2839 3154 3070 3227 2917 3017 2698 3064 3047 3051 3256 2824 3182 2774 3247 2773 2990 2741 2938 2919 3359 3031 3278 2935 2958 3044 3360 3160 3325 3210 3092 3013 2935 3128 3071 2709 2919 2765 2989 3076 3083 3025 3253 3079 3305 3118 2848 3200 3079 3212 3348 3065 3064 3153 2942 2839 3007 3108 2806 3015 3290 3211 3123 3001 2679 2969 2877 3070 3338 2975 2827 3129 2986 3202 3169 3081 3048 2943 3116 2845 3170 3056 2626 2996 3055 2950 3469 2947 2906 3059 3216 2885 2819 3307 3144 2892 2816 3067 2954 
2552 2815 2798 2631 2706 2878 3018 2598 2606 2916 2633 2868 3256 2541 2616 2569 2766 2837 2428 2791 2598 3060 2730 2820 2672 2947 2932 2567 2541 2882 2712 2471 2485 2974 2882 2689 2632 2539 2560 2573 2375 2662 2506 2943 2673 2674 2826 2919 2701 2760 2828 2614 3000 2940 2754 2681 2711 2717 2512 2556 2959 2661 2853 2232 2907 2560 2524 2655 2720 2777 2859 2741 2811 2920 2888 2683 3083 2852 2724 2587 2698 2755 2498 2663 2344 2270 2559 2707 2980 2702 2632 2666 2430 2733 2564 2290 2918 2508 2808 2862 2744 2784 2611 2402 2580 2631 2630 2837 2695 2656 2575 2963 3104 2577 2529 2553 2993 2691 3014 2271 2893 2637 2613 2978 2947 2573 2520 2402 2668 2726 2745 2504 2583 2513 2683 2707 2889 2549 2726 2607 2852 2803 2661 2790 2812 2693 2642 2790 2850 3049 2845 2628 3120 2744 2948 2563 2558 2399 2628 2723 2608 2925 2575 2875 2620 2839 2432 2795 2423 2817 2514 2925 2731 3005 2663 2475 2688 2804 2907 3086 2824 2802 2684 2502 2751 2573 2531 2539 2562 2791 2842 2828 2778 2914 2669 3080 2511 2667 2755 2769 2758 2842 2792 2745 2939 2559 2421 2752 2747 2586 2715 2700 2678 2672 2540 2195 2664 2549 2600 2962 2504 2542 2855 2662 2704 2821 2652 2519 2474 2790 2597 2962 2790 2562 2586 2655 2700 2804 2643 2704 2905 2851 2663 2484 2848 2628 2580 2499 2901 2540 
2962 3254 3129 2967 2737 3271 3284 3046 3051 3225 3076 3313 3642 2994 2973 2959 3204 3375 2859 3080 3010 3493 3128 3379 2777 3344 3137 3004 2949 3172 3046 2943 2963 3113 3143 3054 3109 3037 2910 2952 2983 3051 3049 3240 3242 3224 3126 3491 2803 3172 3185 3188 3525 3398 3133 2952 3082 3035 2858 3030 3051 3044 2962 2607 3262 2780 2778 3121 3118 3092 3415 3224 3278 3048 3294 3192 3338 3090 3294 2852 2896 3048 2945 3255 2749 2959 2880 3112 3247 2970 2799 2946 2888 3171 3270 2625 3272 3031 3189 3125 3261 3278 3278 2683 2824 3097 3126 3224 3224 3057 2973 3491 3415 2945 2651 2976 3535 3154 3335 2610 3347 3007 3391 3567 3310 2881 2839 2751 3179 2980 3170 3089 2840 2870 2924 3197 3550 2980 3254 2873 3354 3388 3020 3131 3044 3118 2962 3286 3223 3243 3111 2916 3449 3097 3299 2935 3072 2847 3133 3196 3190 3285 2878 3371 2973 3144 2722 3164 2777 3096 3129 3460 3048 3467 2925 3288 3041 3093 3158 3260 3319 3242 3284 2999 3092 3159 2708 3073 2977 3305 3239 3239 2895 3006 3145 3430 3060 2864 3127 2921 3169 3334 3148 3140 2996 2825 3013 3144 3155 2944 3122 3323 3280 3344 2812 2806 3101 3008 2978 3203 3272 3020 3260 2882 3157 3339 3039 3062 3123 3163 3077 3189 3036 2875 3255 3059 2860 3246 3167 2945 3091 3450 2980 3002 3383 3048 2994 3067 3091 3010 
3106 3165 3393 2996 2761 3323 3186 2960 2986 3288 2978 3102 3582 3014 2816 3021 3305 3290 2804 2960 2964 3532 3087 3196 3156 3224 3104 2865 2847 3103 3018 3049 3010 3238 3249 3276 3063 2899 2829 2800 2855 3205 2804 3357 3064 3172 3155 3364 2734 3332 3042 2995 3307 3406 2873 3043 3003 2941 2970 2933 3044 2981 3211 2723 3277 2869 2972 3180 3122 2921 3314 3044 3258 3101 3365 3060 3316 3410 3097 2855 2984 2983 2825 3016 3029 2699 3000 3059 3336 2959 3041 3107 2806 2954 2955 2535 3325 2962 3304 3239 2981 3238 3158 2759 2701 2867 3163 3278 3182 3099 3058 3392 3439 2950 2613 2988 3419 3036 3433 2722 3283 2916 3040 3504 3379 2937 2983 2653 2959 2894 3188 3133 2886 2754 3042 2904 3370 2756 3269 2905 3197 3195 3008 3028 3103 3155 2822 3164 3204 3375 2923 2772 3387 2915 3309 2837 3117 2706 3046 3141 3077 3306 3124 3216 2833 3103 2536 2999 2873 3064 3112 3352 3382 3338 2936 2858 2842 3236 3199 3160 3166 3158 3112 2953 2999 3075 2918 2857 2882 3073 3164 3218 3033 3269 3066 3492 3127 3024 3122 3113 3129 3176 3252 3067 2876 2910 2978 2951 3251 2997 2973 3234 2992 3119 2959 2747 3057 3049 3077 3106 2938 2957 3171 2808 3198 3324 2850 2977 2875 3096 3062 3168 3167 2810 2938 3068 2928 3266 2999 2955 3168 3351 3045 2957 3618 3045 2721 2750 3142 2782 
3050 3081 3308 2949 2864 3254 3078 3111 3201 3339 3040 3285 3573 2948 3065 3068 3059 3288 2749 3069 2916 3439 3118 3155 2985 3469 3160 3039 2849 3072 2817 3055 3008 3087 3327 3072 3116 2871 2798 2843 2815 3116 2867 3189 3192 3219 3159 3498 2637 3186 3324 3213 3207 3433 3117 2963 3166 3026 2789 2996 3105 3082 3179 2643 3071 2904 2916 3030 3131 3085 3486 3395 3264 3217 3432 3154 3197 3327 3028 2901 3149 3066 2975 3055 2818 2822 3091 3285 3328 2928 3229 3194 2756 3101 3319 2695 3311 2744 3222 3235 3002 3345 3180 2787 2861 3119 2954 3208 3004 2940 2951 3535 3641 2778 2858 2963 3415 2984 3489 2740 3432 2996 3059 3676 3252 2918 2777 2594 2897 3211 3089 2953 2833 2791 3154 3065 3298 3059 3211 2828 3055 3268 3127 3031 3252 3005 2788 3213 3068 3245 3071 2780 3456 2929 3324 2999 3045 2861 2954 3062 3177 3275 2997 3241 2727 3174 2705 3088 2774 3090 3054 3203 3113 3152 2909 3026 3071 3445 3325 3521 3267 3062 3186 2953 3134 2951 2784 2882 3063 3190 3092 3179 3008 3286 3153 3378 3015 2867 3129 3234 3091 3386 3212 3030 3002 2830 2892 2862 3113 2940 3051 3152 3391 3253 2777 2743 3073 2971 3173 3227 2864 2911 3237 3009 3326 3258 3051 2942 2968 3009 3017 3165 3116 2906 3131 3339 2892 3197 2936 3210 3293 3350 3144 2823 3437 3279 2852 2699 3237 2910 
3093 3370 3306 3186 2918 3285 3036 3197 3037 3278 3027 3289 3520 3004 3101 3142 3272 3372 2953 3110 2999 3242 3124 3245 3042 3578 3221 2882 2907 3084 3167 3027 2946 3229 3417 3069 3105 3111 3001 3012 2813 3187 2864 3237 3170 3181 3193 3482 2698 3368 3335 3149 3545 3582 3193 3003 2989 3341 2902 3129 3229 3006 3132 2761 3276 3026 2952 3113 3170 2987 3483 3435 2979 3339 3451 3230 3407 3295 3223 2963 3156 3292 3079 3151 2705 2762 3096 3275 3358 2754 2765 3193 2849 3011 3375 2877 3313 3078 3198 3462 3223 3327 3238 2813 3124 3304 3173 3157 2928 3349 2897 3574 3470 2842 2829 3082 3400 3026 3592 2906 3593 3255 3298 3533 3279 2995 3157 2826 3169 3206 3200 3127 3003 2908 3181 3077 3634 3042 3269 2963 3325 3497 3153 3106 3163 3249 3053 3217 3091 3206 2969 2881 3601 3119 3373 2900 3145 2815 2846 3290 3084 3262 2915 3336 2833 3269 2838 3132 3047 3278 2949 3122 3130 3214 2965 3105 3007 3381 3343 3574 3342 3076 3421 3116 3115 2993 2777 3035 3025 3131 3222 3098 3241 3138 3263 3339 3451 2943 3107 2919 3051 3455 3067 2972 3050 2786 3119 3053 3066 2803 3177 3221 3435 3201 2930 2829 3199 3099 3388 3240 3113 3124 3177 3021 3265 3312 3130 2968 3010 3029 3101 3313 3193 2934 3245 3187 3113 3168 2844 3136 3243 3291 3071 2927 3457 3042 3079 2970 3243 3042 
3175 3318 3584 3345 3132 3550 3485 3350 3518 3479 3444 3182 3936 3202 3294 3328 3348 3534 2952 3324 3139 3502 3349 3375 3304 3581 3370 3218 2972 3421 3088 3127 3210 3234 3616 3494 3229 3357 3018 2914 2956 3363 3144 3315 3383 3355 3660 3658 3012 3506 3651 3292 3695 3545 3368 3195 3280 3387 3078 3235 3331 3357 3399 2890 3576 2975 3189 3285 3514 3368 3503 3537 3374 3463 3484 3340 3482 3597 3319 3288 3395 3188 3240 3302 3193 2971 3286 3391 3579 3133 3252 3240 3070 3277 3526 2933 3462 3218 3594 3685 3191 3434 3467 2917 3197 3421 3158 3671 3164 3406 3102 3709 3662 3057 3058 3311 3442 3377 3657 2921 3631 3329 3418 3975 3647 2997 3085 2960 3314 3167 3569 3294 3092 3077 3350 3158 3752 3195 3569 3208 3351 3560 3313 3277 3536 3437 3100 3534 3494 3453 3315 3021 3642 3358 3891 3189 3295 3004 3141 3412 3296 3579 3041 3487 2889 3284 3156 3438 3164 3408 3238 3563 3323 3373 3002 3165 3213 3549 3408 3880 3513 3263 3393 3243 3541 3505 2817 3213 3247 3601 3430 3635 3193 3507 3335 3589 3352 3141 3226 3284 3382 3542 3189 3460 3282 3060 3252 3259 3439 3207 3423 3505 3507 3560 3131 2770 3356 3163 3447 3691 3167 3109 3311 3173 3390 3533 3480 3246 3101 3319 3043 3440 3319 3226 3416 3311 3274 3540 3115 3342 3600 3421 3261 3162 3725 3206 3226 3140 3334 3306 
2698 2944 3012 2791 2518 2766 2756 2596 2742 2838 2556 2838 3134 2683 2576 2700 2740 3004 2303 2434 2672 3106 2551 2639 2685 2962 2620 2370 2547 2818 2604 2423 2530 2733 3039 2678 2701 2708 2481 2565 2429 2776 2476 2991 2928 2625 2876 3002 2683 2664 2852 2796 3099 2874 2724 2749 2633 2671 2481 2710 2557 2471 2974 2404 2950 2419 2656 2789 2783 2679 2901 2887 2593 2778 3009 2622 2817 3010 2549 2530 2824 2645 2537 2657 2597 2448 2812 2885 3041 2602 2794 2695 2338 2733 2717 2468 2937 2514 2760 3028 2703 2637 2648 2480 2878 2834 2828 2822 2573 2656 2445 3070 3025 2467 2298 2799 2900 2602 3057 2500 3011 2711 2823 2913 2874 2535 2746 2365 2844 2760 2794 2619 2748 2487 2751 2572 3087 2550 3055 2545 2649 2840 2604 2770 2854 2866 2583 2903 2726 2877 2644 2531 2901 2660 3067 2377 2625 2468 2562 2814 2816 2805 2535 2856 2556 2704 2362 2847 2362 2585 2646 3061 2996 2745 2381 2663 2573 2795 3018 3085 2741 2582 2674 2744 2784 2540 2381 2845 2695 2814 2761 2960 2779 2894 2816 2991 2977 2589 2776 2805 2787 2862 2705 2892 2805 2551 2679 2692 2789 2377 2804 2652 2993 2735 2648 2524 2750 2774 2815 2913 2814 2634 2918 2668 2950 2773 2799 2638 2661 2730 2525 2822 2725 2549 2682 2754 2560 2863 2531 2709 2915 2713 2670 2495 3063 2890 2668 2715 2833 2604 
2999 3348 3372 2965 3154 3388 3127 3111 3150 3224 2902 3213 3485 3053 3078 3144 3390 3455 2824 3042 3051 3419 3132 3008 3091 3529 3203 2783 2929 3155 3070 2916 2890 3144 3479 3228 3089 3182 2775 2942 2731 3006 2925 3181 3084 3062 3322 3658 2875 3267 3290 3243 3398 3366 3139 3073 3032 3129 3106 2966 3235 3162 3061 2589 3231 2812 2867 2951 3152 3235 3297 3204 3040 3225 3376 3014 3095 3487 3054 2987 3140 2940 2938 3194 2948 2690 3123 3120 3563 3153 3134 3199 2810 3170 3123 2958 3405 3243 3290 3365 3284 3209 3216 2828 2818 3188 3118 3156 3046 3223 2804 3522 3448 2837 2891 3099 3528 3032 3422 2820 3358 3376 3236 3661 3357 3103 2946 2902 3096 3122 3199 3115 2902 2716 3093 3047 3374 2899 3261 2903 3158 3166 3154 3247 3243 3241 3201 3229 3255 3617 3089 2810 3310 3032 3556 2853 3187 2743 2968 3092 3373 3392 3136 3078 2633 2990 2998 3182 2966 3038 3078 3382 3491 3209 3063 2863 2853 3260 3157 3423 3128 3062 3199 2953 3091 3178 2870 3019 3033 3058 3047 3236 3089 3205 3102 3481 3295 3049 3048 3049 3119 3285 3036 3244 3031 2928 2980 2978 3243 2802 3183 3244 3422 3244 2725 2709 3050 2828 3129 3364 2885 2860 3244 3166 3220 3445 3167 3039 2924 3232 3001 3242 3154 2939 3041 3198 2879 3439 2797 2892 3267 3317 2845 2852 3485 3339 3014 2855 3324 2862 
2603 2809 3001 2691 2550 3105 2730 2571 2682 2768 2797 2874 3283 2833 2635 2776 2801 3015 2588 2684 2710 3116 2455 2732 2649 2933 2953 2438 2582 2622 2709 2596 2581 2773 3054 2800 2799 2681 2520 2547 2636 2962 2464 2834 2780 3078 2778 3104 2453 2948 2942 2741 3123 2972 2697 2781 2751 2889 2534 2654 2733 2872 2808 2511 3003 2400 2497 2704 2939 2474 2824 2803 2884 2846 3035 2808 3004 3019 2756 2785 2786 2811 2623 2937 2709 2326 2692 2739 3189 2671 2803 2896 2509 2719 2888 2410 2957 2851 3069 2785 2589 2829 2789 2452 2585 2904 2614 2923 2677 2830 2623 3130 3118 2621 2382 2891 3096 2655 3083 2580 2955 2807 2939 3120 2868 2670 2652 2478 2859 2652 2957 2632 2630 2549 2873 2759 2953 2804 3011 2757 2696 2981 2854 2832 2858 2844 2678 2751 2839 3097 2582 2387 3100 2773 2971 2493 2854 2374 2738 2725 2995 3008 2680 2726 2414 2609 2425 2669 2633 2786 2477 2819 2973 2830 2711 2512 2445 2906 2954 3151 2870 2670 2812 2737 2713 2836 2800 2655 2584 2774 2986 2874 2774 2889 2859 2939 3021 2570 2825 2671 2863 2906 2717 2997 2842 2430 2657 2517 2987 2557 2717 2816 3014 2831 2452 2451 2704 2750 2951 2902 2758 2673 2735 2724 3102 2955 2850 2566 2636 2584 2773 2864 2844 2482 2721 2789 2702 2808 2652 2570 2812 2984 2730 2577 3072 2893 2696 2629 2728 2654 
3009 3118 3336 2788 2798 3079 3109 2927 2916 3249 2961 3107 3425 2824 2815 2990 3245 2953 2621 3094 2772 3298 2929 3041 2787 3410 2988 2714 2961 3027 2862 2902 2787 2841 3290 2898 2871 2811 2589 2564 2689 3121 2687 3058 3014 3058 3103 3341 2713 3037 3266 3236 3233 3074 2807 2768 2826 3079 2883 3076 3177 2890 2949 2577 2837 2755 2832 2809 2789 3022 3138 3102 3059 3296 3337 2724 3164 3169 2954 2582 2865 2894 2802 2985 2795 2720 3033 3095 3257 3013 2849 2961 2710 3044 2905 2912 2956 2982 3084 3169 2954 3017 3106 2733 2889 2900 2968 3043 2796 2970 2757 3403 3167 2643 2791 2592 3041 2679 3117 2681 3302 2963 2981 3597 2921 2780 2685 2758 2955 3000 3159 2870 2754 2703 2986 2899 3422 2719 3171 2748 2997 3067 2989 2817 2911 2859 2803 3086 3012 3155 2864 2566 3274 2753 3029 2780 2961 2660 2959 2868 2972 3196 2690 3073 2802 3208 2557 2894 2636 2794 3085 3248 2910 2974 2838 2863 2885 3012 2825 3343 3216 2964 2950 2801 3156 3001 2484 2615 2875 3095 2831 3072 2990 2986 3082 3273 3109 2796 2825 2939 3000 3048 2876 2915 2758 2867 2827 2937 3031 2736 2843 3065 3207 3076 2841 2658 2848 3068 3021 3394 2841 2740 3109 2920 3025 3052 2947 2828 2788 2763 2868 2909 2890 2740 2936 3096 2800 2943 2808 2812 3025 3036 3128 2849 3384 2917 2669 2774 3221 2910 
3107 3161 3186 3142 2956 3155 3121 3125 3044 3163 2993 3112 3580 2986 2861 2999 3140 3226 2656 2971 2828 3369 3041 3215 3001 3489 3150 2739 2772 3096 3126 2865 3097 3126 3342 3176 3173 3002 2760 2736 2868 3140 2927 3057 3154 2953 3227 3412 2878 3243 3277 3162 3398 3235 3127 3033 2897 3018 2803 3040 3074 3006 3062 2667 3178 2794 2970 3046 3353 2942 3158 3272 2988 3093 3451 3134 3227 3427 3050 2848 2873 2871 2815 3075 2916 2599 2989 3052 3436 2717 3084 3134 2675 3117 3059 2775 3334 2934 3193 3324 2979 3113 3109 2773 3081 3119 3126 3177 2921 3213 2827 3408 3404 3084 2575 3148 3307 3018 3266 2828 3241 2921 3015 3530 3255 2945 2957 2775 3080 2995 3077 3055 2874 2905 3159 3074 3573 2928 3289 2789 3170 3376 2881 3045 3048 3291 2925 3101 3240 3361 2998 2836 3571 3038 3375 2958 2974 2683 2989 3210 3263 3209 2898 3138 2634 3126 2716 3236 2733 3196 2923 3158 3170 3181 2816 2913 2908 3254 3347 3411 3311 3064 2941 2942 2939 2904 2714 2982 3054 3181 3058 3173 3110 3053 3041 3230 3221 2758 3096 3053 3067 3387 3135 3102 2919 2798 2952 2993 3059 2798 3009 3091 3199 3383 2822 2652 3101 3194 3202 3089 2930 2833 3208 3068 3177 3213 3032 2910 2790 2893 2861 3034 3032 2857 2956 2922 3075 3252 2867 2937 3186 3144 2997 2717 3340 2864 2948 2812 3037 2975 
2899 3276 3186 2598 2758 3080 3050 3034 2987 3224 2777 2986 3433 2951 2855 3012 3070 3096 2793 3028 2940 3161 2746 2803 2738 3392 3193 2927 2915 3001 2862 2828 2663 2845 3091 2861 2851 3049 2769 2524 2972 3126 2934 3251 3077 2866 3327 3344 2659 3090 3176 3170 3261 3211 2867 2970 2860 3072 2677 2760 3071 2971 3100 2574 3089 2787 2858 3001 3011 2866 3066 3150 3005 3031 3273 2940 3106 3187 3019 3037 2887 2889 2857 3231 2476 2835 3056 3166 3300 2912 2816 2857 2786 2976 3186 2695 3082 2859 2970 3271 2873 3204 3037 2790 2939 3075 2919 3268 2932 2995 2964 3468 3327 2829 2709 2872 3217 2901 3354 2612 3371 2907 3104 3369 3187 2788 2953 2638 3149 2939 3295 2955 2957 2923 2860 2873 3220 2870 3157 2770 3012 3325 2974 3182 3052 2912 2863 3021 3098 3253 2893 2808 3408 2918 3284 3039 3059 2833 2935 2981 3016 2995 2916 3399 2675 2907 2621 3167 2675 3041 2867 3073 3101 2960 2851 2862 2814 2952 2940 3483 3099 3009 3175 2846 3186 3259 2872 2703 2941 3151 3161 3200 2777 2915 3234 3189 3174 2789 2877 2807 3007 3257 3141 3057 3131 2763 2810 2931 3064 2841 2925 2995 3319 3197 2630 2783 2762 2883 2970 3041 2896 2857 3093 3085 2961 3272 2907 3005 2875 2822 2884 2965 2964 2807 2920 2985 2912 3053 2877 2919 2924 3200 2862 2983 3299 2955 2898 2741 3015 3012 
3062 3075 3141 2966 2793 3201 3128 2887 2740 3120 2949 3071 3448 3010 2726 2670 3014 3159 2689 2998 2901 3291 2853 2978 3085 3275 3062 2903 2675 2883 2876 2671 2914 3080 3291 2938 3151 2975 2748 2858 2769 3049 2783 3145 2991 3102 3108 3310 2728 3202 3077 3094 3320 3266 3007 3002 2999 2951 2750 2900 3008 2923 2926 2471 2932 2805 2669 2897 3130 2830 3150 3191 3012 3044 3391 3106 3003 3029 2904 2723 2731 2744 2611 2984 2790 2568 2765 2853 3222 2902 2890 3046 2768 3104 3158 2627 3063 3097 3197 3148 3057 3082 3023 2398 2906 2961 2979 3187 2746 3161 2766 3225 3175 2796 2483 2714 3217 2834 3069 2717 3171 2989 2752 3359 3231 2682 2940 2692 2833 3103 2999 2695 2667 2969 3077 2899 3214 2816 3156 2693 3035 3074 2946 3001 3030 3118 2864 3075 2909 3201 2798 2674 3162 2859 3305 2684 3073 2699 2790 2950 3062 3171 2788 2994 2639 2860 2718 3008 2816 3059 2852 3069 3161 3071 2872 2876 2699 3145 3188 3300 3035 2897 3089 3055 2845 3129 2644 2818 2642 2973 3082 3268 3073 2977 2980 3111 3073 3085 2943 2898 2918 3163 2909 2942 2839 2749 2877 2908 2961 2832 3243 3130 3434 2906 2772 2610 2884 2844 2989 3126 2913 2725 2952 2786 3032 3176 3085 2864 2711 2858 2953 2971 3031 2847 2928 2903 2934 3078 2812 2832 3262 3146 2940 2920 3191 2993 2605 2753 2934 2744 
2755 2757 3045 2669 2604 3037 2816 2824 2776 2798 2595 2569 3163 2717 2670 2536 2941 2859 2511 2801 2648 2863 2615 2530 2656 3116 2644 2638 2462 2818 2713 2659 2627 2834 3050 2728 2692 2617 2504 2558 2424 2636 2516 2801 2923 2764 2743 3115 2308 2690 2798 2828 2975 2831 2757 2536 2790 2717 2373 2682 2902 2701 2507 2433 2791 2415 2618 2501 2866 2585 2766 2857 2693 2751 2885 2801 2908 2774 2663 2512 2770 2587 2488 2846 2515 2532 2617 2781 2982 2794 2504 2577 2437 2743 2705 2422 2888 2716 2856 2931 2777 2854 2977 2337 2585 2845 2856 2843 2645 2742 2523 3110 2844 2495 2380 2560 3079 2780 2854 2346 2990 2642 2652 3120 2933 2349 2546 2269 2791 2664 3014 2776 2519 2585 2703 2446 3076 2809 2749 2537 2900 2975 2802 2622 2756 2704 2621 2898 2739 2862 2721 2456 2872 2730 2771 2752 2658 2567 2433 2688 2751 2788 2589 2756 2393 2758 2255 2805 2608 2792 2702 2763 2717 2797 2590 2687 2551 2804 2665 3094 2694 2689 3043 2572 2733 2659 2384 2511 2574 2893 2897 2990 2891 2875 2903 3076 2959 2543 2599 2643 2893 2914 2708 2634 2568 2444 2777 2494 2623 2570 2801 2737 2986 2840 2799 2547 2700 2829 2729 2744 2710 2599 2747 2651 2757 2792 2708 2525 2611 2614 2674 2841 2897 2783 2655 2653 2553 2936 2671 2644 2777 2829 2695 2544 2963 2702 2698 2632 2784 2628 
2897 2990 3214 2927 2684 3156 2870 2922 3023 2984 2958 2944 3170 2891 2899 2770 2833 2958 2645 2939 2775 3192 2820 2886 2736 3259 3004 2792 2716 2884 2669 2830 2775 2848 3074 2934 2757 2940 2489 2587 2731 2867 2607 3124 2844 2894 2985 2988 2618 3152 3288 2707 3232 3234 2856 2902 2942 2986 2590 2685 2807 2756 2951 2460 3146 2736 2789 2774 2802 3063 3098 2877 2796 3022 3147 3041 2701 3161 2800 2750 2861 2655 2900 2986 2630 2617 2864 3005 3133 2855 2670 2888 2605 2879 3222 2566 3074 3004 3078 3244 2961 2930 2961 2731 2763 3183 2913 2862 2845 2929 2636 3222 3316 2783 2625 2803 3192 2793 3057 2471 3327 2993 2906 3312 3149 2615 2920 2595 2925 3036 3036 2798 2612 2874 2846 2745 3226 2747 3210 2662 2940 2937 2949 3049 2836 3025 2892 2810 2954 2978 2756 2427 3132 2740 3108 2645 2933 2575 2680 2764 3022 2924 2811 2936 2376 2729 2653 3121 2728 3000 2925 3147 2964 3062 2660 2775 2656 3006 2950 3327 2821 2868 2943 3007 2945 3085 2585 2690 3018 3015 2770 2882 2821 2920 2913 3220 2923 2897 2890 2787 2867 2935 2916 3079 2779 2733 2938 2800 3069 2737 2874 2883 3132 2921 2707 2596 3050 2931 2925 3098 2680 2816 3167 2764 2975 2971 2946 2674 2681 2893 2792 2928 2940 2566 2928 2938 2766 3007 2754 2831 3024 3107 2787 2773 3262 2928 2649 2611 2852 2742 
3101 3187 3370 2939 2893 3346 3122 2923 2926 3098 3109 3151 3380 2742 2945 2971 3177 3312 2805 3123 2968 3443 3025 3244 3045 3326 3105 2929 2746 3172 3153 2965 3023 3058 3380 3082 2861 2989 2936 2766 2662 3103 2939 3250 3388 2883 3272 3404 2885 3068 3227 2937 3409 3473 2762 2975 3015 3176 2885 3026 3076 3077 3164 2426 3072 2990 2864 3012 3245 3052 3277 3280 3149 3148 3259 3062 3004 3411 3008 2934 3098 2900 3004 2910 2767 2714 2957 2946 3536 2919 2811 2877 2785 3197 3183 2858 3245 3067 3220 3407 3199 3264 3118 2856 3125 3166 3181 2905 3075 3232 2778 3285 3696 2892 2810 3024 3245 3171 3485 2644 3258 3228 2994 3498 3448 2937 2953 2694 3064 3238 3007 2853 3062 2839 3040 2997 3435 2911 3381 2813 3193 3249 2796 3252 2882 3121 2995 3273 3159 3517 3047 2749 3438 3038 3216 3017 3156 2834 3089 3048 3063 3100 2920 3197 2670 3173 2742 3037 2688 3079 3001 3042 3045 3273 2798 2810 2947 3329 3182 3380 3079 3044 3141 3102 3233 3119 2779 2929 3007 3113 3239 3267 3026 3069 2957 3299 3065 3011 2916 3031 3064 3198 3195 3177 3081 3024 2907 2986 3045 2714 2975 3061 3106 3132 2999 2716 3101 2946 3124 3084 3121 2907 3346 3043 3181 3303 3117 2929 2790 3067 2911 3067 3042 2761 3217 2919 2665 3063 2982 2949 3130 3313 2931 2968 3447 3094 2825 3006 3058 2711 
2915 3031 2850 2763 2802 3118 2960 2741 2846 2891 2925 2991 3287 2685 3014 2950 2985 2958 2362 2907 2834 3156 2813 2814 2948 3311 2954 2685 2633 2902 2653 2885 2657 2971 3009 2879 2942 2815 2830 2615 2707 2768 2628 2868 2975 2908 3005 3194 2634 3025 3017 2943 3170 3196 2836 2583 2789 3007 2728 2701 3050 2895 2844 2457 3019 2706 2662 2753 3054 2649 3103 2940 2827 2980 3029 3022 2898 3089 2905 2784 2773 2793 2762 2823 2567 2501 2840 2959 3084 2836 2679 2922 2533 2909 3093 2742 3038 2859 2840 3169 2827 2865 2986 2773 2817 3000 2681 2861 2882 2930 2665 3262 3349 2802 2511 2727 3169 2946 3104 2577 3063 2703 2841 3198 3110 2783 2696 2520 3092 2825 3142 2836 2734 2614 2994 2604 3013 2616 2922 2698 2949 3116 2814 3051 2961 2886 2759 2965 2977 3113 2776 2675 3345 2716 3159 2686 2930 2696 2823 2950 2803 3064 2811 2889 2267 2807 2629 2942 2614 2898 2687 3052 3137 3039 2767 2725 2613 3113 2911 3276 2864 3071 3102 2796 3015 2831 2700 2730 2922 2837 2925 3021 3001 3069 2966 3084 2942 2822 3006 2871 2840 3047 3074 3062 2842 2635 2568 2815 2903 2744 2928 3165 3085 3001 2683 2381 2874 2885 3141 3100 2808 2876 2844 2774 2864 3032 2961 2805 2796 2814 2959 3310 3063 2698 2787 3034 2663 3059 2827 2721 3089 3223 2718 2677 3085 2768 2720 2663 2878 2598 
2624 2878 2870 2636 2365 2957 2994 2757 2686 2927 2532 2857 2979 2503 2724 2601 2649 2962 2508 2529 2421 2970 2716 2747 2713 3126 2781 2610 2434 2729 2626 2450 2552 2797 2976 2618 2547 2707 2457 2534 2492 2715 2678 2850 2899 2726 2734 2802 2465 2823 2902 2700 3067 3015 2688 2609 2868 2664 2449 2398 2818 2499 2802 2302 2988 2559 2514 2554 2870 2648 2860 2610 2505 2814 3037 2677 2907 2883 2750 2528 2701 2682 2482 2845 2368 2460 2573 2778 3029 2587 2604 2615 2474 2769 2666 2458 2791 2662 2789 2948 2707 2702 2703 2419 2668 2695 2752 2882 2640 2709 2393 3088 2952 2588 2547 2643 2869 2668 2955 2519 2910 2725 2630 2883 2899 2513 2530 2375 2728 2615 2903 2802 2580 2573 2765 2504 3064 2598 2995 2640 2805 2953 3002 2759 2732 2903 2646 2614 2847 2852 2676 2462 2896 2746 3095 2572 2923 2429 2502 2785 2718 3032 2578 2984 2556 2833 2498 2751 2613 2896 2611 2761 2663 2771 2651 2645 2657 2738 2808 3057 2874 2849 2782 2591 2767 2704 2456 2505 2667 2957 2701 3164 2607 2857 2734 3018 2761 2515 2626 2771 2763 2809 2653 2632 2751 2689 2407 2612 2802 2637 2963 2684 2817 2813 2483 2536 2799 2491 2600 2754 2626 2569 2845 2553 2696 2918 2738 2593 2610 2627 2569 2977 2827 2524 2604 2750 2704 2853 2658 2771 2854 2906 2648 2654 3090 2669 2687 2492 2870 2717 
3028 3351 3408 3092 3070 3237 3280 3316 3000 3161 2983 2964 3514 2965 3058 2969 3182 3250 2734 3149 3134 3274 3094 3009 3064 3339 3073 3032 2910 3166 3115 3090 2874 3224 3458 3197 3111 3130 2830 2794 2845 3086 2951 3409 3200 2973 3260 3458 2768 3244 3326 3178 3512 3384 2894 2933 2881 3160 2781 2970 3251 3199 3214 2618 3217 2796 2834 3227 3171 2900 3362 2981 3259 3217 3423 2934 3103 3398 3259 3185 3123 2942 3000 3086 2851 2690 3042 3297 3432 3023 3085 3147 2807 3091 3253 2811 3334 3194 3134 3565 3101 3101 3039 2713 2983 3222 3127 3229 3182 3231 2871 3613 3469 3064 2828 2959 3390 3016 3291 2896 3407 3037 3105 3457 3252 2967 3020 2640 3129 3019 3265 3007 2991 3004 3149 2954 3472 2805 3407 2705 3016 3301 3209 3215 2988 3210 3051 2995 3279 3267 2971 2836 3506 2951 3458 3076 3103 2968 3056 3139 3155 3472 3008 3528 2702 3016 2686 3029 2769 2960 2951 3380 3314 3244 3147 2945 2913 3410 3043 3490 3194 3018 3051 3133 3128 3162 2767 2782 2887 3264 3163 3252 2976 3004 3158 3499 3083 2840 3061 3118 3309 3556 3281 3185 3101 2958 2839 2916 3294 2861 3190 3158 3410 3276 2984 2957 2944 3156 3254 3209 2975 3198 3270 3237 3320 3124 3185 2984 3092 3024 2845 3077 3158 2768 2776 2910 2975 3389 3095 2930 3362 3273 3112 3018 3420 3133 2729 2722 3454 2879 
3045 2981 3101 2802 2443 3005 2779 2767 2755 2945 2979 2960 3157 2704 2972 2905 2957 3069 2545 2757 2893 3401 2865 2966 2995 3287 2856 2691 2815 2874 2848 2843 2777 2826 3214 3037 3058 2858 2763 2710 2527 2948 2581 3097 2950 2786 3030 3223 2664 3044 3128 2976 3150 3038 2776 2765 2867 3009 2719 2699 2970 2748 2925 2483 3088 2593 2555 3034 2997 2765 3128 3080 2928 3109 3047 2952 3138 3180 3022 2535 2841 2733 2628 2921 2712 2344 2994 2795 3233 2804 2911 2871 2626 2911 2957 2611 3072 2764 2961 3145 2887 2822 3005 2623 2894 2919 2973 2960 2872 2743 2727 3059 2958 2664 2618 2698 3175 2832 3019 2573 3228 3007 2872 3176 3143 2744 2734 2566 2799 2893 3005 2922 2888 2688 2881 2539 3108 2672 3072 2737 3026 3133 2850 2821 2889 3052 2819 3062 2980 3027 2804 2584 3293 2925 3181 2694 2880 2746 2803 3053 2891 3202 2845 3113 2756 2924 2396 2728 2781 2752 2886 3120 3120 3254 2794 2737 2833 3064 3034 3183 3015 2939 2949 2857 2869 2707 2583 2785 2988 2965 2940 2968 3014 3010 2861 3014 3050 2973 3036 3017 2812 2932 2798 3120 2890 2750 2593 2848 2980 2830 2958 2973 3151 3022 2746 2531 2964 2963 2980 3081 2716 2802 2974 2842 2905 3001 2810 2680 2547 2834 3016 3056 2906 2719 2853 3160 2881 3010 2757 2875 2981 3052 2935 2703 3333 2900 2706 2725 2929 2533 
2633 3033 2958 2677 2493 2792 2860 2924 2814 2779 2637 2787 3329 2497 2813 2759 2990 2921 2530 2867 2729 3143 2799 3116 2694 3036 2966 2521 2447 2752 2678 2672 2788 2712 3074 2842 2733 2688 2574 2701 2464 2754 2682 2965 2869 2819 3008 3032 2532 2804 2895 2945 3188 3135 2851 2578 2677 2637 2622 2569 2802 2756 2847 2466 2957 2540 2517 2716 2831 2743 3049 2996 2767 2945 2818 2669 3167 2990 2908 2756 2828 2859 2561 2738 2491 2476 2639 2858 2924 2900 2609 2886 2624 2823 2798 2570 2758 2788 2779 3032 2790 2946 3031 2607 2645 2856 2716 2929 2746 2756 2650 3155 3118 2486 2443 2589 2919 2703 3098 2342 3068 2896 2935 3124 2924 2680 2783 2498 2836 2787 2845 2769 2710 2721 2669 2543 3068 2524 2863 2687 2947 2904 2911 2991 2745 2818 2798 3066 2818 2986 2780 2626 3073 2706 2987 2648 2804 2658 2671 2894 2735 2923 2556 2890 2575 2847 2382 2754 2492 2897 2659 3074 2818 3038 2573 2857 2736 2980 2859 3176 2958 3016 2760 2633 2751 2619 2651 2754 2754 3046 3059 2810 2858 2800 2931 3053 2730 2562 2906 2769 2776 2981 2862 2832 2939 2634 2607 2603 2815 2704 2897 2953 2941 2786 2606 2652 2743 2682 2768 3094 2662 2879 2825 2547 2777 2965 2848 2602 2699 2701 2612 2882 2795 2638 2690 2819 2838 2777 2744 2971 3113 2925 2807 2833 3215 2848 2781 2737 2850 2750 
3156 3216 3218 2989 2689 3344 3249 3154 3125 2988 3000 3167 3447 3008 2946 2777 3313 3210 2769 3034 3041 3290 3155 3194 3134 3336 3039 2828 2781 2845 3081 2917 2921 3185 3308 3125 3101 2968 2874 2724 2794 3032 2961 3134 3157 3027 3087 3162 2783 3064 3247 2949 3377 3276 3092 2825 2988 3040 2758 2844 3285 3028 3078 2564 3174 2879 2685 2979 3203 3019 3178 3131 2908 3076 3437 3081 3100 3342 3015 2852 2846 2854 2775 3031 2746 2628 2975 3061 3266 2828 3014 2975 2943 3025 3024 2765 3203 3065 3202 3339 3110 2887 2972 2687 2992 2980 3145 3299 3232 3056 2756 3364 3358 2854 2688 2956 3248 2962 3295 2668 3212 3025 2976 3466 3252 2836 2956 2695 3090 3017 3223 3062 2992 3101 3009 2915 3308 2789 3201 2816 3103 3137 2762 2986 2907 3247 2978 3014 3221 3322 3050 2736 3347 2982 3272 2993 3153 2744 2888 3087 3163 3265 3039 3253 2728 3216 2657 3127 2738 3145 3055 3251 3194 3339 3014 3082 2990 3119 3275 3271 3118 3181 3085 3150 2952 3126 2551 2885 2974 3205 3227 3174 3162 3009 2974 3479 3036 2971 3000 3107 3138 3247 3179 3030 3121 2974 2832 2939 3185 2795 3173 3175 3191 3186 2874 2790 3115 3111 3039 3128 2861 3065 3166 3120 3137 3242 2816 2939 2844 3075 2909 3115 2924 3015 2971 3066 2953 3417 2976 2923 3375 3182 3013 2939 3428 2917 2981 2809 3121 2767 
2998 3313 3051 2855 2689 3028 3120 3207 3012 3136 2863 3060 3493 2909 3000 3049 3099 3275 2649 2861 2762 3294 2920 3046 2948 3354 3038 2818 2799 2947 2829 2964 2950 3040 3330 2999 2953 3033 2632 2609 2711 3091 2791 3090 3051 2977 3328 3165 2710 3070 3128 3065 3229 3243 2993 2745 2845 2886 2810 2889 3116 3088 3041 2490 3084 2718 2622 2815 3003 2887 3237 2877 3021 3177 3315 2735 3211 3296 3125 2947 2976 2827 2950 2855 2648 2607 3025 2985 3334 2851 2797 2958 2625 2943 3146 2775 3219 3013 3008 3274 3009 3007 3145 2608 2948 2948 3043 3116 2932 3193 2699 3270 3182 2858 2774 2880 3324 2671 3061 2604 3220 2756 2956 3412 3274 2930 2848 2744 3221 3012 3215 3124 2863 2904 3040 2906 3339 2835 3141 2702 3020 3062 2863 2981 3176 2950 2975 2985 3096 3271 2822 2764 3112 2807 3378 2761 3071 2744 2933 2999 3111 3212 2797 3121 2696 2948 2576 3098 2786 3054 2961 3299 2932 2992 3038 2940 2744 3251 2960 3409 3047 3131 2950 2808 3113 2988 2705 2909 2781 2908 2931 3141 3010 2914 3001 3222 3188 2659 2970 2860 3019 3203 3036 2998 2823 2715 2789 2770 3030 2707 3034 3080 3096 3153 2599 2791 2972 2829 3088 3116 2900 2979 3078 2833 3070 3147 3146 2931 2833 2870 2717 3220 3079 2661 2944 3109 2838 3119 2784 2979 3068 3219 2843 2832 3352 3040 2842 2796 3150 2848 
3034 3203 3096 2985 2763 3316 3156 3032 3082 2917 2971 3052 3469 2881 2746 2908 3126 3229 2791 2855 3077 3323 3137 2996 2735 3292 3047 3050 2775 3000 2933 2685 2866 3076 3284 2953 2829 2977 2927 2797 2710 3175 2829 3218 3180 3247 3053 3454 2658 3049 3200 3034 3128 3357 3013 3075 3106 2996 2904 3046 3062 3040 2832 2475 3257 2963 2913 2977 2913 2987 3173 3176 2861 3223 3233 3024 3242 3211 2919 2942 3037 2788 2702 2999 2665 2874 2900 3276 3182 2807 2996 3070 2677 2962 3207 2755 3189 2830 3160 2991 3080 3085 2944 2734 2821 3147 2993 3238 2773 2967 2614 3349 3483 2728 2617 2925 3317 2845 3406 2841 3179 2992 3145 3670 3072 2842 3056 2738 2935 2751 3220 2997 3011 2699 3008 2881 3435 3085 3150 3010 3267 3184 3053 2849 3037 3060 3037 2987 3183 3298 2955 2761 3267 2931 3291 2923 3097 2711 2893 3062 2909 3312 2866 3135 2879 3146 2718 3057 2582 3080 2960 3222 3073 3178 2912 2989 2979 3332 3073 3390 3186 2980 3039 3138 3100 3015 2825 3020 3002 3149 2963 3236 2928 2996 2921 3338 3053 2982 2720 2941 2941 3274 3156 2993 2960 2635 3171 2877 3096 2686 2958 3086 3110 3283 2757 2760 2974 2983 2961 3135 3017 2804 3169 3074 3283 3116 2933 2905 2838 3041 3031 3163 3020 2765 3211 3104 2988 3008 3126 3051 3008 3105 3120 2821 3216 2990 3068 2933 3025 2837 
3066 3228 3099 2753 2812 3246 2952 2905 3043 3109 3100 3108 3493 2895 2950 2960 3255 3182 2809 2988 3005 3425 3008 3060 3109 3525 3092 2984 2771 3017 3016 3065 2974 2955 3161 3133 2972 2873 2836 2707 2775 3122 2834 3153 3129 3095 3000 3497 2921 3302 3275 3248 3372 3351 3119 2844 2978 3139 2958 2969 3139 3185 3155 2683 3224 3071 2936 3112 3311 2960 3233 3276 3121 3055 3153 3175 3099 3351 3105 3018 2986 2958 3014 3186 2707 2847 3097 2949 3315 2907 2832 3012 2775 3001 3118 2656 3181 3037 3128 3323 3156 3279 3043 2845 2983 3119 3184 3237 3063 3212 3195 3164 3484 2967 2629 2969 3258 3066 3529 2686 3346 2807 3044 3641 3493 2816 2876 2649 3034 3042 3138 3090 2946 2841 3082 3031 3426 2760 3278 2932 3202 3317 3003 3052 3056 3269 2853 3151 3187 3439 2814 2857 3433 2826 3291 2976 3070 2828 2768 3302 3218 3187 2881 3215 2566 3082 2783 3110 2911 3060 2942 3144 3090 3206 2642 2897 2874 3168 3231 3422 3296 3117 3178 2850 3023 3126 2684 2912 3029 2929 3128 3184 3227 3025 3170 3461 3280 2894 3168 3056 2917 3099 3081 3152 2940 2999 2892 2973 3061 2903 2969 3024 3425 3207 2853 2704 3155 2943 3244 3029 2970 3131 3278 2817 3055 3384 3172 3016 2971 2898 3121 3101 3183 3011 3125 3087 2787 3272 2979 3023 3067 3284 2959 3016 3504 3044 2889 2821 3082 2789 
2814 3127 3251 2745 2715 3175 3094 2963 2849 3037 3014 2902 3268 2923 2824 2976 3056 3144 2897 2778 2933 3201 2746 3004 2846 3374 3039 2808 2654 2842 3037 2832 2593 3096 3315 2791 2832 2774 2713 2570 2749 2939 2787 3028 3064 2934 2988 3348 2662 2931 3085 2837 3303 3060 2844 2732 2835 3040 2802 2762 2978 2773 2934 2520 3084 2855 2595 2812 2979 2751 3108 2783 2943 3041 3074 2972 3117 3218 3006 2863 2883 2991 2770 3094 2832 2536 2826 2891 3346 2692 3031 3105 2868 2740 3067 2630 3033 2956 3083 3244 2833 3090 2700 2712 2851 3035 2916 2949 2877 2960 2814 3223 3255 2639 2898 3020 3154 2866 3317 2428 3101 3058 2976 3323 3150 2799 2852 2520 3033 2707 2937 2905 2735 2618 3032 2934 3089 2786 3084 2984 2996 3042 2823 2974 2853 2946 2884 2865 3005 3142 2903 2719 3264 3002 3174 2616 2960 2603 2643 3008 2905 3116 2736 3034 2729 2983 2688 2980 2669 2975 2770 2946 2925 2970 2881 2739 2786 3131 2997 3203 3124 3001 2923 2682 3044 2928 2671 2797 2998 3071 3014 3182 2878 3028 3005 3191 3026 2717 2835 2875 2875 3168 2831 2843 2887 2844 2800 2934 2963 2808 3056 3102 3117 2921 2728 2666 2994 2633 3125 3171 2792 2798 2912 2789 2930 3100 3003 2799 2676 2788 2875 2963 2983 2523 2949 2910 2729 2919 2777 2883 2942 3113 2670 2953 3336 2930 3026 2723 2955 2728 
3029 3121 3346 2993 2799 3215 3052 2923 2921 3152 3033 3079 3401 3014 2769 2808 3205 3169 2545 3228 2976 3198 2833 3025 2936 3268 3064 2825 2622 2925 2839 2771 3019 2915 3265 2963 2941 2714 2752 2649 2758 2975 2700 3216 3020 3105 3143 3288 2688 3080 3167 3046 3173 3204 2921 2978 3074 3041 2745 2765 3060 2936 2968 2496 3164 2787 2844 2822 3202 2756 3073 3041 2922 3074 3321 2840 3035 3256 3136 2803 2837 2774 3002 3102 2857 2612 2987 3104 3475 2858 2922 2996 2712 3020 3162 2505 3237 3090 3301 3310 2824 3186 2940 2774 2961 3080 3168 3262 3022 3107 2835 3391 3558 2852 2510 3004 3377 2864 3239 2627 3213 2985 2955 3360 3207 2758 3096 2559 3041 3034 3121 2616 2959 2859 3015 2931 3269 2866 3207 2860 2890 3077 2801 2950 2845 3139 2692 2936 2981 3261 2817 2744 3263 2759 3302 2893 3107 2682 3029 2926 3089 3264 2835 3159 2605 2926 2724 3106 2723 2937 3046 3297 3240 2963 2691 2766 2653 3193 3069 3435 3035 2796 2983 3199 3049 3107 2763 2767 2853 3110 3144 3279 2977 3023 2993 3393 3185 2919 2933 3074 2910 3184 3074 3177 2967 2785 3025 2885 2989 2800 3014 3091 3088 3014 2793 2791 2815 2981 3035 3083 2900 2843 3256 2964 3183 3274 3004 3012 2973 2859 2797 3111 2973 2780 2850 2886 2697 3192 2913 2701 3110 3190 3041 2838 3301 3109 2828 2677 2910 2648 
2777 2823 2992 2646 2529 2776 2710 2797 2735 2833 2634 2603 3236 2723 2722 2489 2855 2628 2395 2719 2615 2888 2818 2731 2711 3004 2735 2553 2609 2853 2523 2665 2433 2802 2844 2823 2743 2574 2437 2644 2440 2705 2320 2730 2587 2616 2712 2919 2576 2750 2892 2832 2883 2781 2481 2501 2621 2731 2426 2536 2899 2652 2659 2299 2786 2355 2535 2728 2827 2761 2876 2824 2717 3069 2838 2635 2838 2708 2685 2620 2754 2712 2481 2785 2501 2294 2557 2845 2756 2809 2542 2785 2479 2581 2688 2586 2791 2649 2828 3080 2784 2869 2513 2389 2674 2907 2544 2741 2645 2613 2487 3059 2926 2593 2300 2545 2882 2611 2773 2423 3039 2690 2526 3170 2818 2335 2671 2316 2516 2749 2789 2521 2341 2419 2816 2506 2949 2422 2873 2498 2745 2854 2663 2630 2716 2663 2706 2831 2753 2809 2703 2411 2930 2515 2905 2511 2679 2511 2533 2610 2628 2933 2498 2606 2274 2738 2277 2492 2665 2601 2615 2772 2635 2904 2654 2492 2543 2767 2808 3108 2811 2609 2845 2551 2715 2613 2319 2519 2561 2821 2681 2685 2733 2851 2868 3095 2874 2664 2631 2750 2853 2650 2634 2682 2756 2410 2527 2665 2686 2610 2835 2664 2854 2768 2566 2331 2602 2575 2750 2839 2464 2617 2813 2597 2698 2729 2931 2527 2434 2647 2635 2717 2789 2461 2578 2779 2548 2894 2484 2642 2878 2817 2823 2671 3026 2737 2548 2386 2787 2421 
3034 3200 3367 3006 2925 3155 3016 2911 2958 3012 3053 3108 3403 2937 2996 3054 3185 3291 2726 2937 3050 3266 2968 2884 3122 3324 3078 2817 2814 2903 2884 2928 2822 3048 3300 3007 3033 3122 2792 2856 2693 2866 2711 3190 3101 3030 3058 3394 2835 3036 3364 2973 3300 3474 2913 3020 3254 3028 3054 3007 3346 2872 2996 2563 3224 2682 2714 3047 3146 3148 3232 3026 2869 3292 3357 3032 2986 3275 3219 2868 2978 3001 2933 3099 2883 2727 3071 3077 3340 3003 3005 3020 2828 3138 3285 2744 3303 3087 3117 3331 3023 3081 3082 2899 3030 3368 3015 3116 2998 3026 2551 3493 3537 2645 2827 3034 3293 3028 3385 2740 3238 3016 3002 3446 3300 2856 3050 2622 2949 3065 3178 3052 2985 2862 3141 2986 3313 2956 3152 3111 3117 3223 2894 3053 3017 3216 2958 2997 3088 3290 2949 2740 3353 3062 3409 2688 3028 2803 2839 3112 3013 3283 2969 3291 2645 3075 2978 3232 2952 3014 2967 3258 3067 3238 3068 2890 2965 3255 2993 3528 2992 3095 3078 3260 3121 3087 2893 2837 3124 3016 3034 3226 2987 3317 2932 3371 3182 3114 3026 3088 3065 3272 3097 2974 3082 2835 2984 2931 3152 2759 3126 3315 3260 3099 2835 2584 2805 3120 3086 3193 2895 2970 3086 2990 2937 3128 3038 2988 2980 3063 3089 3418 3085 2866 3101 3155 2773 3396 2933 2864 3077 3339 3087 2887 3268 3009 2877 2970 3171 2774 
3225 3616 3391 3203 3099 3463 3121 3193 3238 3454 3061 3260 3668 2851 3093 3264 3277 3300 2965 3199 3356 3540 3360 3314 3258 3724 3280 3030 2925 3083 3146 3049 3091 3285 3523 3222 3147 3198 3049 2823 3107 3469 3227 3368 3430 3234 3399 3551 3089 3336 3454 3183 3711 3686 3077 3233 3213 3144 3056 3270 3248 3356 3404 2797 3340 3153 3006 3331 3232 3138 3815 3477 3144 3302 3626 3181 3322 3640 3258 2999 3205 3138 3197 3098 2994 2850 3344 3452 3503 3131 3254 3242 3003 3320 3537 3194 3411 3269 3287 3613 3375 3347 3128 3010 3307 3120 3299 3312 3284 3318 2976 3630 3598 3113 3015 3186 3449 3214 3708 2795 3540 3137 3292 3784 3550 3020 3232 2976 3190 3262 3275 3348 3436 2992 3183 2973 3667 2849 3419 3019 3209 3455 3162 3085 3287 3349 3333 3302 3292 3485 3096 3047 3735 3000 3565 3117 3415 2979 3143 3329 3396 3473 3007 3344 2948 3354 2812 3499 2985 3384 3172 3475 3466 3443 3094 3102 3357 3469 3249 3658 3457 3259 3157 3175 3246 3334 2883 3100 3226 3311 3210 3293 3259 3190 3441 3491 3308 3007 3110 3287 3356 3511 3281 3280 3180 3271 2981 3185 3467 3015 3304 3281 3291 3419 3033 2958 3279 3119 3290 3293 3119 3206 3706 3157 3256 3550 3237 3314 2967 3253 2962 3116 3268 2920 3276 3382 3183 3521 3131 3266 3432 3523 3127 3207 3577 3174 3191 3077 3226 3083 
2753 3240 3163 2934 2666 2928 2993 2945 2927 2905 2953 3078 3257 2711 2784 2893 3034 3040 2767 2987 2912 3273 3074 2886 2957 3311 2865 2888 2720 3048 2765 2927 2881 2969 3132 3011 3009 3060 2828 2764 2664 3053 2770 2986 3125 2881 2951 3207 2723 2912 3252 3014 3377 3100 2941 2837 3006 2851 2601 2846 3003 3154 3067 2489 2982 2579 2856 3032 3024 2870 3339 3255 2929 3152 3361 2705 3174 2968 2974 2861 2955 2904 2875 2867 2575 2689 2892 2993 3207 2895 2837 2877 2665 2950 2967 2717 2991 2913 2925 3368 3040 3034 3071 2686 2791 3026 3031 3078 2895 3065 2775 3255 3087 2763 2625 2819 3185 2849 3380 2692 3394 2996 3055 3132 3236 2670 2754 2696 2831 3061 3088 2894 2850 2774 2964 2670 3492 2762 3255 2531 3002 3161 3035 2804 2996 3174 2917 3075 2974 3067 2888 2637 3367 2712 3133 2868 3118 2659 2984 2969 3184 3234 2689 3199 2526 2952 2713 2934 2550 2871 3073 3092 2965 3047 2593 3068 2802 3069 2892 3331 3038 2851 2894 3054 3006 2842 2586 2757 2839 3004 3088 3071 2910 2848 3020 3244 2968 2731 2921 2990 3102 3106 3002 3013 3052 2769 2851 2778 3173 2669 3103 2994 3204 3290 2735 2583 2849 3092 2997 2993 2990 2961 3318 2779 3033 3106 2948 2947 2938 2795 2779 2960 2944 2841 2834 3001 2771 3202 2864 2880 3200 3060 3136 2713 3225 2950 2839 2818 3041 2880 
3107 3158 3178 2958 2718 3205 3102 2883 2966 3085 2974 3174 3331 2976 3228 3166 3078 3505 2720 3048 2896 3427 2885 3069 2973 3466 3061 2996 2936 3167 3010 2848 2945 3160 3126 3031 2999 3100 2779 2815 2904 3054 2920 3226 3135 2851 3061 3393 2782 3400 3369 3144 3306 3406 2928 3079 3088 3161 2784 2902 3200 3004 3165 2680 3424 2977 2740 3106 3254 3017 3396 3063 3087 3243 3449 3197 3056 3239 2989 2927 2983 2803 2859 3238 2888 2613 3066 3046 3205 3117 2942 3065 2789 3092 3275 2762 3290 2876 3034 3417 2987 3151 3124 2721 2999 3265 3098 3264 3168 2969 3053 3560 3481 2932 2805 3006 3417 2966 3203 2686 3409 2888 3003 3440 3382 2784 2853 2693 3067 3147 3233 3062 2858 2680 3182 3132 3479 2831 3257 2695 2890 3507 3136 3094 3051 3075 2836 3063 3213 3306 3092 2813 3460 2963 3217 2872 3011 2799 2820 3143 3137 3317 2794 3323 2537 3149 2813 3149 2809 2987 3029 3300 3156 3486 2987 2994 3048 3235 3213 3510 3090 3235 3173 2838 3046 3134 2899 2957 3006 3236 3139 3064 3078 3160 3129 3487 3116 2890 3151 3180 2875 3183 3163 3174 3088 2980 2831 2968 3230 2957 3112 3082 3363 3272 2934 2888 3025 2995 3232 3117 2990 3042 3147 2791 3158 3162 3216 2935 2952 3028 3090 3392 3182 2830 3075 3064 2925 3128 2780 3118 3217 3313 3026 2929 3343 3141 2828 2700 3149 2869 
3256 3417 3425 2986 2874 3243 3224 3030 3108 3280 3088 3336 3781 3032 2985 3040 3150 3348 3118 3189 2995 3568 3107 3357 3114 3567 3258 2986 2870 3081 2984 2998 3049 3115 3432 3112 3136 3034 2957 2850 2956 3301 2761 3164 3283 3151 3251 3651 3014 3334 3362 3175 3519 3297 2927 3056 3293 3139 3057 3039 3400 3075 3357 2753 3313 2937 2968 3307 3226 3028 3354 3329 3153 3300 3370 3274 3147 3431 3220 3004 3076 3161 2994 3369 2874 2824 3167 3301 3336 3052 2984 3209 2861 3253 3286 2796 3465 3151 3150 3347 3090 3204 3261 2998 3132 3407 3135 3272 3084 3248 2913 3360 3509 3041 2815 2952 3329 3101 3296 2721 3545 3120 3183 3661 3480 2966 3082 2710 2965 3131 3376 3216 2938 2969 3070 3060 3498 3108 3324 3081 3336 3351 3328 3019 3128 3079 3020 3292 3198 3301 3170 2687 3691 3042 3517 2909 3186 2999 2947 3214 3273 3354 3119 3384 2814 3046 2807 3199 2953 3092 3129 3277 3313 3304 3010 2932 3158 3214 3216 3569 3269 3040 3310 3078 3103 3074 2977 3084 3119 3200 3232 3320 3269 3296 3261 3503 3331 3265 3239 3064 3030 3243 3150 3301 2995 2945 3025 3152 3245 3048 2943 3196 3287 3267 2792 2833 3145 3054 3188 3236 3097 3132 3336 3089 3110 3333 3227 3199 2994 3135 3160 3198 3233 2976 3132 3345 2972 3226 3100 3136 3172 3217 3280 3069 3567 3147 2943 2964 3207 3020 
3172 3440 3477 3139 2901 3446 3465 3220 3172 3316 2980 3272 3778 2973 2927 3094 3301 3234 2815 3150 3060 3313 3160 3170 3137 3422 3287 2917 2936 3243 2882 3080 3118 3330 3425 3216 3200 2988 3206 2829 2943 3225 2777 3307 3051 3251 3284 3625 3022 3164 3238 3187 3341 3299 3224 2966 3014 3250 2902 2984 3259 3086 3168 2708 3237 2856 3080 3185 3279 3160 3420 3463 3215 3423 3211 3230 3443 3244 3188 3016 3163 3188 3020 3266 2766 2864 3041 3262 3518 2956 2924 2974 2941 2922 3096 2732 3465 3137 3438 3455 3245 3267 3250 2848 3012 3293 3236 3470 3000 3107 2999 3500 3630 2849 2815 2943 3437 3165 3650 2951 3497 3120 3191 3707 3289 3050 3030 2800 3198 3121 3409 3077 3128 2846 3062 3144 3330 3077 3297 3029 3275 3239 3106 3057 3233 3248 2824 3393 3245 3446 3151 3049 3653 3103 3568 3071 3166 2936 3073 3190 3186 3550 3040 3217 2941 3474 2918 3126 2955 3266 3123 3326 3252 3302 3046 2992 3021 3312 3268 3480 3345 3065 3245 3086 3251 3142 2902 3019 3293 3164 3259 3334 3193 3191 3159 3476 3195 3057 3218 3119 3267 3482 3170 3270 3075 2811 3046 3257 3169 2927 3141 3274 3295 3428 2868 2730 3230 3100 3185 3366 3246 2809 3237 3055 3369 3344 3001 2955 3067 3126 2968 3349 3268 2969 3172 3165 3130 3398 3038 3129 3448 3312 3039 2751 3784 3077 2921 2862 3265 2846 
3132 3199 3216 2780 2746 3178 3193 3107 3238 2977 2909 3088 3480 3018 3261 3017 2983 3118 2860 3145 2914 3505 2981 3401 2819 3526 3009 2797 2966 3011 2825 2972 2779 3163 3458 3093 3123 3036 2920 2686 2778 3142 2778 3235 3055 3072 3081 3345 2798 3223 3190 3060 3426 3406 2819 2948 3043 3174 2913 2941 3127 2933 3078 2479 3145 2880 2708 3148 3075 3141 3307 3176 3064 3037 3275 3045 3174 3257 3001 2818 2984 3028 2961 3207 2604 2777 2926 3172 3338 2949 2879 3142 2849 3110 3231 2538 3155 3096 3228 3337 3039 3176 3032 2557 2968 3354 3151 3099 3046 2961 2969 3358 3364 2711 2816 2872 3261 2822 3458 2679 3619 3078 3168 3617 3289 2921 2915 2722 2900 3161 3082 2905 2814 2798 3097 3020 3358 3137 3266 2863 3017 3321 3036 3202 2984 3123 3062 2934 3113 3243 3033 2890 3449 3134 3159 2958 3128 2841 3036 3071 3083 3046 2879 3220 2718 3038 2865 2973 2753 3073 3026 3214 2915 3167 2784 3010 2915 3241 3162 3401 3141 3131 3027 2992 2984 2977 2844 3178 2915 3130 3064 3116 3189 3091 3154 3467 3066 2905 3071 3031 2845 3119 3264 2944 2950 2801 2944 3087 3095 2846 3064 3118 3237 3093 2835 2694 3126 2919 2916 3140 3086 2876 3212 2879 3012 3177 3186 2992 2862 3144 3040 3138 3133 2727 3048 3271 2835 3083 2848 2850 3037 3174 2986 3047 3300 2994 2961 2709 3054 2840 
2747 3306 2940 2864 2852 3202 3017 2924 2969 3000 2980 2941 3544 2849 2999 2989 3163 3153 2708 2874 2889 3290 3037 2966 2888 3258 3037 2767 2662 2823 2752 2918 2918 3081 3326 2947 3035 2838 2744 2814 2660 3067 2736 3005 2895 3097 3118 3321 2688 3203 3070 3011 3373 3156 2959 2763 2953 3010 2676 2881 3044 3073 2967 2587 3193 2646 2772 2891 3206 2952 3282 3141 3124 3074 3011 3132 3166 3200 2938 2927 2929 2769 2949 3122 2814 2624 2884 2828 3112 2731 2772 3065 2706 2943 3101 2669 3096 2913 3243 3234 2975 3055 3069 2621 2756 2961 2806 3249 2939 3106 2866 3324 3414 2940 2674 2994 3405 3003 3424 2790 3049 2918 3178 3379 3346 2992 2846 2526 2873 2860 3117 2959 2891 2656 3045 3105 3034 2801 3210 2702 3239 3169 2874 2896 3129 2984 2787 3249 3220 3448 2916 2712 3399 2775 3298 2809 3011 2721 2812 2995 3016 3276 2855 3033 2480 3053 2662 2981 2734 2965 2930 3207 3079 3425 2825 2756 2821 3235 3151 3253 3239 3130 3018 2961 2986 3129 2895 2865 2889 3034 3109 3192 3185 3128 2874 3109 3014 2875 3085 2832 3031 3108 2902 3115 2858 2690 2871 2888 3074 2861 2917 3052 3212 3350 2748 2570 3073 2798 3025 3186 2929 2816 3094 2846 3046 3091 2922 2732 2827 3047 3161 3165 2952 2747 3075 2944 2637 3392 2939 2770 2996 3178 2853 2798 3416 2998 2980 2834 2908 2650 
2839 3019 3140 2710 2702 3027 2884 2632 2726 2958 2816 2865 3401 2670 2796 2807 3045 2829 2550 2945 2769 3100 3027 2961 2855 3199 2971 2834 2828 2814 2771 2820 2757 2876 3074 2974 2858 2822 2759 2674 2586 2851 2578 3016 2822 3044 2974 3240 2893 2904 3052 2893 3102 3135 2777 2806 2691 2892 2660 2838 2984 2800 2764 2558 2878 2589 2851 2876 2931 2886 2874 3115 2928 2986 3191 2736 2902 3241 2889 2715 2854 2754 2805 2883 2616 2436 2954 2843 3251 2859 2882 2872 2751 3040 2850 2622 2908 2876 2979 3076 2904 2890 2850 2655 2827 2910 3005 2787 2743 2894 2636 3162 3227 2753 2453 2719 3124 2801 3059 2721 3154 2798 2974 3324 2987 2528 2865 2683 2830 2974 3045 2772 2796 2613 2889 2617 3083 2713 3075 2871 2971 2992 2703 2902 2966 2976 2738 2945 3077 3013 2628 2652 3340 2848 3108 2824 2808 2623 2767 2988 2891 2841 2805 3010 2580 2853 2546 2885 2593 2733 2940 3122 3002 2917 2590 2725 2685 3064 2975 3249 2995 2767 2818 2888 2879 2991 2552 2696 2708 2987 2863 3049 3002 2980 2950 3186 2930 2941 2733 2908 2789 2956 3091 2938 2746 2786 2757 2785 2953 2643 2957 2927 2935 2863 2772 2390 2841 3017 3033 3019 2699 2527 2941 2813 2952 3054 2887 2760 2708 2863 2734 2893 2873 2547 2802 2837 2672 3252 2625 2813 3090 2880 2917 2708 3124 2747 2686 2622 3064 2688 
2918 3121 3276 2769 2690 3093 3069 3074 2793 3068 2747 2831 3378 2730 2761 2966 3151 2933 2651 2812 2717 3252 3105 2738 2946 3295 2931 2896 2611 2867 2790 3035 2906 3043 3273 2746 2924 2896 2826 2630 2723 2875 2666 3059 2952 3139 3040 3233 2745 2946 3123 3039 3249 3075 2880 2739 2841 2934 2679 2805 3042 3108 2981 2482 2915 2789 2614 2821 2961 2765 3058 3167 3126 3055 3154 2652 3160 3100 2846 2850 2739 2638 2888 2936 2595 2648 3014 3062 3131 2931 2684 2943 2550 2841 3062 2776 2978 2795 3085 3193 2984 3041 3045 2605 2844 3017 2960 2961 2915 2920 2712 3163 3380 2446 2733 2855 3231 2939 3157 2763 3112 2855 2733 3422 2972 2596 2966 2763 3112 2808 3196 2864 2718 2701 3174 2882 3194 2951 2914 2669 3006 2988 2706 2734 2905 3040 2767 2932 2985 3138 2679 2783 3271 2897 2991 2847 3087 2755 2952 2737 2890 3100 2785 3027 2505 3161 2653 2913 2610 2803 2974 2952 2603 3094 2757 2822 2758 3235 2989 3304 3131 2954 3050 2869 3098 2938 2737 2846 2927 3055 3000 3019 3148 2880 2865 3252 2793 2680 2783 2885 2675 3037 2989 2850 2830 2872 2890 2886 2876 2676 2982 2838 3057 2919 2817 2480 2898 2887 3046 3079 2976 3006 3133 3012 2784 2983 2899 2733 2835 2762 2968 3102 2976 2812 2729 2936 2811 3039 2836 3004 2887 3033 2896 2797 3309 2935 2849 2874 2993 2771 
3177 3277 3343 2847 2830 3230 3112 3055 3044 3096 3137 3161 3456 3086 2959 3011 3033 3269 2773 2911 2715 3318 2920 3113 3028 3330 3101 2759 2848 2863 2958 3018 2892 3059 3318 3032 2938 2991 2867 2683 2705 3146 2685 3318 3093 3077 3333 3438 2737 3106 3173 3047 3350 3339 2844 2938 3027 3055 2872 2891 3193 3018 2880 2548 3343 2810 2797 3181 3196 3100 3078 3261 3223 2993 3118 3115 3061 3291 3273 2748 3228 2842 2744 2964 2836 2635 2916 3142 3330 3002 2978 2937 2804 2851 3232 2563 3172 3001 3231 3377 3039 3075 2990 2608 2826 3092 3204 3217 3018 3140 2952 3152 3215 2896 2836 2919 3375 2927 3110 2603 3334 2960 2952 3607 3206 2782 2728 2612 2923 3180 3037 2930 2893 2841 2959 3067 3291 2986 3078 2938 3103 3074 2889 3049 3090 2898 2900 2985 3147 3390 3076 2677 3240 2870 3167 2926 2942 2839 2873 3169 3160 3283 2906 3230 2641 3091 2646 3085 2786 3141 3034 3280 3187 3067 2901 2857 2704 3085 3092 3265 2818 3037 3136 2828 3204 3276 2872 2921 2841 3058 3115 3217 2964 3073 2938 3207 3033 3149 2943 2957 3113 3045 3065 3007 2835 2807 2870 2963 3082 2953 2813 3109 3243 3126 2705 2584 2968 2928 3042 3182 2845 2656 3060 2898 3256 3052 2958 2924 2807 3031 3018 3070 3101 2810 2977 3096 2824 3245 2869 2812 3013 3198 3021 2914 3378 2965 2757 2712 3103 2817 
3059 3354 3487 3040 2821 3365 3414 2909 2931 3395 3107 3410 3400 2755 2973 3193 3144 3312 2801 3191 2983 3467 2872 3195 3114 3587 3217 2750 2917 3248 3121 2967 3113 3405 3361 3175 3058 3226 3028 2760 2967 3110 2898 3288 3226 3134 3379 3484 2912 3110 3302 3041 3404 3546 2984 2928 3171 3075 2967 3112 3125 3108 3218 2638 3327 3044 2884 3047 3147 3120 3354 3073 3079 3387 3570 3287 3208 3521 3097 2728 3132 3118 2856 3169 2752 2779 3130 3123 3663 3118 3066 3164 2801 3075 2986 3016 3338 3103 3064 3473 3195 3045 3115 2854 3080 3232 3354 3284 3187 3169 2989 3423 3424 2827 3037 3011 3456 3122 3311 2697 3493 3007 3041 3489 3259 2827 2925 2813 3393 3266 3329 3010 3006 3031 3106 3041 3722 3009 3234 3096 3080 3343 3201 3073 3130 3072 2971 3239 3103 3446 3214 2993 3585 2994 3264 2950 3145 2639 3014 3039 3027 3296 2897 3316 2762 3254 2877 3292 2864 3311 3221 3109 3166 3248 3148 2898 3050 3297 3029 3308 3097 3197 3011 2792 3370 2944 2856 2904 3254 3264 3159 3341 2968 2958 3239 3536 3125 3026 3181 3192 3116 3208 3244 3096 3041 2983 2964 3062 3148 3000 2992 3261 3181 3207 2911 2978 3002 3147 3242 3219 2912 2989 3205 2911 3180 3251 3101 2853 2912 3198 2978 3444 3352 2993 2937 3269 2928 3160 3004 3089 3313 3314 3202 2894 3468 2884 2959 2832 3394 3164 
3020 3057 3400 3011 2753 3328 3119 3025 3008 3022 3260 3069 3579 2955 2837 3013 3211 3338 2694 3193 2983 3389 2977 3269 3104 3406 3072 2977 2913 2975 3135 2942 2990 3192 3381 2942 2924 2813 2861 2889 2718 3075 2773 3325 3264 3070 3192 3448 2865 3143 3219 3013 3370 3514 2942 2998 2925 3094 2962 3036 3078 3159 2904 2558 3402 2909 2731 3110 3238 2943 3293 3203 3010 3089 3368 3143 3149 3262 3104 2931 3124 2857 2976 3253 3040 2547 2911 3073 3580 2975 3098 3040 2812 2903 3161 2628 3137 3150 3228 3438 3138 3113 3226 2641 3016 3315 3149 3218 3034 3026 2992 3339 3544 2863 2778 3093 3439 2967 3316 2671 3359 3120 3102 3623 3314 2754 2801 2608 3225 3114 3245 2985 2942 2712 3028 3064 3442 2897 3304 3018 2949 3184 3199 2952 2995 3162 2989 3201 3314 3340 3054 2725 3211 3088 3237 3017 2972 2757 3072 3165 3027 3493 2946 3309 2664 2984 2786 3036 2794 3221 3099 3121 3208 3376 3089 2947 3046 3397 3185 3306 3071 3039 2967 2964 3057 3157 2780 2912 3025 3317 3147 3334 2932 2951 3062 3578 2956 3021 3118 3068 3123 3255 3166 3241 3034 3046 2839 2990 3077 2933 3095 3300 3296 3365 3057 2897 3037 2852 3251 3341 2940 2833 3312 2848 3238 3247 2993 2815 2879 3101 3014 3043 3112 2831 3078 2961 2795 3194 3159 2858 3380 3362 3070 2868 3352 3032 3047 2936 3262 2838 
3057 2937 3146 2548 2537 2964 3109 2703 2816 2715 2804 2838 3207 2585 2659 2949 2839 2857 2513 2882 2878 3090 2940 2764 2759 2948 2706 2663 2544 2949 2646 2516 2673 2740 3273 2789 2694 2838 2567 2410 2596 2748 2620 2858 2898 2969 2881 3323 2704 2899 3052 2792 3152 3217 2742 2747 2831 2979 2740 2540 2769 2840 2851 2368 2950 2708 2494 2725 2811 2835 3053 3010 2847 2776 2920 2847 2935 3129 2940 2605 2763 2749 2696 3056 2686 2502 2637 3166 3026 2716 2761 2930 2306 2769 2833 2517 2934 2850 2904 3010 2782 3053 2843 2567 2617 2852 2951 2825 2867 2773 2706 3230 3029 2473 2645 2789 3179 2762 2875 2491 3102 2774 2928 3236 3104 2411 2690 2479 2845 2700 3077 2591 2660 2751 2996 2796 3133 2568 3049 2644 2969 3038 2981 2637 2704 2919 2668 2785 2872 2976 2655 2602 3222 2838 3061 2724 2675 2752 2796 2889 2961 2989 2715 3119 2599 2794 2562 2704 2571 2957 2712 3109 2657 3118 2650 2825 2772 3001 2686 3164 2984 2954 2803 2941 2899 2793 2622 2819 2764 3144 2863 3136 2888 2927 2682 3270 2745 2958 2968 2892 2576 3003 2942 2761 2803 2672 2601 2774 2998 2644 2797 3050 2954 2983 2498 2827 2841 2968 3003 3135 2812 2694 3013 2888 2749 2977 2927 2574 2823 2717 2843 2829 2919 2678 2745 2835 2634 2998 2686 2586 2774 2923 2797 2746 3018 2739 2843 2734 2972 2578 
3016 3247 3159 2821 2950 3118 2967 2790 3015 3062 2927 2963 3272 2955 2852 2763 3178 3142 2828 2945 2974 3170 2820 2742 3005 3195 2733 2759 2604 2944 2907 2879 2708 3028 3244 2863 2810 2896 2659 2622 2499 2929 2776 3198 3024 2853 2940 3211 2665 3093 3296 2859 3221 3133 2948 2938 2993 3082 2626 2803 3027 3080 2900 2323 3104 2775 2889 2889 2944 2804 3118 3102 2912 2878 3270 2982 3093 3155 2885 2767 2827 2627 2906 2871 2672 2729 3102 3061 3309 2957 2701 2999 2684 2989 3129 2511 3165 2981 3043 3182 2885 2986 3105 2673 2828 2840 2937 3103 2936 3041 2758 3181 3244 2712 2457 2761 3239 2916 3352 2627 3203 2993 2939 3354 3269 2805 2871 2639 2926 2915 3090 2806 2967 2876 2945 2809 3254 2851 3149 2676 3160 3293 2834 3035 2975 2855 2758 3001 2929 3206 2699 2678 3233 2880 3058 2783 2773 2770 2615 3018 3080 2951 2768 3103 2583 2819 2571 3210 2646 2945 2970 3071 2950 3090 2687 2814 2618 3049 3050 3273 2967 2793 3152 2984 3132 2938 2620 2726 2857 3032 3101 3208 3139 3136 2846 3231 3092 2968 2936 2985 2902 3235 2915 2967 2742 2738 2962 2912 3069 2589 2903 2836 3160 3067 2671 2652 2890 3029 2952 2958 2785 2807 3201 2854 3102 2983 2872 2705 2832 2939 2941 3098 2859 2798 2863 2868 2650 3123 2872 2756 3122 3103 2874 2695 3130 3029 2953 2686 2908 2747 
2927 3021 2890 3035 2625 3194 2821 2992 2792 2839 2890 2941 3319 2601 2783 2961 2803 3107 2582 2783 2942 3230 2846 3093 2985 3350 3084 2738 2732 2853 2795 2935 2811 2844 3052 2826 2931 2840 2848 2594 2385 3085 2567 2825 2791 2891 3048 3296 2740 3095 3178 2783 3180 3175 2905 2815 2902 3029 2718 2626 2851 3033 2939 2391 3096 2714 2688 2944 3018 2780 3180 3024 2958 3026 3073 2880 3200 3141 2936 2784 2911 2753 2974 3123 2834 2559 2927 2859 3464 2818 2999 3016 2599 2937 3007 2539 3169 2762 3209 3176 2825 3032 2874 2493 2708 2983 2777 3083 2695 2872 2708 3219 3512 2748 2628 2946 3183 2988 3295 2560 3160 2929 2969 3224 3130 2808 2707 2589 2823 2717 3059 2767 2823 2670 2994 2848 3030 2917 2989 2757 2914 3138 2833 2957 2966 3017 2794 3157 3061 3234 2586 2760 3294 2983 3434 2820 2892 2776 3035 2973 3065 3114 2955 2863 2607 2990 2553 2944 2706 2919 2711 3040 3076 3040 2765 2671 2692 3208 3230 3421 2993 2890 3117 2861 3056 2930 2863 2860 2908 2918 3044 2916 2946 2933 2860 3028 2993 2960 3022 2861 2820 2910 3022 3343 3073 2786 2777 2802 2995 2844 3071 2919 2950 2944 2559 2547 2904 2740 2924 3116 2863 2589 3026 2882 3222 3294 2787 2664 2693 2956 2831 3092 2868 2636 2902 2887 2710 3083 2834 2641 2991 3251 2924 2695 3291 2994 2810 2643 2946 2503 
2954 2940 3040 2721 2876 3227 3018 2731 2910 3043 3045 3219 3276 2883 2808 2736 2930 3118 2559 2743 2942 3188 2961 3128 2946 3116 2884 2713 2814 2799 2827 2729 2984 3006 3085 3045 2859 2720 2656 2555 2681 3027 2740 3064 2962 2873 2970 3119 2601 3084 3196 2853 3323 3324 2798 2784 3037 2971 2722 2735 3092 2821 3047 2398 2890 2750 2697 2787 2985 2954 3081 3044 3060 3075 3200 2951 2940 3162 3018 2810 2765 2788 2683 3073 2477 2692 2878 2779 3243 2729 2780 2940 2701 2932 2906 2650 3190 2960 2975 3086 2717 2796 2825 2736 2852 3012 2836 2875 2899 3001 2617 3294 3366 2880 2596 2791 3003 2975 3143 2601 3138 2677 2886 3232 3159 2708 2736 2411 2940 2840 3068 2675 2793 2912 2877 2851 3062 2720 3191 2823 2937 3191 2695 2889 3002 3106 2657 2854 3012 3277 2930 2523 3238 2780 3229 2710 2862 2570 2933 2705 3032 3078 2710 3123 2657 2860 2607 3032 2640 2837 2909 3037 2963 3131 2872 2781 2708 2925 3104 3255 3105 2926 3049 2897 2974 2667 2568 2779 2876 2857 2912 3040 2899 3016 2991 3098 3041 2952 2865 2869 3012 3263 3060 2953 2758 2555 2763 2769 3084 2678 2845 2799 3031 3000 2532 2644 2886 2892 3066 2862 2811 2726 2956 2979 2920 3111 2737 2722 2783 2926 2774 3117 2788 2763 2996 2905 2911 3121 2848 2837 2965 3049 2916 2846 3193 2710 2705 2520 3081 2597 

Execution Time: 245.301 ms

Algorithm: GEMM Blocking
Result Matrix:
3324 3616 3556 3454 3143 3621 3494 3458 3305 3398 3522 3419 3820 3377 3085 3267 3477 3587 2990 3318 3254 3789 3400 3478 3185 3646 3315 3156 3077 3511 3050 3247 3209 3470 3658 3358 3407 3388 3018 3031 3069 3399 3193 3542 3523 3375 3397 3536 3285 3483 3680 3424 3805 3879 3381 3258 3358 3229 3179 3175 3459 3357 3363 2812 3718 3090 3166 3305 3401 3399 3684 3453 3408 3379 3698 3128 3587 3465 3641 3191 3272 3284 3143 3370 2979 2989 3290 3665 3644 3116 3169 3253 2997 3354 3643 3019 3497 3378 3351 3828 3385 3319 3332 2928 3415 3408 3307 3434 3421 3265 3181 3803 3885 3261 3062 3191 3657 3422 3607 3097 3792 3196 3289 3752 3597 3137 3421 3010 3447 3342 3678 3265 3369 3309 3410 3267 3671 3233 3648 3150 3458 3571 3504 3408 3400 3616 3418 3545 3411 3619 3334 3061 3537 3382 3725 3142 3624 3224 3383 3265 3364 3673 3079 3494 3121 3491 3105 3594 3095 3393 3420 3734 3413 3673 3142 3340 3104 3332 3494 3779 3471 3509 3414 3432 3598 3487 3080 3193 3328 3674 3442 3461 3316 3490 3621 3730 3338 3208 3349 3234 3543 3569 3470 3437 3515 3367 3336 3163 3429 3365 3409 3441 3549 3573 3257 2938 3467 3315 3391 3531 3266 3239 3671 3438 3507 3606 3543 3039 3338 3430 3190 3648 3458 3170 3405 3491 3387 3513 3345 3298 3514 3749 3384 3403 3618 3325 3216 3160 3520 3311 
3028 3092 3156 3002 2674 3107 3222 2978 3043 2915 3016 2960 3372 2878 2779 2807 3066 3179 2772 2791 2983 3227 2970 3044 2787 3334 3063 2814 2671 2930 2926 3128 2860 2991 3293 3124 2785 2914 3003 2749 2534 3012 2826 2993 3121 2939 3235 3323 2752 3047 3167 2938 3187 3218 2817 2927 2905 3022 2719 2798 3053 3041 2966 2515 3008 2891 2615 3133 2993 2947 3222 3273 3032 3165 3174 2858 3023 3253 2998 3172 3057 2865 2957 3159 2821 2809 2938 3163 3130 2915 2730 3029 2728 2853 3028 2573 3150 2837 2990 3235 2881 3130 3071 2639 2900 3183 3082 3166 3056 2906 2719 3199 3389 2665 2677 3110 3084 3013 3283 2726 3161 3093 2936 3333 2993 2706 2815 2700 3065 3026 3144 2795 2887 2886 2951 2853 3268 2832 3307 2846 2771 3335 2997 2905 2922 3004 2880 3278 3008 3160 2888 2648 3246 3049 3315 3032 2912 2646 2944 3201 2934 3225 2874 3213 2561 3090 2795 3000 2767 3040 2766 3235 2844 3208 2783 2895 2924 3046 3136 3448 3137 2803 3067 2819 3035 2907 2841 2965 2851 3328 3012 3162 3017 2989 2889 3174 2874 3132 3075 3064 3021 3125 3119 3085 3080 2862 2868 2848 3007 2811 2898 2905 2929 3074 2654 2701 2959 2914 3065 3138 2807 2937 3033 2954 3007 3430 3059 2751 2952 3220 2960 3245 2938 2919 2913 2991 2832 3284 2912 2961 3291 3097 3155 2884 3263 2820 3103 2833 2990 2740 
2824 2937 2991 2941 2728 3103 3018 2906 3005 3039 2969 2927 3127 2767 3000 2890 3023 3215 2461 2747 2814 3116 2840 3056 2818 3234 2930 2673 2540 2612 2884 2798 2814 2910 3215 3030 2952 2849 2617 2716 2548 2805 2827 3003 3068 2919 3054 2987 2574 3069 3223 2719 3133 3189 2906 2610 2868 2947 2728 2737 2946 2913 3083 2324 3017 2858 2493 2857 2899 2784 2947 2960 2933 2967 3245 3029 2865 3339 3089 2792 2823 2880 2768 3008 2626 2541 2891 2812 3181 2729 2874 2946 2685 2807 3139 2599 3149 2971 2909 3134 2787 2867 2924 2707 2982 2913 2912 3052 2837 2947 2617 3224 3165 2617 2561 2974 2981 2754 3097 2543 3104 2711 2801 3246 3099 2736 2884 2552 2998 2889 2930 3019 2803 2688 2881 2804 3238 2758 3071 2925 2889 3105 2631 2868 2863 2954 2790 2859 2996 3015 2812 2783 3287 2947 2942 2794 2835 2497 2834 2999 2998 2859 2744 3167 2543 2959 2492 2960 2644 2816 2781 3350 2862 3060 2766 2645 2901 3146 3135 3392 3109 2950 2837 2773 2813 2753 2509 2946 2973 3077 2895 3048 2725 2877 2843 3098 2965 2771 2895 2963 2864 3274 2774 2830 2890 2622 2500 2798 2968 2628 2958 2998 3173 2964 2566 2593 2937 2861 3091 3010 2710 2812 2920 2741 2981 3154 2939 2806 2889 2826 2756 3087 2746 2623 3013 2977 2790 3031 2758 3077 3039 3015 2751 2805 3047 2699 2896 2470 2908 2698 
3044 2987 3182 2796 2825 3185 2988 2797 2922 2850 2857 3254 3439 2656 3003 2972 3053 3114 2533 3066 3066 3498 2842 2913 2931 3312 2756 2658 2812 2882 3077 2915 2896 3015 3154 2968 2841 3051 2752 2709 2716 3051 2790 3136 3186 2922 2904 3253 2682 3031 3177 2841 3347 3322 2942 2920 2952 3115 2895 3003 3016 2946 3167 2362 2902 2754 2682 2728 3053 2619 3105 2954 2869 3032 3354 2813 3150 3309 3049 2809 3069 2902 2680 2784 2689 2646 2907 2942 3394 2952 2804 2935 2590 2959 3059 2702 3226 2981 3165 3171 3053 2897 3037 2801 2883 2833 2965 3035 2964 2968 2770 3217 3295 2730 2590 2848 3235 2828 3360 2578 3032 3016 2892 3371 3319 2829 2830 2762 3014 2901 3113 2830 3044 2809 2790 2720 3334 2682 3218 2795 3033 3267 2816 2913 2924 2776 2906 2971 2975 3242 2702 2614 3274 2778 3203 2836 2989 2648 2987 2974 3055 3074 2852 3171 2421 2992 2573 2890 2673 2912 2980 3087 3108 3087 2884 2783 2842 3259 2971 3282 3104 2998 3073 2960 3127 2862 2781 2860 2877 2994 3034 3266 2905 2897 2952 3135 2970 2835 2948 2909 3033 3190 2918 3219 2929 2782 2686 2736 3262 2572 2894 3091 3039 3227 2650 2764 2891 2888 3086 3139 2919 2752 3101 2750 3182 3238 2989 2933 2750 2880 2789 3048 2978 2461 2784 3022 2736 2983 2869 2804 3124 3105 2877 2789 3478 2811 2783 2776 2751 2598 
3199 3330 3657 3198 3241 3590 3369 3382 3373 3513 3272 3357 3794 3113 3312 3291 3441 3396 2908 3391 3194 3623 3340 3618 3465 3718 3217 3017 3089 3255 3261 3361 3294 3410 3655 3394 3270 3078 3153 2962 2878 3419 3151 3474 3518 3233 3516 3595 3022 3462 3478 3320 3838 3776 3124 3228 3295 3267 3352 3098 3418 3287 3481 2820 3447 3138 3140 3339 3462 3222 3617 3335 3511 3131 3468 3227 3436 3645 3463 3057 3292 3206 3221 3497 3078 2929 3190 3333 3639 3212 3404 3248 3064 3253 3324 2827 3347 3324 3452 3724 3178 3306 3383 3118 3097 3445 3283 3309 3326 3427 3169 3719 3847 2991 3058 3219 3656 3346 3574 2788 3624 3223 3334 3773 3751 3058 3144 2838 3161 3344 3353 3315 3326 3029 3193 3256 3560 2978 3295 3368 3325 3385 3300 3290 3304 3366 3140 3299 3420 3579 3152 2962 3640 3280 3459 3328 3374 3196 3449 3386 3425 3555 3383 3562 3121 3300 2870 3271 3148 3243 3410 3628 3429 3614 3155 3190 3220 3590 3232 3719 3401 3295 3344 3122 3360 3259 3043 3234 3113 3391 3328 3376 3327 3486 3349 3756 3240 3473 3259 3491 3553 3529 3507 3460 3230 3394 3113 3150 3269 3368 3343 3462 3342 3300 3119 3029 3380 3260 3447 3502 3069 3140 3379 3179 3181 3494 3044 3265 3056 3417 3217 3370 3221 3002 3308 3464 3159 3633 3363 3154 3490 3676 3427 3447 3584 3289 3114 3115 3486 3121 
3447 3553 3674 3374 2871 3338 3404 3299 3265 3538 3349 3366 3829 3166 3023 3202 3527 3433 2971 3258 3135 3719 3281 3528 3229 3539 3509 3156 3092 3143 3216 3429 3289 3437 3533 3427 3311 3194 3037 3041 2891 3442 3190 3221 3313 3292 3566 3598 3055 3273 3644 3368 3664 3577 2974 3059 3298 3107 3070 3106 3503 3405 3493 2752 3469 2967 2980 3369 3353 3367 3530 3490 3465 3655 3624 3151 3183 3581 3475 3174 3218 3153 3230 3383 3138 2956 3274 3321 3586 3217 3038 3261 3162 3266 3561 2960 3588 3224 3427 3651 3369 3500 3297 3047 3261 3371 3316 3505 3247 3298 3080 3522 3883 3034 2938 3352 3522 3402 3544 2911 3617 3290 3138 3782 3516 2990 3385 2837 3302 3265 3539 3176 3141 3294 3225 3247 3665 2905 3577 3208 3192 3448 3035 3157 3252 3432 3089 3379 3336 3777 3305 3036 3592 3183 3606 3214 3295 2858 3254 3402 3360 3617 3123 3601 2995 3383 3051 3496 3118 3142 3204 3681 3281 3507 3167 3166 3093 3235 3427 3719 3534 3121 3336 3287 3363 3542 2960 3075 3120 3471 3371 3381 3412 3161 3275 3678 3340 3258 3445 3358 3382 3388 3599 3306 3417 3139 3181 3281 3237 3130 3267 3373 3321 3365 3037 3001 3254 3196 3370 3323 3150 3223 3559 3359 3172 3612 3302 3403 3222 3186 3186 3465 3260 3206 3307 3264 3076 3450 3111 3142 3467 3535 3327 3167 3685 3131 3276 2956 3266 3175 
3292 3320 3276 2966 2855 3353 3115 2936 3104 3419 3088 3242 3556 2920 2976 2979 3151 3367 2991 3030 2964 3516 3123 3136 3036 3311 2999 2842 2891 2876 3150 3042 2977 3278 3335 3130 2905 2891 2859 2855 2859 3096 2865 3131 3111 3298 3123 3469 2904 3361 3279 3094 3356 3454 2901 2920 3231 3169 2919 3234 3242 3008 3171 2523 3498 2933 2945 3065 3200 2874 3439 3156 3175 3246 3341 2979 3158 3470 3192 2860 2985 3070 2870 3368 2868 2748 3277 3113 3343 2908 3023 3004 2949 3021 3120 2731 3391 3052 3184 3192 2977 3173 3054 2757 2893 3036 3179 3372 3094 3033 2895 3436 3532 2896 2831 2917 3282 3022 3420 2695 3335 3055 2891 3730 3270 2738 2909 2836 2860 3016 3202 3066 3070 2915 3122 3080 3430 2904 3279 3022 3204 3307 3181 2932 3197 3186 2631 3292 3124 3392 3094 2713 3289 2995 3464 2906 2993 2860 2895 3286 3147 3476 2853 3326 2795 3139 2628 3165 2866 3083 2921 3197 3068 3359 3049 2860 3188 3192 3186 3253 3381 3109 3213 3093 3310 2979 2713 3049 2957 3170 3058 3368 3197 3266 3122 3428 3254 3143 3065 3080 3106 3256 3074 3028 3019 3039 3102 3112 3249 2964 3054 3146 3226 3212 2857 2806 3006 3081 3073 3172 2827 3013 3472 3048 3021 3284 2921 2964 2888 3123 3128 3236 3227 2920 3117 3166 2920 3467 3017 2854 3183 3298 3206 2904 3502 3025 2918 2737 3236 2980 
3004 2983 3205 2876 2797 3252 3101 2925 2985 2833 2676 2992 3466 2784 2810 3033 3159 3207 2722 2990 2936 3166 2972 3057 2972 3017 3141 2786 2650 3019 2792 2812 2755 2969 3118 3057 3081 3087 2723 2661 2755 3027 2809 3055 3097 3075 3012 3382 2557 3083 2998 2889 3209 3343 2850 2892 2874 3010 2865 2904 3018 3013 3036 2477 3050 2733 2600 2966 2836 2910 3177 3233 3018 2896 3255 2764 2980 3147 2896 2835 3032 2934 2858 2851 2663 2776 2798 3182 3085 2826 2771 2894 2563 2894 3088 2706 3282 3068 3257 3147 3095 3246 3019 2754 2655 2986 3055 3021 2958 3026 2789 3327 3229 2612 2524 2801 3197 2628 3397 2587 3097 2979 3000 3488 2962 2770 2881 2771 2832 3027 3145 3021 2819 2777 2894 3018 3336 2819 3176 2722 2974 3160 2880 2794 3018 2968 2851 2915 2948 3193 2681 2652 3401 2913 3122 2708 3001 2599 2926 2966 3163 3121 2793 2984 2586 3058 2657 2921 2653 2980 2821 3274 3203 3112 2869 2814 2974 3163 2975 3428 2995 2963 3130 2936 2934 2950 2978 2933 2761 2995 2922 3048 2932 3042 2897 3258 3063 3014 2855 2938 2972 3300 3139 3132 2985 2652 2771 2764 3074 2680 2917 2905 3023 3030 2653 2908 2948 2990 3132 2926 3163 2988 3230 2934 3229 3187 2995 2949 2863 2955 2880 2965 2972 2778 2977 3066 2884 3125 2814 2793 2975 3189 2943 2990 3453 2944 2761 2733 2980 2635 
2949 3125 3304 2983 2868 3260 3061 3178 3237 3264 2976 3000 3524 2991 2861 2944 3098 3217 2716 3059 2945 3247 3096 2930 3208 3180 3127 3007 2958 3007 3039 2919 2803 3270 3346 3104 2963 2822 2908 2913 2835 3291 2750 3111 3096 3039 3301 3314 2824 3142 3322 2904 3323 3365 2856 2936 2979 3156 2865 3195 3224 3023 3227 2583 3166 2835 2908 3074 3262 2989 3231 3035 2960 3240 3399 2935 3134 3400 3036 2965 3155 3042 2900 3068 2853 2701 3079 3121 3387 2980 2964 3014 2690 3003 3132 2670 3094 3088 3228 3370 2969 2926 3057 2560 2923 3053 3106 3215 2997 3027 2674 3277 3485 2734 2539 2936 3249 2989 3337 2873 3289 3083 3002 3573 3318 2658 2765 2685 2999 3163 3301 3139 2916 2687 3120 3003 3427 2763 3388 2842 3062 3243 3057 2905 3161 3190 2677 3006 3181 3322 2924 2573 3320 3009 3451 3055 2925 2664 3006 2985 3124 3387 3012 3157 2638 3181 2770 3049 2722 3166 2978 3113 3131 3183 2848 2943 2953 3200 3204 3308 3060 2909 3123 3117 3143 3230 2516 2830 2881 3203 3019 3344 2981 3255 2809 3385 2946 3052 3052 3098 3287 3236 3104 3047 3011 2912 2800 2980 3035 2690 2988 3161 3290 3208 2905 2623 3002 3098 3082 3302 2962 2833 3186 3150 3201 3339 2841 2817 2857 2900 2905 3200 2978 2795 2987 2927 2782 3363 3045 2753 3405 3219 3006 2869 3464 2826 2914 2953 3186 3146 
3060 3414 3266 3073 3012 3428 3272 3109 3257 3108 3020 3298 3550 3130 2986 3115 3214 3249 3005 3120 2977 3402 2871 3382 3021 3349 3275 2866 2779 3071 3037 2861 2737 3127 3289 3414 3090 3191 2952 2752 2774 3068 2971 3432 3145 2973 3238 3528 2761 3248 3175 3079 3343 3389 2962 2943 3021 3457 2955 2907 3206 3193 2935 2671 3404 2841 2991 2848 3088 3092 3388 3130 3239 3218 3355 3121 3454 3538 3294 3021 3241 3040 3221 3067 2869 2980 2966 3401 3471 2967 3017 3077 2742 3031 3234 2688 3469 3233 3363 3346 3114 3296 3242 2904 2869 3283 2961 3361 3200 3187 3084 3472 3741 3133 2742 3037 3364 3062 3607 2605 3278 3250 3233 3593 3286 2960 2872 2871 3197 3090 3366 2869 2977 2951 3150 3050 3377 3131 3501 2876 3201 3406 3090 3326 3184 2985 2961 3166 3085 3550 3069 2980 3320 3046 3413 3103 3094 2877 3037 3297 3078 3342 3016 3461 2778 3207 2855 3075 2880 3202 3038 3210 3333 3316 3031 3065 3038 3337 3140 3436 3226 3246 3393 3200 3219 3213 2958 2825 2965 3390 3183 3337 3289 3248 3379 3524 3080 3043 3170 3387 3336 3423 3261 3429 3214 2732 3091 3007 3217 2809 3034 3303 3333 3421 2839 3065 3079 3053 3192 3197 3077 3031 3288 3122 3474 3379 3337 3093 3092 3072 3116 3204 3144 2751 3058 3094 3023 3396 2973 2903 3254 3358 3224 3016 3685 2946 3151 2899 3021 2777 
2900 3125 3080 2935 2755 3152 3018 2879 2856 3178 2824 3009 3175 2637 2812 2944 3127 3126 2692 2864 2964 3254 2842 3082 3122 3198 2854 2703 2728 2926 2829 2575 2724 2897 3275 2963 3058 2999 2728 2619 2604 2881 2962 2958 3082 2809 3107 3364 2726 2986 3118 2807 3270 3187 2725 2871 2805 2861 2755 2734 2920 3048 2965 2290 2914 2777 2619 2965 2928 2949 3296 3020 2950 3051 3178 2908 2862 3139 2874 2586 2877 2636 2793 2957 2652 2637 2931 2933 3401 2682 2860 2888 2616 2889 2995 2738 3149 2928 3090 3050 3034 2947 3031 2630 2818 2992 2893 3012 2798 3186 2597 3241 3129 2640 2514 2743 3073 2832 3233 2497 3230 2877 2895 3348 3115 2778 2857 2560 3025 2861 3070 2933 2881 2919 3023 2651 3388 2701 3124 2584 2971 2972 2785 2810 2828 2960 2820 3049 2870 3112 2854 2768 3257 2905 3177 2786 3094 2631 2951 3106 3045 3133 2799 3249 2743 2892 2686 2923 2671 2774 2915 3085 3170 3080 2806 2732 2859 3148 2964 3336 2937 2766 2699 2807 3010 2913 2583 2760 2805 3014 2954 3073 2927 2835 3059 3239 3101 2880 2987 3079 2826 3194 2970 3034 2883 2759 2731 2658 2835 2593 3027 3146 3326 3052 2661 2738 2997 2954 3183 2894 2880 2957 3001 2888 3171 3106 2985 2842 2742 2855 2790 2990 3068 2798 2881 2884 2700 3034 2872 3001 3035 3043 2859 2749 3236 2898 2800 2695 3206 2607 
3029 3431 3492 3040 3032 3401 3226 3390 3153 3385 3256 3358 3399 2802 2950 3161 3300 3396 2855 3247 3057 3379 3208 3272 2922 3674 3093 2805 2851 3047 3027 3073 3132 3322 3538 3135 3004 3034 2906 3034 2853 3231 3007 3205 3328 2978 3262 3509 2874 3212 3375 3277 3503 3432 3031 3019 3016 3152 2892 3081 3217 3210 3077 2713 3240 2871 2996 2893 3113 3121 3442 3188 3113 3368 3499 3144 3239 3456 3214 3040 3229 2962 3088 3252 2844 2826 3119 3166 3498 3077 3134 3322 2891 3112 3355 3054 3176 3155 3144 3537 3241 3089 3168 2739 3154 3218 3106 3112 3082 3309 2784 3732 3584 2776 2943 3127 3459 3143 3666 3020 3635 3079 3292 3657 3409 3092 3141 2901 3267 3170 3323 3128 3249 2895 3239 3011 3588 3083 3227 3122 3201 3251 3119 3229 3056 3369 3224 3234 3224 3370 3038 2730 3555 3140 3213 3224 3324 2989 3210 2979 3012 3377 2957 3406 2735 3416 2765 3180 2717 3117 3178 3404 3105 3368 2895 3125 3050 3531 3189 3531 3505 3197 3031 3238 3223 3147 2961 3285 3116 3241 3170 3147 3275 3062 3087 3554 3301 3065 3222 3037 3279 3218 3271 3181 3092 3214 3104 3074 3308 2908 3151 3133 3291 3368 3070 2910 3095 3151 3338 3398 2978 2942 3054 3239 3394 3243 3164 2973 3079 3172 3035 3164 3190 2543 3051 3198 3055 3265 3014 3141 3282 3131 3376 3036 3317 3065 3104 3119 3369 3084 
3010 3246 3282 3111 3069 3416 3283 3126 3092 3093 3050 3136 3499 3172 2909 2994 3083 3298 2575 3070 2998 3164 3101 3273 2888 3518 3125 2875 2651 3133 2921 3019 2900 3158 3375 3089 3086 3168 2803 2770 2707 2884 2859 3254 3210 3244 3377 3490 2790 3257 3181 3208 3363 3413 2917 2980 2983 3084 2711 2833 3104 3145 3083 2593 3293 2848 2806 2867 3107 3048 3178 3120 3153 3125 3311 3025 3225 3404 3204 3093 3258 2928 3026 3114 2821 2856 2754 3173 3532 2801 2880 3008 2696 2850 3302 2677 3297 3093 3205 3537 3008 3280 3077 2922 2753 3161 3055 2987 3053 3333 2845 3301 3626 2978 2708 3093 3383 3028 3375 2758 3391 3048 3082 3513 3372 3108 3090 2674 3076 2988 3190 2892 3011 2964 3007 3075 3372 3055 3392 2943 3099 3209 3009 3061 3076 3136 3113 3102 3095 3340 2922 2734 3308 2824 3345 2992 3127 2629 3045 3144 3252 3217 2954 3255 2616 3191 2706 3114 2850 3052 2853 3361 3350 3249 3052 3000 2725 3216 3063 3684 3355 3272 3213 3063 2964 3172 2931 2791 3017 3244 2974 3222 2958 3203 3004 3485 3275 2951 3032 3016 3175 3330 3310 3117 3136 2819 2908 2858 3055 2809 2921 3050 3124 3192 2812 2789 2951 3075 3193 3194 2872 3112 3157 3277 3142 3229 3284 2904 2995 3098 2992 3301 3243 2835 3066 3216 3060 3134 3076 3173 3114 3287 3006 2995 3273 3107 2891 2956 3246 2697 
2980 3160 3384 3127 2668 3152 3095 3065 2961 3275 3056 2937 3445 2877 3065 3102 3229 3226 2836 3119 3026 3282 3095 2852 2804 3322 3181 3035 2712 2931 2914 3104 2801 3273 3267 3032 3127 3008 2866 2780 2892 3008 2848 3229 3097 3041 3254 3360 2582 3251 3235 2973 3181 3316 2971 2903 3064 3164 2592 2998 3174 3059 3089 2704 3301 2867 2774 2974 3071 2946 3246 3114 3206 3375 3280 3007 3045 3240 3162 2917 3016 2942 2810 3197 2754 2696 3013 3134 3150 3191 2917 3089 2768 2859 3126 2728 3280 2962 3053 3490 3158 3335 3138 2641 2978 3249 3097 3216 3078 2899 2918 3671 3641 2626 2816 3177 3504 3033 3439 2796 3490 3005 3052 3481 3210 2743 3018 2807 3069 3099 3238 3052 2928 2767 3261 3050 3307 2849 3077 2929 3061 3297 3041 3044 3067 3104 2761 3212 3002 3212 2929 2750 3442 3020 3249 2938 3024 2764 2868 3173 3038 3367 2888 3213 2656 3367 2807 3055 2752 2956 3090 3290 3190 3221 3044 2917 2866 3321 3149 3366 3203 3179 3191 2830 3147 3024 2763 3077 3067 3289 3048 3191 2909 3256 3181 3463 3178 2968 3150 3003 3109 3230 3117 2920 3161 3024 2844 3034 3074 2778 3076 3029 3244 3233 2985 2689 3036 2981 3251 3034 2872 2997 3085 2963 3189 3197 3080 2944 2857 3050 3052 3339 3177 3014 3147 3127 2928 3202 2748 3032 3129 3377 2963 2726 3348 3034 2747 2705 3180 2832 
2856 3079 3213 2923 2878 3386 3171 2931 2872 2978 2770 3175 3335 3029 2995 3143 3063 3249 2571 2934 2820 3384 2996 3143 2924 3351 3111 2852 2759 3051 2910 2676 2708 2775 3140 2957 3081 3220 2723 2706 2650 2958 2839 3270 3086 3090 3050 3470 2701 3112 3300 3060 3244 3392 2958 3072 2984 3164 2967 2740 3096 3090 3013 2569 3192 2676 2777 2708 3040 3052 3172 3113 3037 3037 3176 2982 3222 3161 3096 2851 3178 2884 3152 2983 2712 2826 3006 3147 3266 2749 2901 2871 2602 3036 3054 2599 3339 2942 3246 3190 3042 3240 3117 2662 2718 3068 3070 3031 3094 3132 2965 3260 3388 2835 2590 3046 3328 2916 3352 2805 3313 2999 2798 3517 3224 2784 3008 2766 3077 2851 3246 2882 2917 2838 3030 2911 3288 3004 3270 2838 3190 3234 3066 2924 3194 3095 2900 3145 2928 3281 2809 2767 3224 2981 3228 2896 3079 2621 3002 2972 3119 3191 2751 3282 2550 3097 2820 3109 2894 2975 2974 3155 3097 3185 2877 2815 2802 3179 3125 3401 3153 3088 3234 2988 3010 3112 3014 2760 2818 3269 2927 3237 3050 3044 3123 3375 3121 2901 3025 3020 2881 3156 3082 3158 3060 2713 2825 2900 3217 2835 2794 3034 3221 3158 2752 2803 2738 3022 3140 3236 3081 3022 3113 2853 3105 3101 3283 2877 3188 2987 2962 3178 3231 2799 2878 3053 2919 3260 2901 3028 2901 3268 3038 3127 3326 2931 2950 2873 3212 2783 
3116 3038 3117 2965 2699 3301 3146 3195 2978 3092 3034 3250 3474 2807 3044 3082 3174 3252 2622 3175 3046 3395 3044 3186 2919 3432 3180 2863 2828 3127 2902 2846 2913 3112 3239 3169 3085 3095 2844 2764 2780 3005 2760 3056 3152 3177 3028 3423 2896 3341 3262 3104 3184 3436 3001 2951 3067 3119 3097 3001 3135 2915 3119 2729 3294 3031 2732 2943 3224 2963 3197 2994 3042 2899 3292 3210 3405 3324 3091 3029 2967 3067 2919 3163 2792 2773 2964 3038 3385 2825 3041 3106 2856 3058 3278 2860 3215 2996 3191 3250 3102 3272 3075 2721 3126 3274 3082 3213 3150 3132 2870 3461 3409 2804 2840 3078 3517 3073 3319 2795 3328 3159 3036 3422 3436 2846 3012 2733 3083 3204 3315 3116 2833 2856 3036 2962 3344 3113 3290 3085 3196 3246 3002 3209 3097 3066 3043 2999 3305 3382 2946 2882 3331 3261 3416 3046 3356 2815 3031 3280 3119 3263 3031 3326 2629 3216 2786 3122 2794 3228 2921 3196 3111 3501 3086 2887 3081 3481 3243 3646 3246 3418 3377 2942 3106 2998 3045 3179 3028 3185 3043 3224 2904 3183 3102 3602 3187 3044 3195 2963 2988 2994 3075 3195 3165 3132 2752 2966 3308 2934 3198 3220 3230 3164 2822 2800 3162 2848 3283 3191 2987 2957 3010 2996 3182 3331 3090 2855 2872 3128 3046 3360 3286 2837 3184 3248 2925 3294 2935 2855 3179 3326 2960 3051 3312 2871 2940 2854 3165 2757 
3243 3231 3471 3277 3100 3548 3321 3168 3096 3359 3401 3461 3750 3202 3032 3190 3295 3352 2770 3316 3240 3800 3418 3544 3241 3463 3239 3136 3045 3162 3430 2999 3153 3234 3608 3328 3376 3308 3037 3056 2860 3209 3084 3523 3379 3181 3551 3635 3222 3561 3525 3357 3557 3671 3186 3063 3147 3410 3110 3009 3266 3312 3301 2706 3395 3057 3058 3281 3322 3261 3615 3482 3280 3261 3586 3339 3707 3537 3400 3227 3262 3349 3038 3422 3112 2889 3018 3119 3662 2940 3174 3192 3030 3225 3398 2800 3423 3324 3368 3465 3142 3413 3450 2938 3205 3218 3113 3366 3282 3312 2900 3671 3673 3134 2843 3247 3502 3194 3418 2799 3551 3250 3354 3632 3573 3068 3246 2861 3322 3081 3327 3062 3162 3037 3183 3215 3581 2964 3406 3216 3347 3468 3089 3193 3224 3494 3195 3392 3441 3387 3166 2934 3551 3221 3630 3086 3316 2925 3241 3372 3236 3399 3109 3574 3026 3476 2868 3341 2993 3267 3188 3479 3335 3652 3218 3150 3281 3404 3551 3603 3558 3384 3447 3282 3309 3031 2883 3179 3152 3422 3329 3557 3192 3337 3290 3586 3323 3218 3336 3306 3294 3540 3317 3289 3204 2990 3263 3104 3332 3109 3174 3389 3405 3555 2978 2940 3183 3414 3526 3508 3259 3192 3290 3173 3295 3586 3146 3031 3134 3354 3110 3409 3303 3017 3278 3118 3024 3414 3164 3199 3524 3347 3348 3164 3530 3067 3216 3234 3480 3056 
2825 2989 2917 2684 2437 2834 2898 2884 2917 2899 2698 2655 3177 2645 2747 2555 2828 2651 2445 2832 2519 3023 2887 2834 2555 3084 2729 2680 2513 2772 2460 2854 2587 2894 2953 2758 2679 2745 2519 2632 2513 2712 2622 2839 2855 2841 2868 2938 2500 2824 2933 2873 2860 2905 2749 2490 2711 2778 2444 2636 2848 2812 2625 2273 2971 2478 2577 2670 2676 2687 2945 2863 2716 2881 2781 2615 2848 2854 2833 2516 2767 2777 2551 2795 2465 2577 2720 3089 2952 2668 2564 2634 2538 2692 2919 2368 2973 2546 2849 2899 2653 2946 2695 2634 2672 2822 2633 2829 2654 2729 2546 2919 3124 2435 2547 2732 3008 2620 2977 2482 2956 2766 2602 3102 2881 2518 2770 2347 2606 2650 2781 2722 2650 2537 2731 2544 2973 2507 2902 2619 2832 2943 2775 2634 2751 2780 2641 2853 2770 2793 2798 2575 2966 2834 2898 2851 2766 2542 2605 2864 2827 2750 2491 2778 2536 2761 2460 2728 2474 2667 2632 2924 2660 2816 2691 2598 2724 2929 2712 3165 2933 2781 2770 2617 2803 2626 2528 2616 2706 3027 2827 2863 2693 2714 2921 3122 2847 2665 2683 2956 2854 2795 2824 2865 2753 2470 2642 2650 2625 2692 2761 2836 2710 2882 2540 2553 2892 2627 2740 2820 2613 2689 3022 2542 2715 2849 2873 2625 2409 2772 2576 2834 2754 2496 2666 2924 2673 2934 2677 2820 2812 2727 2736 2796 2984 2948 2806 2434 2848 2538 
2882 3026 3124 2863 2559 3051 3131 2891 2908 2985 2867 3131 3292 2815 2788 2897 3057 3214 2762 2857 2771 3320 2607 2953 2861 3398 2986 2661 2763 2952 2892 2727 2699 2925 3443 2905 2969 2886 2735 2762 2495 2860 2506 3094 2887 2753 3191 3405 2809 3158 3129 2954 3203 3079 2982 2842 2782 3206 2755 2803 3038 2707 2889 2656 2894 2825 2631 2815 2823 2851 3070 3052 2958 3070 3070 2893 3300 3198 2996 2911 2988 2950 2873 3145 2691 2506 2890 2666 3173 2800 2972 2742 2530 2901 2848 2522 3099 2853 2846 3268 2767 2917 2947 2646 2808 2909 2962 2884 3003 2959 2760 3346 3246 2651 2820 2835 3159 2945 3084 2633 3310 2868 2888 3198 3123 2765 2814 2611 2844 3009 3098 2900 2813 2749 2947 2837 3079 2848 3314 2820 2955 2986 2978 2900 3024 3006 2888 3092 3071 3291 2953 2577 3141 2977 3252 2896 3025 2724 2838 2939 3061 3273 2965 2945 2785 2877 2683 2879 2847 2904 2954 3095 3096 2972 2801 2546 2750 3062 3172 3187 3189 2873 3107 2716 2896 2915 2684 2765 2771 3011 2988 3122 3076 3071 3081 3163 2943 2873 2914 2953 3053 3138 2839 3079 3034 2988 2595 2756 3097 2743 2887 3081 3231 3034 2696 2631 2821 2818 3126 3223 2697 2662 2795 2943 3230 3117 2982 2516 2878 2882 2979 2979 3006 2829 3020 2978 2862 3173 2758 2968 3081 3195 2909 2852 3116 2853 2951 2847 3122 2717 
3000 3164 2972 2840 2710 2905 3160 2908 2949 3071 2723 2865 3200 2904 2618 2731 2979 2917 2529 2583 2773 3265 2906 2881 2786 3196 2908 2544 2594 2822 2836 2824 2623 2818 3258 2890 2794 2627 2494 2690 2521 2873 2597 2952 3050 2793 3149 3242 2562 2908 2975 3080 3143 3078 2851 2715 2866 3088 2682 2709 3039 2799 2907 2508 2964 2765 2609 2714 2937 2788 2940 3031 2959 2969 3095 2727 3132 3170 2969 2934 2847 2772 2762 2941 2813 2424 2819 3074 2973 2729 2939 2724 2496 2968 2918 2385 3012 2731 2973 2978 2687 2931 2888 2792 2785 2867 2955 3041 2824 3006 2681 3154 3122 2787 2571 2819 3140 2720 3017 2538 3005 2893 2918 3193 3132 2679 2697 2461 2931 2832 2904 2689 2570 2713 2891 2865 3146 2693 3099 2687 2866 3008 2756 2669 2969 2860 2842 2852 3126 3272 2797 2533 3111 3084 3026 2869 2739 2631 2756 2994 3092 2979 2910 3021 2718 2907 2592 2877 2489 2894 2968 3284 2579 2983 2564 2649 2814 2934 3037 3118 3051 2863 3000 2713 2889 2859 2503 2720 2852 3073 2953 2977 3005 2988 2925 3028 2747 2824 2928 2844 2763 3109 2889 2995 2691 2722 2760 2687 2992 2559 2831 3018 3220 3106 2544 2493 2832 2904 2833 3161 2686 2716 2990 2974 2915 3025 2660 2588 2771 2835 2908 2846 2841 2680 2834 2863 2669 3198 2756 2622 2955 2987 2838 2923 3150 2831 3000 2676 2916 2680 
3021 3177 3136 2784 2975 3213 2918 3031 2828 3085 3022 2758 3589 2750 2972 2831 3108 3271 2876 3075 2783 3312 3026 2921 3006 3142 2991 2896 2621 3021 2858 2741 2759 3019 3304 2864 3076 3059 2753 2673 2740 3166 2806 3157 3095 2956 3098 3346 2684 3182 3316 2902 3265 3449 2930 2826 2898 2923 2905 2714 3127 3009 3180 2340 2952 2793 2674 3117 3160 2980 3236 3074 3148 3057 3145 2998 2947 3191 2987 2716 2807 2768 2704 3046 2539 2686 2924 3125 3179 2881 2672 3029 2721 3111 3336 2701 3022 2970 3167 3274 2792 3002 3155 2499 3107 2954 2758 3080 2885 3093 2712 3430 3689 2634 2767 2808 3027 2792 3284 2748 3149 2875 2889 3446 3238 2851 2912 2556 2954 2983 3058 2981 2854 2647 2998 3088 3245 2754 3046 2635 3197 3222 2946 3179 2976 2956 3052 3074 3088 3235 2764 2681 3317 2958 3184 2847 3088 2918 2824 2946 3064 3002 2889 3270 2740 3085 2656 2921 2602 2920 2907 3131 3138 3362 2858 2853 2917 3097 3135 3496 2959 2965 2944 3051 3024 3037 2771 2954 2958 3115 3147 3067 2997 2955 2917 3047 2961 3012 3006 3004 2972 3154 2945 3108 2892 2937 2925 2889 2873 2838 2855 2957 3186 3163 2651 2544 3112 2946 2831 3162 2921 2854 3252 2931 2985 3118 2931 2741 2974 2880 2924 3223 2937 2790 3105 3062 2852 3049 2955 2796 3010 3254 2957 2922 3150 3036 2590 2760 2878 2840 
3170 3188 3393 2882 2671 3102 3269 2913 3142 3289 3079 3307 3564 2900 2814 3006 3324 3310 2874 3183 3008 3469 3212 3208 2960 3352 3244 3005 3018 3192 2991 2993 2951 3135 3109 3274 3031 2961 2792 2790 2906 3168 2903 3221 3212 3068 3229 3483 2791 3161 3371 3181 3134 3409 3101 2935 3136 3137 3070 2924 3272 3114 3120 2526 3072 3081 2886 3006 3123 2949 3300 3252 3269 3258 3373 2950 3102 3265 3192 2978 2880 3123 2809 3220 2703 2999 3105 3210 3423 3076 2796 3152 2853 3149 3247 2654 3335 3096 3116 3151 3066 3118 3178 2872 3155 3221 3019 3286 3234 2966 2926 3408 3672 2855 2784 3024 3252 2967 3337 2687 3434 3021 3049 3492 3246 2752 2927 2617 3121 3074 3305 3093 2887 2917 3150 2873 3596 2891 3307 3086 3152 3361 3182 3006 2885 3151 2934 3118 3096 3354 3111 2693 3340 3024 3420 3093 3048 2785 3039 3076 3257 3300 2924 3403 2897 2977 2929 3194 2873 3138 3083 3395 3027 3268 2854 3024 3051 3023 3128 3369 3288 3006 3151 2928 3230 2966 2766 2865 3025 3079 3233 3303 3083 3124 3153 3506 3174 3072 3173 3210 3078 3247 3075 3156 3039 2960 2961 3047 3252 2964 2899 3165 3151 3188 2840 2816 3055 3057 3229 3086 3060 3183 3302 2898 3259 3372 3070 2994 3051 3076 2939 3337 3009 3021 3117 3227 2923 3073 2967 3099 3205 3349 3262 3145 3477 2989 3031 2829 3098 2947 
3201 3311 3360 3094 2693 3471 3141 3190 3219 3229 3004 3128 3465 3023 3074 2974 3435 3352 2774 3279 3154 3417 2963 3186 3161 3163 3278 2790 2924 3301 3180 3133 2927 3370 3326 3308 3107 3078 2985 2815 2909 3176 3038 3152 3253 3111 3249 3578 2757 3047 3263 2880 3426 3487 3005 3048 2857 3003 2833 3044 3221 3004 3273 2472 3147 2924 2749 3367 3132 2999 3532 3352 3027 3304 3332 3186 3050 3191 3092 2924 3107 2953 2837 3198 2885 2581 3076 3371 3450 2958 2944 3192 2850 2969 3069 2804 3322 3150 3297 3465 3060 3129 3081 2756 3100 3246 3151 3227 3245 3278 2852 3441 3417 2753 2889 3045 3524 2876 3367 2662 3354 3253 2986 3665 3188 2723 3119 2751 3130 3086 3283 3091 3127 2935 2866 3231 3422 2955 3208 2989 3080 3571 3122 3254 2983 3040 2925 3200 3106 3391 3046 2930 3368 3269 3302 3091 3052 2916 3251 3371 3283 3321 2908 3332 2746 3197 2741 3190 2937 3063 2791 3520 3261 3270 3141 3063 3137 3358 3296 3642 3187 2911 3124 3051 3265 3326 2964 3214 3009 3333 3186 3383 3124 3123 2898 3383 3309 3185 3167 3141 3150 3650 3251 3115 3398 2934 2751 3180 3174 2814 3222 3460 3226 3275 2832 3009 3128 3040 3198 3251 3111 2979 3302 3029 3223 3141 3039 3134 2934 3026 3030 3390 3292 2848 3002 3053 3095 3290 2956 2942 3338 3385 2960 2825 3318 3102 3025 2830 2936 3068 
2841 3218 3096 2947 2566 3034 2891 2907 2787 2967 2780 2991 3027 2776 2923 2870 3034 3204 2579 2927 2798 3176 2701 3050 2666 3071 3014 2666 2698 2864 2838 2695 2743 2993 3124 2916 2874 2776 2533 2696 2558 2834 2784 3080 3044 2885 3138 3314 2610 2942 2953 2860 3136 3300 2730 2729 3076 2892 2669 2937 2943 3087 2996 2216 3092 2672 2646 2957 2822 2639 3123 2835 2996 2941 2984 2750 3012 3160 2989 2825 3036 2909 2810 2924 2690 2710 2890 2864 3213 2848 2702 2804 2739 2773 3089 2563 3033 2858 2976 2978 2899 2854 2875 2586 2880 3022 2824 3261 2986 3076 2753 3132 3223 2739 2673 2641 3148 2672 3199 2482 3208 2991 2959 3407 3140 2677 2695 2356 3021 2821 2885 2784 2869 2725 2820 2688 3319 2945 3092 2833 2910 3029 2843 2771 2944 2820 2754 3054 3136 3157 2936 2566 3091 2800 3127 2656 2908 2602 2883 2898 2919 3027 2631 3009 2586 2824 2571 3100 2617 2950 2903 2906 2872 3116 2633 2685 2702 3027 3036 3154 3056 2876 2870 2784 3193 2919 2540 2724 2791 2850 3039 2934 2831 2975 2760 3140 2782 2822 2669 2916 2779 3076 2848 2909 2582 2692 2856 2561 3121 2601 2946 2878 3041 2987 2799 2601 2618 2789 2927 2916 2795 3031 2905 2798 2990 2911 2769 2761 2802 2725 2827 2987 2892 2575 2958 2975 2576 2890 2781 2871 2995 2984 2928 2963 3147 2935 2870 2641 3049 2560 
2991 3180 3287 2834 2569 2947 2956 2882 2969 3037 2802 2921 3250 2551 2751 2778 2976 2941 2522 2809 2805 3098 2890 3074 2983 3124 2935 2649 2551 2895 2689 2657 2729 3002 2968 2903 2795 2846 2691 2818 2391 2776 2492 2925 2777 2920 2972 3284 2620 3056 2895 2872 3114 3072 2708 2647 2977 2918 2896 2767 2954 2795 2712 2361 3037 2509 2697 2726 3011 3051 2927 2905 2775 3004 3142 2748 2981 3189 2642 2676 2698 2757 2805 2765 2740 2581 2694 2878 3286 2882 2845 2787 2542 2915 2878 2909 3123 2692 2887 3175 2809 3033 2735 2700 2846 2848 2810 3002 2699 2756 2584 3184 3402 2571 2520 2815 2950 2829 3073 2697 3150 2987 2892 3206 3063 2559 2830 2393 2858 2903 3018 2788 2703 2619 2935 2690 3169 2698 3238 2670 2984 2983 2662 2904 2767 3023 2695 2829 3024 3223 2851 2522 3214 2556 3136 2663 2910 2599 2760 2672 2647 3186 2700 2801 2616 2917 2592 2878 2682 2860 2985 3034 2848 3137 2835 2685 2934 2978 2733 3146 2865 2712 2973 2922 2871 2960 2530 2592 2856 2975 2829 3028 2854 2838 2801 3268 2734 2819 2754 3098 2867 2978 2870 3114 2945 2800 2606 2906 2934 2481 2950 3154 2902 2913 2644 2698 2723 2913 2768 3046 2619 2798 3112 2848 2869 2964 2927 2648 2696 2876 2745 2921 2678 2795 2951 2939 2649 3032 2813 2687 3041 3173 2812 2839 3179 2889 2771 2628 2832 2676 
2820 2912 3015 2791 2706 2933 2888 2771 2764 2861 2749 2914 3295 2634 2809 2724 2757 2900 2527 2780 2640 3126 2794 3031 2833 3250 2803 2527 2813 2739 2951 2719 2804 2938 3104 2872 2698 2834 2632 2732 2431 2897 2778 2953 2872 2896 3017 3107 2639 2894 2960 2867 3189 3280 2596 2789 2764 2765 2641 2831 3052 2698 2973 2414 2952 2859 2572 2829 2816 2813 3086 3161 3012 3039 2994 2834 3041 3116 2860 2942 2869 2800 2810 2874 2559 2402 2880 2954 2942 2653 2553 2970 2635 2774 3119 2513 3105 2915 2961 3097 2926 2864 2941 2433 2914 3086 2861 2911 2759 2831 2521 3283 3088 2698 2806 2800 2984 2952 3112 2424 3077 2818 2795 3335 2867 2526 2725 2414 2975 2865 3023 2772 2737 2701 2720 2818 3198 2820 2983 2695 2769 3105 2837 2906 2925 2754 2849 2994 2902 3097 2818 2681 3149 2731 3194 2818 2651 2669 2830 2964 2881 2926 2646 3185 2540 2880 2575 2877 2613 2941 2769 3166 2745 3056 2766 2745 2756 3063 3030 3291 2905 2756 2977 2743 2745 2824 2705 2763 2710 2998 2900 2956 3120 2831 2998 3287 2760 2723 2852 2861 2761 3016 3110 2855 2637 2541 2795 2876 2962 2780 2757 2905 3047 3015 2542 2585 2870 2606 2858 3021 2783 2799 2938 2743 2821 2975 2808 2823 3066 2869 2644 3063 2925 2621 2740 2817 2557 3046 2548 2704 3074 2851 2810 2714 3061 2712 2829 2597 2754 2640 
3141 3277 3303 3007 2967 3224 3174 3037 2996 3229 3073 3052 3528 2926 2992 3061 3227 3228 2975 3063 2958 3402 3022 3054 2996 3501 3113 2988 2851 3197 3045 3000 3059 3176 3393 3291 3132 3038 2922 2800 2705 3056 2819 3285 3259 3106 3146 3429 2787 3301 3383 3098 3323 3473 2953 3000 2973 2960 2772 2958 3331 3221 2992 2555 3260 2790 2876 3004 2991 2952 3245 3081 3201 3104 3265 3128 3201 3560 3348 2862 3082 2964 2823 3017 2859 2783 2998 3202 3255 3073 2999 3196 2732 3119 3055 2878 3304 3234 3152 3593 3102 3081 3126 2772 2977 3100 3181 3224 3078 3150 3047 3458 3262 2887 2785 2928 3349 3063 3277 2821 3355 2941 3090 3471 3174 2675 2962 2787 3027 3066 3356 3122 2980 2897 3235 3018 3476 2822 3444 2848 3353 3150 3249 3098 3114 3192 2911 3200 3157 3300 3111 2867 3303 2938 3347 3102 3035 2913 3099 3194 3277 3456 2960 3259 2843 3105 2650 2989 2942 3065 3052 3427 3188 3348 2962 2962 2905 3298 3280 3470 3464 3078 3051 3125 3062 3180 2775 2888 2979 3428 3042 3301 3077 3117 3248 3379 3217 3094 3038 3076 3054 3282 3225 2894 3108 2828 3052 3089 3196 2853 3115 3212 3301 3307 2867 2703 3140 3022 3220 3234 2974 2793 3266 3108 3265 3213 3224 2961 3028 2944 2964 3283 2991 2830 3062 2987 2986 3338 2951 3057 3258 3361 3110 2794 3475 3051 2968 2776 3045 2906 
2809 2938 3012 2767 2574 2946 2992 3042 2948 2916 2788 2830 3243 2605 2812 2822 2920 3129 2605 3060 2671 3158 2768 2957 2751 3231 2922 2709 2648 2777 2906 2579 2681 2888 3077 2835 2690 2919 2802 2582 2503 2918 2604 3102 2875 2889 2958 3175 2768 2916 2955 2855 3057 3067 2871 2828 2732 2939 2847 2877 2954 2852 2788 2361 3011 2751 2599 2901 2931 2893 2930 2781 2859 2818 3205 2875 3044 3223 2961 2748 2804 2929 2673 2794 2509 2573 2756 2769 3325 2785 2725 2895 2670 2922 3035 2740 2961 2852 2999 3035 2938 2949 2763 2381 2752 2992 2960 2949 2727 2786 2569 3112 3179 2505 2636 2743 3158 2605 3086 2605 3214 2937 2972 3105 3035 2740 2907 2620 2790 3003 2967 2757 2934 2580 2999 2664 3176 2892 2863 2781 2936 2940 2777 3042 2898 2906 2792 2852 2919 3106 2960 2657 3163 2918 3125 2790 2978 2757 2857 2952 2746 3226 2806 2991 2641 3055 2409 2957 2451 2809 2810 3027 3121 2932 2652 2616 2771 3048 2776 3346 2845 2855 2899 2814 3067 2909 2555 2822 2645 2966 3006 3007 2888 2965 3043 3276 2825 2945 2855 2893 2976 2924 2788 2981 2879 2972 2771 2720 2790 2612 2929 2879 2963 2909 2754 2539 2869 2838 2968 3037 2927 2662 2799 2744 3099 3011 2987 2718 2657 2962 2651 3132 2912 2654 2898 2898 2634 3035 2611 2631 3042 2945 2997 2729 3089 2745 2824 2627 2840 2727 
2882 2966 2951 2739 2677 2915 2946 2596 2832 3069 2795 2833 3110 2734 2852 2731 2942 3027 2652 2870 2858 3244 2932 2769 2879 3273 2700 2808 2770 3111 2892 2718 2680 2987 3308 2834 2844 2912 2797 2493 2636 3022 2757 2955 3036 2683 2930 3199 2572 3059 3109 2905 3085 3199 2884 2895 2750 2901 2723 2808 2958 2917 2999 2318 3007 2826 2652 2809 2729 2741 2852 2976 2790 2994 3131 2796 3056 3104 2729 2582 2863 2779 2629 2757 2607 2660 2847 2953 3054 2660 2777 2706 2618 2936 2890 2643 2980 2805 2956 3193 2878 2755 2936 2624 2887 2886 2795 3084 2714 3027 2807 3310 3137 2637 2647 2755 3071 2744 3118 2496 2973 2783 2859 3170 3137 2649 2544 2521 2885 2732 3199 2854 2844 2703 2817 2712 3308 2578 2981 2803 2989 3039 2881 2743 2861 2766 2841 2796 3078 2965 2783 2637 3261 2712 3061 2650 3119 2738 2771 2830 2919 3053 2831 3127 2809 2709 2470 2820 2606 2746 2760 3004 2891 2883 2685 2810 2801 2871 2860 3344 2895 2720 2952 2793 3062 2710 2600 2682 2825 2948 2812 3189 2803 2920 2894 3108 2960 2904 2517 2890 2910 3111 2895 2968 2766 2645 2985 2734 3002 2661 2924 2979 3117 2926 2718 2434 2843 2988 2952 2982 2777 2792 3114 2782 2975 2979 2764 2744 2705 2843 2881 3130 2686 2758 2881 2954 2703 2938 2776 2888 3088 3040 2935 2822 3146 2775 2735 2650 2917 2628 
3193 3254 3299 2934 2899 3278 3126 3074 3042 3181 3035 3046 3517 3130 3034 3006 3306 3243 3016 2976 2914 3480 3017 3071 3118 3361 2971 2868 2839 3023 2970 3054 2983 3126 3415 3088 3054 3069 2928 2663 2735 3150 2917 3236 3200 3086 3224 3466 2893 3198 3249 2947 3174 3268 3047 3042 2989 2948 2990 2974 3249 2945 3101 2686 3190 2856 2737 3025 3166 3036 3172 3263 3179 2947 3211 3039 3227 3473 3236 2968 3019 2849 3054 3167 2777 2873 3155 3253 3320 2878 2994 2933 2743 3087 3160 2581 3247 3070 3238 3303 2945 3167 3335 2733 3075 3149 3034 3262 3160 3280 3018 3282 3295 2921 2726 3089 3454 3028 3228 2728 3234 2956 3041 3440 3326 2820 2872 2781 3055 3044 3379 3021 3136 3139 3144 2988 3317 3054 3384 2968 3289 3167 3011 3019 3092 3135 2908 3242 3221 3350 3118 2860 3363 3178 3375 3032 3044 3074 3071 3315 3160 3332 3170 3409 2846 2991 2733 3177 3000 3055 3080 3363 3161 3251 2926 2886 2917 2976 3279 3458 3159 3047 3184 3094 3186 3156 2953 3017 2964 3195 3111 3422 3195 3183 3203 3434 3208 3165 3162 3073 3060 3220 3230 3104 3065 3004 3046 3054 3283 2837 3008 3149 3312 3262 2748 2672 3289 3105 3046 3219 2977 2969 3103 3040 3092 3280 2992 2993 3159 3028 3023 3225 3055 2992 3189 3153 2825 3489 2908 2979 3126 3219 3108 2962 3410 2948 3019 2919 3057 2813 
2555 2909 2743 2626 2688 2901 2800 2753 2736 2855 2659 2901 3171 2923 2831 2630 2927 2865 2462 2743 2454 2885 2772 2669 2744 3069 2629 2566 2508 2717 2877 2584 2457 2866 3078 2635 2764 2675 2514 2665 2678 2740 2551 2920 2859 2753 2899 3009 2337 2941 2886 2750 2947 2965 2837 2567 2641 2680 2506 2772 2976 2580 2808 2254 2876 2695 2503 2819 2793 2600 2900 2956 2691 2903 2796 2553 2912 2894 2665 2587 2864 2608 2688 2732 2407 2330 2644 2912 3067 2550 2519 2675 2562 2740 2818 2144 2965 2645 2842 2866 2691 2956 2944 2364 2648 2827 2660 2809 2624 2960 2669 3154 3148 2491 2484 2687 3031 2688 2986 2380 2979 2889 2641 3282 2974 2528 2767 2390 2758 2632 2808 2608 2432 2622 2523 2726 2878 2783 2810 2689 2761 2975 2641 2903 2857 2611 2599 2923 2854 3007 2560 2583 2981 2699 2963 2562 2913 2588 2775 2840 2824 2743 2697 3030 2467 2692 2654 2790 2478 2665 2747 2859 3101 2799 2625 2680 2370 2930 2876 3020 2776 2685 2978 2733 2841 2765 2530 2667 2776 2866 2777 2964 2730 2856 2861 3114 2897 2577 2697 2723 2755 2940 2676 2749 2563 2378 2660 2737 2713 2717 2875 2805 3066 2977 2516 2379 2806 2573 2660 2839 2724 2732 2929 2628 2766 2994 2740 2692 2658 2415 2636 2979 3009 2674 2577 2763 2531 3036 2625 2584 2895 2887 2680 2475 3050 2761 2600 2565 2830 2607 
2772 2966 2909 2839 2616 2964 3005 2942 2754 2855 2653 2847 3201 2665 2765 2906 2914 2945 2641 2853 2626 3202 2925 2911 2662 3332 2880 2647 2825 2931 2648 2919 2568 2897 2992 2876 2891 2932 2687 2640 2609 2791 2592 2954 2703 2804 2950 3227 2632 3040 2932 2842 3209 3061 2668 2878 2713 2914 2581 2678 2841 2898 2812 2416 2880 2655 2576 2666 2802 2886 3039 2927 3107 2849 3050 2820 2848 3122 3008 2685 2842 2697 2767 3088 2611 2499 2667 2860 3098 2836 2562 2837 2595 2781 2935 2553 2827 2861 3105 3134 2818 2907 2881 2483 2743 2948 2761 2827 2893 2939 2782 3060 3306 2692 2585 2606 3235 2796 3230 2615 2939 2711 2772 3148 2974 2663 2662 2486 2769 2957 2975 2762 2805 2389 2959 3046 3040 2778 3099 2550 2965 3068 2856 2841 2839 2686 2782 2839 2963 3034 2735 2661 3107 2797 2831 2838 2894 2565 2873 2891 2841 2901 2799 2889 2389 2931 2470 2824 2444 2762 2814 3199 2849 3126 2595 2716 2593 3047 2851 3320 2971 2976 2846 2824 2855 3053 2779 2615 2617 3245 2836 2926 2986 2800 2821 3102 2677 2735 2676 2757 3020 2927 2881 3038 2767 2728 2562 2683 2864 2625 2889 2863 2958 2966 2633 2537 2699 2749 2901 3018 2919 2525 3131 2689 2946 3009 2945 2773 2876 2966 2930 2797 2886 2416 2769 2643 2577 2985 2700 2704 2882 3035 2793 2871 3245 2639 2866 2580 2784 2481 
2750 2858 2938 2655 2425 2789 2733 2807 2531 2781 2556 2600 3003 2704 2633 2489 3128 2771 2436 2696 2541 2983 2674 2594 2702 2771 2828 2579 2398 2593 2479 2598 2554 2836 2998 2804 2886 2618 2545 2466 2429 2659 2520 2694 2761 2804 2791 3055 2427 2847 2745 2644 2888 2916 2520 2374 2675 2484 2576 2581 2874 2746 2728 2184 2562 2276 2367 2574 2659 2714 2699 2769 2559 2801 2825 2591 2709 2893 2751 2383 2692 2571 2573 2515 2550 2464 2658 2790 2873 2679 2473 2630 2536 2781 2705 2572 2796 2808 2700 2960 2650 2853 2911 2427 2666 2759 2828 2757 2597 2936 2378 2838 3053 2545 2347 2537 2926 2519 2724 2668 2906 2767 2356 3170 2646 2416 2707 2464 2645 2731 2848 2619 2341 2424 2594 2483 2815 2627 2879 2466 2865 2782 2534 2717 2640 2648 2595 2734 2532 2912 2589 2483 2675 2693 2881 2700 2833 2404 2637 2748 2691 2679 2619 2819 2308 2828 2413 2684 2628 2490 2568 2729 2670 2862 2508 2606 2407 2871 2738 2932 2764 2600 2884 2755 2830 2736 2430 2561 2464 2875 2528 2945 2673 2747 2733 2813 2946 2711 2639 2714 2472 2842 2701 2573 2591 2591 2591 2656 2638 2531 2798 2821 2753 2841 2520 2367 2768 2504 2716 2808 2615 2543 2792 2566 2666 2903 2903 2725 2552 2512 2628 2876 2717 2519 2645 2782 2552 2820 2511 2661 2648 2730 2596 2468 2946 2594 2441 2390 2560 2612 
3162 3296 3342 3050 2839 3507 3206 3270 3456 3182 3117 3183 3594 3146 3001 3055 3420 3408 2812 3328 3063 3568 3315 3264 3095 3349 3214 2916 2954 3084 3021 2930 3075 3236 3564 3285 3103 3132 2961 2777 2646 3290 3072 3235 3279 3226 3325 3502 3078 3290 3402 3210 3550 3451 3204 2888 3006 3244 3014 3204 3250 3265 3209 2473 3248 3021 3047 3128 3119 3028 3292 3375 3156 3273 3424 3145 3229 3468 3368 2950 3141 3186 2970 3140 2981 2930 3068 3308 3618 2891 2844 3097 2885 3144 3255 2776 3430 3266 3305 3348 3090 3048 3251 3035 2959 3292 3078 3309 2999 3457 2823 3552 3640 2985 2949 3012 3368 2803 3455 2885 3360 3131 3183 3611 3268 3154 3011 2820 3036 2947 3281 3136 3219 2990 3145 2960 3541 3025 3336 2971 3446 3446 3331 3063 3137 3254 3016 3143 3313 3576 3042 2761 3520 3184 3432 3140 3208 2921 3207 3233 3336 3355 3120 3146 2884 3144 2622 3191 2891 3050 3175 3427 3404 3225 3023 3103 3053 3225 3264 3579 3275 3144 3175 3125 3342 3150 2617 2960 3174 3083 3236 3385 3195 3169 3207 3331 3287 3248 3112 3155 3272 3533 3197 3307 3011 2982 2973 2862 3311 2860 3208 3334 3213 3431 2965 2735 3154 3343 3348 3256 3246 2972 3239 2970 3307 3257 3135 3032 3002 3056 3121 3380 3036 2998 3333 3284 3106 3223 3084 3081 3219 3231 3208 3054 3474 3093 3029 2972 3241 3025 
3331 3709 3458 3331 3326 3538 3590 3411 3408 3494 3422 3654 3785 3302 3276 3452 3476 3480 3163 3234 3119 3590 3352 3632 3207 3812 3519 3257 2945 3313 3343 3099 2982 3333 3553 3368 3431 3400 3246 3161 3085 3393 3161 3365 3498 3212 3650 3849 3126 3306 3603 3392 3806 3649 3276 3135 3232 3512 3217 3206 3535 3268 3185 2873 3464 3152 3305 3327 3171 3521 3606 3580 3158 3586 3608 3459 3433 3918 3581 3152 3509 3338 3079 3329 3118 3046 3289 3449 3704 3279 3347 3377 2885 3347 3512 3045 3507 3288 3371 3648 3277 3419 3280 3132 3289 3474 3192 3398 3238 3536 3049 3552 3778 3252 2951 3142 3354 3320 3558 2805 3685 3316 3414 3953 3644 3151 3149 3053 3342 3440 3414 3308 3186 3367 3461 3321 3969 3190 3520 3249 3463 3379 3295 3532 3481 3380 3289 3597 3469 3559 3504 3123 3805 3077 3713 3051 3366 3072 3189 3567 3381 3484 3194 3411 3076 3402 3097 3522 3154 3543 3293 3641 3619 3487 3152 3254 3198 3329 3499 3744 3400 3311 3442 3272 3266 3420 2866 3193 3211 3381 3387 3458 3433 3475 3306 3498 3315 3265 3265 3415 3461 3598 3434 3328 3363 3066 3240 3182 3337 3133 3245 3617 3557 3384 3090 3041 3183 3477 3531 3695 3288 3181 3523 3384 3411 3611 3436 3240 3214 3246 3308 3409 3399 3202 3416 3310 3188 3400 3144 3210 3577 3563 3242 3193 3783 3061 3464 3323 3599 3234 
2984 3321 3327 3017 3056 3321 3067 3005 3046 3083 3178 3094 3518 3039 3088 3095 3212 3296 2784 3114 3059 3364 2952 3188 2936 3465 3185 3032 2900 3108 2950 2974 3077 2984 3438 3003 3128 3051 2911 2711 2667 3265 2812 3227 3339 2982 3119 3420 2710 3197 3273 3110 3389 3280 3023 3082 3120 3216 2776 2872 3171 3196 2848 2619 3168 2665 2787 2907 3092 3097 3426 3119 3301 3138 3306 3084 3223 3233 3076 2961 3002 2774 3201 3293 2920 2839 2990 3080 3535 2976 2993 3202 2751 3062 3248 2668 3213 3248 3133 3646 3035 3382 3114 2666 2987 3213 3052 3049 3018 3182 2878 3469 3524 2915 2688 3181 3254 3144 3552 2812 3422 3058 3144 3553 3380 2868 2943 2710 2953 3042 3250 2966 3081 2807 2971 2993 3349 2964 3278 2886 3098 3396 3152 3222 3211 3231 2851 3237 3218 3247 2980 2745 3393 3061 3218 2848 3002 2840 3042 3212 3091 3360 2640 3361 2748 3041 2837 3261 2963 2979 2931 3168 2979 3174 2997 3016 2897 3169 3192 3527 3205 2950 3195 2864 3024 3107 2794 2986 2995 3091 3001 3255 3169 3108 3205 3304 3364 2903 3173 3127 3235 3242 3147 3022 3134 2660 3120 3157 3059 2885 3006 3029 3185 3216 2919 2825 2960 3014 3199 3200 2999 2973 3186 2993 3087 3373 3157 2851 2880 2975 3007 3168 3111 2718 3063 3057 2917 3314 2900 2936 3234 3441 2988 2928 3260 3094 2958 2752 3121 2894 
2932 2971 3018 2771 2462 3211 2922 2944 2835 3097 2959 2977 3195 2764 2747 2942 2839 2863 2417 2831 2699 3150 2825 2849 2724 3098 2878 2755 2818 2829 2732 2674 2676 2939 3215 2886 2752 2854 2670 2642 2959 2965 2709 2930 2858 2819 3080 3306 2679 2983 2872 2884 3194 3160 2676 2812 2635 3104 2663 2792 2884 2819 2894 2450 2969 2528 2709 2732 2877 2841 3146 2826 2976 3235 3061 2803 3074 3182 2804 2767 2996 2898 2805 2980 2792 2217 2854 2921 3219 2659 2815 2670 2594 2861 3056 2579 3093 2850 3042 3150 2913 3067 2870 2462 2788 2871 3058 2973 2748 2859 2599 3298 3170 2831 2846 2802 3162 2789 3032 2433 3154 3062 2961 3331 3141 2724 2713 2543 2824 2835 3091 2748 2796 2554 2800 2758 3064 2686 2942 2684 2840 3107 2881 2815 2970 2852 2603 3055 2985 3134 2796 2622 3239 2843 3083 2754 3004 2628 2806 2834 2877 3121 2690 3150 2664 2961 2584 2657 2540 2879 2807 2958 2820 2936 2843 2632 2970 3053 2846 3032 2786 2898 2870 2761 3028 2929 2648 2780 2784 2871 2861 3184 2706 2815 3042 3183 2961 2778 2951 2777 2969 2961 2910 2976 2759 2677 2872 2754 2975 2733 2743 2973 3190 3178 2695 2696 2672 2749 2956 3023 2757 2729 2769 2769 2900 3032 2866 2677 2591 2774 2787 2886 2969 2374 2842 2832 2498 2943 2596 2600 2829 2926 2780 2673 3273 3020 2592 2694 3118 2827 
3018 3298 3345 3088 3016 3262 3350 3162 3127 3317 3038 3006 3781 3107 3160 3083 3254 3287 2857 3168 3002 3637 3198 3379 2997 3541 3351 3044 2946 3015 2936 3124 3064 3159 3456 3239 3312 3113 3032 2924 2828 3308 3055 3314 3182 3307 3452 3442 3035 3271 3410 3317 3480 3400 3063 3097 2962 3201 3038 3253 3281 3259 3196 2771 3150 2786 3117 3103 3263 3272 3332 3406 3369 3176 3350 3024 3185 3385 3222 2999 3224 3042 3133 3059 2936 2950 3119 3309 3418 3259 3247 3193 3065 3204 3293 2959 3336 3183 3265 3532 3332 3204 3309 2770 2989 3338 3138 3276 3053 3149 3009 3483 3687 3036 2758 3154 3321 3150 3458 3015 3502 3142 3302 3629 3253 2993 2959 2899 3135 3283 3228 3249 2939 2804 3157 3174 3560 2855 3477 2958 3047 3109 3097 3191 3199 3318 3199 3188 3250 3476 3231 2977 3448 3131 3575 3069 3127 2915 3078 3270 3318 3327 2772 3346 2782 3333 2990 3163 2934 2960 3079 3581 3218 3224 2886 3092 2890 3438 3287 3596 3398 3098 3149 3001 3243 3289 2884 3057 2933 3382 3103 3358 3007 3173 3241 3536 3177 2958 3044 3269 3281 3233 3250 3143 3154 2987 3003 3190 3169 2957 3235 3266 3551 3296 2942 2667 3338 2981 3260 3336 3132 2974 3207 2972 3402 3301 3401 3165 2931 3056 3003 3194 3145 2866 2970 3252 3054 3346 2930 3154 3406 3355 3176 3138 3612 3115 2970 2969 3332 3102 
2951 3269 3294 3028 2872 3062 3216 3076 2956 3164 3008 3022 3537 2933 2786 2872 3261 3168 2769 3002 3122 3439 3087 3198 3077 3268 3100 2773 2852 3068 2909 2948 2873 3123 3387 2958 3203 2977 2725 2655 2523 3196 2834 3209 2995 3031 3209 3284 2685 3158 3172 3081 3361 3337 2882 2918 3024 2997 2885 2923 3072 3006 3200 2667 3150 2963 2755 3061 3053 2999 3263 3139 3261 2998 3289 3106 3354 3220 3186 3112 2937 3022 2763 3010 2880 2745 2978 3117 3368 2944 3113 3347 2763 3056 3087 2588 3174 2972 3148 3295 2961 2945 2988 2651 3076 3138 2716 3239 2965 3118 2790 3305 3303 2723 2637 2936 3351 3027 3353 2717 3311 2883 2973 3413 3305 2988 2968 2510 3053 3037 3156 2949 2838 3054 2984 3092 3308 2752 3088 2899 3147 3160 3221 3163 3022 2860 2963 3147 3254 3315 2959 2803 3227 3126 3320 2994 3015 2784 3063 3155 3122 3186 3005 3196 2940 2982 2786 3168 2918 2970 2971 3298 2934 3273 3088 2837 2687 3222 3186 3300 3065 3022 3182 2806 3071 3005 2809 2865 2847 3139 3163 3028 2957 3054 3246 3482 3131 2936 3259 3052 3073 3209 3100 3080 3012 2870 2690 2894 3238 2886 2882 3244 3136 3105 2683 2855 2924 2947 3035 3243 2928 2899 3268 2757 3211 3131 2944 2755 2949 3098 2870 2921 3009 2928 2897 3032 2815 3287 2983 2921 3267 3286 2964 3137 3298 2970 2923 2738 3404 2796 
2821 3105 3191 2751 2589 3137 2998 2721 2947 2872 3010 3235 3338 2611 2870 2945 3030 3030 2707 2909 2842 3198 2880 3078 2778 3158 2958 2584 2723 2831 2955 2740 2641 2763 3119 2816 2689 3015 2654 2586 2552 2960 2715 3108 2961 2825 3031 3249 2516 3077 3093 2973 3276 3190 2736 2811 2901 3057 2687 2666 2803 2925 2863 2452 3326 2767 2752 2871 3020 2791 2919 3101 2988 3074 3115 2903 3055 3081 2878 2809 2771 2858 2631 2915 2771 2438 2678 2947 3228 2899 2904 2810 2822 2934 2859 2796 3111 2863 3090 3298 2884 3129 2719 2756 2758 2907 2777 2998 2850 2871 2723 3361 3262 2591 2595 2957 3009 2679 3312 2592 3098 3180 3029 3246 3001 2629 2955 2500 2789 2787 2951 2669 2938 2610 2806 2720 3221 2672 3140 3010 2848 3223 2693 2993 2743 3030 2853 2811 3136 3267 2910 2624 3292 2850 3015 2634 2995 2505 2722 3085 2811 3111 2551 3135 2576 2845 2696 2802 2346 2905 2607 3097 3042 2942 2711 2644 2801 2989 3070 3264 3062 3055 2994 2849 3107 2922 2794 2935 2953 3004 2992 3218 2794 2821 2899 3203 2949 2916 2926 2799 2977 2854 2918 3026 3001 2719 2727 2943 3051 2728 2922 2906 3137 3036 2653 2620 2793 2763 3051 2799 2632 2748 3067 2770 3117 2958 2929 2828 2798 2860 2932 2820 2905 2735 2857 2863 2746 2853 2724 2707 3109 3031 2867 2760 3140 2921 2910 2514 2844 2680 
3361 3596 3589 3332 3257 3605 3417 3249 3365 3300 3328 3440 3786 3279 3336 3240 3544 3352 2939 3225 3262 3789 3233 3550 3042 3741 3410 2882 2957 3334 3214 3526 3075 3353 3734 3540 3233 3297 3033 2974 3028 3268 3263 3545 3530 3397 3470 3777 3012 3590 3511 3270 3853 3720 3161 3201 3254 3372 3299 3391 3331 3191 3441 2967 3611 3143 3237 3278 3350 3248 3505 3575 3406 3241 3457 3476 3437 3555 3369 3080 3440 3248 3217 3250 3013 3053 3226 3559 3519 3160 2976 3299 3137 3480 3472 3046 3703 3555 3700 3677 3450 3432 3477 3264 3418 3657 3474 3459 3389 3560 3264 3620 3715 3351 2996 3299 3772 3270 3661 3126 3635 3349 3475 3983 3633 3273 3176 2997 3336 3591 3283 3247 3188 3188 3225 3451 3666 3077 3678 3125 3447 3595 3267 3513 3301 3551 3521 3508 3375 3806 3457 3102 3778 3454 3483 3370 3413 2981 3261 3471 3499 3334 3200 3579 2827 3495 3095 3416 3084 3341 3278 3691 3404 3531 3101 3053 3111 3465 3611 3623 3586 3542 3265 3347 3347 3404 3092 3296 3195 3429 3404 3513 3382 3424 3451 3660 3572 3064 3334 3106 3362 3567 3539 3269 3176 3220 3164 3246 3444 3054 3146 3419 3556 3511 3205 2959 3633 3109 3381 3504 3402 3202 3683 3316 3276 3507 3588 3425 3330 3291 3221 3302 3473 3067 3303 3475 3025 3677 3330 3104 3280 3447 3155 3301 3707 3301 3159 3217 3422 3242 
3212 3614 3755 3068 3232 3765 3435 3383 3320 3541 3445 3494 3928 3205 3413 3483 3773 3616 3204 3557 3375 3804 3283 3297 3153 3719 3461 3216 3269 3305 3278 3244 3353 3592 3919 3429 3418 3277 3098 3077 3064 3271 3214 3685 3508 3532 3647 3726 3287 3394 3499 3518 3902 3633 3240 3211 3519 3422 2995 3365 3569 3378 3466 2808 3635 2965 3293 3163 3448 3272 3593 3416 3216 3600 3781 3356 3710 3703 3541 3309 3558 3418 3353 3407 3132 3005 3391 3487 3741 3589 3306 3593 3196 3547 3466 3254 3535 3662 3629 3624 3511 3561 3557 3034 3215 3634 3362 3650 3207 3415 3037 3962 3753 3176 3146 3152 3736 3232 3907 3015 3756 3492 3498 3977 3551 3251 3411 3096 3548 3358 3570 3264 3326 3106 3486 3191 3757 3298 3539 3321 3427 3608 3487 3513 3408 3446 3358 3627 3435 3734 3460 3036 3688 3441 3583 3298 3424 3006 3429 3357 3407 3771 3172 3482 2857 3550 2994 3483 2924 3293 3380 3583 3580 3552 3104 3338 3180 3736 3408 3852 3610 3576 3476 3445 3683 3459 3111 3278 3184 3580 3603 3856 3452 3546 3462 3793 3483 3446 3531 3356 3216 3697 3448 3431 3358 3205 3296 3351 3535 3095 3471 3358 3619 3672 3227 3128 3417 3441 3370 3658 3322 3189 3454 3266 3541 3438 3596 3308 3430 3349 3385 3580 3319 3123 3355 3283 3277 3537 3260 3212 3599 3348 3442 3204 3870 3439 3334 3151 3588 3318 
3274 3510 3605 3314 2941 3499 3077 3253 3134 3343 3252 3283 3651 3052 3245 3113 3472 3420 3086 3364 3253 3576 3160 3369 3186 3533 3228 2948 3066 3257 3148 3063 3122 3175 3514 3312 3291 3282 3091 2884 3021 3368 3232 3407 3269 3329 3470 3719 2880 3359 3510 3340 3685 3719 3132 3224 3318 3271 3168 3075 3487 3432 3344 2753 3310 2969 3177 3264 3383 3098 3539 3379 3304 3287 3423 3335 3324 3377 3408 2992 3196 3095 3048 3182 3032 2917 3189 3309 3460 3173 2959 3358 3145 3194 3461 3085 3248 3467 3402 3402 3375 3345 3324 2862 3181 3376 3153 3505 3214 3418 3054 3634 3619 3115 2906 3046 3579 3268 3681 2941 3606 3261 3307 3863 3552 2997 3005 2890 3166 3338 3255 3165 3239 3083 3181 3161 3612 3132 3309 2992 3359 3547 3189 3292 3147 3156 3166 3450 3210 3568 3169 2861 3552 3044 3496 3186 3304 2935 3147 3309 3405 3527 3052 3415 2790 3323 2916 3253 2955 3251 3114 3387 3362 3424 2997 3192 3125 3395 3046 3616 3223 3250 3239 3263 3422 3364 2939 3052 2984 3285 3473 3464 3361 3360 3387 3599 3420 3300 3192 3301 3354 3451 3387 3393 3022 3081 3179 3110 3364 2826 2998 3421 3495 3445 2883 2926 3150 3205 3229 3370 3254 3219 3294 3124 3351 3475 3286 3299 3212 3134 3153 3237 3235 3055 3282 3267 2915 3498 3084 3028 3420 3471 3316 3122 3649 3234 2967 3109 3172 3079 
2587 2916 2989 2589 2499 2914 2745 2646 2689 2775 2567 2914 2952 2584 2524 2595 2973 2756 2336 2571 2685 2894 2712 2849 2655 2863 2898 2258 2457 2499 2510 2609 2587 2762 2963 2734 2862 2692 2530 2596 2394 2747 2541 2750 2915 2659 2953 2770 2654 2813 2713 2789 3193 2929 2612 2477 2663 2702 2513 2662 2823 2833 2741 2528 2951 2563 2559 2621 2876 2677 2958 2792 2650 2719 2938 2687 3027 2821 2563 2531 2745 2777 2841 2583 2578 2363 2641 2896 2965 2673 2749 2573 2676 2673 2743 2543 2853 2812 2741 2977 2661 2877 2531 2526 2869 2898 2766 2940 2659 2731 2527 3061 3138 2488 2434 2714 2948 2655 3035 2638 2967 2742 2653 2932 2837 2482 2892 2395 2803 2613 2926 2776 2708 2616 2648 2729 3025 2407 2791 2616 2737 2763 2701 2601 2738 2811 2675 2849 2808 3045 2678 2433 3089 2777 2913 2569 2787 2366 2641 2876 2753 2861 2531 2762 2585 2881 2373 2779 2368 2591 2707 2954 2675 3073 2526 2724 2628 2882 2812 2921 2718 2790 2878 2544 2791 2885 2543 2733 2652 2850 2758 2837 2665 2631 2949 3087 2767 2751 2677 2700 2756 2870 2630 2762 2760 2701 2469 2609 2866 2459 2880 2835 2820 2640 2586 2556 2879 2884 2799 2835 2576 2746 2908 2602 2811 2729 2847 2469 2561 2692 2703 2697 2656 2566 2644 2611 2647 2891 2559 2674 2979 2678 2820 2804 2922 2765 2730 2567 2849 2762 
3216 3147 3329 3090 2848 3207 3173 2993 3072 3132 3032 3202 3484 2809 3060 2937 3152 3125 2790 3158 2890 3326 3029 3195 3175 3438 3096 2735 2862 2952 2920 3156 2943 3036 3288 3109 2976 3147 2789 2925 2779 3007 2784 3155 3320 3052 3215 3420 2875 3349 3466 3057 3414 3453 3003 3052 2991 3074 3079 2947 3143 3134 2955 2426 3289 2652 2755 3101 3159 3210 3180 3225 2831 3141 3189 3082 2956 3456 3118 2811 3103 3022 2775 3214 2739 2839 2972 3090 3325 3034 2963 2845 2818 2935 3149 2883 3186 3102 3156 3322 3107 3106 3247 2841 2801 3068 3090 3100 3036 3129 2726 3565 3476 2963 2670 3021 3236 2988 3185 2632 3268 3042 3193 3465 3210 2914 2874 2755 3025 3012 3226 3139 2974 2782 3163 2887 3509 2686 3498 2982 3134 3174 3083 3079 2771 3332 3041 3134 3156 3149 3103 2759 3470 3027 3396 3045 3099 2721 2842 3149 3033 3326 2878 3142 2661 3084 2786 3029 3000 3205 2896 3207 3186 3171 2921 2877 2932 3136 3127 3399 3169 3018 2976 3037 3123 3089 2720 2921 2958 3222 3131 3257 2893 3132 3029 3342 3110 2982 3084 2976 3223 3092 3105 3093 3239 2859 2919 2878 3196 2884 3245 3262 3245 3262 2883 2714 3078 3006 3230 3338 2881 2919 3044 2950 3109 3287 2989 3179 2828 3200 2975 3200 2967 2906 3191 3175 2788 3118 3012 2918 3209 3309 3032 2975 3300 3040 3025 2912 3125 2951 
3075 3318 3487 3154 3063 3744 3299 3263 3399 3274 3105 3248 3726 3148 3497 3484 3332 3467 3038 3191 3089 3539 3227 3358 3046 3513 3255 3211 3143 3024 3198 3017 2981 3228 3660 3243 3380 3381 2926 2940 3140 3322 3183 3331 3391 3393 3401 3556 2766 3528 3676 3153 3752 3634 3257 3073 3142 3469 3085 3015 3329 3332 3354 2699 3358 2927 2975 3055 3347 3269 3645 3305 3357 3364 3524 3360 3329 3433 3207 3029 3240 3143 3009 3455 2941 2811 3177 3207 3517 3157 3045 3204 2984 3279 3592 2884 3303 3450 3461 3483 3298 3408 3412 2853 3064 3424 3136 3376 2920 3274 2995 3829 3674 3114 2934 3122 3504 3121 3449 2763 3663 3203 3382 3813 3592 3017 3126 2903 3157 3156 3497 3302 3094 3133 3201 3303 3534 3141 3306 3036 3409 3353 3345 3337 3365 3150 3107 3366 3264 3506 3067 3010 3733 3316 3323 3300 3311 3020 3080 3320 3439 3423 3077 3587 2909 3273 2872 3291 2964 3342 3198 3537 3293 3486 3273 3115 3267 3429 3360 3669 3429 3402 3172 3186 3280 3559 2938 3132 3191 3480 3350 3642 3200 3442 3319 3500 3331 3120 3237 3121 3147 3632 3289 3234 3254 3077 3127 3043 3403 3098 3182 3336 3649 3389 2860 3048 3269 3168 3400 3526 3128 3139 3381 3090 3227 3445 3352 3194 3138 3232 3230 3330 3267 3041 3369 3426 3098 3442 3161 3256 3218 3498 2976 3034 3516 3328 2994 2994 3310 3248 
2966 3239 3426 3144 2871 3333 3141 3228 3105 3360 3057 3206 3714 2879 3100 3142 3305 3196 2826 3297 3251 3497 2922 3119 2983 3506 3317 2969 3004 3053 3042 3008 2797 3111 3517 3131 3297 3252 3139 2777 2875 3059 3021 3316 3286 3190 3364 3671 2872 3069 3487 3218 3538 3373 2875 3234 3047 3207 2853 3027 3319 3333 3273 2669 3286 2764 2838 3140 3208 2964 3441 3268 3287 3274 3463 3187 3312 3437 3061 2839 3191 3076 2898 3332 2972 2827 3108 3282 3481 3265 3110 3107 2858 3255 3318 3006 3267 3286 3207 3403 3154 3306 3221 2788 3025 3413 3153 3437 3097 3129 3022 3802 3551 2936 3028 2971 3445 2931 3350 2790 3475 3002 3192 3744 3300 2843 3034 2918 3103 3156 3486 3139 3223 2992 3210 3051 3595 2924 3263 2959 3026 3320 3337 3111 3177 3187 3069 3356 3084 3251 3203 2945 3652 3124 3331 3110 3370 2829 2979 3080 3116 3590 2990 3457 2940 3165 2939 3128 2901 3171 3050 3315 3433 3462 3249 2959 3202 3383 3182 3685 3427 3130 3059 2869 3103 3174 3065 3029 3144 3315 3413 3352 3119 3157 3290 3446 3173 3148 3246 3281 3161 3338 3240 3366 3226 2878 3031 3065 3230 2904 3150 3270 3410 3338 2938 2811 3106 3131 3283 3255 3085 3026 3215 3167 3247 3304 3254 2933 2891 3137 2976 3231 3068 2977 3037 3269 3212 3150 3044 3018 3195 3427 3196 2942 3631 3090 3102 2899 3346 3086 
3046 3349 3311 2905 3045 3408 3152 3161 3080 3203 3228 3010 3541 3036 3023 3194 3144 3379 3022 3127 3151 3527 3086 3304 3156 3408 3132 3001 2868 3050 3025 3020 2873 3200 3400 3132 3224 3151 2988 2823 2904 3041 3015 3176 3107 3162 3377 3390 3013 3279 3402 3300 3390 3368 3003 2893 3087 3317 3035 2937 3056 3231 3050 2646 3350 2991 2911 2919 3262 3242 3389 3242 3288 3188 3346 3251 3144 3402 3153 3095 2985 2971 3062 3159 2849 2881 3050 3246 3493 3046 3080 3236 2991 3019 3345 2881 3214 3250 3180 3509 3139 3336 3100 2791 2961 3235 2903 3211 3020 3001 2885 3402 3694 2943 2757 3042 3248 3196 3457 2902 3508 3094 2997 3749 3451 2891 3154 2810 3127 3099 3241 3146 2988 2827 3134 3305 3377 3072 3117 2889 3255 3291 3045 3260 2991 3214 3154 3401 2998 3315 3074 3065 3458 3135 3274 3164 3076 2902 3046 3130 3155 3202 2945 3179 2709 3341 2808 3169 2832 2988 3029 3276 3061 3469 2878 2960 2980 3249 3275 3415 3255 3232 3216 3092 3296 3341 2887 2938 3150 3240 3199 3253 3188 3234 3225 3515 3162 3245 3227 3217 3176 3360 3257 3259 3142 3015 2981 3161 2952 2862 3022 3372 3517 3256 2703 2663 3238 3062 3146 3542 2860 2895 3081 3079 3145 3411 3381 2842 3122 3131 3130 3195 3130 2765 3148 3195 3051 3338 3017 3070 3314 3376 3128 3243 3394 3089 2907 2870 3086 2985 
2765 3138 3090 2738 2771 3102 2915 2892 3064 3147 2713 3096 3369 2709 3018 2865 3056 2935 2611 3052 2781 3234 2819 2962 2701 3322 3021 2884 2524 2818 2925 2603 2698 2952 3192 2948 2899 2919 2551 2675 2804 3015 2837 2923 2979 2871 3005 3101 2529 3191 3103 2962 3166 3149 2823 2633 3044 2983 2645 2833 3019 2947 2928 2568 3144 2827 2741 2828 2967 2698 3196 2741 2723 3171 3085 2733 3115 3131 2855 2913 2973 2909 2914 2859 2553 2713 2831 2999 3142 2726 2796 2832 2544 2936 3083 2631 3206 3002 3029 3121 3101 2991 2677 2791 2896 3050 3049 3023 2872 2919 2670 3298 3279 2842 2605 2887 3205 2776 3039 2514 3246 2943 2926 3339 3129 2682 3001 2725 3012 2880 3024 3009 2655 2696 2781 2753 3239 2789 3082 2767 3059 3112 2951 2757 2956 2788 2831 2862 2968 3094 2674 2723 3091 2715 3182 2609 3080 2504 2687 2903 2936 3084 2777 3049 2594 3006 2589 2904 2756 2980 2723 2969 2974 3167 2708 2636 2691 3198 2979 3214 2993 2918 3064 2611 3142 2929 2635 2843 2802 2976 2853 3060 2885 3033 3215 3178 3147 2827 2856 2891 2907 2992 2777 3017 2839 2674 2702 2766 3006 2789 2932 2968 3144 2964 2799 2597 3023 2815 2995 2760 2626 3039 3046 2754 3127 3091 2999 2676 2740 2856 2801 3119 2973 2640 2812 2974 2713 3039 2753 2914 2964 3090 2821 2808 3123 2924 2902 2581 2869 2801 
3267 3585 3306 3202 2978 3419 3324 3315 3096 3336 3185 3154 3619 3178 3322 3191 3241 3264 2874 3231 3059 3536 3280 3235 3281 3535 3241 2966 3109 3161 3157 2940 3014 3395 3501 3142 3235 3173 2940 2947 3102 3373 2951 3400 3236 3265 3366 3561 3040 3312 3310 3237 3552 3745 3254 2990 3187 3421 3276 3111 3324 3233 3221 2734 3440 2826 2959 3092 3336 3172 3380 3258 3295 3182 3583 3094 3359 3482 3390 2925 3243 3156 3141 3319 2887 2801 3251 3424 3624 3077 3169 3090 2928 3091 3434 2819 3352 3051 3258 3394 3176 3434 3299 2724 2997 3144 3198 3397 3112 3226 3000 3408 3643 2991 2932 3132 3659 3052 3510 2799 3437 3238 3258 3561 3574 3090 3012 2724 3127 3168 3191 3155 2997 2893 3234 3037 3528 3020 3391 2972 3058 3286 2974 3129 3272 3340 3046 3074 3262 3566 3119 3047 3691 2994 3693 2999 3220 2975 3208 3203 3368 3462 3138 3420 2925 3194 2984 3235 2997 3338 3187 3365 3381 3217 3066 3025 3075 3430 3193 3559 3279 3383 3317 3387 3362 3180 2740 2857 3104 3247 3147 3506 3298 3228 3191 3767 3082 3178 3217 3298 3145 3366 3378 3401 3067 2991 3245 3217 3284 2989 3181 3436 3502 3260 2940 2975 3249 3093 3223 3503 3020 3051 3295 3209 3143 3404 3123 3205 2935 3122 3258 3346 3337 2990 3141 3480 3078 3594 3099 2740 3340 3412 3124 3111 3661 3104 3006 2911 3264 2891 
3340 3442 3656 3087 3104 3661 3478 3328 3442 3292 3115 3311 3703 3263 3096 3279 3475 3578 2862 3191 3332 3430 3210 3364 3158 3730 3365 3164 3088 3294 3130 3140 3044 3364 3472 3467 3248 3225 3138 2993 2774 3088 3080 3564 3397 3126 3442 3697 2957 3408 3303 3246 3476 3569 3162 3123 3111 3352 3157 3088 3382 3134 3290 2653 3319 3136 2998 3315 3395 3196 3540 3424 3401 3392 3537 3203 3352 3534 3360 3208 3363 3139 2922 3425 2955 3063 3033 3304 3509 3270 3022 3317 2988 3049 3391 2965 3378 3351 3474 3681 3177 3389 3178 3031 3211 3414 3206 3416 3171 3300 3201 3736 3655 3089 2825 3204 3338 3136 3623 2929 3538 3004 3281 3930 3483 2980 3021 2838 3393 3152 3495 3150 3409 2963 3253 3158 3615 3028 3527 3282 3227 3456 3132 3267 3397 3347 3141 3258 3412 3670 3057 2793 3703 3225 3437 3267 3136 3117 3086 3248 3124 3597 3097 3339 2850 3427 2967 3523 2962 3437 3279 3426 3515 3389 3087 3109 2983 3298 3398 3673 3526 3361 3394 3189 3357 3429 3020 3057 3326 3353 3411 3598 3214 3416 3044 3495 3214 3253 3089 3419 3215 3353 3369 3270 3214 3082 3212 3202 3343 3109 3239 3169 3238 3262 2965 2922 2979 3361 3451 3438 3186 3115 3239 3087 3260 3569 3453 3291 3279 3294 3256 3367 3192 3099 3219 3342 3083 3429 3141 3390 3368 3447 3233 3156 3735 3057 3212 3071 3312 2902 
3094 3258 3398 2885 2981 3233 3118 3076 3185 3230 3223 3206 3557 2962 3100 3193 3368 3143 3021 3106 3125 3605 3298 3210 2921 3527 3220 3022 3089 3107 3212 3296 2858 3190 3463 3214 3071 3151 2979 2957 2877 3269 2852 3464 3377 3065 3369 3626 2980 3102 3336 3013 3602 3542 2884 3208 3136 3192 3052 3070 3137 3217 3087 2767 3413 2857 3063 3197 3205 3272 3189 3607 3261 3332 3435 3053 3391 3523 3061 3034 3276 3126 3079 3047 3074 2853 3189 3280 3503 3299 2911 3064 2875 3163 3206 2950 3423 3068 3318 3538 3096 3483 3276 2878 3070 3324 3111 3321 3140 3089 3106 3621 3478 2957 2714 3228 3483 2937 3543 2758 3535 3415 3210 3637 3431 2796 3024 2749 3119 3186 3372 2989 3042 2808 3196 3051 3568 2946 3356 3091 3108 3294 3013 3245 3177 3082 3156 3355 3286 3346 3298 2748 3535 3252 3272 3076 3209 3065 3340 3255 3176 3307 2856 3504 2944 3345 2846 3181 2784 3048 3195 3504 3214 3439 2829 3096 3122 3137 3246 3560 3265 2974 3245 3189 3336 3274 2995 3054 3082 3398 3180 3404 3092 3340 3266 3458 2987 3246 3153 3219 3195 3178 3153 3152 3307 3075 3044 3065 3268 2962 2987 3155 3246 3291 2947 2749 3115 3283 3083 3337 2966 2846 3374 3270 3133 3241 3297 3101 3174 3076 3075 3124 3024 3068 3180 3182 2873 3332 2962 2878 3303 3217 3103 2894 3534 2845 3232 2896 3073 3038 
2929 3354 3241 3074 2753 3074 3120 3002 3009 3099 2956 2999 3571 2782 2860 2963 3187 3325 2715 3169 2926 3396 3117 3054 2903 3069 3110 2899 2708 3062 2825 2807 3060 3253 3203 3119 3105 3037 2734 2903 2983 3078 2652 3042 3180 2988 3291 3409 2847 3263 3196 3055 3236 3118 3048 2778 3007 3172 2892 2964 3034 3154 3173 2643 3200 2815 2938 2850 3071 2784 3452 3155 3083 3056 3195 3066 2957 3380 2982 2867 3044 2959 2925 3142 2848 2744 2804 3300 3388 3004 2899 2974 2752 2761 3220 2755 3294 3118 3026 3287 3142 3165 3039 2589 3006 3020 3070 3239 2975 3039 2757 3291 3748 2692 2820 3010 3357 2974 3215 2822 3278 3027 3076 3644 3325 2778 2865 2767 2962 3164 3154 3085 3045 2712 2961 3357 3321 2861 3181 2692 2960 3088 3164 2880 3046 2941 2730 3255 3050 3414 2950 2931 3236 2959 3349 2775 3174 2694 2776 3054 3206 3178 2748 3204 2800 3301 2782 3074 2780 2801 2891 3435 3075 3336 2908 2886 2916 3239 3167 3444 3257 3040 3185 2864 3016 3126 2623 3096 2859 3162 3078 3146 3023 3114 3025 3437 3015 2979 3034 2932 3029 3282 3065 3026 3042 2907 2806 3069 3254 2657 2902 3208 3088 3181 2717 2785 2957 2866 2980 3200 2955 2765 3186 2900 2996 3154 3108 2895 2738 3130 2878 3150 3118 2844 3040 3068 2940 3091 2798 2895 3213 3209 2946 2847 3318 3106 2839 2717 3012 2762 
2892 3026 3206 2831 2675 3173 3047 2872 2861 3108 3041 3231 3337 2890 2916 2822 3086 3264 2830 2992 2908 3255 3084 3039 3050 3257 2973 2699 2790 2837 3054 2816 2886 2976 3176 2941 3026 2972 2748 2817 2805 3083 2737 3058 3012 3051 3139 3358 2727 3065 3078 3221 3439 3299 3018 2869 2987 3049 2736 2975 3140 3177 3036 2547 2977 2731 2724 2696 3073 2974 3209 3259 3082 3118 3110 2915 3274 3052 3090 2853 2949 3005 2813 2915 2770 2477 2990 3115 3247 2921 2912 2846 2737 2877 3075 2543 3089 2963 2971 3187 2974 3112 3104 2554 2811 2835 3137 3147 2950 2916 2814 3193 3301 2645 2680 2910 3243 2922 3128 2561 3229 3042 2816 3221 3317 2688 2932 2658 3055 2946 3216 2912 2903 2689 2837 3006 3221 2735 3112 2767 3031 3067 3007 2910 3031 3083 2805 3139 3073 3110 2887 2583 3247 2957 3243 2791 2908 2628 2863 3205 3245 3166 2779 3197 2749 3000 2570 2888 2732 3091 2933 3266 2931 3301 2775 3171 2809 3057 3016 3157 3158 2957 3221 3001 2998 3106 2701 2922 2971 3149 3023 3293 3034 3016 3046 3341 2969 2903 3246 2943 2956 3154 2831 3122 2767 2774 2781 2921 3147 2730 2993 3101 3262 3107 2605 2657 3118 2887 3036 3265 2847 2750 3143 2664 2939 3195 2951 2895 2930 2872 3004 3112 2909 2845 2941 2935 2898 3152 2784 2932 3269 3110 2864 2671 3392 3008 2801 2858 2715 2868 
3377 3350 3482 3198 2925 3424 3344 3366 3313 3249 3090 3366 3560 3256 2956 3136 3307 3405 3000 3144 3158 3773 3179 3436 3257 3568 3328 2878 3038 3215 3064 3003 3108 3349 3655 3279 3437 3310 3041 3100 2873 3252 3062 3324 3431 3197 3314 3705 3246 3397 3538 3153 3820 3544 3285 3190 3271 3255 3116 3234 3190 3366 3186 2563 3422 2958 2937 3054 3282 3391 3402 3461 3252 3147 3482 3224 3159 3478 3314 2920 3235 3127 3123 3366 3135 2870 3136 3224 3621 3047 3239 3161 2960 3269 3366 2938 3472 3340 3295 3619 3479 3373 3251 2993 3033 3259 3301 3400 3193 3337 3056 3558 3684 3047 2959 3138 3524 3296 3585 2821 3645 3292 3100 3755 3640 3012 3086 2781 3038 3170 3398 3014 3114 3096 3133 3205 3635 3137 3529 3012 3546 3360 3269 3106 3260 3455 3308 3393 3434 3589 3327 3023 3497 3201 3489 3181 3204 3024 3224 3208 3563 3354 3141 3322 2826 3241 2814 3347 3015 3307 3222 3525 3312 3452 3112 3185 3190 3355 3437 3541 3258 3322 3214 3415 3166 3429 2900 3284 3126 3471 3317 3526 3394 3283 3224 3619 3376 3245 3122 3298 3257 3367 3394 3307 3330 3144 3011 3113 3200 3003 3278 3485 3466 3322 2981 3019 3315 3093 3212 3398 3119 2990 3513 3224 3411 3468 3278 3172 3085 3258 3184 3135 3188 2941 3188 3313 3076 3499 3109 2963 3346 3517 3189 3251 3427 3302 3322 3075 3306 2981 
3053 3307 3309 3008 2892 3334 3069 2982 2899 3271 3009 3268 3479 2975 3120 3090 3089 3319 2800 3161 2919 3437 2939 3215 3124 3356 3075 3007 2877 2868 3000 2755 2868 3257 3313 2853 3161 3042 2903 2979 2777 2936 3086 3358 3129 3286 3112 3523 3011 3329 3194 3087 3493 3570 3083 2911 3321 3207 2842 2847 3211 3142 3181 2361 3312 2793 2829 2805 3250 3065 3255 3195 3105 3137 3411 3102 3212 3428 3137 2917 2983 2995 2984 3243 2767 2767 2941 3107 3369 2945 3155 2991 2874 3135 3216 2856 3287 3107 3074 3245 3201 3334 3202 2785 2971 3121 3051 3492 3222 3104 2924 3547 3712 2911 2940 3029 3340 2853 3500 2838 3268 3240 3070 3600 3263 2876 2894 2749 3089 3014 3151 2900 2863 2792 3151 2975 3388 3047 3350 2971 3357 3209 3064 3039 3136 3158 2880 3028 3241 3386 3050 2823 3281 2906 3350 2794 3100 2696 2885 3055 3059 3246 2922 3299 2645 3123 2978 2940 2822 3215 3229 2987 3094 3338 3029 2995 3191 3291 3201 3290 3187 3224 3231 3111 3217 2958 2878 2890 2900 3164 3045 3450 3148 3128 3184 3351 3057 3024 3055 3388 2969 3367 3077 3136 2956 2920 2928 3053 3166 2798 3196 3297 3470 3474 2675 2777 2950 2968 3070 3253 3078 2965 3170 2771 3205 3301 3151 2955 3165 2997 3198 3147 2998 2780 3254 3113 2861 3236 2971 2998 3088 3307 3184 3103 3426 3093 3005 2774 3193 2888 
3317 3494 3302 3091 2813 3357 3197 3076 3198 3206 3133 3259 3708 2996 3203 3170 3241 3168 2917 3151 3133 3438 3281 3298 2842 3478 3135 3014 3005 2970 3025 3132 3074 3270 3336 3061 3058 3110 3107 2946 2851 3110 2905 3215 3276 3348 3183 3500 2941 3176 3340 3147 3336 3343 3088 3020 3077 3202 2860 2990 3300 3108 2964 2581 3424 2927 2961 3117 3214 3071 3290 3157 3000 3356 3335 3145 3151 3341 3259 3076 3034 2997 2857 3315 2901 2856 3044 3276 3500 3064 2880 3135 2840 3074 3381 2759 3343 3115 3150 3321 3215 3164 3106 2866 2973 3294 3095 3178 3038 3208 2827 3317 3561 3015 2781 2967 3390 3023 3457 2825 3353 3054 3097 3751 3269 2965 3190 2701 3148 2791 3336 3117 3286 3063 3274 2804 3505 2997 3375 3104 3317 3339 3116 3062 3135 3262 3088 3031 3109 3421 3086 2708 3468 2947 3281 2882 3140 2797 2977 3217 3137 3414 2913 3292 2824 3035 2718 3299 2928 3145 2971 3320 3305 3335 3151 2986 2985 3211 3104 3541 3286 3219 3132 3199 3070 3127 2914 2986 3013 3149 3229 3340 3175 3159 3001 3482 3334 3059 3067 3072 3112 3334 3188 3131 3102 2926 2990 3104 3332 2894 3125 3221 3057 3312 2909 2781 3071 3248 3200 3316 3047 3136 3294 3030 3205 3246 3116 3019 3006 3180 3104 3246 3195 2821 3231 3210 3140 3157 3159 3266 3192 3305 3173 3043 3386 3189 3044 2802 3161 2777 
2864 2926 2999 2902 2354 2874 2791 2930 2839 2896 2824 2995 3174 2626 2733 2908 2888 2958 2633 2789 2809 3267 2870 3019 2863 3097 2931 2519 2699 2786 2757 2842 2674 2846 2936 2916 2912 2817 2400 2621 2568 2901 2472 2878 2839 2785 2996 3020 2592 2992 3209 2873 3060 3094 2771 2834 2935 2757 2629 2646 2777 3016 3043 2205 3108 2836 2579 2818 2848 2804 3056 2897 2938 3059 3091 2647 2858 3096 2876 2648 2698 2587 2584 3010 2604 2364 2777 2990 3194 2519 2913 3067 2541 2753 2887 2540 2878 2714 3070 2984 2886 2943 2741 2439 2860 2995 2709 2939 2745 2836 2699 3167 3374 2764 2575 2782 3043 2622 3082 2559 3237 2838 2763 3344 3082 2625 2833 2565 2661 2871 2989 2611 2659 2743 2887 2836 3192 2743 3013 2673 2866 3097 2891 2687 2713 2874 2602 2948 2932 3110 2657 2708 3021 2765 2961 2738 2799 2447 2786 2954 2912 2912 2821 3032 2485 2850 2771 2882 2468 2721 2659 2944 2740 3038 2540 2722 2577 3008 3034 3086 2986 2873 2747 2692 3109 2803 2490 2896 2772 2937 2899 2763 2905 2924 3016 3195 2942 2705 3105 2819 2647 2815 2956 2876 2682 2704 2633 2704 2910 2709 2835 2784 2999 3076 2661 2498 2783 2700 2925 2871 2596 2854 2999 2763 2948 2967 2803 2698 2623 2732 2761 2842 2883 2621 2802 2915 2520 2813 2514 2684 2828 3139 2923 2818 3120 2839 2828 2379 2938 2745 
2895 3261 3098 3104 2875 3395 2925 3128 3055 3091 2913 2931 3346 3072 2856 3041 3221 3136 2623 2944 3005 3284 2824 2954 2784 3285 2862 2924 2723 2992 3014 2972 2757 3082 3277 2919 3221 2986 2946 2734 2697 3019 2752 2984 3139 2885 3158 3381 2832 2990 3149 3047 3269 3199 2970 2774 2909 3250 2631 2889 3311 3045 2911 2526 3073 2793 2794 2990 2982 2768 3480 3150 3103 3061 3226 2965 3069 3092 3176 2995 2994 2865 2834 3410 2772 2697 2947 2981 3344 2913 2894 2848 2701 2867 3090 2625 3130 3021 2852 3349 2964 3079 2972 2632 3022 3216 2945 3174 3281 3075 2859 3280 3489 2757 2718 2991 3267 3092 3205 2512 3189 2962 2869 3559 3202 2597 3007 2514 3106 2930 3110 3051 2951 2805 3030 3103 3263 2957 3118 2809 2943 3104 2875 2940 3074 3010 2830 3187 2882 3266 2967 2888 3113 3178 3137 2903 3210 2864 3047 3097 3118 3190 2802 3132 2687 3239 2780 3173 2817 2928 2985 3078 2972 3245 2906 2941 2891 3146 3244 3255 3305 3001 3273 2885 3190 3042 2633 3018 2898 3259 3176 3161 3135 3033 3145 3318 3197 2809 2899 3009 3118 3366 2920 2897 2978 2827 3013 2954 2880 2805 2943 3099 3253 3234 2825 2605 2969 2869 3186 3116 3037 2861 3145 2913 3082 3272 3107 2697 2883 3109 2951 3107 3156 2810 3111 3058 2955 3303 2913 2929 3136 3312 3003 2828 3281 2931 3207 2968 3121 2852 
2767 3014 3175 2719 2698 2840 2886 2787 2759 2897 2811 2690 3362 2646 2720 2557 2960 2950 2683 3044 2760 3109 2670 2980 2861 2946 2947 2658 2564 2687 2736 2736 2790 3043 3120 2747 2885 2678 2713 2691 2414 2953 2659 3022 2729 2808 2923 3048 2680 3071 2880 2661 3181 3232 2664 2549 2780 2883 2704 2715 2918 2959 2923 2410 2978 2613 2598 2729 3093 2803 2857 2899 2784 2917 2889 2838 3070 3206 2939 2620 2622 2761 2633 2852 2519 2497 2615 2504 3005 2769 2581 2869 2534 2898 2870 2517 2947 2886 2910 3179 2841 2958 2854 2445 2766 2745 2808 2942 2842 2870 2649 3143 3436 2555 2524 2766 3022 2841 3127 2583 3102 2772 2884 3129 3081 2790 2959 2457 2786 2661 2907 2676 2817 2732 2891 2795 3108 2553 2909 2862 3164 3008 2845 2851 2832 2989 2763 2878 3066 3214 2743 2510 3214 2658 3125 2807 2755 2501 2562 2871 2791 2959 2702 2931 2541 2774 2424 2786 2692 2989 2786 2963 2844 3063 2801 2507 2691 3091 2920 3184 2953 2862 2762 2742 2733 2720 2728 2676 2494 2898 2960 3106 2848 2713 2842 2995 2944 2913 2739 2805 2863 3029 2966 2810 2986 2671 2678 2591 2924 2605 2767 2996 2789 2883 2610 2634 2629 2715 2782 2825 2630 2807 2850 2671 2826 3001 2638 2498 2610 2784 2735 2972 2724 2672 2934 2817 2624 2924 2846 2723 2930 3045 2901 2820 2922 2779 2630 2661 2898 2755 
2769 2785 2699 2638 2234 2852 2683 2639 2468 2528 2660 2683 3130 2552 2606 2698 2785 2812 2510 2776 2623 3056 2604 2675 2615 3066 2737 2620 2573 2498 2575 2580 2568 2724 3042 2672 2726 2775 2553 2430 2352 2712 2437 2764 2624 2780 2896 2999 2541 2771 2940 2596 2859 2942 2639 2601 2662 2705 2463 2572 2597 2531 2778 2304 2893 2461 2516 2625 2650 2587 2731 2740 2539 2809 2749 2707 2875 2892 2729 2529 2834 2779 2628 2957 2452 2306 2716 2730 3037 2643 2420 2766 2518 2554 2861 2278 2801 2689 2769 2947 2582 2653 2763 2423 2506 2827 2674 2728 2414 2518 2270 2871 3109 2465 2439 2406 2840 2562 2871 2255 2971 2723 2644 3035 2715 2499 2683 2439 2600 2701 2802 2557 2602 2463 2705 2537 2791 2596 2775 2494 2556 2786 2581 2609 2634 2817 2760 2692 2815 2809 2551 2437 2888 2602 2866 2544 2527 2354 2609 2896 2688 2798 2525 2602 2340 2674 2362 2741 2418 2765 2560 2721 3097 2802 2549 2521 2452 2933 2735 3174 2755 2828 2750 2709 2770 2710 2448 2516 2693 2738 2833 2737 2832 2751 2621 2922 2550 2668 2861 2665 2605 2649 2898 2913 2658 2596 2659 2501 2692 2615 2689 2659 2706 2693 2477 2582 2765 2626 2856 2897 2512 2570 2892 2730 2669 2740 2624 2659 2561 2621 2707 2782 2743 2447 2697 2825 2738 2672 2649 2548 2714 2718 2690 2573 2970 2722 2693 2538 2666 2435 
3329 3356 3504 3262 3030 3651 3566 3512 3281 3382 3406 3328 3770 3097 3189 3211 3484 3697 2940 3115 2928 3804 3320 3396 3245 3759 3320 3180 3091 3353 3090 3009 3182 3458 3677 3230 3407 3457 3138 3153 2896 3301 3123 3389 3348 3358 3660 3633 3006 3406 3457 3312 3668 3662 3151 3138 3298 3528 3029 3110 3428 3193 3293 2782 3441 3225 2978 3247 3379 3340 3768 3553 3368 3685 3644 3319 3379 3603 3254 3176 3307 3096 2986 3348 3031 2827 3103 3075 3779 3179 3268 3334 2931 3251 3579 3092 3362 2984 3172 3505 3343 3361 3526 2951 3318 3368 3103 3372 3260 3349 2994 3672 3703 2953 2918 3140 3457 3288 3711 2972 3640 3376 3430 3797 3527 3237 3362 2982 3485 3131 3620 3402 3089 3167 3446 2981 3728 3411 3591 3149 3427 3493 3088 3394 3573 3172 3148 3494 3498 3520 3201 3089 3612 3223 3598 3061 3469 3081 3299 3308 3198 3471 3249 3467 2977 3380 2909 3447 3012 3202 3452 3693 3528 3482 3162 3214 3158 3452 3426 3728 3418 3466 3509 3311 3539 3299 3007 3285 3301 3604 3430 3506 3416 3205 3372 3660 3465 3319 3181 3410 3251 3494 3500 3477 3374 3006 3152 3124 3091 3072 3488 3494 3634 3654 3017 2887 3211 3372 3340 3542 3261 3193 3244 3127 3436 3420 3280 3061 3173 3376 3426 3550 3652 3100 3247 3487 3223 3364 3158 3452 3460 3576 3424 3193 3631 3137 3268 3168 3482 3084 
2880 3225 3251 3071 2723 3406 3022 2933 3001 3243 2993 3257 3180 2819 3210 3081 3110 3213 2620 3144 2832 3409 2986 3173 2806 3518 3161 2918 2913 3030 3045 2668 2878 3058 3266 2999 2990 3076 2933 2904 2829 3052 2913 3020 3237 2991 3302 3458 2640 3094 3130 3125 3338 3338 3000 2938 3054 3197 2828 3110 3155 2878 3160 2605 3063 2773 2836 2924 2902 3144 3414 2950 2971 3275 3307 3078 2969 3379 3163 2917 3247 2871 2963 3072 2897 2698 2990 2955 3375 2995 3084 2938 2833 3063 3207 2762 3166 2896 2969 3244 3000 3053 2963 2693 2874 3147 3022 2916 2990 3121 2549 3212 3539 2878 2977 2893 3376 3143 3373 2634 3301 3002 3096 3546 3226 2900 2893 2677 2982 3102 3043 3115 2998 2695 2829 2883 3367 2946 3216 2785 2981 3139 2966 3033 3055 2822 2888 3223 2927 3358 3092 2680 3202 2529 3398 2852 3215 2623 3076 3054 3108 3189 2966 3139 2650 3191 2685 3217 2926 2890 3066 3187 3281 3109 2895 2822 2948 3291 2869 3397 2979 3187 2998 2871 3113 3024 2531 2783 2819 3095 2996 3270 3050 3158 2983 3367 3207 2883 2840 3022 3311 3270 3142 3167 2937 2866 2840 2857 3161 2727 2982 3345 3155 3050 2900 2791 2912 3005 3012 3217 2866 2868 3027 2856 3081 3225 2958 2840 2813 3102 3013 3160 3362 2656 3105 3167 2836 3181 2877 3090 3148 3166 3061 2950 3328 3052 2741 2826 3170 2850 
3030 3392 3524 3169 2929 3182 3238 3180 2957 3080 2933 3118 3566 2958 3019 3263 3336 3375 2876 2981 2906 3358 2985 3016 2985 3344 3131 2825 3069 3180 3033 3157 3081 3406 3605 3005 3021 2987 2947 2727 2696 3282 2832 3306 3371 2963 3301 3370 2927 3037 3122 3023 3363 3385 2924 2932 2972 3088 2835 2788 3099 3081 3184 2613 3249 2791 2887 2981 3175 3031 3239 3065 2966 3087 3310 2825 3358 3383 3115 2944 3307 3116 3078 3177 2913 2789 2911 3157 3419 3027 2934 2989 2759 2817 3115 2683 3111 3135 3161 3678 3075 3158 3067 2764 2884 3204 3249 3131 3058 3121 2890 3505 3627 2998 2809 3064 3432 2950 3449 2667 3516 2999 3059 3439 3403 2963 3092 2784 3114 3121 3186 2962 2997 2808 3110 3096 3561 3010 3304 2798 3162 3253 3145 3155 2967 3093 3152 3276 3242 3383 3210 2787 3288 3042 3231 3065 3119 2722 3139 3116 2983 3314 3068 3332 2855 3278 2675 3010 2745 3073 3027 3290 3029 3370 2840 3124 2873 3170 3217 3352 3131 3072 3133 2971 3146 3246 2862 2921 2895 3314 3262 3302 3033 3294 3071 3455 3102 2877 3068 3040 3164 3308 3311 3048 3225 3025 2946 2970 3169 2985 3085 3140 3063 3315 3028 2924 3060 3063 3078 3209 3053 2916 3314 3193 3244 3341 3003 2956 3083 2938 2923 3081 3059 2701 3242 3074 2816 3201 2939 3045 3161 3307 3055 2891 3588 3175 3105 3018 3145 2934 
2817 3035 2887 2884 2725 3181 2962 3080 2957 3067 2748 2878 3390 2756 2627 2859 3069 3069 2531 2942 2790 3086 2820 2898 2919 3351 3019 2837 2572 2978 2707 2849 2728 2895 3142 2946 2906 2875 2610 2562 2601 2995 2548 3181 2913 2836 3084 3242 2704 2994 3054 2954 3161 3150 2897 2883 2851 2750 2702 2838 3085 2811 2863 2462 2917 2740 2763 2994 2828 2963 3354 2956 2889 2796 3379 2801 3151 2901 2923 2780 2817 2819 2969 3078 2570 2704 2928 2922 3278 2823 2700 2938 2627 3008 3071 2471 2963 2964 2877 3434 2870 3031 2948 2622 2775 2955 2973 3072 2982 2865 2685 3250 3318 2667 2565 2608 3204 2723 3271 2429 3170 2760 2904 3265 3154 2712 2862 2676 2936 2994 3090 2851 2778 2562 2766 2761 3075 2902 2959 2773 2989 3003 2934 2921 3015 3064 2754 3026 2991 2911 2676 2665 3156 2700 3191 2688 2924 2669 2820 2923 2830 3120 2882 3055 2610 2947 2546 3118 2627 3092 2918 3138 3089 3056 2657 2736 2887 3216 3001 3534 3044 2919 2870 2928 3042 2946 2677 2714 2857 2976 2948 3105 2838 3154 2920 3327 2870 2850 2917 2983 3088 3046 2968 2883 2867 2757 2875 2758 2875 2859 2924 2816 2991 2803 2688 2537 2787 2941 3022 2897 2600 2662 2964 2921 2923 3059 2822 2699 2747 2930 2812 3104 2935 2619 2854 3025 2886 3213 2860 2843 3063 3204 3123 2678 3139 2841 2805 2690 2923 2872 
2998 3617 3436 3142 2791 3370 3299 3244 3086 3358 3060 3403 3792 2985 3055 3254 3396 3275 2883 3139 3262 3562 3278 3319 3221 3648 3257 2992 3153 3245 3142 3245 2961 3178 3688 3344 3083 3330 3132 2948 3077 3199 2942 3519 3387 3195 3539 3744 3084 3229 3262 3353 3673 3396 2988 3191 3052 3235 3062 3055 3276 3260 3227 2673 3323 2795 3072 3301 3129 3125 3611 3478 3239 3163 3519 3096 3399 3399 3167 3076 3291 3130 3158 3282 2853 2741 3166 3528 3656 3078 3115 3141 2889 3272 3194 3079 3256 3243 3296 3537 3471 3452 3353 2910 3136 3255 3209 3270 3191 3346 2874 3572 3565 3045 2949 3098 3643 3232 3509 2961 3641 3373 3368 3722 3478 3075 3049 3038 3180 3439 3366 3191 3157 3007 3058 3076 3523 2932 3285 3005 3127 3218 3378 3188 3216 3343 3251 3543 3208 3356 3242 3147 3570 3230 3347 3093 3365 2908 3296 3400 3357 3481 3187 3300 2928 3284 2950 3268 2840 3210 2978 3417 3289 3319 3066 3209 3234 3445 3138 3540 3272 3173 3177 2981 3293 3410 2934 3109 3106 3316 3283 3400 3390 3147 3313 3498 3226 3085 3193 3278 3286 3277 3368 3362 3317 3077 2984 3036 3199 3037 3098 3395 3255 3411 2930 2989 3303 3162 3283 3330 3025 3147 3447 3183 3293 3423 3207 3160 3138 3261 3253 3063 3322 3048 3007 3266 3014 3402 3119 3029 3379 3480 3118 3110 3697 3145 3201 3116 3502 3089 
2813 2862 2919 2738 2480 2941 2881 2794 2836 2960 2637 2821 3025 2776 2552 2702 2825 3008 2372 2704 2734 3076 2874 2848 2670 3014 2885 2612 2546 2759 2798 2552 2675 2843 3037 2900 2843 2715 2786 2637 2448 2642 2704 2922 3042 2680 2921 2935 2530 2723 2917 2789 2919 3091 2768 2468 2678 2833 2653 2603 2820 2859 2737 2250 2889 2606 2483 2543 2949 2600 2904 2853 2713 2839 3225 2694 2751 2988 2825 2651 2822 2702 2632 2958 2526 2624 2704 2968 3081 2665 2718 2804 2532 2735 2800 2447 2866 2717 2873 3031 2887 2760 2858 2459 2737 2948 2689 3025 2656 2720 2587 3139 3232 2555 2391 2713 3086 2795 2935 2429 3110 2786 2626 3150 2870 2567 2493 2444 2812 2785 2859 2576 2587 2793 2847 2603 3165 2538 2947 2561 2695 2848 2886 2500 2782 2891 2643 2829 2670 3060 2852 2551 2873 2653 3030 2675 2708 2575 2755 2669 2778 3106 2892 3046 2464 2868 2477 2813 2564 2806 2668 2815 2910 2928 2664 2770 2751 2927 2918 2975 2864 2827 2953 2822 2893 2689 2232 2586 2728 3023 2891 3060 2739 2905 2829 3170 2763 2756 2791 2887 2731 2991 2852 2777 2713 2688 2721 2609 2618 2640 2866 2943 3018 2797 2687 2706 2854 2826 2924 2812 2525 2820 2919 2902 2947 3071 2835 2670 2606 2730 2696 2962 2770 2708 2622 2917 2661 2791 2607 2657 3034 2978 3038 2737 3116 2745 2864 2630 3026 2607 
2843 3026 2958 2735 2560 2973 2878 2909 3092 2888 2922 2940 3389 2748 2892 2875 2935 3008 2460 2858 2732 3089 2925 3103 2709 3169 2860 2681 2655 2760 2884 2620 2703 2728 3204 2950 2599 2703 2474 2490 2478 2729 2690 2907 2752 2860 3197 3165 2670 2933 3061 2883 3051 3174 2698 2735 2749 3055 2713 2946 3261 2818 2936 2445 3144 2734 2691 2785 3051 2841 3082 3052 2874 3247 3085 2614 3202 3161 2942 2787 2942 2834 2995 2814 2715 2402 2881 2871 3130 2602 2757 2797 2646 2840 2906 2589 3207 2701 2917 3071 2808 2968 2910 2567 2808 3006 2967 2994 2853 2745 2685 3256 3172 2651 2736 2882 2992 2747 2944 2480 3078 3007 2910 3426 3116 2653 2688 2635 3162 2848 3084 2766 2713 2873 2821 2632 3026 2635 3120 2719 2755 3063 2676 2906 2892 2899 2598 3094 2933 3261 2745 2542 3268 2793 3180 2714 2848 2636 2923 2840 2915 3202 2653 3131 2574 3007 2684 2900 2625 2811 2811 2969 2794 3038 2669 2761 2797 3060 3097 3116 2954 2957 3050 2808 3013 2780 2444 2729 3006 3050 3005 2937 2933 2851 2776 3247 2731 2924 2917 2899 2713 3033 2873 3031 2814 2627 2752 2791 2985 2585 2682 2961 3002 3136 2628 2458 2819 2911 2991 3085 2660 3014 2979 2813 2813 3061 2957 2636 2855 2790 2690 3192 2913 2742 2898 3010 2686 3096 2651 2740 2918 2982 2754 2653 3171 2728 2833 2631 3098 2681 
2986 3338 3409 3035 2942 3416 3374 3298 3028 2959 3000 3146 3577 3031 2954 3136 3390 3357 2857 3184 2961 3409 3195 2909 3058 3379 3099 3088 2794 3267 3003 3005 2794 3355 3346 3148 3301 3383 2799 2782 2923 3083 2739 3213 3283 3122 3141 3555 2763 2996 3260 3192 3349 3307 3067 2800 3080 3128 2735 2770 3122 3117 3107 2633 3166 2692 2899 3080 3228 3089 3360 3192 3078 3033 3499 3054 3281 3122 3016 3052 3108 3066 3067 3141 2871 3019 2985 3347 3406 3057 2985 3147 2768 3112 3179 2808 3129 3078 3194 3456 3029 3225 3018 2913 2905 3191 3090 3214 3162 3223 2923 3497 3507 2886 2716 3038 3590 2867 3332 2879 3465 2992 3008 3430 3196 2832 3217 2743 3133 3012 3372 3102 2848 2841 3030 2958 3431 3125 3350 2785 3224 3236 3143 3091 2904 3055 3173 3170 3143 3162 2978 2758 3390 2795 3221 2970 3360 2960 2910 2990 3163 3390 3047 3338 2568 3074 2620 3081 2898 3113 3212 3241 3239 3250 2972 3058 2907 3217 3132 3382 3190 3154 3249 3157 3221 3196 2931 2850 3066 3115 3313 3439 3140 3110 3087 3565 3128 2973 3144 3123 3207 3328 3152 3236 3182 2911 3075 2976 3285 2943 3105 3184 3288 3244 2793 3031 3124 3284 3151 3169 2966 3083 3239 3033 3477 3026 3117 2764 2977 3087 3146 3111 3190 2850 2791 3206 2970 3236 3058 3040 3309 3195 3240 3013 3503 3017 2876 2823 3202 2787 
2897 3231 2818 2850 2726 3133 2860 2574 2772 2971 2644 2881 3289 2561 2806 2884 2836 3022 2573 2915 2978 3261 2833 2862 2833 3331 2973 2829 2787 2772 2957 2700 2715 2864 3235 2826 3011 2915 2700 2474 2538 2966 2649 2932 2716 2700 3252 3039 2537 3089 3130 2617 2955 3215 2809 2789 2798 2967 2651 2649 2938 2945 2966 2371 2840 2914 2494 2854 2882 2718 3383 2827 2960 3142 3090 2781 2972 2929 2926 2587 2760 2818 2688 3060 2622 2434 2848 2769 3301 2849 2806 3027 2557 2965 2880 2346 3066 2908 3018 3066 2770 2778 2892 2455 2756 2831 2748 2911 2839 2852 2591 3168 3467 2726 2606 2785 3091 2922 3087 2273 3001 2836 2763 3241 3071 2645 2748 2534 2827 2802 2944 2758 2698 2595 2914 2794 2959 2732 2926 2481 2797 3055 2718 2727 2766 2704 2852 3028 2867 3238 2608 2601 3092 2754 3117 2700 2845 2629 2816 2981 3075 3024 2774 2851 2499 2817 2603 3058 2557 2862 2674 2873 3092 3043 2911 2699 2717 3111 2931 3141 2989 3093 2988 2773 3107 2907 2574 2594 2726 2834 3095 2892 3011 2923 2969 2914 2837 2777 3023 2847 2945 3002 2864 2972 2900 2707 2631 2741 3034 2797 2968 2878 2906 2892 2622 2512 2794 2864 2886 2839 2605 2892 3126 2641 3002 3104 2762 2658 2418 2929 2887 2975 2930 2731 2794 2869 2750 3011 2696 2883 2937 3212 2887 2761 3154 2946 2623 2693 2806 2541 
2973 3067 3203 2980 2746 2978 3003 2994 2890 3311 2870 3167 3237 2903 2868 2860 3027 3140 2562 2939 2714 3141 2754 2993 2920 3260 3022 2660 2595 2986 2594 2728 2807 2945 3269 2922 2921 3055 2652 2682 2445 2649 2835 3146 2987 2841 3187 3404 2644 2953 2909 3123 3193 3057 2781 2757 2906 2919 2727 2787 3109 2907 2945 2402 3131 2597 2732 2785 2956 3021 3109 2960 2857 3017 3016 2794 3078 3165 2885 2701 3098 2744 2958 2897 2587 2806 2813 2836 3094 2878 2926 2762 2620 2955 2981 2551 3128 2815 3107 3219 3029 3260 3006 2749 2646 2895 3060 3139 2838 3121 2841 3241 3274 2742 2693 2668 3158 2787 3165 2636 3282 2995 2852 3417 3275 2838 3020 2681 2940 2947 3024 2865 2738 2797 2809 2786 3252 2737 3222 2894 3029 2923 2850 3034 3045 2884 2824 3068 2962 3215 2975 2814 3111 2848 3257 2769 3102 2563 2788 3003 2973 3180 2763 3127 2670 3059 2729 3025 2718 2766 2917 3272 3195 3162 2641 2809 2701 3143 2850 3353 3020 3018 3152 2977 2981 2987 2849 2871 2624 2961 2806 3286 2735 2926 2923 3298 3135 3171 2929 3165 2867 3074 3048 3045 3083 2678 2883 2671 2887 2635 3075 3006 3124 3018 2619 2678 2870 2903 2940 2964 2792 2805 2912 2861 3018 3036 3038 2948 2942 2843 2941 3190 2969 2760 2959 2967 2746 3059 2659 2893 3072 3199 3008 2762 3162 2980 2915 2596 3210 2639 
2966 3263 3241 2891 2655 3272 3133 3141 2888 3201 2930 3093 3499 2839 3057 2997 3326 3240 2984 3041 2897 3317 2998 3038 2759 3256 2970 2927 2858 2946 2952 2843 2873 3011 3282 2994 2872 2792 2886 2778 2737 3035 2881 3266 2879 3105 3231 3366 2681 3022 3226 2911 3290 3247 3032 2871 3012 2897 2649 2791 3150 2983 3028 2512 3133 2646 2873 3050 2906 2995 3340 2981 2944 3183 3123 3021 3228 3259 3138 2869 3121 2996 2870 3102 2783 2630 2987 3077 3290 3079 2735 2973 2775 3019 3044 2652 3232 3053 3078 3186 2917 2937 3241 2631 2792 3059 3037 3051 2871 3018 2693 3336 3287 2745 2654 2667 3283 2802 3146 2607 3370 2964 3064 3470 3033 2628 2902 2603 3066 2963 3007 2908 2939 2839 2964 2772 3218 2834 3210 2673 2981 3147 2874 3004 2890 3002 2879 3025 3066 3187 3088 2647 3067 2835 3186 2829 2903 2788 2916 3130 2918 3255 2751 3003 2904 3038 2568 3029 2916 3017 2945 3161 3120 3318 2833 2960 2690 3113 3022 3338 3031 2850 3094 2970 3110 2916 2487 2779 2851 3070 3049 3185 3001 3057 2994 3326 2986 2957 2951 2962 3086 3202 2965 3136 2742 2887 2979 2970 3021 2886 3068 3002 3290 3206 2837 2814 3074 3052 3078 3305 3006 2863 3157 2950 3130 3116 2926 2826 2996 2902 2808 3055 3024 2861 3109 2777 2976 3087 3005 3060 3129 3136 2919 2828 3373 3018 2863 2768 3034 2878 
2759 3089 3193 2974 2608 3173 2899 2983 3093 3175 2879 3000 3161 2930 2886 3072 3084 3220 2733 2772 2857 3263 2724 2924 2894 3170 2820 2706 2944 2993 2958 2740 2800 2969 3261 3073 2855 2768 2698 2579 2578 2900 2837 3186 3029 2975 3077 3038 2770 2996 3162 2989 3209 3128 2835 2759 2815 2985 2829 2810 2932 2931 3097 2555 3204 2685 2794 3016 3001 2853 3108 2975 2885 2868 3360 2821 3192 3240 2989 2701 2927 2755 2828 2924 2680 2623 3027 2872 3202 2643 2842 2841 2596 2765 2909 2614 3101 2854 3084 3100 2887 3056 3125 2619 2730 2981 2935 3058 2882 3006 2721 3294 3052 2630 2750 2807 3342 2787 3171 2673 3237 2987 2990 3283 3080 2811 2850 2786 3038 2813 3140 2898 2951 2721 2761 2755 3376 2945 3146 2766 2996 2957 2988 2754 2991 3018 2748 3127 3016 3223 2781 2742 3181 2792 3025 2927 3153 2735 2838 3071 2986 3275 2864 3036 2764 2885 2484 3011 2859 2743 2941 3072 2876 3062 2751 2795 2805 3107 3057 3336 2967 2860 2931 2927 2911 2770 2561 2699 2836 2968 2930 3279 2963 2994 2877 3429 3064 2924 2724 3163 2935 3188 3043 3058 2857 2727 2933 2685 3075 2607 2990 2894 3207 2965 2614 2762 2907 3009 3091 2997 2808 2965 2967 2891 2844 3121 2735 2866 2893 2926 2885 3107 2959 2866 3074 3152 2735 3210 2761 2832 3036 3052 2838 2655 3355 2835 2857 2681 2999 2672 
2690 3013 2930 2673 2494 2965 2756 2617 2702 2755 2721 2727 3169 2666 2773 2849 3021 2933 2524 2592 2628 3093 2773 2904 2521 2943 2793 2602 2647 2820 2457 2526 2588 2621 2867 3004 2681 2746 2388 2437 2644 3103 2507 2880 2710 2884 2673 3205 2658 2893 2883 2871 3025 3058 2764 2578 2805 2973 2701 2577 2889 2767 2726 2597 2854 2323 2813 2633 2850 2678 3002 2827 2650 2835 2775 2600 2846 2804 2833 2559 2831 2706 2711 2921 2581 2592 2854 2904 3012 2719 2676 2634 2371 2582 2890 2333 2835 2693 2902 2859 2727 2831 2569 2479 2636 2988 2653 2746 2744 2751 2654 2896 3277 2805 2341 2607 3013 2755 2962 2465 3150 2653 2795 3158 3073 2579 2670 2498 2636 2694 2778 2790 2550 2496 2896 2657 3193 2690 3083 2604 2797 2858 2865 2774 2829 2900 2741 2815 2806 3076 2791 2469 2978 2744 3081 2484 2721 2461 2765 2895 2773 3025 2438 2721 2476 2820 2467 2727 2632 2684 2674 3143 2945 2881 2321 2728 2524 2925 2797 3015 2802 2665 2889 2570 2770 3036 2323 2653 2561 2719 2866 2947 2921 2907 2884 2982 2869 2588 2754 2801 2588 2796 2598 3024 2762 2580 2513 2671 2860 2714 2633 2923 2813 2802 2697 2570 2907 2749 2843 2858 2720 2703 2937 2694 3066 3009 3033 2777 2649 2664 2798 2788 2932 2503 2791 2871 2783 2890 2500 2578 2650 2838 2630 2678 3037 2718 2649 2627 2776 2574 
3113 3329 3273 3108 2886 3353 3115 2987 3060 3174 3072 3384 3579 2945 2832 2890 3259 3201 2872 3235 3046 3477 3099 3282 2947 3510 3169 2822 2890 3202 2884 2937 3044 3164 3407 3141 2944 3096 3015 2901 2857 3159 2838 3224 3021 3194 2966 3602 2864 3258 3202 3103 3413 3235 2922 3218 2959 3140 2830 2970 3095 3025 2866 2662 3298 2796 2965 3154 2984 3021 3408 3281 3153 3214 3210 3137 3352 3238 3131 2822 3158 3131 2941 3364 2952 2713 2853 3214 3421 3076 2860 3235 2796 3160 3202 2797 3253 3124 3443 3408 3139 3130 3099 2883 2873 3153 3018 3182 2884 3212 2834 3349 3448 2836 2543 2996 3348 3052 3518 2714 3397 3237 3307 3483 3241 2820 2981 2733 2904 3248 3178 2943 3102 2659 3063 2992 3386 2925 3293 2949 3188 3448 3194 3201 2960 3108 2999 3131 3235 3303 2963 2808 3502 3072 3163 2895 3263 2743 2991 3211 3242 3326 2907 3137 2802 3193 2560 3042 2714 3024 2862 3393 3288 3193 2910 2992 3057 3214 3244 3767 3255 2964 3029 3063 2918 3189 2987 3004 2958 3295 3141 3139 3211 3054 3092 3410 3331 3060 3115 3043 3171 3179 3150 3249 3352 2915 3021 2880 3038 2864 3035 3216 3286 3092 2948 2808 3095 2971 3210 3144 3054 2826 3296 2954 3340 3335 3206 2947 2814 3009 3045 3185 3113 2678 2989 2963 2928 3085 3006 3066 3341 3371 3180 2918 3355 3264 3026 2964 3124 2844 
2712 3130 2994 2885 2786 2914 2663 2827 2862 2865 2919 2978 3339 2724 2748 2735 2924 3014 2527 2860 2836 3193 2670 3014 2702 2903 2817 2667 2721 2837 2865 2755 2732 2777 2852 2777 2999 2756 2750 2700 2607 3031 2580 3047 2847 2739 2958 3028 2662 2923 3032 2703 2980 3046 2748 2809 2783 2714 2522 2648 2777 2758 2822 2492 3094 2672 2638 2731 2782 2760 3044 3027 2648 2881 3130 2864 3041 3056 2800 2685 2776 2667 2590 2833 2625 2486 2741 2945 3254 2646 2652 2808 2384 2805 2927 2462 2913 2816 2959 3250 2708 2853 2805 2558 2835 2871 2686 2870 2809 2971 2430 3090 3243 2680 2257 2829 3031 2585 3137 2530 3063 2830 2783 3156 2990 2485 2886 2562 2671 2887 2841 2577 2865 2736 2602 2838 3089 2719 2965 2600 2687 2984 2738 2788 2780 3052 2823 2942 2993 2970 2825 2523 2986 2911 2856 2647 2696 2464 2841 2962 2804 2944 2526 3030 2430 2851 2522 2969 2477 2637 2551 2903 2975 2979 2686 2680 2677 2776 3210 3335 2675 2647 2882 2839 2813 2834 2650 2898 2712 2786 2856 2776 2902 2919 2998 2974 3045 2656 3046 2784 2981 2924 2949 3092 3028 2689 2740 2735 2738 2558 2684 2788 2977 3080 2690 2565 2810 2833 2858 2997 2770 2844 3028 2880 3063 2992 2747 2653 2791 2769 2578 2925 2920 2580 2841 2751 2801 2938 2646 2592 2970 2987 2871 2703 3009 2634 2619 2586 2739 2794 
3198 3308 3537 3091 3004 3396 3097 3001 2936 3181 3065 3153 3589 3013 2870 3011 3128 3191 2920 3256 3189 3360 2942 3036 3132 3371 3082 2832 2847 3101 2869 3034 3019 3373 3389 3104 3099 3156 2804 2749 2829 3295 2793 3137 3003 3252 3081 3584 2875 3183 3205 3154 3408 3354 2876 3058 3155 3222 2758 3222 3077 3002 3267 2646 3134 2759 2969 3087 3166 3171 3367 3354 3120 3324 3226 3101 3258 3302 3091 2859 3120 2850 2971 3286 2872 2829 3109 3165 3416 3045 3127 3220 2646 2991 3255 2760 3315 3042 3427 3378 3129 3140 3130 2771 2955 3182 3190 3074 3106 3177 2968 3373 3563 2847 2873 3043 3434 3128 3463 2681 3288 3159 3103 3517 3360 2889 3113 2731 3175 3127 3284 2961 3045 2849 3052 3174 3439 3067 3502 2922 3196 3514 3091 3000 3115 3260 3017 3122 3192 3474 2818 2820 3567 2879 3296 2984 3004 2707 2829 3105 3326 3116 2904 3100 2647 3089 2584 3163 2959 3206 3060 3240 3227 3380 3015 3085 2940 3399 3202 3526 3177 3006 3288 3120 3123 3063 2981 2879 2963 3141 3224 3314 3285 3089 2960 3443 3167 2993 3205 3088 3155 3372 3200 3250 3132 2855 3114 2940 3322 2878 3082 3054 3413 3239 2904 2948 3149 3118 3111 3208 3081 3018 3396 2942 3209 3174 2969 2834 2905 3085 3182 3170 3241 2874 3072 3114 2895 3197 3052 2947 3242 3331 3011 2983 3457 3149 2879 3035 3013 2878 
3091 3408 3510 3061 3189 3549 3277 3239 3293 3308 3281 3305 3739 3181 3247 3146 3646 3296 3071 3244 3136 3589 3318 3203 3114 3432 3159 3057 3002 3102 3055 3224 3003 3474 3803 3256 3315 3363 2983 2778 2910 3207 3129 3211 3168 3224 3398 3642 2961 3334 3417 3322 3653 3516 3142 2971 3311 3439 2936 3304 3541 3388 3219 2711 3356 3063 2935 3013 3225 3139 3513 3306 3570 3355 3360 3181 3378 3427 3484 3221 3092 3328 3098 3329 2798 2989 3210 3358 3496 3170 3054 3201 2855 3301 3473 2882 3379 3330 3257 3577 3314 3151 3276 2891 3215 3422 3153 3317 3312 3393 3037 3598 3780 2864 2983 3176 3669 3140 3539 2930 3457 3038 3163 3820 3506 2982 3133 2774 3220 3163 3514 3352 3161 2999 3381 3383 3451 3132 3337 3072 3389 3380 3253 3224 3254 3100 2986 3163 3219 3490 3138 3078 3541 3215 3431 3156 3370 2983 3200 3243 3489 3463 3168 3405 2923 3178 3038 3252 3110 3190 3149 3423 3086 3359 3114 3148 2972 3406 3314 3574 3451 3201 3316 3080 3361 3331 3052 3132 3076 3273 3183 3433 3414 3192 3438 3643 3346 3230 3107 3251 3364 3541 3287 3258 3189 2972 3106 3053 3247 2948 3170 3405 3551 3438 2949 2695 3333 3130 3361 3217 3078 2984 3332 3197 3340 3355 3261 3052 3279 3152 3314 3381 3225 3050 3340 3344 3177 3477 3135 3252 3247 3401 3170 3144 3344 3063 3141 3043 3276 2960 
2816 3059 3264 2956 2820 3263 3075 3113 3131 3083 3046 3038 3361 2753 2871 2842 3108 3022 2661 3050 2913 3077 3129 2996 2832 3197 3006 2841 2707 2929 2826 2701 2711 3015 3174 3095 2737 2873 2768 2662 2528 2946 2866 2967 2883 2930 3229 3272 2723 3099 3093 3164 3167 3148 2800 2830 3007 2978 2845 2871 3138 2986 2708 2390 3289 2719 2752 3004 3116 2985 2952 3196 3051 3170 3047 2893 2965 3201 3097 2881 2756 2683 2758 3040 2760 2558 3050 3133 3323 2854 2888 2983 2706 3044 2946 2719 3099 3024 3116 3094 3004 3102 3135 2655 2894 3183 3008 3266 2994 3083 2794 3338 3357 2856 2555 3009 3070 2872 3051 2650 3127 3091 3031 3593 3137 2719 2874 2683 2944 3009 3062 2952 2912 2715 2923 2764 3214 2979 3096 2822 2977 3171 2937 3070 2935 3019 2726 3115 2978 3225 3007 2833 3241 2950 3153 2959 2932 2618 2681 3157 2871 3287 2905 3218 2636 2809 2766 2885 2685 3057 2890 3156 2954 3201 2890 2842 3005 2986 3083 3238 3100 2917 3013 2838 2911 2991 2764 2842 2977 2987 2954 3226 3049 3010 3039 3331 3068 2907 3020 3024 2951 3192 3145 3058 2878 2632 2936 2994 3017 2734 2860 2919 3151 3189 2640 2497 2906 2769 2938 2936 2830 2859 3019 2839 2834 3158 2991 2690 2881 3091 2966 3105 2866 2818 2981 2992 2778 3100 2974 2887 3244 3050 2930 2729 3252 2794 2923 2776 2988 2749 
3330 3368 3539 3155 2966 3419 3353 3093 3305 3359 3088 3363 3650 3240 3058 3172 3264 3488 2940 3129 2939 3571 3097 3378 3116 3539 3262 2977 3176 3162 3202 3116 3070 3234 3540 3110 3163 3155 3054 2744 3056 3195 3178 3368 3387 3225 3294 3503 2956 3350 3508 3078 3443 3471 3125 3206 3030 3298 3113 3158 3297 3201 3257 2842 3401 3127 2890 3169 3310 3029 3424 3406 3271 3476 3498 3319 3477 3480 3236 3030 3123 3116 3016 3349 3029 2777 3248 3304 3376 3099 3132 3204 2919 3229 3382 2866 3443 3274 3423 3512 3144 3137 3356 2982 3146 3378 3317 3422 3315 3194 3077 3485 3549 2832 2826 3200 3609 3025 3462 2832 3432 3092 3104 3853 3318 2896 2995 3031 3351 3141 3513 3073 3087 3010 3258 3127 3512 3152 3310 3162 3251 3391 3214 3173 3280 3170 3099 3344 3137 3434 3175 2904 3531 3437 3291 3212 3169 3005 3157 3108 3278 3476 3015 3500 2830 3312 2808 3164 2930 3215 3099 3385 3139 3304 3209 3024 3130 3291 3498 3616 3295 3290 3313 3105 3254 3274 3173 3302 3227 3533 3385 3189 3289 3313 3298 3526 3287 3217 3202 3064 3199 3485 3297 3291 3333 3149 3122 3162 3327 2991 3093 3306 3481 3465 3000 2927 3059 3123 3447 3406 3273 3242 3405 3142 3416 3442 3105 3084 3203 3144 3066 3351 3243 2942 3268 3296 3118 3263 3017 3295 3354 3290 3227 3155 3504 3237 3235 3024 3244 3048 
3123 3331 3296 2993 2897 3486 3256 3174 3166 3198 3118 3215 3599 3195 3147 3131 3430 3417 3015 3127 3122 3435 3155 3277 3140 3581 3276 3112 2876 3282 3129 3084 3110 3223 3469 3294 3207 3280 3056 2824 3043 3170 3130 3323 3244 3065 3368 3676 2785 3387 3460 3129 3420 3260 3206 3139 3060 3314 3113 3161 3288 3362 3197 2697 3248 2965 3065 3158 3330 3030 3532 3236 3319 3368 3487 3055 3387 3389 3181 3014 3219 3244 3066 3204 2983 2779 3251 3356 3557 3166 3106 3239 3063 3279 3331 2911 3443 3185 3389 3504 3105 3291 3362 2890 3055 3159 3241 3455 3124 3204 3123 3401 3495 2941 2810 2962 3405 3125 3488 2830 3506 3295 3242 3677 3505 2968 2946 2997 3259 3169 3474 3107 3210 2871 3293 3058 3440 2971 3342 2815 3330 3514 3142 3106 3274 3243 2937 3425 3204 3530 3187 3019 3663 3076 3535 2957 3158 3050 3187 3138 3366 3315 3006 3295 2864 3321 2806 3237 2884 3138 3101 3324 3360 3458 3099 3040 3079 3412 3194 3530 3368 3264 3357 3251 3309 3390 2877 3071 3072 3446 3339 3237 3105 3269 3288 3519 3306 2980 3029 3094 3146 3492 3169 3236 3100 3063 3067 3136 3316 3018 3203 3253 3370 3180 2972 2844 3120 3164 3188 3304 3180 2988 3341 3024 3233 3436 3392 3209 2961 3133 2951 3329 3072 2921 2979 3129 3126 3281 3006 3266 3271 3435 3134 3127 3641 3383 3016 2849 3168 3006 
2998 3465 3104 3195 2820 3259 3001 3221 3268 3253 3053 3189 3731 3038 3073 3006 3134 3229 2875 2997 2981 3385 2945 3302 2902 3525 3174 2947 2877 3172 2986 2930 2991 3104 3398 3143 3061 2862 3002 2914 2753 3003 2869 3280 3194 3172 3233 3421 2946 3217 3163 3082 3375 3267 2979 3098 2903 2990 2853 2993 3195 2977 3102 2697 3293 2858 2957 3188 3163 2979 3396 3244 3115 3099 3388 3042 3357 3315 3182 2911 2964 3073 3020 3073 2898 2875 2867 3117 3328 3171 3051 3048 2828 3104 3043 2773 3221 3029 3218 3306 3073 3287 3063 2713 3016 3127 3085 3222 2988 3106 2912 3451 3476 2909 2738 2894 3284 3083 3450 2723 3314 3081 3235 3592 3196 2833 3063 2711 2944 3111 2921 2985 3041 2989 3159 3001 3396 2892 3372 2897 3092 3308 2986 3161 3083 3075 2843 3345 3172 3386 3216 3048 3278 2884 3405 2846 3309 2983 3230 3160 3251 3357 2759 3235 2945 3249 2898 3166 2879 3044 2839 3434 3271 3229 2785 2978 3121 3240 3460 3610 3339 3213 3239 2957 3027 3079 2728 2961 2788 3260 3080 3178 3228 3240 3175 3354 2991 3099 2798 3159 3202 3392 3148 3084 3250 2843 2979 3014 3125 2884 3331 3216 3234 3162 2860 2685 3083 3011 3003 3129 3056 3054 3293 3062 3260 3390 3190 2899 3018 3210 2975 3271 3164 2905 3103 3142 3145 3370 3099 3052 3407 3367 3132 3075 3483 3086 3050 2841 3185 2815 
3206 3418 3327 3118 2677 3368 3343 3260 3301 3301 3181 3327 3431 2931 3039 3108 3321 3536 2997 3098 3072 3459 3295 3259 3156 3484 3233 2896 3206 3169 3068 3082 2965 3250 3344 3167 3330 3181 3092 2843 2923 3346 3002 3252 3304 3115 3252 3348 3010 3031 3300 3091 3550 3220 3092 2885 3090 3352 2925 3089 3296 3209 3316 2612 3179 2830 2717 3119 3127 3277 3326 3294 3145 3528 3532 3219 3240 3325 3316 2890 3119 3038 2966 3337 2911 2734 3143 3053 3440 2998 3116 3242 2825 3180 3303 2938 3318 3092 3252 3600 3348 3084 3056 2705 3237 3169 3107 3256 3142 3052 2843 3465 3412 2866 2798 3287 3564 3079 3572 2893 3609 3161 3193 3608 3322 2985 3062 2790 3184 3091 3423 3138 3051 2933 3211 2982 3482 2980 3467 2950 3277 3359 2981 3000 3279 3170 3075 3119 3308 3501 3141 2638 3524 3072 3453 3102 3280 2970 3119 3104 3314 3479 3207 3309 2954 3480 2726 3319 2917 3053 3267 3493 3295 3056 2942 2975 3127 3179 3326 3486 3304 3164 3138 3133 3219 3216 2708 3061 3169 3481 3247 3464 3264 3275 3069 3598 3391 3068 3341 3190 3258 3353 3321 3331 3115 3210 2804 3165 3253 2984 3221 3272 3370 3276 2893 2860 3293 3129 3286 3330 3122 3042 3195 3181 3261 3399 3230 3055 2964 3155 3000 3249 3180 2960 3208 3389 2861 3282 2818 3086 3233 3306 3203 2990 3579 3054 3026 2955 3108 3011 
3288 3442 3556 3248 3051 3489 3497 3432 3304 3371 3273 3448 3707 3218 3195 3325 3458 3617 3018 3367 3066 3747 3205 3583 3202 3545 3510 3254 3193 3472 3481 3047 3275 3271 3588 3368 3491 3208 3112 3082 3022 3494 3035 3510 3518 3240 3419 3722 3095 3511 3585 3369 3563 3691 3323 3090 3242 3451 3174 3121 3540 3360 3386 2861 3492 3019 3085 3400 3382 3294 3556 3560 3329 3457 3628 3304 3531 3657 3477 3252 3307 3311 3093 3401 3116 2868 3309 3404 3515 2971 3303 3357 2904 3394 3442 2985 3673 3165 3338 3458 3247 3466 3398 2860 3270 3425 3196 3432 3485 3291 3026 3678 3646 3090 2959 3364 3527 3255 3478 2958 3646 3316 3365 3758 3518 3021 3178 2914 3354 3115 3566 3287 3090 2977 3323 3115 3870 3190 3558 3133 3387 3443 3352 3105 3385 3500 3131 3456 3572 3607 3349 2792 3748 3216 3739 3157 3391 3152 3278 3333 3363 3605 3009 3410 2978 3388 3055 3384 3110 3397 3191 3436 3331 3567 3139 3096 3277 3509 3542 3703 3430 3328 3484 3449 3337 3194 3008 3215 3163 3366 3474 3462 3623 3396 3298 3623 3350 3138 3445 3405 3198 3577 3416 3345 3153 3042 3342 3237 3491 3174 3027 3432 3410 3472 3044 3154 3259 3473 3480 3422 3422 3364 3416 3259 3500 3544 3391 3147 3284 3349 3274 3503 3459 3170 3184 3323 3119 3528 3080 3162 3481 3330 3357 3173 3680 3115 3259 3088 3402 3203 
2906 3163 3362 2764 2947 3249 3172 2863 2898 2994 2860 3162 3418 2768 2835 3047 3182 3199 2748 3025 3061 3431 2930 3089 2852 3138 3005 2776 2721 3211 2934 2906 2910 3149 3240 3154 3080 2810 2939 2684 2735 2973 2682 3324 3246 2914 3121 3411 2747 3163 3042 2958 3190 3379 2841 2928 3044 3084 2768 2844 3030 2874 2967 2636 3292 3006 2879 2794 3189 2735 3352 3240 3267 2998 3077 3067 3487 3259 2970 2966 2941 3017 2676 2929 2522 2663 2843 3117 3155 2945 2851 2934 2757 2946 2965 2835 3124 3139 3094 3168 3063 3035 3129 2749 2998 3174 2967 3037 3098 3005 2815 3381 3260 2651 2642 2786 3265 2928 3403 2544 3405 3053 3128 3367 3354 2701 2874 2588 2894 2922 3193 2962 3073 2711 2882 2887 3340 2821 3172 2984 3127 3140 3100 2983 2941 2968 3006 3073 3159 3257 2977 2724 3179 3161 3118 2812 3088 2955 3031 3134 3076 3307 2718 3251 2964 3149 2606 2909 2570 3099 2896 3186 2935 3307 2800 3019 2885 3094 3063 3285 3206 3242 3286 2930 3167 2920 2849 2953 3006 3103 2999 3153 3024 3107 3193 3389 3157 3009 2862 2870 2955 3105 2936 3007 2930 2944 2950 3097 3182 2812 2866 3119 3244 3230 2872 2777 3073 3022 3023 3094 2980 2950 3152 3006 3227 2834 2962 2866 2946 2964 2989 3046 3141 2833 3094 3110 2935 3064 3010 3100 3220 3133 3029 3027 3384 2960 2795 3007 3036 2619 
3074 3293 3415 3126 2936 3319 3098 3029 3237 3332 3090 3245 3624 2983 3041 3120 3526 3369 2915 3172 3086 3520 3102 3076 3222 3299 3121 2941 2812 3175 3068 3102 2985 3264 3424 2994 3315 2981 3047 2990 2853 3230 2773 3169 3289 3196 3210 3546 2969 3268 3399 3103 3579 3366 3284 3152 3123 3293 2935 3045 3302 3253 3291 2788 3519 2918 3086 3113 3277 2914 3226 3294 3149 3390 3507 3237 3351 3566 3170 3023 3145 3162 3027 3009 3210 2537 3274 3290 3426 3036 3142 2992 2886 3054 3080 2939 3479 2948 3276 3366 3140 3315 3151 3003 3007 3123 3204 3462 3098 3406 3092 3563 3670 2879 2848 3016 3395 2947 3563 2787 3415 3196 3029 3813 3308 2983 3212 2658 3209 3106 3333 3386 2984 2943 3171 3071 3563 2822 3244 2859 3180 3210 3142 2931 3097 3107 2977 3331 3160 3403 3295 2875 3482 3072 3350 2802 3298 2791 2917 3307 3266 3505 3073 3374 2883 3380 2736 3090 2981 3070 3056 3428 3334 3326 3076 2887 3222 3407 3301 3417 3259 3093 3226 2823 3016 3250 2890 3096 3055 3247 3252 3175 3268 3291 3352 3578 3333 2877 3231 3017 3033 3467 3035 3207 3064 3104 2900 3164 3290 2752 2970 3514 3327 3137 3003 2752 3133 3037 3175 3413 2834 3153 3437 3062 3419 3258 3124 2843 2901 3155 3096 3121 3074 3004 3135 3220 3183 3132 3057 3169 3451 3298 3034 2896 3577 3296 2878 2838 3388 2903 
2951 3169 3128 2848 2832 3135 2989 3071 3108 3127 3052 3013 3540 2953 2959 2974 3114 3119 2874 3071 2916 3146 2961 3223 2873 3339 3000 2972 2737 2931 2942 2948 2796 2945 3203 3030 2804 2774 2746 2719 2756 3005 2828 3250 3082 2932 3390 3223 2646 3104 3156 3045 3193 3117 2974 2851 2913 2994 2746 2715 2994 2975 3006 2538 3221 2855 2849 2951 2964 2669 3247 3152 2987 3014 3071 3029 3222 3177 3174 2899 2874 2853 2928 3204 2731 2738 3010 3237 3315 2884 2877 3060 2730 2842 3028 2563 3085 3094 3063 3125 2857 3046 3032 2700 2902 3122 2854 3301 2941 3020 2897 3355 3320 2807 2743 2836 3116 2653 3109 2528 3324 2942 3015 3472 3371 2789 2876 2601 2963 2932 3054 2966 2947 2951 2936 2933 3168 2757 3036 2962 3036 3227 3170 2967 2974 2900 2865 3193 3047 3012 2964 2804 3175 2917 3293 2867 2838 2849 2862 3091 2950 3223 2883 3402 2786 2869 2593 2920 2737 3082 2772 3277 3241 3188 2931 2921 2927 3083 3102 3551 3207 2998 3112 2794 2960 2936 2700 2850 2781 3126 3025 3218 3084 3263 2994 3211 3121 3147 2896 3022 2998 3445 3046 3083 2956 2830 2712 2935 3067 2920 2934 3074 3071 3084 2602 2883 2960 2895 2974 3127 2903 2947 3098 2889 2831 3139 2997 2763 2855 2945 2867 2996 2867 2865 2940 3045 3111 2975 2959 2990 3152 3173 3074 3101 3257 3021 2984 2760 3137 2717 
2898 2950 3370 2699 2669 3220 2799 2772 3029 3073 2889 3106 3377 2938 2973 3052 3016 2910 2322 3065 2968 3301 2904 2740 2862 3113 2945 2768 2764 2787 2812 2852 2782 2998 3013 2870 2920 2928 2772 2770 2730 3010 2809 2990 3009 3195 2980 3402 2702 3086 3041 3079 3173 3239 2939 2910 2822 3016 2798 2866 2897 2816 2847 2589 3054 2772 2710 2817 3195 2945 2947 3126 3050 2982 3209 2917 2846 3290 2909 3016 2905 2750 2664 2963 2451 2561 3029 2961 3287 2954 2771 2783 2630 2835 3112 2721 3092 2875 3007 2951 2878 3197 3015 2688 2754 3120 3094 2935 3033 2951 2740 3226 3385 2684 2760 2933 3358 2741 3185 2874 3195 2955 2844 3370 2989 2784 2957 2596 2926 2974 3128 2943 3066 2763 2847 2790 3346 2794 3121 2820 3012 3156 3029 2967 3036 3256 2808 2855 3027 3338 2802 2618 3336 2885 3293 2826 3024 2576 2859 2960 3035 3099 2773 3078 2546 2737 2705 2866 2671 2950 2945 3099 3043 3199 2815 2793 2721 3126 2899 3247 2924 2851 2970 2868 2923 2950 2919 2798 2863 2935 2755 3205 2923 2975 3017 3329 3087 2821 2831 3032 2982 3009 2954 3157 2801 2866 2737 2787 3170 2778 2906 2958 3214 3153 2758 2635 2952 2908 3174 3195 2888 2871 3127 2776 3048 3012 3077 2861 2881 2905 2900 3063 3139 2884 3052 3206 2837 3055 2830 2837 3023 3094 2791 2720 3279 2941 2887 2830 2911 2807 
3101 3117 3216 3014 2770 3356 3004 2991 3012 2983 3175 3170 3395 2817 3049 3024 3054 3320 2737 3052 2937 3403 3133 3270 3003 3353 2983 2970 2849 2888 3186 2967 2969 3199 3145 3013 2995 3138 2983 2928 2802 2931 2904 3034 3312 2964 3210 3446 2775 3141 3283 2973 3391 3351 2979 3042 2873 3233 2794 2913 2967 3170 3000 2612 3218 2711 2922 2925 3238 3082 3207 3174 3154 3122 3222 3174 3085 3296 3080 2829 3148 2780 2954 3142 2961 2678 2864 2920 3482 3091 2910 2970 2900 2960 3182 2817 3264 2937 3147 3380 3135 3166 3072 2739 2756 3165 3217 3033 3052 2986 2893 3454 3638 3042 2716 2959 3422 3165 3380 2707 3374 3027 3134 3507 3243 2800 3021 2823 3072 3030 3113 2924 2942 2754 3060 3022 3258 2848 3113 2789 3116 3223 2835 3126 2913 3179 2848 3304 3032 3179 2953 2738 3473 2823 3191 3200 3126 2991 3231 3013 3025 3323 2851 3416 2387 3313 2562 3053 2715 2957 3258 3186 3349 3462 2921 3037 2960 3317 3085 3133 3249 3200 3183 3058 3184 3178 2730 2967 2869 3262 3257 3103 2918 3030 3056 3434 2897 3026 3191 3013 3130 3221 3319 3250 3244 3110 2981 2976 3242 2762 3034 3188 3236 3318 2807 2806 2755 2975 3278 3306 3020 2856 3175 3027 3051 3335 2918 3001 2904 3223 3012 3105 3103 2669 3051 3030 2790 3444 3003 2921 3102 3264 3059 2816 3475 3063 2840 2896 3012 2786 
2826 3011 3163 2906 2753 2929 2907 2928 2892 3095 2707 2961 3236 2817 2751 2867 2801 3057 2548 2883 2876 2963 2870 2936 2940 3226 2934 2703 2793 2749 2750 2666 2853 3162 3032 2861 2814 2959 2689 2680 2710 2952 2830 3067 3101 2874 2931 3248 2829 2854 2963 2882 3224 3268 2871 2869 2979 2808 2578 2757 3016 2781 2983 2382 3097 2703 2726 2753 2984 2864 2897 3050 2814 2850 3275 2922 2933 3168 2887 2809 2846 2762 2774 2982 2661 2645 2807 3131 3067 2751 2693 2889 2703 2753 3134 2560 3087 2859 2964 3157 2927 3125 2856 2654 2793 3231 2785 3104 2773 2794 2626 3258 3350 2630 2717 2789 3369 2907 3256 2530 2998 2817 2721 3238 2933 2582 2873 2565 2846 2876 3061 2909 2793 2598 2973 2925 3150 3050 3027 2724 2890 3118 2749 2797 2816 2877 2801 2740 2865 3070 2865 2635 3206 2756 3299 2848 2881 2658 2921 2848 2997 3116 2767 3230 2702 3029 2568 2861 2698 2880 3079 3131 2936 3102 2867 2993 2907 3228 2695 3298 2897 3046 2928 3025 2898 2862 2737 2811 2781 2952 2941 3146 2834 2993 2826 3330 2741 2879 2968 3016 2873 3111 3045 2912 2913 2730 2914 2949 2974 2695 2829 3030 3055 3086 2700 2795 2899 2748 2980 3160 2759 2555 3038 3013 3091 3053 2905 2996 2789 2926 2771 3112 2658 2485 2963 2955 2840 3222 2668 2793 3005 2948 2998 2711 3211 2775 2947 2567 2756 2660 
2924 3338 3402 2856 2764 3175 3179 3038 3067 3084 2923 3117 3583 2792 2745 3030 3381 3236 2828 3175 2898 3332 2989 3143 2979 3218 3152 2920 2751 3078 3031 3043 2719 3229 3334 3010 2953 2868 3000 2734 2676 2873 2731 3130 3076 3075 2985 3578 2901 3084 3068 3091 3269 3063 2793 2788 2895 3057 2862 3019 3160 2961 2894 2563 3253 2924 2762 3156 3048 2878 3290 3230 3083 3153 3205 2953 3202 3330 2953 3175 2919 3155 2941 3118 2910 2735 2815 3132 3372 2956 2771 3008 2828 3055 3087 2769 3141 2961 3156 3400 3218 3137 3040 2914 2873 3135 3019 3220 3103 2981 2790 3350 3511 2723 2679 3028 3259 3090 3394 2622 3370 3204 3109 3638 3143 2733 2941 2661 3026 2981 3295 2951 2982 2704 3068 2857 3254 2991 3188 3074 3147 3203 3056 3070 2820 2959 2863 3113 3154 3362 3038 2733 3359 3094 3171 2889 3187 2792 2952 3079 2878 3510 2961 3191 2688 3319 2748 3087 2637 3131 2919 3088 3153 3314 2902 2733 2932 3005 3094 3318 3114 3039 3177 2948 3167 3276 2961 2943 2980 3094 3199 3141 3152 3267 2933 3396 3004 2964 3165 2939 3119 3044 3028 3095 3111 3196 2722 3097 2975 2931 2955 3239 3100 3241 3060 2537 2845 3055 3187 3192 2919 2864 3117 2993 3197 3196 2984 2900 3045 3071 3099 3241 3010 2968 3091 2962 2732 3148 3013 2921 3229 3259 3083 2866 3337 3016 3023 2964 3168 2819 
2969 3341 3247 3012 2863 3176 3011 3110 3206 3172 3280 3275 3576 3062 3022 3090 3470 3364 2870 3160 2983 3516 2880 3234 2887 3330 3074 2881 2871 3198 3082 3021 3181 3020 3290 3139 3073 3036 2883 2831 2606 3086 2896 3245 3089 3061 3168 3447 2868 3200 3148 3151 3429 3275 2935 2990 3040 3040 2942 3005 3145 3107 3062 2813 3243 2889 2804 3085 3172 2997 3305 3241 3197 3121 3326 3165 3402 3292 3230 3040 2857 2926 2912 3072 2969 2750 3228 2862 3344 3174 2927 3260 2899 3108 3180 2889 3194 3033 3124 3396 2928 3226 3229 2743 3111 3166 3053 3165 3244 3116 2958 3376 3287 2846 2741 3039 3406 3030 3255 2819 3442 3189 2992 3626 3318 2868 3129 2865 3212 3245 3151 3015 3131 2868 2922 3071 3416 2989 3188 2932 3174 3361 2933 3293 3030 3039 2937 3275 3232 3310 3087 2798 3294 3009 3176 2968 3125 3057 3087 3257 3021 3327 2763 3397 2728 3137 2741 3305 2831 2849 2973 3331 3135 3372 2828 3033 2920 3364 3238 3511 3150 3032 3289 3030 3049 3071 3016 3256 2674 3205 3211 3132 3202 3058 3090 3481 3207 3039 3161 3221 2969 3181 3035 3227 3141 2926 3046 3074 3182 2873 3021 3187 3055 3125 2823 2916 3007 3010 3193 3232 2998 3003 3094 2885 3158 3193 3200 3034 3047 3078 2899 3221 3020 2808 3082 3080 2995 3143 2643 2987 3334 3075 3025 2807 3314 3005 2969 2902 3081 2798 
3388 3648 3701 3086 2932 3358 3422 3203 3321 3255 3269 3237 3854 3279 3314 3383 3667 3451 3113 3401 3323 3960 3160 3507 3113 3490 3399 3249 3199 3487 3283 3229 3122 3472 3668 3193 3466 3219 3152 2956 3089 3613 3133 3504 3384 3408 3323 3859 3105 3451 3405 3383 3568 3651 3251 3234 3445 3253 3080 3453 3518 3341 3298 2702 3438 3076 2868 3335 3233 3092 3599 3401 3533 3386 3727 2989 3602 3529 3431 3312 3281 3258 3118 3390 3023 3063 3300 3502 3690 3231 3287 3406 3103 3428 3590 3056 3548 3269 3433 3549 3366 3482 3282 2983 3309 3405 3367 3514 3487 3216 3269 3681 3724 2928 3110 3324 3602 3028 3728 2942 3575 3264 3414 3896 3601 3106 3226 2896 3401 3238 3504 3320 3299 3006 3226 3271 3696 3073 3574 3205 3376 3586 3291 3212 3351 3432 3277 3276 3628 3617 3206 2953 3770 3151 3661 3000 3404 3083 3426 3288 3452 3643 3191 3470 3117 3423 3004 3376 2949 3426 3314 3544 3332 3533 3330 3242 3138 3606 3410 3720 3366 3256 3328 3278 3498 3380 3269 3298 3148 3424 3281 3541 3398 3454 3334 3685 3455 3186 3148 3381 3115 3613 3416 3406 3122 3108 3360 3378 3498 3138 3248 3528 3252 3447 3090 3104 3326 3299 3272 3399 3465 3198 3650 3179 3563 3620 3414 3170 3206 3250 3333 3588 3335 3000 3410 3446 3169 3467 3300 3066 3403 3597 3278 3350 3697 3454 3107 3147 3326 3063 
3272 3269 3320 2950 2960 3399 3269 3180 2969 3313 2917 3219 3506 3234 2956 3105 3440 3179 2788 2978 3067 3492 3040 3230 2960 3580 3317 2794 3005 3040 2992 2949 2971 3462 3388 3307 3363 3049 2960 3020 2845 3124 2847 3370 3313 3321 3436 3518 2827 3240 3296 3265 3395 3429 3101 3106 2936 3163 2871 3040 3444 3181 3180 2726 3391 2909 2934 3136 3096 3037 3188 3218 3191 3155 3485 3000 3191 3477 3060 2996 3276 2747 3044 3205 2821 2830 3112 3275 3356 3087 3228 3089 2772 2999 3254 2878 3382 3050 3177 3361 3120 3259 3249 2661 3005 3290 3148 3355 3152 3216 2953 3416 3426 3139 2828 2896 3526 3116 3472 2837 3460 2876 3135 3745 3270 2923 3060 2954 3162 2933 3336 3059 3076 2999 3188 3029 3609 3033 3347 3017 3064 3206 3006 2860 3406 3078 3058 3284 3224 3470 2873 2852 3434 2873 3435 3120 3194 2777 2989 3180 3150 3271 2871 3286 2869 3169 2887 3281 3009 3100 3183 3264 3248 3315 3152 2979 2866 3368 3254 3543 3182 3231 3131 3056 3187 3132 2847 3041 2914 3262 3219 3344 3237 3226 3080 3535 3224 3195 3009 3145 3097 3307 3280 3078 3037 2981 3155 3047 3148 2967 3178 3111 3493 3314 2971 2911 3043 3086 3352 3249 2902 3010 3163 3277 3200 3239 3186 3144 2943 3158 3352 3335 3475 2919 3027 3269 3086 3415 3137 2954 3175 3179 3307 3109 3429 3179 3142 2973 3300 3008 
2949 3130 3223 2909 2719 3167 3169 2974 3175 3053 3075 3230 3384 2991 3022 2908 3219 3210 2618 3024 2900 3400 2895 3421 2817 3448 3241 2686 2756 2966 3015 2880 3008 2973 3293 2976 2966 2860 2839 2713 2620 3036 3162 3045 3240 2949 3135 3220 2706 3276 3096 3194 3419 3255 2983 2808 2954 3102 2835 3000 3194 3010 2946 2629 3226 2929 2703 2965 3199 2959 3151 3320 2987 3156 3326 2908 3144 3264 2960 2872 2904 2866 2800 3139 2773 2648 2803 2881 3292 2840 2878 2852 2877 3090 3093 2789 3150 3022 3019 3359 3039 3261 3086 2877 2976 3001 3135 3053 3032 3019 2875 3417 3262 2763 2689 3052 3175 2841 3372 2718 3177 3005 3135 3513 3225 2917 2891 2867 3026 3051 3055 2958 3034 2838 2817 3033 3377 2833 3248 2890 3040 3328 2822 2946 2960 3199 2897 3042 3152 3412 2841 2715 3497 2950 3089 2907 3110 2573 2982 3212 3052 3022 2765 3083 2746 3091 2749 2989 2710 2899 2900 3257 2838 3253 2856 2918 2874 3146 3095 3517 3297 3185 3071 2734 3042 3051 2856 3113 2957 3169 3140 3083 3010 3003 3042 3323 3136 2882 2920 2820 3003 3259 3244 3147 3007 2967 2915 2979 2936 2795 2997 3046 3195 3192 2776 2675 3052 2902 3109 2949 2886 2936 3074 2949 2972 3368 3092 2917 2836 3061 2941 3168 3034 2863 3220 3153 2947 3015 2833 3054 3101 3122 2876 2935 3294 3053 2978 2896 2853 2840 
3065 3235 3214 2978 2898 3419 3389 2993 3059 3155 3056 3334 3638 2992 3077 2966 3481 3372 2936 3046 2888 3469 3106 3209 2936 3510 3342 2882 2846 3044 3158 2962 2997 3078 3291 3162 3027 2907 2967 3050 2898 3182 2943 3313 3301 3204 3210 3516 2788 3221 3355 3073 3364 3348 3072 3131 3105 3081 3048 3100 3343 3117 3118 2629 3242 2923 2943 3067 3231 2911 3296 3376 3122 3256 3195 3134 3192 3466 3134 2979 3229 3004 3027 3231 2955 2759 3121 3285 3465 3011 2922 3080 2834 3128 3183 2686 3430 3068 3323 3169 3117 3149 3161 2962 2912 3183 3041 3092 3045 3212 2945 3521 3635 3073 2730 3033 3273 3100 3437 2671 3188 3173 3103 3646 3161 2967 2930 2787 3177 2941 3233 2936 2992 2799 3176 3058 3357 2980 3420 3010 3099 3375 3066 3034 3076 3244 3041 3267 3341 3546 3191 2791 3526 3129 3280 2922 3027 2662 3133 3279 3142 3321 2968 3286 2797 3177 2775 3200 2852 3105 2981 3370 3369 3384 2987 2874 2970 3271 3250 3414 3253 3083 3167 2983 3240 3179 2782 2960 3072 3231 3256 3283 3106 3207 3093 3432 3103 2925 3190 3073 3089 3082 3141 3177 3106 2903 2854 3089 3293 2989 3091 3050 3087 3200 2915 2720 3194 3009 3083 3214 2934 3043 3145 3135 3243 3265 3066 3043 3040 2975 3055 3216 3085 2834 2948 3065 2867 3223 3034 2969 3133 3336 3140 2871 3493 3170 3012 2917 3120 2891 
3252 3364 3477 3305 3236 3656 3396 3443 3369 3289 3245 3471 3816 3178 3290 3312 3533 3542 2863 3386 3302 3458 3163 3301 3189 3735 3278 3047 3063 3240 3035 3212 3111 3225 3598 3363 3312 3339 2961 3009 3146 3309 3076 3441 3305 3308 3376 3741 2987 3502 3667 3259 3623 3668 3317 3233 3199 3372 3117 3225 3405 3338 3379 2716 3479 2949 3061 3173 3422 3369 3479 3413 3199 3574 3518 3292 3386 3593 3276 2971 3392 3044 3298 3442 3080 2913 3191 3287 3796 3251 3104 3337 2953 3230 3416 2967 3600 3335 3666 3717 3496 3552 3389 3058 3171 3370 3385 3524 3194 3418 3170 3917 3878 3054 3027 3298 3744 3248 3820 2966 3614 3340 3379 4102 3631 3140 3267 3067 3382 3220 3556 3079 3243 3149 3257 3405 3596 3268 3422 3230 3387 3550 3167 3258 3460 3544 3251 3551 3462 3801 3083 3117 3844 3231 3501 3265 3322 2963 3151 3355 3354 3623 3148 3385 2842 3444 2998 3348 3085 3329 3327 3544 3518 3413 3241 3009 3187 3682 3611 3842 3517 3393 3214 3348 3470 3499 3033 3346 3433 3342 3364 3595 3189 3316 3343 3699 3497 3192 3315 3132 3352 3543 3408 3428 3375 3121 3222 3060 3477 3057 3438 3303 3612 3619 2976 3048 3205 3133 3384 3573 3158 3166 3401 3188 3423 3490 3524 3260 3121 3230 3272 3401 3364 3018 3293 3346 3025 3498 3265 3128 3286 3561 3285 3003 3690 3450 2988 3100 3383 3094 
3007 3284 3354 3042 2687 3184 3135 3163 3081 3253 3046 3160 3460 2844 2996 3013 3297 3145 2937 3039 3006 3234 3235 3346 2869 3604 3377 2870 3090 3080 2971 3057 2781 3120 3455 3203 3036 3130 2937 2711 2703 3218 2705 3096 3066 3199 3244 3554 2734 3156 3258 3188 3295 3108 3081 3001 2999 3120 2836 3067 3317 3016 3163 2570 3042 2932 2962 3139 2934 2988 3271 3252 2990 3294 3309 2952 3215 3257 3036 2885 3123 2940 2981 3226 2810 2658 3037 3415 3348 2827 3187 3239 2779 3090 3204 2760 3213 3084 3346 3311 3143 3232 3011 2742 3026 3203 3032 3134 2982 3178 2803 3548 3487 2996 2876 2969 3232 3009 3407 2770 3552 2931 3101 3693 3127 3032 2948 2815 2750 3163 3046 3183 3027 2880 3080 2986 3416 2957 3223 2990 3080 3255 3190 3024 3105 3157 3071 3076 3185 3266 3070 2714 3587 3037 3177 2993 3315 2744 2944 3201 3155 3273 2876 3106 2868 3254 2791 3145 2891 3040 2974 3361 3170 2979 2893 2993 2878 3205 3207 3450 3181 3001 3113 3011 2981 3076 2803 2931 2923 2968 3101 3432 3184 3226 3102 3294 3227 2868 3131 3171 3072 3343 3341 2897 3049 2848 2990 3088 3222 2831 2922 3122 3225 3202 2793 2595 2948 3227 3009 3211 2984 2850 3293 2951 3111 3196 3078 3077 3065 3110 3120 3143 3041 2910 3045 2983 2777 3256 2909 3048 3118 3214 2996 2833 3311 3016 2985 2661 3146 3001 
3141 3336 3204 3077 2958 3230 3290 3244 3105 3317 3090 3248 3726 2946 3032 3054 3265 3240 2777 3159 3209 3408 3207 3245 3227 3574 3248 2934 2965 3154 3045 3231 3172 3420 3489 3051 3058 3006 3170 2940 2803 3328 2794 3351 3120 3234 3139 3465 2959 3412 3467 3184 3554 3455 3175 3038 2999 3283 2927 3120 3286 3140 3129 2536 3310 3191 2896 3132 3200 3113 3389 3134 3278 3233 3644 3143 3258 3416 3297 3056 3116 3057 3120 3297 2840 2753 3219 3267 3410 2879 3213 3181 2970 3121 3271 2909 3278 3091 3397 3481 3158 3302 3084 2854 3073 3429 3043 3205 2944 3464 3011 3550 3804 3014 2897 2914 3495 3044 3572 2886 3331 3010 3180 3605 3386 3085 2992 2873 3090 3408 3230 3157 3060 3062 3225 3281 3479 3054 3399 2916 3293 3493 3083 3142 3177 3003 2957 3083 3329 3451 3043 3050 3578 2921 3470 2933 3232 2808 3028 3217 3251 3296 3281 3312 2865 3197 2744 3185 2811 3090 3053 3447 3298 3439 3253 3048 3169 3683 3151 3777 3281 3326 3270 3167 3072 3137 3054 2885 2989 3223 3147 3200 3248 3099 3256 3477 3242 3018 3151 3221 3198 3501 3328 3271 3150 2985 3009 3161 3178 2844 3123 3427 3344 3084 3047 2876 3268 3155 3337 3270 2929 2858 3534 3089 3520 3391 3143 2939 2768 3163 3244 3292 3112 2691 3073 3028 2984 3496 3107 3105 3409 3586 3242 3062 3516 3094 3027 2715 3368 2803 
3032 3236 3255 3056 2909 3438 3171 3036 3105 3112 3333 3236 3526 3134 3196 3195 3245 3454 2979 3045 3089 3607 3086 3211 3080 3523 3131 2976 2930 3025 2922 2926 3121 3360 3386 3220 3312 3039 2892 2927 2848 3390 3021 3353 3109 3034 3196 3297 3020 3372 3453 2871 3547 3468 3280 3011 3190 3238 2925 2938 3095 3135 3193 2743 3385 3041 3026 3078 3320 3009 3411 3267 3211 3255 3382 3123 3409 3284 3313 2717 3138 3098 3083 3265 2813 2748 3107 3105 3576 2972 2977 3223 2952 2946 3335 2771 3433 3087 3361 3376 3095 3235 3286 2641 3238 3346 3122 3304 3087 3044 3101 3422 3649 2796 2897 3145 3467 3119 3516 2769 3382 3241 3167 3397 3363 2995 3068 2896 3373 3249 3346 3010 3091 3029 3314 3047 3395 3161 3320 2971 3278 3450 2953 3193 3202 3282 3008 3311 3174 3485 3143 2920 3482 3189 3428 2933 3119 2805 3065 3292 3162 3245 2815 3379 2801 3237 2964 3150 2785 3064 3167 3398 3241 3491 2914 3199 2856 3473 3353 3631 3274 3280 3283 3096 3278 2978 3000 3389 3146 3452 3287 3272 3173 3205 3318 3393 3176 3120 3179 3154 3154 3274 3026 3286 3075 2888 2985 3191 3245 3143 3345 3019 3364 3265 2996 2889 3234 3004 3340 3199 3198 3063 3399 2875 3326 3335 3247 3009 2851 3073 3125 3366 3094 2902 3306 3255 3179 3267 2966 3137 3206 3223 3155 2961 3578 3117 3194 3013 3166 2887 
2918 3217 3239 2971 2836 3234 3009 3010 3052 3240 2989 3024 3477 2786 3001 2965 3196 3160 2753 2982 2993 3237 2996 2855 2940 3407 2890 2808 2786 2922 2906 3040 2729 3097 3307 2937 2819 3031 2720 2907 2686 3019 2927 3139 2999 3100 3158 3421 2709 3237 3290 2983 3356 3381 2986 3079 2973 3041 2665 2893 3174 3025 3102 2571 3277 2845 2717 3043 3065 2744 3027 3181 3135 3184 3218 2966 3115 3295 3119 2903 3120 2934 2830 3184 2730 2534 3086 3254 3329 2950 2652 3109 2683 3030 3206 2769 3173 3001 3370 3170 3029 3069 3232 2761 2970 3129 2997 3023 2849 3231 2949 3500 3395 2968 2779 2852 3197 2982 3310 2844 3342 3136 3215 3598 3039 2708 2988 2713 3067 3044 3199 3066 2978 2743 3186 2961 3301 2944 3304 2697 2983 3403 3037 2924 2946 3065 2982 3087 3057 3225 2994 2737 3439 3035 3170 3028 2945 2835 2953 3244 3059 3356 2883 3177 2605 3120 2724 3009 2664 3011 3020 3248 3207 3205 2876 2942 2913 3244 3015 3378 3264 3044 3134 2843 3097 3292 2706 2838 2861 3148 3095 3193 3066 3011 3326 3319 3026 2823 3189 2929 2890 3193 3043 3133 2868 2976 2768 3030 3194 2783 3153 3005 3403 3224 2878 2529 3090 2775 3127 3288 2840 2990 3093 3126 3210 3151 3095 2905 3021 3025 3021 3118 2925 2809 2970 2995 2905 3176 2914 2981 3157 3193 2864 2836 3381 3026 2886 2823 3068 2941 
3130 3194 3405 2921 2846 3362 3339 3282 3167 3232 3190 3331 3506 3059 3019 3046 3291 3495 2793 3257 2935 3613 3039 3403 3064 3587 3192 2872 2901 3190 3158 2995 3073 3142 3371 3005 2969 2938 3106 2993 2736 3235 3025 3357 3371 3206 3123 3446 3013 3235 3351 3277 3468 3474 3057 3095 3102 3090 2958 3202 3156 2960 3131 2688 3509 3156 2978 3023 3289 3002 3187 3254 3133 3172 3319 3224 3364 3411 3196 2960 3154 3021 2841 3269 3098 2791 3016 3204 3644 3041 2858 3117 2899 3092 3171 2748 3310 3067 3211 3443 3080 3196 3245 2908 2966 3333 3206 3159 3050 3225 2923 3565 3421 2903 2836 2999 3412 2910 3397 2761 3511 3196 3188 3628 3336 3000 3047 2870 3181 3288 3187 3082 2993 3011 3062 3062 3560 3252 3281 3076 3226 3419 3240 3246 3000 3254 3052 3300 3285 3371 3115 2809 3507 3150 3137 3109 3064 2953 3206 3254 3130 3353 3040 3309 2744 3324 2737 3172 2913 3213 3138 3373 3370 3312 2948 3007 2930 3329 3235 3611 3153 3342 3239 2865 3338 3144 3105 3132 3358 3219 3460 3294 3112 3237 3297 3603 3277 3078 3328 3030 3057 3102 3360 3313 3029 3107 3148 3090 2967 2938 3015 3339 3365 3241 3104 2871 3252 3060 3284 3349 3058 3134 3158 3035 3303 3390 3206 2820 2952 2993 2942 3350 3270 2722 3127 3182 2944 3116 3068 3077 3230 3359 3212 2988 3560 3261 2966 3058 3286 3129 
3027 3254 3221 2876 2670 3191 3218 2988 2961 3276 2967 3224 3198 2828 2840 2901 3198 3091 2779 2964 2873 3264 2844 3215 3211 3548 3115 2632 2647 2993 2861 2693 2765 2891 3172 2893 2888 2903 2847 2694 2670 3101 2839 3146 3062 2733 3221 3479 2665 3076 3172 3063 3370 3159 2976 2650 2981 3006 2693 2785 2908 2892 2922 2456 3097 2820 2854 2794 2943 3045 3093 3190 3019 3090 3192 3236 2990 3133 2830 2747 3005 2696 2975 3119 2718 2839 2846 2962 3366 2916 2905 2905 2787 2845 2811 2737 3144 3014 2940 3413 3018 3065 2944 2727 2830 2992 2869 3225 2935 3211 2861 3364 3349 2785 2796 2995 3131 2983 3329 2595 3222 2871 3060 3395 3381 2747 2658 2535 3039 2992 3095 2946 2714 2730 2939 3026 3353 2926 3164 2881 3159 3219 2872 3058 2906 2934 3000 3257 3142 3278 2971 2772 3194 2718 3187 2927 2984 2708 2801 2978 3075 3065 2928 3206 2725 3108 2693 2924 2956 3082 3026 3143 3103 3125 2860 2895 2804 3049 3062 3288 3036 3080 3069 2831 3122 2988 2677 2804 3128 2913 3102 3253 3082 2961 3039 3314 3261 3068 3006 3033 3099 3027 3043 3009 2989 2748 2891 3060 3112 2719 2976 3158 3230 3070 2745 2887 3034 2837 2982 2974 2891 2794 2994 2787 3178 3141 2950 2713 2826 2906 3010 3040 3026 2832 2997 3009 2770 3257 2966 2834 3130 3313 3117 2907 3433 2892 2998 2791 3070 2869 
2809 2728 3056 2604 2823 3124 2966 2724 2931 2896 2941 2919 3370 2866 2763 2776 3179 3114 2653 2867 2720 3307 2934 2826 2844 3232 2715 2644 2544 2720 2767 2709 2659 2967 3054 2896 2992 2766 2671 2705 2531 2804 2536 2869 2941 2655 3169 3261 2669 2778 2983 3013 3355 3149 2664 2660 2911 2995 2778 2920 3166 2878 2749 2397 2947 2644 2777 2617 3050 2810 2944 3041 2859 2995 3202 2873 2988 3115 2886 2598 2762 2704 2839 2834 2775 2542 2832 2681 3240 2893 2699 2708 2613 2948 2879 2632 3034 2805 2840 3188 2726 2917 2987 2788 2959 2945 2838 3170 2778 2971 2865 3337 3418 2645 2555 2922 3104 2873 3140 2538 3047 2691 2674 3258 3186 2676 2746 2434 2980 2829 3125 2873 2815 2793 2914 2956 3107 2587 2896 2831 2957 2944 2725 2822 2976 2903 2729 3093 2903 3151 2927 2532 3082 2805 2996 2830 2809 2721 2629 2893 2902 3133 2902 3162 2492 2819 2447 2983 2658 2788 2996 3113 2879 3086 2744 2754 2835 2918 2934 3091 3039 2669 2864 2765 2895 2787 2716 2832 2953 3120 2880 3258 2834 2972 2995 3226 3009 2962 2647 2907 2962 3124 2814 2999 2841 2716 2843 2679 2829 2651 2880 2986 3067 3032 2657 2535 2689 2817 2939 2966 2674 2668 3056 2693 2715 2826 2829 2692 2646 2878 2946 2968 2717 2922 2984 2882 2645 2899 2833 2700 2982 3109 2961 2632 3256 2635 2800 2803 2975 2719 
3034 3210 3245 2845 2909 3301 3128 2974 2938 3274 3135 3159 3643 2948 3217 3017 3243 3383 2830 3265 3021 3268 2995 3046 3245 3483 3061 3087 3013 3216 3080 3070 3082 3138 3222 2971 3021 2853 2973 2850 2882 3213 2791 3340 3167 3060 3209 3333 2882 3165 3421 3222 3352 3386 3096 2880 2912 3115 2866 3071 3420 3040 3251 2700 3054 2932 2829 3010 3167 3107 3347 3051 3041 3348 3451 3141 3294 3287 3072 2993 3141 3151 3077 3088 2782 2675 3223 3018 3485 2963 3007 3009 2877 3019 3143 2775 3131 3017 2936 3551 3016 3107 3157 2747 3050 3043 3038 3124 3025 3025 2835 3473 3496 2855 2899 2857 3215 2973 3255 2652 3399 3036 3086 3472 3418 2798 2886 2745 3160 3108 3501 2992 3018 2955 3099 3083 3356 2904 3245 2852 3161 3355 2987 3116 3149 2998 2868 3228 3359 3218 3077 2738 3410 2907 3408 2861 2895 2800 2892 3142 3012 3224 2870 3287 2848 3230 2659 3142 2783 2962 2981 3243 3100 3316 3091 3033 3162 3182 3030 3673 3059 3154 3291 2983 3191 3032 2789 2816 3089 3168 3011 3298 3158 3358 3135 3505 3269 2951 3183 3190 3204 3281 3234 3166 2988 3016 2793 3116 3142 2904 3124 3130 3228 3104 3011 2753 3173 3197 3296 3476 2913 3001 3150 2977 3015 3179 3102 2916 2870 3055 2922 3378 3031 2860 3126 3082 2866 3259 2843 3183 3363 3380 3156 2832 3420 3242 2738 2887 3236 3044 
3013 3313 3174 2913 2964 3217 3010 3049 3039 3128 2973 3025 3422 2829 2939 2959 3193 3268 2649 3011 3025 3277 3083 3312 2841 3277 3134 2981 2732 2956 2837 2820 2907 2925 3279 2918 3046 2926 3052 2810 2637 3124 2900 3250 3151 2894 3181 3377 2917 3112 3163 2874 3338 3378 2881 3025 3051 2887 2953 2823 3117 2927 2989 2457 3134 3015 2743 2982 3047 3104 3151 3203 3157 3319 3294 2918 3098 3515 3265 2932 3028 2722 2900 2931 2631 2563 2959 3270 3289 2820 2796 3179 2653 3050 3273 2729 3163 2948 3203 3389 3008 3184 3081 2801 3105 3142 2970 2951 2915 3240 2805 3237 3584 2778 2521 2873 3184 3013 3480 2703 3297 3014 2941 3600 3212 2923 2889 2722 2824 3096 3023 2828 3205 2726 3033 2796 3173 2977 3105 2714 3132 3149 2941 3026 3121 3093 2906 3146 3081 3293 3103 2697 3352 2843 3150 2880 2948 2913 3061 3237 3003 3290 2967 3218 2772 3113 2650 2954 2770 2983 2998 3191 3252 3313 2877 2909 3031 3199 3099 3464 2988 2940 3005 3105 2995 3023 2740 2917 2926 2993 2908 2880 3084 3179 3354 3179 2985 2943 3141 3099 3168 3219 3021 3072 2944 3000 2892 2906 3061 2816 3006 3071 3224 3072 2978 2637 2899 2939 3067 3293 2945 2929 3218 3064 3191 3339 3163 3015 2967 2917 2964 3156 3078 2640 3271 3081 2991 3102 3055 3133 3083 3278 3037 3059 3325 2864 2839 2734 2985 2877 
2934 3158 2986 2730 2615 3125 3075 2894 2864 2853 2807 3113 3312 2620 2845 2699 3139 3002 2738 2889 2842 3159 2927 2948 2919 3355 2853 2840 2690 2832 2779 2952 2648 2699 3067 2819 2839 2831 2811 2727 2708 2946 2614 3086 2857 3054 2902 3390 2708 2897 3111 2955 3199 3135 2981 2847 2788 2821 2628 2659 3008 2829 2815 2499 2871 2742 2659 2907 2859 2932 3167 3147 2864 3070 3139 3033 2931 3017 2987 2750 2792 2828 2772 3035 2640 2478 2762 2898 3298 2741 2681 2893 2617 2878 2980 2514 3041 2822 2982 3154 3059 2924 2948 2667 2681 2846 2891 2936 2889 2924 2621 3080 3220 2672 2659 2686 3265 2831 3439 2592 3192 2957 2864 3380 3046 2696 2703 2473 2811 3002 2925 2735 2715 2592 3092 2678 3027 2702 2949 2749 3044 3053 2873 2897 2888 3046 2898 2989 2853 3000 2817 2550 3154 2754 3139 2725 2973 2731 2666 3097 2860 3188 2820 2923 2525 3097 2688 2896 2692 3003 2763 3131 3068 2932 2680 2759 2912 3197 2930 3341 3050 2801 2796 2929 2870 2943 2525 2754 2867 2931 2868 2902 3077 2825 2972 3033 3027 2853 2921 2891 2968 3166 2883 2924 2907 2790 2523 2659 2974 2795 3065 3110 3092 3158 2684 2592 3013 2821 3034 3090 2844 2747 2992 2710 3086 3035 3023 2717 2690 2887 2765 2883 3012 2567 2982 2876 2773 3044 2770 2919 2986 3090 2864 2715 3294 3013 2674 2617 2987 2626 
3246 3350 3367 3156 3192 3576 3462 3346 3069 3331 3339 3177 3690 3252 3168 3226 3430 3509 2938 3210 3247 3560 3119 3094 3238 3634 3304 3116 2951 3223 3111 3135 3244 3320 3616 3284 3205 3195 3043 2847 3061 3249 2901 3614 3422 3478 3263 3585 2941 3406 3496 3210 3642 3609 3179 3353 3130 3403 3170 3229 3183 3235 3211 2802 3368 3055 2891 3295 3325 3271 3460 3283 3291 3187 3477 3269 3407 3654 3476 3012 3181 3086 3184 3227 3029 2923 3313 3294 3495 3065 3168 3342 2795 3287 3542 2995 3368 3266 3464 3631 3263 3328 3332 2882 3115 3242 3354 3182 3186 3277 2956 3527 3567 3003 2905 3150 3685 3263 3382 2964 3541 3158 3179 3851 3387 3167 3169 2900 3235 3285 3484 3098 3348 2989 3381 3229 3634 3097 3333 2985 3377 3505 3285 3341 3188 3388 3074 3377 3326 3366 3178 2879 3552 3048 3434 3224 3392 3028 3150 3294 3380 3608 3034 3285 2915 3236 2836 3273 3161 3130 3223 3490 3273 3400 3167 2917 3092 3522 3335 3751 3428 3203 3182 3188 3196 3234 3006 3080 3086 3392 3324 3440 3214 3388 3253 3543 3246 3101 3297 3264 3294 3547 3298 3252 3179 3204 3097 3102 3345 3085 3083 3317 3513 3267 3079 2903 3253 3170 3392 3589 3049 3100 3220 3157 3380 3196 3252 2946 2893 3312 3071 3408 3172 2911 3222 3314 3149 3433 3264 3225 3261 3525 3063 3124 3505 3401 2955 3120 3444 3009 
3164 3502 3304 3205 3153 3511 3387 3101 3288 3282 3303 3466 3864 3067 3311 3325 3354 3445 2873 3363 3310 3649 3371 3417 3359 3671 3296 3062 2974 3159 3086 3232 3147 3329 3614 3303 3153 3120 3073 2959 3106 3466 3019 3412 3373 3325 3496 3710 3162 3489 3612 3351 3627 3769 3264 3067 3423 3568 3080 3144 3354 3319 3334 2804 3596 3171 3256 3124 3489 3122 3668 3426 3276 3401 3503 3360 3509 3784 3179 2960 3480 3332 3183 3433 3140 2983 3221 3252 3880 3171 3154 3304 3142 3216 3526 2950 3540 3312 3441 3594 3238 3364 3236 3084 3101 3316 3258 3425 3275 3285 3063 3791 3987 3191 3122 3081 3612 3067 3612 2775 3502 3346 3415 3848 3688 3132 3129 3051 3152 3498 3353 3139 3213 3213 3468 3388 3563 3103 3416 3110 3305 3454 3295 3304 3246 3473 3231 3508 3318 3608 3248 3157 3751 3071 3730 3232 3349 2932 3146 3517 3256 3510 3143 3299 2963 3495 2930 3416 3046 3395 3125 3612 3497 3711 3220 3257 3287 3685 3392 3731 3577 3473 3324 3063 3445 3259 3002 3198 3364 3278 3393 3421 3425 3551 3361 3689 3341 3266 3409 3291 3268 3451 3362 3469 3271 3197 3197 3177 3447 3222 3267 3445 3366 3359 3115 3041 3392 3088 3448 3515 3119 3162 3704 3277 3354 3607 3312 3151 2805 3406 3173 3397 3421 2988 3413 3571 3154 3569 3197 3105 3449 3623 3283 3133 3819 3364 3187 3126 3426 3028 
2932 3381 3242 2967 2862 3120 3197 2990 3117 3236 3137 3014 3564 2943 2976 3049 3099 3284 2790 2945 2979 3430 2962 3305 3077 3413 3154 2814 2866 3120 2994 2916 2902 2911 3220 3086 2928 2794 2817 2869 2775 3076 2880 3387 3001 2975 3245 3353 2853 3289 3184 3211 3595 3232 2921 2710 3119 3166 2822 2835 3157 3089 3171 2680 3269 2912 2901 2994 3112 2930 3257 3012 3207 3158 3262 3031 3356 3277 3141 2906 3042 2998 2915 3122 2854 2724 2849 3031 3378 3123 2972 3241 2938 3142 3217 2687 3179 3090 3229 3484 3112 3096 2894 2738 3160 3086 3083 3255 2912 3031 2977 3428 3523 2950 2815 2908 3208 3203 3277 2951 3509 2828 3170 3618 3446 2823 2843 2581 2968 3221 3104 2932 2793 2937 2928 3055 3441 2774 3153 2870 3196 3127 3088 3291 2963 2982 3003 3254 3148 3397 3137 2815 3349 2829 3242 2975 2978 3028 2903 3099 2998 3268 2965 3223 2692 3208 2766 3039 2763 2913 2977 3337 2940 3284 2681 2854 2707 3119 3176 3383 3126 3164 3126 2735 3031 3119 2760 3038 2964 3115 3256 3118 3122 3192 3177 3440 3109 3018 3059 3049 3022 3199 3029 3298 2762 3071 2821 3090 3094 2979 3123 3202 3297 3071 2920 2739 3018 2914 3181 3223 2981 3027 3261 2850 3276 3347 3123 2791 2923 2993 2969 3080 3096 2788 2921 2920 2889 3203 2935 2975 3169 3202 2945 3164 3584 3115 2745 2748 3270 2921 
3503 3618 3540 3281 3028 3598 3577 3352 3389 3403 3292 3509 3730 3287 3295 3319 3577 3692 3109 3066 3251 3797 3457 3518 3344 3662 3408 3134 3294 3470 3367 3259 3265 3410 3546 3346 3280 3315 3220 3208 2971 3296 3205 3481 3538 3377 3479 3660 3192 3547 3719 3457 3766 3699 3319 3254 3244 3265 3250 3322 3326 3420 3459 2864 3437 3150 3076 3518 3534 3312 3638 3574 3499 3596 3666 3389 3558 3520 3391 3445 3464 3238 3098 3447 3258 2943 3474 3432 3633 3368 3302 3381 3109 3238 3512 3004 3526 3018 3586 3645 3185 3435 3354 3130 3234 3416 3247 3516 3357 3517 3048 3730 3803 3124 2986 3309 3575 3302 3792 3049 3578 3159 3224 3877 3735 3233 3106 2912 3270 3186 3463 3196 3174 3056 3317 3296 3805 3058 3588 3127 3321 3490 3263 3341 3469 3327 3342 3637 3652 3705 3335 3046 3684 3304 3523 3309 3418 3161 3401 3406 3416 3557 3203 3439 2844 3426 2924 3466 2894 3316 3349 3608 3384 3545 3294 3175 3332 3508 3705 3852 3413 3404 3443 3348 3348 3476 3199 3244 3324 3549 3487 3432 3343 3464 3256 3703 3268 3163 3395 3403 3260 3569 3552 3499 3395 3367 3116 3141 3617 3028 3449 3429 3403 3417 2970 3012 3096 3372 3501 3522 3349 3189 3550 3173 3399 3447 3414 3291 3372 3376 3278 3509 3477 3049 3284 3214 2977 3612 3309 3392 3617 3433 3185 3230 3812 3517 3237 3180 3465 2921 
3017 3215 3389 3004 2891 3442 3263 3142 3203 3357 3214 3121 3520 3050 2937 2911 3378 3215 2785 2935 3001 3353 3226 3115 2889 3336 3160 3002 2716 3014 2932 2863 2873 3145 3349 3286 3044 2916 2871 2759 2734 3240 3063 3025 3024 3064 3180 3332 2758 3245 3212 3200 3289 3455 2945 2971 3137 3236 2843 2744 3292 2963 2969 2683 3217 2872 2901 2960 3234 3084 3197 3186 2998 3337 3180 3134 3277 3416 3225 2961 2996 2903 2746 2995 2812 2691 2895 2976 3268 2929 2984 2901 2860 2993 3188 2707 3196 3000 3281 3208 3155 3082 3113 2894 2990 2987 3104 3286 3155 3024 2842 3363 3484 2825 2690 3083 3181 3132 3474 2713 3214 3150 3034 3490 3347 3010 2962 2691 3001 2906 3213 3236 3116 2859 3042 2942 3453 2785 3267 3017 3408 3226 2874 3162 3118 3265 2938 2964 3259 3475 3035 2784 3353 3113 3325 2966 3218 2643 2958 3187 3054 3419 2918 3181 2968 3175 2736 3031 2951 3207 3007 3502 3052 3467 2887 3036 2890 3044 3193 3428 3159 3014 3160 2999 2984 3171 2887 2919 3013 3259 2971 3354 3041 2969 2939 3270 3079 3002 2916 3106 3204 3289 3043 3176 3093 2831 2796 3067 3114 2797 3007 3152 3275 3405 2840 2505 2987 3023 3026 3205 2965 2790 3222 3022 3200 3162 2853 2943 3070 3219 3021 3186 2957 2967 3224 3028 3135 3296 2974 3112 3371 3203 2843 2840 3578 2792 3049 2956 3024 2741 
3000 3371 3279 2933 2968 3274 3325 3010 3282 3216 3227 3199 3671 2990 3087 3139 3439 3282 2862 3141 3067 3496 3211 3171 3218 3418 3169 3021 2699 3090 3006 3014 3047 3109 3404 3250 3023 3103 3082 2897 2905 3163 3096 3284 3363 3234 3351 3481 2976 3368 3301 3205 3516 3454 3180 2910 3194 3104 3005 3035 3144 3298 3200 2618 3287 3079 2905 3089 3310 3039 3440 3376 3182 3339 3354 3097 3398 3469 3117 3141 3147 3089 3201 3158 2892 2948 3147 3314 3495 3049 2784 3070 2924 3162 3330 2906 3294 3154 3224 3466 3169 3288 3319 3104 3075 3340 3170 3278 3190 3241 2966 3533 3668 2920 2800 3159 3311 3024 3420 2736 3368 3204 3232 3546 3472 2883 3120 3009 3398 3159 3359 3028 2968 2990 3179 2846 3435 2936 3282 2957 3246 3496 3070 3186 3150 3239 3168 3421 3189 3413 3093 2927 3476 3078 3438 3086 3223 2830 3074 3204 2973 3289 3009 3573 2742 3271 2863 3137 2853 3176 3167 3316 3185 3463 2872 3053 3063 3371 3171 3514 3096 3198 3235 3062 3345 3149 2902 3183 3241 3276 3267 3393 3268 3353 3285 3397 3196 3041 3383 3171 3000 3321 3056 3296 3135 3075 3117 3081 3089 3009 3188 3344 3229 3353 2969 2822 3267 3100 3312 3318 3098 3269 3380 3046 3117 3587 3358 3038 3031 3139 3125 3563 3224 2989 3096 3273 2844 3328 3082 3162 3336 3291 3181 2973 3450 3157 3070 3118 3151 3086 
2874 3178 3065 2848 2630 3290 3098 2883 2960 2992 2972 2984 3167 2855 2985 2992 3148 3214 2698 2933 2990 3103 3003 3104 2910 3250 3118 2892 2833 2889 2914 2861 2580 2931 3130 3067 2884 2804 2923 2772 2641 3005 2954 2946 3058 2877 3003 3368 2735 2999 3134 2905 3355 3136 2828 2748 2826 3046 2642 2615 3065 2986 3125 2491 3053 2724 2743 2868 2850 2867 3140 3098 3112 3099 3089 3049 3100 3119 3069 2842 3111 2935 2800 3136 2840 2561 2842 3122 3136 2914 2700 2807 2815 2905 2984 2532 3158 3047 3111 3366 2857 3094 3076 2590 2798 2977 3083 3112 3047 3105 2653 3258 3279 2833 2813 2820 3116 2795 3344 2616 3093 3023 2880 3400 3174 2741 2762 2635 2804 2995 3131 3055 2750 2604 2916 2907 3164 2790 3185 2723 3031 3220 2984 2961 2981 2876 2847 3173 2900 3251 2947 2695 3283 3029 3067 3042 2949 2582 2809 3239 3084 3104 2885 3202 2533 3145 2782 3001 2617 2984 2793 3186 3048 3181 2885 2884 2881 2986 3067 3452 3105 3161 3099 2687 2989 3049 2855 2826 2855 3230 3012 3275 2965 3136 2850 3188 3043 2832 3165 2847 3020 3288 2972 3076 2929 2967 2594 2998 3136 2795 2939 3101 3205 3132 2773 2688 2853 2799 3224 3097 2950 2725 3139 2753 2909 3258 3174 2818 2935 2913 3008 3010 2938 2688 3052 2802 2849 3264 2854 2921 2982 3134 2858 2887 3486 2946 2841 2619 2976 2892 
2954 3157 3161 2773 2878 3240 3315 3074 3208 3121 2923 3071 3426 2860 2932 2934 3085 3153 2933 3198 2808 3319 3029 3083 2931 3464 3087 2724 2766 3141 2875 2911 2825 3166 3347 3060 2775 3068 2741 2727 2782 3146 2848 3281 3010 3084 3112 3419 2761 3192 3166 3148 3537 3345 2847 2851 3121 3177 2829 2999 3197 3060 2993 2544 3523 2884 2940 2772 3150 3098 3213 2988 2944 3122 3256 2986 3328 3324 3076 2751 2990 3027 2876 3142 2697 2787 2923 2998 3300 2972 2625 3043 2879 3150 3150 2765 3133 3068 3322 3409 3126 3194 3113 2735 2785 3134 3034 3254 2872 3165 2961 3504 3358 2718 2810 2749 3409 2997 3525 2750 3465 3140 3025 3422 3290 2983 2841 2648 3005 3130 3250 2972 2844 2837 3005 2887 3471 2790 3182 2928 3317 3178 3418 3220 3077 3087 2863 2952 3036 3412 3138 2688 3326 2887 3292 2885 3093 2845 2840 3188 3181 3378 2909 3256 2766 3115 2651 3031 2801 3118 2946 3216 3053 3193 2795 2877 2729 3187 2845 3469 3153 3232 3049 3000 3131 3064 2804 2902 2884 3210 3117 3282 2969 2975 3113 3568 3138 3017 2958 2889 3089 2976 3066 3070 3005 3058 3051 2908 3067 2988 2885 3100 3246 3123 2916 2875 2987 2996 3028 3210 2818 2882 3252 2930 3076 3033 3050 2885 2902 2859 2983 3270 3126 2887 2999 3078 2866 3038 2905 2860 3118 3094 2953 2907 3355 2993 2831 2746 3175 3013 
2877 2987 2966 2913 2623 3140 2850 2938 3056 2847 2935 2917 3212 2740 2756 2863 2937 3258 2604 3067 2727 3192 2876 3016 2723 3165 2850 2805 2652 2835 2757 2756 2766 2788 3223 2886 2761 2878 2568 2785 2376 2820 2713 2964 3003 2916 3213 3232 2589 3169 3238 2864 3037 3321 2861 2790 2935 2810 2618 2637 2879 2989 2931 2286 3056 2723 2632 2766 2980 2828 2970 3021 2966 2992 3021 2964 2945 3102 2926 2680 3030 2846 2685 3095 2724 2627 2592 2800 3413 2959 2719 2850 2662 2821 2876 2438 2960 3044 2905 3299 2819 3027 2933 2508 2708 2971 2942 2902 2793 2965 2814 3322 3356 2680 2703 2763 3059 2708 3017 2617 3200 2996 2872 3454 3023 2571 2585 2588 2704 2890 2923 2708 2792 2610 2834 2873 3086 2932 3073 2740 2999 3091 3030 2972 2731 3079 2762 3094 3025 3144 2900 2547 3048 2828 2874 3015 2851 2693 2694 2822 2792 3004 2591 3006 2502 2907 2698 2840 2637 2934 2719 2982 2958 2935 2622 2747 2720 2966 3192 3105 2872 2993 2961 2761 3019 2863 2591 2852 2845 2921 3044 3095 2719 3015 2768 3227 2770 2921 2981 2935 2911 2821 2896 2707 2915 2738 2796 2779 3022 2760 3045 2870 3133 2943 2639 2461 2640 2712 2955 3156 2665 2769 2965 2765 3029 3248 2991 2693 2769 2921 2813 2902 2879 2634 2842 2945 2615 2847 2748 2804 2966 3045 2921 2756 2959 3030 2733 2618 3093 2863 
2885 2902 2976 2853 2726 3064 2802 2893 2889 2967 3090 2971 3223 2886 2874 2916 2843 2959 2622 2893 2939 3381 2825 2971 3030 3279 2802 2644 2732 2800 2903 2783 2798 2956 3279 2885 2865 2911 2665 2573 2509 2874 2655 3013 2980 2802 3008 3138 2905 3066 3225 2674 3295 3162 2765 2786 2870 2957 2718 2797 2917 2873 2988 2321 3013 2661 2674 2688 2771 3092 3179 2859 2876 3047 3272 2959 2940 3224 2884 2795 2925 2758 2925 2829 2692 2549 2879 2886 3185 2792 2921 3011 2741 2847 2975 2721 3125 2916 2934 3374 2991 2942 2935 2452 2886 2932 2834 2949 3117 2952 2533 3378 3307 2791 2773 2960 3118 2943 3218 2473 3062 3026 2898 3102 3255 2846 2826 2538 2922 2889 3001 2867 2551 2741 2799 2836 3138 2663 3186 2637 2981 2996 2764 2939 2886 2895 2804 3078 2960 3202 2857 2731 3097 2806 3102 2734 2863 2645 3059 2787 3024 2895 2847 3078 2314 2975 2630 3064 2581 2633 2808 3111 3052 3166 2730 2795 2724 3114 3192 3185 2928 2961 3061 3063 3126 2996 2565 2772 2813 3213 2928 3199 2979 2976 3038 3384 2875 2793 3013 2865 2936 3115 3028 2943 2973 2792 2823 2892 3049 2560 2828 3077 3132 3107 2619 2610 2746 2820 2841 3168 2827 2884 3023 2803 2878 3057 2998 2955 3160 3071 2935 3151 2946 2709 2829 2866 2395 3290 2803 2537 3055 3096 2819 2818 3136 2659 2864 2761 2895 2743 
3403 3513 3465 3235 3184 3398 3295 3320 3399 3400 3141 3256 3674 3084 3251 3171 3469 3414 3115 3416 3121 3579 3265 3434 3261 3496 3321 3145 2865 3241 3132 3034 2963 3400 3565 3150 3270 3210 3084 3100 3170 3259 3214 3284 3394 3338 3350 3541 3232 3573 3646 3220 3722 3550 3109 3087 3328 3418 3074 3307 3349 3403 3357 2809 3559 3086 3160 3097 3409 3245 3525 3372 3138 3407 3521 3297 3412 3789 3252 3159 3075 3218 3243 3336 3098 2953 3233 3492 3528 3277 3065 3254 2972 3372 3570 3100 3470 3363 3379 3565 3314 3468 3209 2977 3303 3422 3248 3432 3144 3337 2852 3657 3913 3055 2884 3218 3544 3297 3623 3014 3591 3375 3370 3896 3525 3032 3249 2850 3322 3347 3487 3308 3018 2934 3495 3419 3720 3082 3535 3006 3531 3505 3290 3401 3115 3251 3122 3128 3373 3584 3162 3177 3570 3212 3586 3106 3442 3026 3145 3359 3400 3338 3139 3388 2876 3640 3086 3374 3133 3364 3199 3480 3385 3529 3077 3135 3090 3509 3367 3747 3411 3359 3445 3195 3310 3480 2846 3189 3009 3438 3384 3223 3310 3398 3420 3723 3476 3092 3203 3251 3210 3441 3451 3203 3353 3265 3007 3233 3314 2917 3308 3565 3401 3291 3084 2970 3240 3128 3213 3361 3275 3309 3493 3334 3237 3637 3368 3178 3145 3147 3086 3430 3308 3073 3426 3311 3058 3360 3074 3030 3252 3404 3183 3306 3397 3353 3192 3126 3359 3220 
2954 3174 3270 2921 2724 3164 3098 2853 2958 3015 3039 3104 3372 2641 2852 2873 3101 2907 2621 2975 2883 3057 2915 3143 2929 3140 3118 2637 2711 2940 2906 2853 2761 2992 2979 3173 2771 2804 2662 2638 2685 3060 2908 2818 3048 2936 2915 3408 2792 3039 3200 2833 3433 3303 2840 2812 2945 2839 2948 2903 3078 3034 3047 2525 2943 2767 2780 2917 3066 3094 3163 3067 3008 3015 3189 2926 2912 3120 2962 2815 2836 2862 2847 3025 2697 2705 2912 3091 3120 2844 2820 2849 2815 3004 2857 2891 3072 3107 3055 3229 2956 3128 2881 2638 2959 3066 3100 3088 3019 3107 2899 3359 3285 2764 2713 2855 3289 2833 3143 2682 3134 2867 3019 3391 3113 2500 2877 2599 2983 3063 3229 2806 2801 2835 2803 2989 3278 2679 3279 2906 2993 3183 2862 2925 2980 3080 2739 3012 3008 3336 3005 2797 3183 2973 3217 2875 2811 2650 2865 3042 2993 3041 2746 3341 2669 3045 2847 2952 2747 2909 2827 3292 2757 3249 2660 2843 2870 3041 2979 3393 3249 2851 2969 2825 3082 3107 2723 2905 2750 3231 2978 3086 3017 3088 3096 3373 2994 2935 2929 2971 2979 3042 3131 2918 2961 2790 2820 2955 3036 2828 2999 3011 3109 3128 2731 2785 3114 2896 3087 3003 2862 2797 3017 2979 2941 3169 3003 2892 3001 2753 2755 3022 3052 2820 3000 2845 2742 3276 2729 2716 2998 3019 2991 2882 3163 2592 3007 2590 2900 2929 
3072 3522 3502 2987 3101 3532 3318 3115 3178 3391 3054 3241 3709 3253 3280 3265 3518 3464 2861 3165 3096 3537 3092 3340 3232 3580 3322 3047 2932 3238 3109 3139 2958 3178 3613 3050 3232 3136 3105 2901 3055 3150 2999 3558 3290 3338 3446 3684 2935 3242 3288 3350 3550 3599 3206 3080 3146 3344 3050 2968 3339 3136 3083 2926 3356 2981 3047 2944 3483 3100 3462 3421 3406 3302 3403 3278 3607 3407 3238 3118 3171 3195 3160 3243 2854 2858 3169 3361 3653 3330 3087 3104 2924 3277 3311 2802 3374 3221 3355 3580 3150 3504 3360 3013 3048 3362 3192 3402 3439 3159 3157 3546 3822 3062 2953 3131 3659 3193 3591 2816 3527 3241 3156 3594 3530 3124 3038 2799 3305 3256 3323 3108 3192 2998 3371 3110 3513 3103 3281 3021 3443 3290 3278 3321 3341 3501 3219 3551 3342 3482 3280 3120 3657 3143 3517 3118 3312 3101 3190 3219 3247 3532 3132 3385 3073 3226 2805 3153 3056 3547 3172 3471 3415 3463 3176 3083 3139 3393 3361 3515 3248 3301 3292 3088 3393 3318 3061 2896 3167 3241 3412 3437 3265 3427 3519 3565 3175 3109 3250 3268 3282 3500 3163 3268 3177 3076 3063 3033 3315 3204 3256 3438 3482 3337 3098 2960 3218 3117 3279 3443 3016 3138 3461 3157 3351 3422 3351 2997 3171 3169 3170 3408 3324 3172 3257 3456 3161 3514 3169 3153 3409 3579 3231 3244 3659 3520 3117 3129 3351 3039 
2804 2968 2862 2623 2853 3046 2851 2788 2813 2894 2894 2764 3381 2854 2709 2928 2925 2917 2598 2898 2696 3083 2644 2842 2818 3077 2823 2668 2570 2782 2649 2569 2815 2689 3120 2562 2916 2715 2685 2314 2477 3007 2566 2846 2789 2957 2835 3104 2646 2875 2909 2763 3200 3229 2629 2626 2738 2995 2683 2501 2789 2933 2740 2349 3005 2652 2613 2741 2819 2786 2931 3000 2841 2744 2979 2793 3027 3060 2930 2601 2671 2691 2701 3029 2695 2382 2810 2807 3193 2667 2798 2830 2381 2714 3012 2515 2858 2783 2955 3186 2673 2943 2709 2661 2721 2808 2669 3003 2679 2784 2767 3212 3231 2600 2568 2805 2952 2738 2968 2441 2991 2612 2675 3355 3065 2515 2837 2459 2874 2794 2997 2744 2696 2637 2878 2939 3071 2669 2822 2595 2876 2909 2688 2726 2948 2831 2813 2808 2985 3125 2710 2554 3091 2646 2991 2716 2902 2643 2920 2828 3020 3001 2708 2997 2534 2680 2282 2747 2641 2754 2884 2966 2823 3012 2774 2481 2694 2989 2894 3312 2922 2807 2781 2861 2869 2985 2740 2749 2606 2904 2857 2919 2836 2852 2891 3082 2823 2742 2755 2700 2679 3122 2881 2876 2928 2809 2774 2652 2800 2635 2675 2989 2935 2955 2368 2572 2744 2616 2905 3107 2669 2419 3213 2800 2925 2931 2851 2533 2540 2726 2747 2758 2654 2535 2802 2842 2743 2950 2665 2601 2872 3156 2714 2562 3051 2832 2593 2573 2796 2533 
3307 3714 3458 3365 3066 3800 3453 3372 3288 3401 3326 3474 3770 3326 3203 3441 3647 3498 3098 3428 3501 3639 3378 3413 3422 3718 3395 3047 3079 3371 3344 3261 3149 3330 3555 3487 3295 3248 3198 2937 3021 3424 3043 3452 3363 3441 3386 3757 3210 3474 3600 3329 3802 3724 3140 3143 3165 3501 3193 3244 3501 3294 3434 2803 3528 3151 3156 3402 3440 3329 3791 3388 3344 3519 3526 3417 3537 3582 3533 3298 3378 3336 3243 3545 3057 2904 3377 3353 3807 3333 3366 3492 3187 3123 3230 2916 3432 3424 3463 3842 3306 3354 3292 3097 3194 3410 3414 3494 3504 3542 3117 3572 3852 3157 3075 3334 3629 3393 3784 2964 3637 3537 3425 3824 3716 3137 3269 2976 3319 3359 3498 3280 3406 3088 3157 3362 3772 3159 3577 3314 3533 3499 3419 3552 3336 3425 3255 3562 3548 3921 3219 3211 3683 3412 3546 3341 3412 3048 3371 3655 3543 3587 3196 3501 2999 3430 3041 3362 3249 3297 3209 3660 3532 3634 3266 3130 3224 3611 3640 3803 3568 3384 3435 3391 3490 3498 3097 3226 3335 3455 3496 3444 3361 3269 3307 3807 3492 3337 3434 3312 3404 3553 3317 3369 3617 3233 3107 3279 3557 3138 3472 3422 3390 3503 3117 3100 3381 3223 3549 3552 3325 3331 3562 3114 3547 3513 3408 3285 3120 3371 3308 3562 3563 3032 3189 3360 3239 3614 3278 3124 3661 3712 3262 3192 3776 3271 3354 3214 3564 3133 
2983 3259 3233 2982 2779 3279 3025 3072 3210 3137 2883 3052 3644 3022 3014 3121 3215 3240 2834 3197 2935 3443 2795 3327 2985 3371 3361 2711 2815 3155 3123 3074 2904 2989 3462 3100 3112 3051 2851 2699 2703 3124 2935 3360 3291 2890 3307 3460 2732 3077 3424 3049 3330 3333 2928 3040 2734 3099 2968 2961 3116 3006 3184 2733 3239 2752 2739 3081 3237 3066 3206 3333 3028 3141 3340 2972 3311 3221 3056 2999 3147 3113 2940 3049 2657 2758 3111 3239 3348 2913 2801 2890 2868 3121 3140 2776 3264 3065 3394 3332 3002 3110 3318 2910 3126 3247 3019 3246 3083 3041 3001 3427 3430 3004 2710 2960 3187 2941 3377 2695 3358 3142 3184 3539 3170 2948 2912 2569 3183 3253 3294 2994 3186 2918 2828 3089 3535 2851 3368 2831 3079 3386 2981 3007 2962 3102 3115 3110 3330 3479 3253 2746 3515 3164 3115 3015 3146 2907 3021 3007 3109 3304 2769 3377 2691 3315 2708 3200 2742 3247 3051 3105 3253 3166 2934 2746 3123 3024 3280 3427 3184 3232 3059 2964 3090 3159 2904 2758 2838 3141 3321 3139 3145 3128 3080 3256 2983 2703 3167 3078 3201 3237 3180 3175 3171 2912 2823 2887 3031 2841 2872 3041 3136 3113 2883 2806 2988 3170 3124 3308 2994 3060 3210 3115 3193 3215 2959 3010 3085 3075 3022 3154 2911 2987 2879 3081 2968 3297 2979 2925 3265 3209 3087 3058 3550 2981 3012 3040 3144 2969 
3013 3204 3396 3042 2935 3347 2960 3135 3129 3171 3134 3152 3520 2843 3079 3004 3441 3168 2730 3146 3125 3644 3249 3176 2985 3311 3048 2844 3010 3325 2861 3067 2994 3249 3520 3290 3159 3001 2827 2905 2774 3213 2768 3082 3274 3068 3240 3436 2896 3216 3288 3328 3439 3360 2913 2956 3245 2976 2938 2983 3230 2960 3172 2670 3243 2862 2936 3091 3072 2883 3461 3272 2959 3021 3203 3008 3208 3279 3092 2941 3115 3031 2975 3025 2933 2704 3023 3520 3355 2871 3094 3031 2812 3151 3318 2894 3226 3009 3168 3348 3060 3154 3062 2953 3222 3324 2906 3132 3177 3140 2761 3627 3498 2947 2868 3126 3473 3115 3280 2746 3390 3150 3027 3444 3248 2820 3094 2589 2989 3134 3164 3184 3000 2726 2977 3020 3466 2961 3174 2856 3223 3247 3227 3034 2962 3085 3081 3137 3298 3272 3126 2851 3411 3139 3272 3009 3345 2816 3064 3102 3126 3334 2992 3098 2794 3080 2760 3151 2852 2973 2983 3444 3007 3335 2788 2957 2984 3322 3317 3480 2907 2909 3158 2937 3181 2967 3023 3142 3081 3094 3027 3315 3189 3166 3160 3348 3204 2961 2976 3149 3034 3194 3268 3203 3116 2847 2995 3007 3218 2901 2993 3393 3175 3133 2888 2617 3150 3120 3095 3381 2946 2866 3388 3006 3041 3233 3051 2999 3102 3295 3175 3215 3078 2879 3113 3096 2826 3296 3022 2891 3219 3215 3038 2908 3194 3091 2993 2923 3068 2962 
2972 2994 3167 2760 2708 3061 2867 2816 3024 3114 2947 2930 3398 2716 3038 3031 2967 3005 2645 3042 2841 3318 2881 2950 2786 3108 2828 2615 2825 2824 2599 2758 2801 2948 3140 2944 2848 2769 2704 2535 2663 2855 2581 3191 2769 2944 3256 3132 2698 3028 3024 2973 3071 3107 2864 2822 2768 3035 2698 2783 2910 2851 2752 2521 3085 2577 2834 2712 2976 2925 2970 2914 3023 2905 3221 2962 2933 3063 2962 2778 2819 2683 2818 2979 2615 2505 2968 2889 3337 2920 2802 2846 2613 2852 2983 2577 3131 2901 2974 3134 2737 2927 2960 2524 2844 3129 2740 2982 2857 2900 2716 3363 3332 2827 2620 2796 3235 2673 3108 2592 3266 2563 2870 3329 3142 2772 2836 2414 2928 2880 3034 2890 2835 2633 2950 2649 3200 2839 3044 2826 2721 3162 2739 2989 2775 2942 2809 2744 2965 3085 2899 2539 3210 2751 3051 2835 2929 2676 2763 2821 2753 3078 2609 3102 2466 2753 2630 2995 2684 2755 2828 3207 3029 3014 2719 2618 2747 3031 2769 3246 2821 2894 2888 2876 2863 2767 2784 2747 2795 2790 2900 3241 2906 2970 2881 3326 3007 2702 2916 2979 2941 2990 2972 3097 2713 2723 2780 2838 2993 2634 2634 2882 3036 3150 2705 2739 2788 3046 3142 2955 2822 2764 3052 2801 2967 2983 2954 2886 2829 2862 2901 2961 3091 2698 2965 2914 2649 3030 2758 2847 2857 2923 2863 2755 3203 2848 2707 2722 2943 2586 
2903 2976 3205 2903 2668 2996 3061 3073 3115 3131 3070 2892 3366 2629 2841 2648 2956 3062 2525 3072 2822 3222 2962 3117 2789 3338 2918 2783 2808 2939 2697 2626 3009 2837 3230 2991 2917 3002 2687 2791 2568 2822 2822 2919 2811 3057 3118 3109 2786 3014 3153 3139 3233 3283 2833 2788 2911 2982 2841 2877 2936 3003 3047 2465 3052 2581 2777 2807 3154 2974 2983 3056 2967 3098 3145 2889 2901 3198 3051 2819 2765 2874 2936 2977 2831 2542 2866 2894 3132 2763 2870 2975 2497 3026 3136 2708 3004 2830 2945 3100 2944 3053 2910 2657 2704 2999 2951 3042 2709 3065 2727 3406 3391 2714 2650 2940 3105 3022 3130 2638 3227 2741 2842 3345 3148 2762 2840 2524 2914 2940 2969 2792 2810 2821 3182 2790 3309 2717 3210 2593 2911 3016 2990 2913 3027 3235 2807 3044 3028 3207 2943 2549 3295 2923 3158 2873 2906 2710 2819 2828 3041 3248 2761 3104 2574 2656 2553 2855 2677 2943 2826 3127 2828 3135 2724 2873 2883 3158 2919 3368 3147 2945 2792 2995 2834 2880 2525 2752 2908 3101 3162 3076 3050 2876 3060 3370 2799 2876 3083 3090 2843 3093 3173 3218 2931 2822 2775 2774 3173 2675 2923 3091 3217 3065 2753 2551 2923 2943 2891 3118 2709 2964 3034 2651 2861 3024 3052 2517 2830 2993 2659 2935 2724 2855 2898 3039 2844 3128 2920 2923 3180 3140 2986 2930 3218 2932 2774 2617 2975 2853 
3203 3454 3424 3055 3028 3370 3201 3179 3239 3147 3243 3282 3406 3099 2966 3074 3408 3453 2970 3036 2923 3504 2960 3217 3079 3356 2986 2918 2908 3083 3051 3203 3022 3212 3361 3055 2935 2951 2936 2909 2838 3273 2930 3369 3308 3036 3250 3639 2889 3176 3421 3111 3496 3537 3206 2941 3084 3298 2918 3027 3304 3159 3024 2524 3298 2858 2868 3110 3104 3155 3459 3292 3089 3269 3256 3141 3367 3288 3500 2878 3291 2971 3237 3266 2898 3037 3194 3096 3498 2964 3010 2959 3041 3027 3353 2564 3356 3136 3307 3353 2986 3166 3215 2983 2854 3305 3186 3231 3095 3322 3122 3323 3728 2942 2858 3054 3547 3089 3548 2774 3426 3154 3217 3699 3381 2903 3051 2693 3299 3028 3312 2899 3103 2972 2997 3278 3385 3084 3513 2996 3288 3386 2993 3178 3148 3096 2955 3306 3293 3636 3137 2734 3417 3156 3448 3219 3141 3050 3130 3248 3186 3502 3097 3310 2779 3282 2795 3366 2909 2968 3369 3320 3239 3290 3062 3077 2891 3149 3196 3334 3142 3117 3209 3059 3361 3277 2811 3023 3041 3259 3424 3316 3108 2928 3057 3379 3213 3064 3203 3122 3236 3498 3338 3457 3028 3020 3084 3054 3129 2964 3010 3363 3316 3374 2825 3088 3297 3077 3152 3325 3134 2978 3349 3034 3304 3455 2909 2966 3125 3138 3263 3302 3156 2887 3232 3160 2881 3492 3116 2893 3208 3237 3138 3043 3384 3225 3084 3036 3288 2928 
2982 2920 3157 2670 2835 3162 3115 2792 2843 2770 2835 2895 3395 2733 2683 3003 3112 3025 2478 2913 2656 3094 3055 2681 2735 3132 2993 2877 2854 3013 2567 2680 2791 3195 3132 3023 2885 3101 2470 2701 2737 2886 2584 3002 2802 2886 3181 3312 2689 3018 2983 3088 3103 3245 2805 2769 2885 3044 2821 2760 3006 2697 2796 2529 3010 2755 2765 2773 2857 2974 2890 3086 2913 3100 2980 2718 2936 3117 2818 2889 2928 2862 2711 3088 2663 2695 2907 3080 3161 2839 2608 2903 2606 2853 3105 2652 2980 2981 3025 2958 2778 2952 2953 2773 2734 3021 2840 3070 2614 2853 2719 3336 3227 2571 2586 2779 2965 2768 3111 2582 3222 2855 2816 3301 3063 2644 2955 2456 2847 3027 3150 2854 2685 2522 3006 2890 3025 2865 3195 2697 2898 3114 2857 2918 2999 2790 2748 2847 3037 3223 2774 2659 3167 2914 3095 2842 2798 2571 2668 2930 3052 3075 2891 3139 2469 2821 2716 2784 2526 2938 2857 3110 2954 3089 2852 2775 2731 2918 2672 3284 3051 3058 3087 2873 3026 3103 2864 2641 2863 2985 2941 3031 2787 3054 2986 3328 2983 2923 2890 2830 2859 3034 3074 3008 2827 2755 2906 2829 2983 2804 2689 2904 3195 2981 2616 2760 2840 2832 3009 3131 2840 2658 2923 2852 2859 3052 3000 2616 2729 2851 2978 2962 2786 2728 3027 2910 2856 2931 2689 2849 2947 2968 2842 2798 3262 2958 2804 2741 3017 2583 
2888 3149 3058 2817 2913 3153 3139 2977 2883 2954 2672 3046 3398 2736 3021 3190 3107 3246 2685 2779 2590 3308 2965 2824 2812 3282 2851 3023 2942 2948 3020 2757 2866 2959 3081 2897 2976 3068 2659 2747 2869 3187 2759 3022 3054 2977 3054 3230 2530 2991 3090 3008 3326 3378 2954 2969 3049 2899 2616 2919 3218 2967 2788 2441 2968 2747 2704 2761 3005 2796 3216 3056 2997 3041 3325 2750 2882 3127 2979 2722 3012 2731 2885 2955 2563 2591 2960 2944 3273 2867 2815 2771 2623 3110 3155 2721 3088 2866 3038 3221 3172 3017 3037 2619 2738 2996 3094 3101 2821 2927 2870 3283 3265 2796 2542 2833 3125 2862 3222 2581 3225 2942 2738 3392 3059 2520 2799 2649 2917 3031 3033 3058 2861 2752 3037 2848 3370 2901 3010 2607 3020 3093 2888 2966 3152 3117 2750 2945 3012 3131 2815 2708 3294 2900 3060 2845 2933 2675 2925 2943 3061 3367 2753 3190 2592 2916 2657 3016 2475 2957 2944 3211 3078 3012 2627 2962 2705 3194 3163 3277 2891 2735 3019 3088 3139 3208 2789 2797 2788 3095 2905 3209 3020 2872 3026 3087 2863 2874 2735 2966 2768 3273 3028 2897 2944 2680 3003 2906 2972 2738 2897 2929 3373 3203 2838 2601 2924 2887 3066 3130 2957 2760 3258 2867 3216 3025 3059 3003 2862 2823 2808 3072 2875 2745 3002 2767 2872 3097 2700 2878 3121 3237 2815 2565 3193 2967 2831 2649 2998 2932 
2842 3060 3257 2908 2829 3064 3021 2871 2969 2886 2879 2919 3314 2977 2871 2875 3072 3284 2594 2822 2805 3258 2997 2897 2901 3174 3035 2764 2671 3126 2821 2760 2827 2934 3180 3153 3059 3057 2574 2917 2858 2861 2678 3203 2935 2865 3189 3195 2676 3186 3211 3118 3156 3094 2974 2878 3116 3075 2799 2927 3042 2903 3060 2564 3099 2791 2827 2792 3030 2800 3056 3129 2807 3117 3090 2946 3073 3218 2805 2830 2957 2799 2902 2962 2865 2626 2891 3157 3310 2806 2974 3282 2804 2958 3190 2684 3111 2957 3097 3171 3090 2981 2957 2676 3042 3080 2959 3087 2851 2761 2790 3290 3300 2637 2517 3069 3208 3103 3106 2751 3308 3149 2918 3352 3273 2620 2949 2590 2996 3221 3093 2792 2665 2845 2975 3013 3084 2820 3275 2709 2931 3183 2874 3098 2988 2845 2922 2951 3055 3334 2819 2791 3204 2805 3237 2756 2849 2605 2830 2944 3093 3129 2911 3204 2353 3043 2753 3021 2692 2872 2861 3243 3049 3085 2851 2867 2761 3141 2960 3283 2871 3019 3142 2800 2957 3014 2768 2997 3013 3248 2964 2981 2851 3080 2917 3369 3122 2806 2956 2861 2952 3149 3000 3025 2780 2726 2704 2996 3052 2696 2884 3054 3215 3000 2692 2803 2941 2822 2973 3170 2930 2989 3224 2957 3066 3233 3091 2693 2758 2880 2828 3161 3071 2617 2628 2993 2843 3197 2726 2800 3172 3152 2927 2983 3196 3102 2837 2838 3140 2780 
3342 3267 3180 3021 2975 3237 3224 3100 3062 3082 2981 3136 3766 2998 3070 3087 3345 3220 2873 3195 3087 3357 3188 3225 3110 3242 3092 2894 2830 3177 3086 2774 2869 3076 3162 3213 2991 3016 2778 2839 2790 3157 2851 3059 3173 3002 3138 3568 3036 3273 3410 2999 3281 3333 3144 2995 3023 3061 2959 3108 3462 3119 3070 2502 3356 2789 2832 3076 3122 3052 3358 3007 3116 2980 3438 2914 3322 3146 3253 2996 3159 3294 3107 3312 2753 2722 3058 3376 3434 2906 2805 2987 2803 3026 3099 2813 3351 3105 3019 3357 3125 3368 3136 2759 2996 3017 3269 3302 3130 3155 2924 3433 3352 3143 2707 2921 3413 2928 3273 2657 3314 3062 3225 3479 3378 2634 2944 2659 3090 3167 3338 3072 2922 2898 2955 3197 3324 2839 3293 2765 3273 3305 3185 2923 3258 2915 3016 3216 3182 3260 3017 2717 3343 3042 3365 2853 2893 2986 2937 3253 3212 3449 2829 3388 2759 3328 2583 3280 2868 3210 2964 3291 3187 3384 3212 2881 3079 3145 3131 3655 3118 3191 3166 2964 3191 3109 2936 2957 2788 3438 3239 3180 2980 3214 3200 3557 3230 3135 3101 3046 3182 3227 3221 3160 3374 2984 2943 3056 3292 2971 3084 3030 2995 3135 2749 2950 2982 3046 3199 3154 2904 3200 3257 3157 3076 3368 3040 2945 3013 3204 2989 3342 3127 3027 3080 3067 2926 3513 2962 2798 3178 3325 3154 2947 3307 3065 2937 2834 3254 2931 
3023 3410 3409 2894 2878 3290 3152 3141 3109 3267 3140 3135 3636 2907 3238 3183 3381 3372 2856 3201 3085 3456 3137 3159 3123 3468 3026 2875 2858 3154 2958 3026 3036 2944 3383 3009 2941 3033 2982 2804 2805 3362 3117 3339 3358 3055 3432 3552 2835 3174 3549 3195 3658 3548 3039 3090 3074 2997 2867 2673 3250 3263 3247 2536 3116 2846 3113 3116 3184 3140 3327 3492 3166 3306 3458 3102 3033 3163 3042 3050 3155 2838 2929 3110 2718 2717 3185 3325 3469 3165 2993 3062 2958 2964 3155 2982 3099 3159 2985 3625 3069 3212 3261 2916 3154 3271 2996 3196 3055 3291 2852 3666 3598 2892 2918 2972 3351 2974 3439 2898 3593 3102 3124 3653 3454 2887 3016 2664 3157 3166 3224 2996 3247 3067 3121 3012 3543 3008 3216 2906 3215 3426 3164 3365 3117 2999 3341 3322 3156 3331 3262 2751 3347 2964 3234 3105 3209 3003 3121 3181 3002 3308 2969 3543 2702 3175 2686 3150 2725 3158 3157 3467 3208 3184 2952 3082 3065 3226 3185 3583 3198 2968 2984 2929 3204 3243 2905 2940 3060 3381 3212 3386 3137 3157 3116 3357 3296 2968 3073 3119 3159 3376 3204 3105 3179 3092 2732 3110 3199 2955 3071 3308 3316 3294 2777 2778 3060 3028 3282 3296 2912 2870 3272 3050 3262 3284 3160 3094 3035 3108 3029 3160 3220 2845 2952 3225 3042 3276 3049 3095 3294 3419 3244 2889 3310 3154 3058 2892 3163 3105 
3285 3319 3471 3119 3111 3354 3463 3354 3370 3289 3091 3139 3810 3112 3182 3230 3358 3307 3014 3249 3154 3574 3168 3343 3269 3616 3335 2986 3044 3250 3180 3349 2964 3266 3374 3266 3330 3179 2920 3015 2673 3357 2839 3288 3418 3075 3334 3580 3030 3269 3274 3198 3660 3453 3140 2989 3107 3295 2957 3093 3283 3153 3319 2590 3246 3137 2903 3169 3270 3321 3344 3545 3491 3342 3597 3199 3319 3552 3275 3285 3066 3009 2976 3570 2830 2914 3199 3104 3453 3264 3047 3096 2762 3034 3216 2812 3286 3205 3435 3694 3118 3306 3267 3009 3070 3382 3081 3208 3133 3354 3186 3451 3520 3074 2947 3014 3370 2994 3655 2566 3399 3133 3136 3736 3520 2969 3022 2672 3188 3127 3366 3267 3047 2984 3156 3265 3695 2995 3465 3078 3300 3569 3254 3189 3406 3375 3316 3234 3420 3515 3264 2930 3527 3270 3458 3110 3048 2916 3058 3300 3306 3184 3124 3435 3019 3182 2906 3339 3118 3219 3255 3585 3343 3442 2959 3044 3102 3407 3541 3771 3451 3151 3458 3122 3185 3220 2842 3015 3080 3256 3320 3320 3398 3364 3319 3511 3195 3179 3130 3267 3277 3472 3176 3237 3367 2891 3097 3064 3270 3174 3366 3205 3352 3374 3032 2906 3283 3057 3147 3400 3033 3105 3407 3228 3257 3295 3163 3140 2998 3122 3244 3134 3285 3087 3348 3374 3118 3221 2981 3122 3405 3353 3186 3192 3593 2957 3251 2843 3218 2973 
2767 3161 3014 2839 2710 2949 2862 2887 2912 3087 2920 2881 3468 2611 2692 3081 3021 3042 2586 2759 2899 3305 2775 2977 2703 3200 2723 2764 2724 2816 2871 2715 2934 3005 3169 2927 2952 2664 2595 2577 2632 3036 2708 3014 2930 2979 3029 3128 2764 3031 3134 3094 3093 2945 2772 2601 2850 2809 2669 2850 2988 2878 2925 2545 3099 2797 2872 2795 2846 2571 3368 2856 2930 2938 3189 2970 3203 3026 2958 2756 2812 2694 2808 3032 2717 2742 2832 2880 3282 2793 2880 2983 2631 2807 3072 2586 3222 2807 2844 3014 2936 2886 2863 2702 2820 3139 2748 3244 2696 2779 2587 3211 3315 2571 2599 2865 3149 2818 3232 2587 3206 2660 2997 3341 3182 2690 2949 2559 2943 2716 2969 2886 2658 2831 2769 2839 3227 2796 2910 2815 2944 2876 2845 2812 2871 2789 2668 3093 2902 3314 2648 2804 3244 2894 3259 2802 3084 2660 2976 2762 2896 3074 2595 3120 2685 3125 2689 2957 2593 2598 2971 3154 2890 3128 2816 2669 2648 3226 3036 3299 2994 3008 2862 2823 3142 2804 2659 2904 2945 2936 2930 3055 2967 2945 2959 3328 3055 2842 2983 2986 2775 3100 2933 3064 2732 2885 2812 2919 2740 2776 2747 3010 3063 3127 2642 2655 2962 2801 3112 3040 2800 2777 3018 2771 3018 3104 3107 2787 2798 2967 2840 3075 2950 2764 2843 2935 2710 3130 2849 2774 2960 2991 2906 2561 3172 2919 2738 2723 3024 2734 
3181 3124 3249 2871 2767 3407 3217 3091 2864 3138 3102 3000 3429 3026 2914 2878 3176 3260 2820 3094 2852 3339 2927 3210 2921 3401 3104 2936 2717 2921 3055 2773 2886 2897 3236 3109 2941 3065 2691 2805 2847 3202 2941 3222 3131 3086 3230 3370 2564 3197 3306 3170 3372 3355 2874 2879 3018 3296 2953 2803 3176 3092 3008 2625 3069 2776 2842 3019 3140 2920 3216 3116 2985 3201 3154 3188 3002 3320 3029 2859 2993 2907 2815 3077 2912 2669 2974 3087 3428 2999 2991 3004 2841 2968 3317 2610 3115 3061 3199 3203 2996 3059 2910 2632 3134 2956 2993 3316 2857 3121 2881 3348 3338 2873 2719 2919 3079 3037 3126 2816 3337 3053 2986 3545 3378 2816 2887 2584 2850 3007 3162 3003 2886 2917 3019 3166 3500 2922 3183 2934 3039 3178 2983 3114 2994 2820 2866 3109 3159 3387 3045 2858 3365 3081 3184 2968 2933 2802 2836 3135 3087 3149 2705 3114 2643 2944 2759 2989 2855 2992 2923 3314 3032 3223 2908 2684 2881 3104 3063 3461 3157 2917 3136 2834 3080 3376 2773 2945 2956 3129 3277 3259 3055 2886 2945 3263 3075 3100 2858 2986 3064 3299 2993 3226 2920 2890 2736 2980 3055 2747 2975 3210 3383 3116 2685 2835 2994 2912 3019 3297 2956 2844 3022 2811 3197 3079 3146 2866 2788 3015 2953 2938 2988 2731 2800 2887 2977 2897 2867 2821 3189 3166 2783 3058 3292 2994 2895 2741 3069 2878 
3104 3100 3074 2744 2532 3136 2867 2984 3147 2992 2854 3058 3296 2841 2883 2753 3194 3008 2689 3042 2775 3300 2932 3136 2904 3291 2948 2700 2827 2898 2716 2739 2780 2965 3178 3030 2887 2861 2702 2668 2282 3002 2662 3052 2961 2787 3005 3211 2672 2917 3067 2968 3039 3132 2818 2734 2744 2947 2785 2789 2922 2899 2937 2436 2923 2669 2640 2966 2829 2921 3061 3049 2854 2988 3039 2875 3071 3114 2956 2677 3012 2821 2861 3036 2659 2772 2965 3001 3330 2888 2775 2876 2630 2814 2946 2484 3064 2760 2990 3109 2679 2728 2892 2660 2841 3058 2745 3003 2798 2825 2624 3139 3275 2708 2612 2761 3019 2634 3147 2549 3277 2858 2935 3228 3131 2746 2849 2474 2805 2871 3052 2816 2875 2631 2883 2743 3183 2745 3142 2733 2990 3210 2934 2846 2812 2825 2761 2901 3208 3137 2849 2536 3071 2844 3196 2942 2847 2815 2879 2982 2847 3047 2855 3076 2702 2882 2608 2918 2755 2749 2972 2946 3095 3078 2784 2815 2808 2991 3076 3369 2904 2837 3014 2740 3047 2805 2524 2719 2773 3003 3006 2981 3034 3049 2891 3301 2859 2933 3073 3128 2942 2987 3055 3126 2973 2865 2717 2690 2975 2663 2929 2999 3044 2840 2767 2699 2910 2939 3057 2906 2821 2792 2975 2776 2914 2888 2956 2678 2727 2995 2867 3102 2867 2783 2918 3046 2806 3002 2722 2872 3015 2996 2998 2787 3286 2974 2997 2716 3039 2738 
3323 3428 3402 2958 3110 3495 3298 3213 3353 3139 3055 3298 3701 3213 3239 3168 3333 3254 2956 3203 3302 3458 3274 3163 3086 3489 3165 3076 2915 3149 3100 2999 2957 3511 3469 3396 3151 3189 3044 2973 3033 3137 3088 3337 3322 3237 3086 3661 3011 3344 3468 3226 3499 3507 3086 2951 3157 3209 3051 3331 3300 3209 3100 2680 3552 3020 2978 3246 3138 3084 3583 3242 3144 3022 3479 3094 3271 3367 3266 3036 3172 3446 3011 3375 2799 3133 3137 3592 3360 3107 2942 3028 2768 3242 3377 2893 3359 3170 3242 3486 3241 3306 3202 2929 3067 3271 3229 3401 3306 3164 2983 3545 3494 2823 2760 3079 3601 3076 3546 2933 3378 3225 3315 3633 3438 2899 2933 2806 3047 3161 3463 3263 3125 2833 3160 3073 3466 2968 3478 3040 3297 3459 3395 3095 3275 3246 2919 3154 3361 3283 3077 2889 3460 3177 3368 2984 3202 3021 3003 3131 3535 3326 3056 3413 2796 3123 2876 3267 2910 3335 2975 3277 3364 3420 3178 3112 3194 3268 3199 3665 3398 3223 3340 3280 3223 3168 3075 3079 3096 3421 3281 3278 3196 3392 3242 3529 3109 3105 3109 3247 3346 3440 3236 3236 3321 3080 3100 3027 3265 3146 3252 3170 3337 3289 3140 2952 3172 3203 3348 3145 3122 3131 3369 3326 3255 3392 3189 3099 3087 3178 3113 3490 3183 3112 3247 3313 3049 3510 3227 3115 3364 3399 3118 3135 3592 3161 3170 3063 3324 3089 
3202 3330 3402 3166 3205 3564 3173 3240 3414 3301 3266 3304 3717 3200 3150 3349 3496 3398 2980 3252 3252 3718 3247 3479 3278 3524 3113 3068 3076 3210 3147 3181 3123 3286 3611 3452 3450 3290 3023 2979 2832 3173 3022 3225 3346 3139 3554 3501 3300 3349 3538 3194 3510 3571 3120 3181 3221 3291 3131 3108 3237 3366 3369 2642 3387 3133 3054 3095 3340 3189 3561 3432 3363 3238 3606 3244 3477 3686 3286 3110 3186 3195 3272 3383 2982 2885 3257 3251 3627 2981 3326 3263 2928 3147 3288 3025 3380 3339 3314 3684 3316 3341 3277 2971 3167 3330 3211 3378 3304 3194 3090 3617 3691 3082 2960 3149 3530 3191 3534 2717 3484 3204 3027 3702 3643 2939 3231 2882 3144 3205 3596 3398 3412 2920 3319 3204 3500 3023 3451 3157 3421 3404 3153 3135 3318 3353 3132 3558 3331 3545 3191 3039 3649 3208 3505 3231 3251 3042 3298 3253 3232 3619 3206 3371 2811 3192 2680 3259 2955 3159 3270 3521 3380 3630 3193 3043 3451 3455 3549 3753 3416 3214 3253 3183 3318 3198 2934 3254 3190 3472 3126 3519 3252 3360 3357 3657 3213 3428 3247 3324 3409 3670 3267 3295 3454 3098 2962 3130 3383 2945 3345 3399 3559 3493 2961 2933 3256 3220 3433 3491 3109 3039 3467 3230 3323 3415 3299 3084 3046 3374 3209 3408 3126 2935 3333 3331 3187 3524 3221 3176 3487 3520 3307 3353 3498 3125 3238 2990 3432 3005 
3102 3357 3419 3032 3003 3299 3105 3074 3227 3266 3278 3144 3555 2996 3201 3164 3195 3474 2953 3096 3075 3544 3196 3264 3030 3354 3183 3050 2998 3168 3054 2985 2957 3300 3361 3228 3241 2987 3075 2931 2731 3145 2851 3183 3298 3082 3424 3427 2939 3103 3401 3217 3324 3396 2977 2842 3201 3241 2975 3039 3294 3119 3226 2589 3233 2972 2916 3099 3284 3095 3311 3311 3377 3211 3450 3246 3304 3527 3421 2938 3140 2944 3018 3066 2920 2890 3044 3198 3568 3059 2958 3235 2945 3205 3490 2872 3295 3054 3290 3351 3028 3262 3270 2849 3232 3335 2978 3263 3000 3337 2998 3385 3577 3013 2848 3166 3310 3176 3486 2895 3566 3054 3381 3550 3521 2903 3108 2769 3206 3138 3346 3179 3005 3063 3090 3030 3422 3017 3412 2975 3237 3282 2995 3137 3227 3129 2983 3309 3097 3547 3184 2870 3547 2818 3617 3155 3196 3006 3167 3130 3408 3342 3150 3514 2784 3207 2905 3433 3008 2969 3314 3456 3281 3296 3036 3089 2967 3051 3212 3502 3139 3187 3325 3130 3257 3187 2834 2939 3149 3152 3129 3356 3122 3282 3255 3528 3392 3064 3091 3195 3204 3377 3259 3207 2968 2956 3087 3249 3239 2742 3115 3330 3410 3242 2775 2651 3060 3021 3123 3375 3186 3045 3349 3170 3076 3526 3222 3053 3089 3099 3069 3374 3216 3007 3291 3336 2801 3443 2986 3086 3319 3437 3122 3017 3623 2931 2794 2863 3121 2972 
3043 3290 3492 2971 2878 3466 3397 3201 3177 3293 3165 3256 3648 3131 3039 3114 3334 3405 2770 3040 3106 3411 3441 3287 3197 3604 3256 3037 2873 3133 3140 2843 2897 3045 3462 3283 3260 3207 2983 2993 2947 3253 3096 3398 3413 3258 3264 3660 3101 3222 3521 3418 3695 3629 3062 3025 3277 3308 3077 2936 3203 3317 3348 2670 3159 2868 2956 3401 3399 3370 3247 3560 3063 3271 3504 3311 3369 3612 3296 3046 3366 3227 3044 3229 3076 3066 3120 3270 3564 3143 3081 3154 2948 3186 3408 2970 3323 3239 3325 3532 3238 3355 3152 3078 3050 3215 3323 3402 3233 3249 2921 3532 3643 2962 2802 3260 3297 3167 3602 3105 3606 3274 3338 3730 3414 3019 3176 2889 3066 3139 3283 3000 3131 3084 3074 3119 3770 3051 3501 3252 3368 3405 3186 3106 3189 3385 3293 3374 3318 3476 3140 2916 3637 3097 3653 3151 3258 2974 3138 3218 3276 3443 3023 3398 2828 3419 2836 3109 3154 3257 3235 3379 3257 3531 3023 3104 3044 3122 3400 3670 3448 3151 3332 3028 3110 3256 2866 3053 3380 3397 3244 3572 2998 3316 3136 3576 3239 3257 3071 3351 3229 3325 3126 3345 3220 3047 2846 3209 3283 2958 3130 3124 3469 3355 2820 2823 3041 3172 3212 3302 3119 3111 3306 3250 3251 3475 3185 2908 3081 3304 3134 3201 2955 3316 3164 3302 3094 3388 3081 3197 3459 3293 3065 3105 3738 2960 3147 2994 3304 2962 
2920 3103 3284 2784 2766 3148 2897 3047 2976 3023 2957 2963 3241 2799 2757 2775 2973 2997 2698 3060 2813 3038 2973 3066 2894 3172 2967 2678 2652 2793 2886 2765 2758 2968 3047 2892 2624 2848 2738 2710 2555 2978 2660 2992 3066 2912 2996 3176 2873 3081 3165 2921 3152 3136 2833 2879 2702 2968 2901 2941 3119 2886 2906 2433 3284 2767 2789 3019 3053 2952 3025 2999 2835 3125 3197 2890 2941 3255 3067 2876 2804 2828 2861 3007 2633 2490 2990 3129 3246 2902 2935 2915 2740 2901 2919 2722 3078 2897 2973 3055 2795 3040 2898 2693 2831 3044 3040 2968 2963 3009 2771 3192 3342 2656 2700 2898 3117 2729 3166 2722 3122 3120 3063 3314 3035 2779 2898 2630 2869 2854 3054 2843 2866 2571 2807 2714 3319 2847 3170 2821 2963 3087 2964 3091 2791 3036 2865 3075 2979 3266 2968 2809 3426 2964 3085 2966 2970 2798 2919 2875 2944 3117 2701 3189 2554 2979 2593 2827 2695 2875 2824 3213 3128 3128 2736 2695 2896 3171 2990 3248 2956 2955 3054 3132 2921 2980 2839 2915 2922 3039 3139 2974 2971 2760 2949 3358 2857 3030 2900 2780 2815 3102 3005 3037 3104 2879 2928 2938 3035 2640 2859 2908 2901 3059 2662 2648 2940 2789 2821 3147 2822 2901 3113 2913 3071 3133 2936 2856 2909 3098 2802 3042 2981 2596 2862 2957 2755 2986 2831 2687 3193 2873 2954 2748 3054 2912 2947 2675 3027 2798 
3188 3466 3437 3080 3053 3441 3230 3059 3146 3319 3235 3328 3753 2957 3258 3323 3327 3279 3138 3353 3089 3484 3267 3302 3207 3580 3285 3120 3043 3176 3089 3233 3030 3116 3501 3259 3174 3068 2877 2755 2760 3169 2776 3277 3373 3171 3281 3555 3038 3204 3587 3214 3493 3559 3012 3258 3220 3276 3108 3199 3479 3262 3177 2669 3419 2890 3217 3290 3236 3408 3443 3515 3243 3234 3476 3252 3182 3366 3293 2958 3034 3225 3194 3288 3010 2915 3177 3327 3545 3042 3158 3151 2948 3355 3285 2839 3385 3268 3341 3554 3185 3209 3363 3043 3243 3401 3190 3262 3038 3222 3093 3519 3523 3093 2791 3035 3393 3073 3568 2759 3572 3113 3351 3623 3542 2728 3091 2734 3142 3400 3411 3175 3056 2895 3335 3140 3593 2998 3512 3044 3321 3355 3169 3142 3131 3299 2993 3347 3188 3420 3248 2911 3589 3057 3246 3059 3157 2931 3188 3293 3298 3401 2854 3345 2806 3285 3054 3435 3029 3236 3145 3575 3102 3430 2897 2962 3257 3346 3333 3646 3352 3165 3167 3240 3335 3358 2872 2940 3154 3211 3258 3205 3319 3283 3157 3466 3201 3282 3222 3003 3242 3379 3229 3043 3296 2898 2996 3202 3302 2913 3166 3310 3389 3363 3023 2647 3223 3350 3318 3265 3143 2993 3430 3178 3247 3320 3078 3103 3157 3183 3202 3180 3087 2981 3380 3112 2916 3424 3014 3017 3307 3519 3123 3057 3376 2993 3071 2860 3351 3009 
3199 3395 3425 3153 3220 3449 3437 3400 3422 3289 3303 3471 3761 3170 3197 3404 3436 3694 3027 3291 3187 3637 3145 3284 3148 3634 3261 3173 3019 3305 3157 3025 3086 3262 3567 3341 3105 3345 3000 2874 2866 3178 3072 3557 3371 3217 3367 3752 2960 3373 3437 3340 3555 3734 3247 3310 3262 3477 3169 2991 3341 3329 3138 2783 3519 3068 3012 3336 3410 3265 3740 3430 3296 3357 3419 3300 3524 3608 3400 3062 3420 3216 3054 3393 3009 3019 3248 3261 3687 3292 3277 3367 2865 3186 3401 2828 3403 3234 3442 3646 3192 3417 3344 3057 3041 3487 3287 3310 3294 3285 3178 3721 3878 3150 2999 3042 3464 2995 3659 2802 3777 3230 3255 3860 3581 3158 3072 2963 3078 3213 3279 3223 3349 2976 3308 3194 3729 3215 3312 3108 3273 3559 3461 3464 3407 3274 3078 3384 3382 3580 3230 2987 3574 3262 3457 3110 3256 3146 3140 3518 3156 3732 2989 3456 3052 3122 2966 3312 2915 3152 3236 3473 3613 3512 3110 3108 3212 3494 3463 3768 3379 3235 3376 3056 3320 3231 3119 3160 3134 3304 3307 3580 3248 3316 3359 3581 3140 3270 3313 3521 3208 3666 3305 3492 3446 3187 3134 3044 3360 2977 3118 3335 3555 3570 3055 3034 3022 3254 3515 3504 3203 3067 3395 3159 3531 3266 3404 3102 3175 3354 3171 3489 3280 2960 3157 3229 3208 3362 3130 3294 3403 3536 3202 3087 3515 3226 3300 3024 3474 2820 
3028 3268 3263 3025 2899 3095 3153 3230 3212 3323 3087 3073 3435 2882 3009 2925 3202 3191 2746 3306 3139 3268 2995 3204 2905 3496 3112 2944 2692 3041 2867 2964 2974 3081 3406 3235 3076 3061 2994 2820 2740 2894 2906 3143 3049 3095 3074 3409 2797 3175 3373 3116 3224 3233 3102 2859 3006 3046 2849 2877 3127 2994 3196 2666 3153 2881 2769 3131 3058 3083 3321 3076 2981 3115 3286 3086 3265 3432 3303 3009 2988 3070 2954 3195 2859 2744 2922 3138 3308 2945 2975 3203 2941 3039 3309 2705 3126 3097 3275 3487 2988 3220 2947 2846 3164 3267 3008 3182 3032 3122 2823 3349 3400 2771 2879 2980 3431 3134 3399 2669 3608 3032 3215 3615 3347 2916 2973 2748 2878 3288 3048 3083 3006 2986 2886 3064 3387 3035 3131 2958 3042 3376 2964 3072 2937 3133 2979 3136 3151 3188 3095 2798 3325 2896 3300 3012 3158 2997 2746 3102 3088 3218 2914 3315 2833 3299 2827 3142 2932 3019 2919 3341 3049 3153 2768 2862 3161 3297 3107 3633 3279 3070 3022 3010 2986 3005 2717 2958 3130 3212 3287 3266 3084 3349 3272 3472 3174 2788 3157 3223 3207 3236 3093 3039 3025 3011 3013 2981 3118 2909 3180 3381 3401 3148 2907 2801 2926 3040 3093 3233 2809 3103 3150 3082 3099 3325 3210 2938 2788 2991 2765 3159 3076 2768 3006 3062 2687 3269 2878 3138 3207 3102 3159 2967 3397 3092 2996 2925 3128 2968 
3025 3172 3504 3185 2959 3342 3284 3234 3197 3404 3101 3084 3642 3247 3078 3020 3341 3307 2899 3277 3142 3296 3168 3395 3051 3567 3332 3051 2965 3194 3169 3070 3111 3209 3424 3346 3303 3023 2948 3007 2842 3365 3031 3327 3435 3221 3383 3551 2907 3307 3407 3328 3456 3527 3106 3152 3135 3116 3014 3349 3475 3206 3408 2920 3336 2893 3070 3355 3436 3115 3263 3460 3211 3163 3355 3184 3321 3485 3181 3082 3241 3357 2954 3328 3156 2884 3177 3214 3547 3152 3118 3112 3122 3091 3286 2788 3291 3116 3201 3446 3186 3341 3388 2769 3190 3263 3291 3392 3197 3213 3097 3586 3361 2892 2735 3058 3249 3150 3511 2798 3618 3186 3261 3630 3562 2819 3198 2724 3130 3263 3304 3319 3022 3085 3128 3070 3596 2991 3591 3063 3069 3208 3063 2930 3266 3248 3033 3336 3248 3423 3211 2851 3495 3076 3382 2989 3089 2885 3125 3285 3335 3319 2886 3432 2958 3297 2760 3340 3011 3279 3167 3398 3307 3261 3050 3012 3092 3382 3177 3716 3378 3216 3317 2948 3093 3258 2860 3105 2995 3398 3289 3339 3066 3397 3221 3713 3360 2964 3136 2981 3293 3450 3180 3157 3066 3091 3066 3192 3172 3000 3160 3242 3452 3182 3069 2936 3116 3190 3324 3294 3119 3159 3249 3191 3164 3349 3274 3059 2976 3284 2896 3150 3111 3019 3158 3233 3127 3312 2951 3182 3504 3303 3198 3179 3561 3133 2948 2965 3318 3003 
2646 2870 2919 2555 2614 2918 2767 2848 2732 2790 2563 2706 3063 2400 2556 2645 2830 2764 2427 2815 2593 2888 2659 2720 2646 3050 2796 2453 2369 2710 2599 2481 2623 2788 3015 2747 2595 2762 2392 2469 2385 2561 2552 2770 2829 2689 2845 3111 2462 2839 2983 2691 2993 3044 2632 2504 2718 2685 2530 2597 2904 2781 2725 2172 2659 2696 2468 2640 2874 2658 2921 2689 2704 2780 2911 2516 2669 2969 2815 2717 2662 2656 2679 2702 2342 2441 2464 2641 2812 2500 2513 2485 2466 2679 2876 2582 2716 2738 2682 2929 2675 2920 2582 2496 2541 2732 2663 2620 2627 3068 2471 3143 2982 2433 2613 2449 2895 2536 2967 2402 2889 2531 2669 3154 2902 2507 2687 2445 2648 2618 2762 2703 2625 2572 2652 2590 3024 2643 2979 2412 2862 2835 2598 2630 2548 2810 2649 2631 2967 2900 2492 2465 2949 2502 2896 2640 2820 2453 2586 2578 2874 2737 2669 2815 2333 2621 2495 2706 2434 2778 2587 2781 2652 2783 2443 2563 2595 2996 2644 3131 2887 2755 2636 2579 2777 2805 2446 2487 2746 2706 2868 2757 2816 2845 2759 3026 2559 2628 2534 2700 2634 2905 2710 2773 2470 2634 2589 2535 2791 2416 2752 2960 3012 2774 2546 2221 2717 2574 2783 2770 2339 2649 2795 2748 2784 2891 2721 2622 2611 2601 2495 2716 2906 2479 2832 2786 2621 2905 2640 2759 2742 2916 2620 2689 2764 2634 2606 2391 2653 2618 
2912 3104 3054 2970 2700 3151 3082 3156 2939 3174 3060 3023 3334 2733 2841 2874 3015 3109 2760 2933 2865 3233 2930 3210 2980 3191 2893 2704 2583 2835 2801 2621 2803 2855 3036 3034 2772 2835 2659 2683 2617 2927 2729 2999 2808 2942 3136 3121 2781 3070 3122 2893 3300 3240 2699 2934 2930 2787 2803 3072 2886 2985 3018 2326 3084 2628 2918 2894 2986 2926 3267 2885 3013 3062 3301 2983 3204 3138 3101 2752 2839 2867 2911 2732 2903 2497 2875 2908 3392 2874 3018 3068 2747 2883 2959 2724 3133 2824 3007 3261 2882 3095 2979 2558 2714 2780 2853 3083 2801 3012 2672 3282 3255 2839 2547 2882 3096 2897 3204 2633 3107 2936 2902 3448 3324 2837 2754 2640 2848 2864 2981 2860 2875 2669 2938 2819 3170 2711 3099 2681 2959 3058 2764 3069 3019 3011 2701 3220 2981 3102 2805 2622 3147 2690 3129 2799 2995 2671 2959 2896 2991 3112 2679 3036 2579 2995 2567 3007 2684 2901 2948 3058 3050 3049 2787 2722 2822 3280 3049 3198 2971 2860 2828 3013 3104 2785 2726 2773 2865 3004 3009 3080 2756 3075 2909 3285 2804 2847 3049 3072 3070 3023 2979 2944 2802 2714 2861 2807 3052 2717 3010 2933 2898 3176 2585 2584 2777 2777 2919 2985 2746 2707 2919 2636 3011 3002 3052 2811 2721 2964 2566 3038 3007 2419 2796 2876 2665 3086 2847 2730 3115 3145 2965 2695 3255 2855 2671 2620 3060 2877 
2767 3339 3119 2906 2707 3067 2961 2872 3001 3231 2829 2968 3484 2933 3112 2974 3303 3170 2726 3022 2944 3305 2974 3096 2904 3344 3132 2760 2901 3042 2909 3024 2883 3053 3239 3017 3028 2825 2841 2883 2866 2832 2838 3107 2933 2967 3263 3297 2884 3145 3030 3119 3253 3140 3036 2840 2913 2909 2602 2868 3131 3048 2978 2590 3064 2798 2614 2834 3236 2789 3253 3051 3179 3111 3362 2908 3134 3167 3058 3031 2927 2817 3021 3301 2609 2552 2987 3115 3322 3046 2884 3154 2803 3019 2922 2618 3075 3077 3098 3208 3033 3205 3043 2783 2860 3224 2965 3033 2997 3102 2850 3345 3603 2920 2692 3036 3404 2934 3232 2704 3240 2907 3010 3549 3250 2823 2843 2724 3043 2919 3120 2843 2933 2708 2964 3021 3263 2861 3113 2917 3020 3369 2902 3031 2830 3050 2865 3131 3170 3229 2915 2876 3478 2984 3224 2952 2893 2722 3099 3187 3063 3174 3064 3197 2582 3017 2827 3004 2631 2903 2832 3229 3098 3265 2793 3019 2823 3218 2961 3400 3112 3039 3111 2830 3036 3006 2800 2898 2811 3153 2868 3272 2969 3085 3124 3494 3105 2913 3069 3212 2804 3063 3013 3196 2839 2746 2748 3059 2922 2811 3066 3022 3041 3175 2730 2663 3060 3042 3119 3021 2725 2881 3110 2962 3130 3308 3142 2990 2909 2995 2986 3154 2952 2748 2906 2919 2835 3479 2769 2983 3144 3164 3116 2868 3393 3147 2991 2676 3077 2685 
2677 2884 3000 2663 2496 2960 2840 2728 2576 2915 2541 2751 3043 2516 2707 2642 2914 2874 2480 2647 2732 2864 2738 2620 2666 3168 2805 2418 2771 2608 2620 2610 2574 2792 2906 2653 2707 2818 2700 2475 2497 2870 2575 3052 2757 2766 2910 3023 2496 2684 2912 2765 3075 3114 2693 2827 2464 2730 2442 2478 2821 2766 2882 2415 2736 2588 2396 2642 2727 2580 2926 2910 2952 2839 2919 2758 2887 2878 2855 2704 2794 2450 2657 2804 2402 2303 2788 2755 2887 2814 2560 2680 2512 2587 2883 2550 2805 2710 2712 3061 2782 2799 2898 2352 2599 2835 2656 2865 2846 2809 2619 3203 3120 2378 2530 2674 3181 2689 3235 2435 2961 2562 2674 3082 2800 2699 2543 2478 2668 2774 2881 2631 2778 2532 2787 2587 2940 2630 2724 2449 2674 2723 2639 2815 2882 2562 2723 2863 2753 2919 2595 2467 2971 2655 2858 2837 2848 2560 2500 2746 2880 2891 2684 3027 2440 2726 2346 2518 2455 2757 2824 2904 2712 2768 2698 2717 2597 3086 2733 3190 2857 2777 2627 2667 2709 2576 2653 2663 2738 2906 2839 2919 2947 2906 2845 3036 2850 2684 2794 2891 2788 2940 2875 2882 2714 2702 2636 2517 2901 2615 2869 2682 2989 2896 2504 2512 2667 2535 2922 2903 2598 2592 2653 2517 2943 2689 2723 2503 2660 2777 2679 2777 2869 2425 2774 2858 2679 2873 2543 2752 2855 3002 2844 2536 3195 2781 2681 2577 2803 2480 
2865 3148 3207 2877 2572 3108 3032 3042 3020 3003 3032 3237 3370 2838 2816 2790 3180 3286 2643 3076 2853 3167 3212 3079 2758 3098 3010 2741 2904 2987 2717 2777 2971 3094 3249 3004 2971 2927 2833 2809 2587 2849 2868 2929 3117 2963 3099 3425 2939 2871 3105 3216 3320 3028 2861 2735 2829 2956 2734 2710 2914 3133 2951 2465 3081 2620 2887 2866 3054 2923 2952 3192 2863 3329 3020 3022 3034 3209 2945 2853 2888 2744 2777 2990 3051 2475 2824 3146 3236 2897 2912 3009 2613 2944 3049 2664 3106 3062 3010 3243 2976 3044 2946 2652 2813 3228 3056 3106 2693 3100 2662 3311 3354 2917 2726 2908 3226 2780 3029 2774 3368 2908 2917 3629 3097 2754 2926 2722 2928 2816 3054 2699 2974 2795 3086 2814 3330 2822 3124 2879 2914 3230 3039 3001 2972 3176 2856 3005 3146 3210 3092 2681 3184 2957 3300 2920 2939 2639 2824 3111 2970 3231 2819 3311 2695 2950 2734 2930 2701 2979 2801 3391 3081 3202 2750 3076 3043 3011 3043 3283 3285 2933 2949 2836 2806 3050 2602 2909 2967 3085 2911 3074 2846 3056 2915 3369 3061 2965 3220 3017 2802 3074 3171 2962 2879 2817 2804 2937 3231 2851 3113 3193 3183 3196 2742 2547 2809 2860 3162 3213 2923 2778 3066 2910 2933 3110 3173 2864 2875 2791 2814 3011 2971 2578 2888 2954 2945 3027 2871 2984 3129 2985 3098 2661 3274 3053 2964 2716 3056 2851 
3034 3313 3227 2957 2953 3341 3158 3065 2968 3252 3103 3304 3585 3023 2856 3074 3245 3338 2876 3046 3078 3363 3224 3129 2953 3365 3342 2862 2956 3107 3081 2949 2864 3200 3456 3168 3178 3087 2805 2716 2799 3286 2923 3121 3169 3274 3214 3502 2927 3091 3285 3203 3417 3374 2997 3002 3195 3074 3026 3069 3196 3158 3180 2647 3314 3024 2854 3008 2983 3215 3302 3280 2993 3286 3256 3038 3273 3263 3203 2953 3169 3041 3040 3137 2799 2733 3015 3362 3288 2831 3013 3135 2749 3014 3227 2775 3392 3174 3208 3215 3246 3334 3228 2814 2881 3265 2994 3279 3148 3079 2782 3391 3460 2886 2721 3145 3450 3097 3442 2652 3372 3218 3014 3535 3276 2976 3109 2773 3126 3106 3182 3090 2889 2820 3062 3055 3423 3165 3238 2955 3310 3327 3035 3064 3258 3102 3221 3035 3211 3427 3142 2768 3365 3048 3395 2867 3188 2539 2953 3167 3424 3271 2898 3307 2743 3145 2721 3184 2945 3273 3010 3312 3249 3254 3007 2990 2800 3298 3177 3598 3128 3172 3204 3245 3096 2962 3019 3019 2943 3067 3090 3335 3166 3206 2922 3376 3415 3047 3187 3069 3434 3404 3165 3170 3091 2583 2883 2982 3097 2907 3143 3186 3405 3303 2784 2819 3109 3031 3210 3382 3106 2978 3320 3156 3112 3362 2998 3113 3099 2957 3149 3276 3190 2967 3271 3233 3089 3245 2893 2874 3214 3290 3162 2890 3367 2979 3059 2931 3143 3011 
3386 3594 3601 3357 3226 3545 3692 3513 3274 3503 3281 3415 3792 3295 3319 3292 3694 3711 3029 3454 3425 3607 3511 3178 3196 3882 3320 3318 3135 3369 2992 3177 3264 3488 3789 3266 3570 3452 3006 3053 3068 3455 3055 3495 3399 3533 3511 3808 3039 3690 3493 3657 3712 3699 3414 3248 3552 3522 3111 3209 3618 3358 3340 2940 3423 3070 3012 3286 3369 3314 3656 3650 3404 3456 3642 3230 3529 3536 3474 3112 3146 3169 3380 3572 3095 3136 3442 3516 3592 3326 3303 3361 2990 3432 3644 3069 3626 3301 3383 3686 3311 3598 3463 3034 3327 3540 3416 3508 3223 3315 3119 3964 3818 2953 3034 3314 3837 3280 3542 3147 3814 3209 3262 3770 3611 3235 3299 3062 3291 3452 3549 3232 3275 3181 3553 3338 3677 3438 3441 2995 3400 3605 3390 3268 3351 3475 3176 3563 3503 3447 3245 3058 3837 3325 3697 3288 3582 3065 3119 3482 3339 3673 3258 3554 3134 3315 3136 3365 3156 3229 3521 3736 3304 3564 3230 3326 3265 3739 3389 3927 3624 3339 3503 3339 3369 3232 3048 3323 3314 3465 3391 3597 3512 3506 3398 3748 3511 3391 3532 3446 3178 3609 3362 3478 3328 3175 3268 3254 3439 3250 3463 3467 3722 3433 3120 3089 3380 3361 3503 3523 3206 3241 3452 3272 3457 3486 3516 3106 3154 3464 3471 3560 3381 3179 3379 3685 3304 3652 3184 3204 3385 3519 3434 3139 3590 3423 3276 3191 3657 2925 
3022 3195 3126 2995 2815 3232 2939 2839 3021 3175 3096 2983 3442 2934 2727 2861 3215 3259 2742 3000 2879 3319 2900 2995 2958 3149 3027 2706 2698 3183 2907 2724 2963 3102 3308 3063 3050 3023 2733 2713 2863 2977 3006 3207 2973 3098 3212 3357 2878 3316 3228 2962 3299 3571 3017 2927 3035 2951 2874 3016 2838 3172 3153 2469 3359 2700 2900 2995 2961 2726 3081 3235 2895 3132 3312 3004 3149 3322 2970 2755 3008 3003 2889 2969 2918 2583 3124 3146 3372 2725 2954 2900 2778 3090 3115 2810 3320 2976 3158 3363 3025 3051 3127 2898 2960 2995 3094 3295 2813 3172 2926 3365 3361 2966 2663 2989 3245 2930 3227 2570 3352 3083 2997 3530 3206 2770 2978 2593 2998 2923 3092 2926 2973 2846 2874 2858 3377 2825 3247 2899 3110 3375 2943 2891 3034 3102 2940 3058 3126 3318 2953 2728 3207 2906 3326 2761 2920 2723 2987 2998 3164 3098 2939 3391 2671 2909 2508 3081 2779 3142 2851 3067 3316 3081 2922 2774 3061 3091 3106 3254 3087 2971 3016 3010 3113 3023 2697 2808 2950 3174 3009 3182 2777 3005 3118 3311 3293 2855 3023 2871 2889 3208 3009 3124 2882 2891 2938 3076 2987 2946 2952 3106 3270 3162 2925 2706 2859 2865 3042 3046 2799 2933 3287 3047 3160 3263 2888 2877 2837 2884 2810 3149 2999 2803 2885 3101 3007 3205 3035 2859 3061 3122 3117 2904 3312 3118 2705 2935 3140 2959 
2983 3267 3305 3016 2800 3189 3094 3021 3162 3151 2971 3156 3460 2981 2898 3008 3088 3189 2803 3089 3094 3415 3096 3231 2998 3472 2981 2805 2784 3115 2961 2707 2963 2961 3307 3079 2970 3199 2715 2825 2917 3186 3126 3055 3062 3017 3235 3461 2997 3250 3255 3309 3390 3142 3193 2891 3113 3162 3065 2983 2998 3226 3098 2581 3055 2874 2918 2852 3142 3024 3359 3263 3006 3239 3287 2964 3171 3293 2947 3092 2841 2843 2883 2943 2827 2811 3017 3070 3239 2949 3050 3027 2743 3141 3197 2807 3283 3100 3218 3240 3191 3406 3140 2778 2889 3046 2945 3237 2949 3102 2795 3376 3527 2893 2642 3021 3364 3136 3253 2741 3335 3196 3009 3447 3537 2989 3102 2791 2940 3020 3069 2848 3017 3052 3035 2958 3450 3005 3360 2795 3216 3221 2962 3162 3002 3061 3118 3348 3193 3586 3090 3086 3477 3051 3628 2983 3128 2914 3065 3229 3203 3281 3081 3154 2749 3051 2714 3106 2813 3074 3010 3350 3206 3253 2927 2982 2930 3136 3139 3400 3296 3104 3145 2983 3029 3165 2641 2973 2922 3187 3085 3421 3066 3107 3150 3523 3164 2960 3101 3021 3035 3302 3096 3324 3123 2975 2854 2956 3133 2778 3016 3310 3466 3215 2793 2733 3168 2873 3069 3293 2973 2877 3122 2953 3151 3546 3253 2968 2977 2970 2870 3194 3116 2984 3047 3119 2948 3393 2918 2854 3401 3360 2979 3051 3277 3055 3092 2882 2917 2780 
2868 3109 3360 3139 2820 3277 3130 3058 3028 2975 3078 3107 3498 2830 3066 3083 3362 3226 2627 3015 3019 3500 3091 3364 2972 3437 3229 2896 2790 3140 2841 2976 3135 3241 3449 3221 3182 3053 2796 2966 2564 3068 2893 3118 3124 3113 3144 3443 2820 3123 3197 3187 3415 3386 3080 2771 3154 3030 2911 2968 3139 3002 3111 2596 3262 2815 2903 3062 3055 3052 3517 3128 2913 3302 3194 2865 3256 3131 2987 2998 3213 3070 2993 3167 2863 2830 2964 3125 3351 2825 3007 3207 2635 2954 3252 2635 3169 3109 3198 3413 3091 3135 3099 2797 3083 3424 2908 3225 3004 3105 2868 3393 3615 2875 2631 3014 3256 3086 3563 2747 3362 2878 3132 3510 3473 2930 2965 2758 2971 3077 3214 3109 2964 2798 3107 3139 3556 3039 3307 2909 3173 3193 3191 3039 3270 3093 3025 3333 3222 3339 2966 2873 3254 3042 3348 2782 3128 2673 2976 3252 2959 3213 2831 3226 2790 3126 2844 3068 2854 2922 3016 3360 2937 3418 2915 3077 2961 3417 3154 3540 3305 3140 2900 3104 2983 3000 2901 3065 2985 3168 3151 3252 3164 3278 2966 3456 3241 2813 3100 3237 2988 3358 3245 3042 3226 2803 2966 2861 3041 2932 3134 3213 3116 3154 3014 2825 3052 3086 3058 3180 3105 2982 3262 2869 3086 3245 3287 2914 3089 2943 3139 3326 3202 2774 3001 3053 2801 3286 3062 3210 3210 3310 3087 2909 3409 3042 3116 2995 3152 2845 
3113 3362 3228 3103 2687 3163 3249 3024 3035 3422 3139 3159 3597 2887 3023 3071 3238 3233 2945 3025 3149 3719 3311 3294 3139 3612 3303 3034 2876 3128 3299 3104 3077 3135 3477 3232 3058 3036 3215 2997 2784 3113 3047 3441 3278 3130 3290 3612 3025 3186 3344 3247 3494 3466 3038 3096 2964 2996 2914 3232 3278 3128 3091 2775 3419 3046 3089 3205 3164 3169 3257 3315 3243 3385 3420 3270 3414 3394 3210 3108 3353 3114 2898 2991 2979 2738 3206 3271 3389 3064 3036 3195 3002 3278 3040 2889 3498 3012 3138 3316 3288 3293 3403 2944 2951 3316 3212 3341 3046 3140 2967 3458 3503 3017 2761 3063 3370 3209 3420 2813 3487 3207 3286 3564 3303 3008 2944 2845 3128 3132 3310 3183 3030 3085 3185 2808 3573 2965 3383 2886 3335 3270 3114 3198 3088 3183 3176 3309 3252 3459 3289 2842 3612 2935 3483 3114 3233 2959 3113 3443 3296 3443 3010 3467 2954 3407 2796 3043 2858 3121 3170 3447 3461 3442 3071 3088 3008 3410 3065 3463 3211 3381 3191 3282 3095 3029 3073 2935 3168 3293 3188 3462 3215 3221 3307 3610 3201 3042 3264 3302 3151 3174 3394 3202 2932 3051 3172 3117 3237 2858 3042 3288 3245 3341 3165 2849 3272 3295 3318 3276 3074 3086 3358 3151 3391 3369 3143 3159 3030 3119 3133 3326 3170 3130 3069 3054 2963 3420 3041 3239 3418 3323 3283 2830 3726 3106 3058 3033 3323 2916 
2863 3100 3330 2908 2640 3257 3024 3041 2907 3152 2919 3066 3468 2722 2816 2897 3104 3173 2533 2812 2840 3251 2782 3147 2935 3269 3132 2587 2781 2954 3027 2829 2947 3043 3345 3199 2894 2899 2679 2633 2594 2949 2894 3247 2963 2959 3193 3340 2594 3165 2961 3064 3301 3143 2961 2657 2921 3018 2891 2819 2997 2834 3035 2526 2902 2877 2667 2900 2974 2745 3149 2985 3036 2975 3190 2923 3070 3050 2933 2745 3011 3026 2909 2988 2616 2693 2756 2855 3250 2583 2864 2873 2758 2991 3083 2592 3115 2930 3181 3243 3204 2969 2933 2798 3013 3085 2964 3088 2853 3245 2861 3410 3334 2720 2734 2860 3059 2861 3203 2624 3290 2942 3006 3435 3225 2836 2913 2758 2832 2887 2867 2857 2689 2943 2646 2786 3293 2838 3058 3032 2985 3167 2908 2990 2830 2951 2889 3088 3116 3154 2876 2806 3238 2932 3219 2885 3004 2640 2954 2922 2993 3108 2881 3319 2676 2933 2793 2983 2731 2877 2705 3200 2948 3120 2737 2859 2917 3057 3047 3232 3024 2995 3094 2830 2960 2965 2810 2834 2979 2878 2870 3199 3069 2926 2935 3296 3030 2929 2933 3169 2839 3188 2948 3175 2817 2957 2733 3030 2935 2796 2802 3066 3316 2980 2828 2581 2996 2904 3191 3035 2619 2940 3027 2964 3105 3187 2968 2981 2923 2904 2891 2976 3008 2759 2815 3071 2860 3333 2883 3123 3158 3256 2802 2846 3282 2799 2758 2700 3029 2908 
2862 3031 3171 2764 2683 3066 3012 2832 2817 3118 2721 2996 3268 2680 2949 2864 3012 3021 2361 3073 2807 3348 2988 3048 2811 3247 2986 2762 2855 2980 2925 2618 2862 3039 3156 3047 3036 2719 2911 2868 2673 2761 2728 3140 2950 3012 2986 3240 2767 3005 3054 3101 3002 3188 2911 2703 2946 3038 2718 2552 2923 2962 2747 2375 3035 2701 2868 2668 3044 2820 2977 3088 2916 2891 3021 3113 2974 3268 2818 2616 2893 2818 2649 2996 2778 2479 2603 2925 3336 2799 2862 2803 2677 2925 2953 2705 2955 2886 3141 3010 3077 3077 2849 2670 2869 3058 2911 3051 2725 2924 2619 3110 3369 2803 2644 2832 3332 2931 3142 2586 3262 2930 2930 3361 3079 2577 2714 2473 2787 2964 2802 2726 2806 2734 3006 2775 3150 2763 2900 2793 2981 2906 2789 2812 2805 2953 2872 2750 2937 3248 2911 2774 3029 2625 3035 2754 2959 2567 2908 2843 3004 3078 2863 2901 2690 3047 2554 2945 2677 3014 2845 3094 3096 3088 2770 2789 2822 3020 2876 3238 2871 3015 2949 2679 2915 2974 2592 2589 2831 2976 2948 2993 3119 3002 2975 3228 2963 2831 2714 3054 2909 2938 2946 3021 2718 2861 2704 2968 2872 2741 2868 3283 3146 2964 2940 2485 2801 2859 3006 3162 2764 2702 3124 2826 3109 3029 2816 2709 2623 2945 2813 2927 2968 2707 2861 2859 2713 3120 2809 2826 3041 3126 2994 2947 3293 2947 2808 2638 2932 2528 
2937 3128 3083 2943 2658 3247 3066 2990 3098 3123 3001 2980 3273 2921 3125 2663 3185 3283 2764 3057 2941 3229 2903 3231 2921 3295 3180 2692 2570 2969 2871 2845 2718 3068 3256 2947 3042 2849 2799 2915 2701 2962 2907 3147 3073 2940 3123 3420 2590 3211 3086 2937 3333 3336 2867 2698 2814 3179 2790 3004 3131 2890 2945 2517 3168 2696 2675 2916 2910 2975 3236 3124 2908 3133 3105 3188 2881 3199 2938 2759 3087 2987 2721 2979 2717 2603 2844 2910 3266 2973 2841 2798 2741 2952 3198 2625 3281 2929 3070 3320 2978 2991 3065 2755 2942 2971 3010 3054 2841 3051 2763 3350 3368 2764 2565 2884 3243 2849 3241 2667 3260 2946 3237 3491 3258 2943 2811 2671 3023 3133 2869 3035 2974 2761 2960 3110 3142 2671 3180 2850 3058 3109 2934 3022 3009 2943 2756 3039 2955 3150 2960 2676 3435 2882 3223 2819 3032 2687 2782 3054 3162 2952 2834 3061 2790 3211 2697 3093 3069 2975 2980 3369 3291 3161 2916 2699 2766 3170 3084 3332 3101 3011 2981 2949 2887 3106 2658 2903 2754 3009 3020 2963 2853 2986 2876 3217 3205 3002 2920 2957 2998 3211 3021 3079 3091 2755 2709 2840 2880 2705 3044 3203 3162 2946 2812 2653 2940 2885 3077 3188 2843 2704 2891 2805 3054 3219 2951 2920 2815 3050 2978 3211 2994 2680 3065 3183 2820 3238 2818 2923 3143 3236 2860 2860 3316 3017 2711 2785 2999 2718 
3326 3542 3609 3194 2960 3285 3500 3107 3178 3397 3216 3551 3794 3098 3041 3191 3496 3376 2949 3221 3221 3691 3231 3337 3126 3538 3442 2898 3066 3400 3148 3174 3153 3234 3425 3505 3255 3097 3030 3003 3064 3472 2964 3383 3335 3217 3312 3748 3164 3358 3471 3300 3534 3362 3372 3073 3329 3277 3105 3192 3426 3226 3433 2721 3311 3181 3121 3231 3229 2957 3345 3460 3412 3372 3520 3161 3344 3610 3316 3269 3234 3271 3137 3492 2947 2830 3337 3599 3530 3203 2989 3407 2843 3363 3265 2731 3644 3226 3438 3409 3300 3374 3300 3004 3311 3410 3177 3554 3358 3239 3171 3432 3743 3128 2909 3172 3514 3387 3590 2870 3467 3246 3154 3879 3496 2925 3071 2901 3248 3244 3518 3069 2999 3020 3228 3144 3612 3144 3579 3142 3224 3548 3296 3306 3217 3362 3253 3454 3456 3641 3295 2942 3609 3366 3664 3005 3289 2954 3356 3279 3436 3341 3142 3421 3026 3272 3101 3331 3032 3223 3256 3582 3275 3472 2877 3115 3025 3328 3318 3600 3368 3209 3333 3413 3270 3223 3042 3243 3220 3291 3488 3395 3374 3342 3330 3655 3305 3034 3566 3376 3176 3200 3280 3407 3156 3007 3091 3323 3480 3231 3049 3219 3281 3414 3063 2920 3346 3152 3290 3440 3204 3079 3599 3342 3440 3505 3471 3360 3325 2994 3128 3326 3328 3041 3160 3234 3002 3512 3073 3135 3417 3287 3383 3023 3920 3227 3234 2977 3205 3078 
2963 2857 3038 2819 2572 3043 2882 2718 2866 2912 2860 3062 3365 2689 2789 2872 2924 3003 2428 2957 2865 3371 2852 2915 2620 3254 2999 2767 2825 2895 2710 2693 2916 3098 3014 3023 2920 2810 2748 2814 2927 2994 2770 2923 3017 2846 3006 3189 2785 2984 3128 2985 3089 3082 2901 2876 2941 2888 2780 3056 2778 2808 3059 2546 3003 2785 2701 2674 3123 2600 3073 2952 2986 2988 3181 2904 2833 3317 2782 2939 2876 2756 2639 2907 2472 2593 2972 2841 2833 2824 2770 2747 2677 2911 3155 2807 3015 2821 2995 2820 3067 2893 2920 2502 2959 2908 2992 3069 2764 2856 2673 3276 3224 2816 2481 2642 3207 2819 3083 2544 3099 2690 2855 3401 3166 2716 2894 2458 2792 3182 3108 3043 2914 2596 2744 2948 3230 2721 3173 2761 2886 3061 2740 2815 2939 2651 2686 2968 3091 3201 2863 2777 3248 2825 3144 2812 2956 2635 2761 2812 3004 3061 2765 2951 2294 3000 2591 3100 2448 3015 2851 3209 3069 3153 2735 2804 2814 3109 2908 3241 3061 3070 2992 2637 2914 2911 2795 2945 2770 2986 2802 3089 2952 2979 2973 3222 2908 2795 2820 2797 2926 2953 3045 3237 2735 2806 2771 2900 2957 2697 2768 2924 3153 2929 2794 2669 2905 2674 2956 3017 2849 2787 3010 2748 3000 3198 2921 2937 2759 3049 2829 2965 2919 2654 3016 2990 2762 3052 2853 2792 3146 3080 2784 2867 3233 2779 2763 2737 2834 2688 
2666 3084 3062 2671 2747 3050 2890 2989 2926 2937 2962 2929 3163 2739 2898 2811 2965 2900 2724 2886 2779 3110 2963 2958 2857 3101 2770 2836 2732 2715 2814 2780 2651 2884 2988 2811 2912 2809 2652 2448 2484 3030 2723 3049 2891 2776 3033 3058 2652 2735 3037 2811 3175 3056 2801 2628 2827 3018 2633 2725 2918 3027 2670 2204 2907 2721 2714 2772 2783 2896 2978 2985 2940 2934 3012 2873 3017 3204 3023 2604 2595 2716 2797 2782 2668 2598 2837 2856 3301 2788 2736 2813 2535 2807 2870 2526 2966 2783 3003 3024 2794 2957 2692 2535 2698 2912 2811 2922 2817 2906 2676 3056 3259 2561 2730 2904 3190 2696 3011 2388 2849 2863 2866 3177 3020 2583 2807 2500 2963 2682 2840 2814 2696 2718 2882 2826 3033 2718 2988 2603 2915 2983 2735 2897 2631 2834 2782 2910 2983 3135 2930 2696 2997 2725 3098 2792 2891 2499 2923 2816 2965 3028 2638 3070 2782 2849 2615 2750 2713 2756 3012 3089 2828 3011 2804 2731 2617 3047 2879 3088 2810 2800 2850 2620 2831 2939 2567 2636 2829 2906 3019 2907 2746 2752 2906 3081 2591 2753 2793 2767 2929 3017 2868 2891 2827 2574 2690 2822 2938 2614 2713 3013 3006 2940 2557 2512 2719 2651 2746 2906 2777 2675 3039 2800 2926 2898 2711 2580 2607 2837 2702 2935 2652 2723 3001 2867 2699 2892 2773 2641 2855 3038 2687 2755 3165 2657 2858 2587 2941 2575 
3018 3189 3160 3066 2606 3301 3084 3008 3283 3179 2916 3043 3409 3025 2916 3046 3310 3256 2662 3091 2830 3460 3023 3299 3103 3229 2984 2817 2814 3158 2945 2776 2796 3081 3269 3230 3011 3046 2780 2792 2592 2991 2988 3043 2915 3181 3150 3214 2885 3137 3322 3051 3226 3335 2938 2925 2847 3054 2876 3066 3148 2921 3134 2554 3254 2944 2771 3068 3097 2869 3353 3038 3075 3169 3390 3042 3212 3331 2918 2994 2893 2979 2997 2946 2744 2637 3033 3152 3273 2639 2875 3161 2806 3015 3144 2669 3225 2776 3362 3192 3026 2921 2968 2771 2998 3075 2917 3130 2974 3063 2776 3403 3381 2776 2809 2986 3285 3058 3213 2768 3354 3114 2946 3433 2992 2811 3058 2674 2984 2999 3183 3117 2978 2767 3157 2920 3443 2940 3397 2731 3193 3233 2934 2916 2971 3159 2811 3131 3209 3463 2955 2916 3387 3086 3230 2944 3063 2845 3053 3202 3029 3440 2920 3062 2762 3155 2593 3119 2909 3073 2929 3302 3052 3263 2905 2740 3012 3368 3273 3358 3003 2988 2889 2966 3163 3153 2658 2870 2955 3139 3089 3148 3140 2997 2988 3524 2952 2917 3077 3106 2956 3076 3047 3060 3017 2963 2835 2975 2989 2805 3226 3273 3271 3045 3007 2723 3157 2997 3339 3272 2848 3122 3097 3005 3293 3102 3098 3010 2943 3095 3007 3434 3072 2840 3036 3075 2836 3162 2885 2917 3290 3169 3042 2904 3175 3113 2959 2949 3167 2907 
2927 3338 3297 3027 2848 3158 3099 3061 3062 3100 3238 3049 3428 3034 3103 3007 3362 3268 2869 3106 3050 3458 2901 3030 2884 3418 3094 2969 2949 3165 2776 3011 2826 3161 3455 2955 3160 2924 2973 2721 2757 3097 2869 3264 3047 2941 3303 3406 2815 3151 3196 3232 3432 3474 3078 2878 2883 3189 2810 2950 3058 2928 3036 2711 3276 2817 2903 2937 3198 2864 3229 3154 3035 3168 3259 3204 3329 3253 3219 2798 2975 2797 2774 2954 2802 2672 2968 3087 3357 2968 2863 3212 2753 3019 3145 2813 3038 2979 3171 3353 2931 3022 3179 2842 2910 3218 2986 3084 2906 3188 2920 3426 3497 2774 2891 2926 3400 2790 3435 2897 3380 3093 3118 3398 3346 3052 2988 2812 3223 3163 3198 2866 2862 2812 3079 3021 3296 2852 3150 2838 3163 3161 3166 3251 2948 3171 3069 3280 3201 3375 3071 2780 3406 3067 3196 3168 3107 2837 3058 3315 3024 3396 3046 3163 2549 3072 2837 3039 2775 3061 2913 3211 3138 3268 2946 3114 2923 3432 2911 3427 3075 3146 3051 2951 3189 3107 2876 2912 2968 3182 3040 3177 2964 2956 3248 3194 3158 2983 3172 2967 2993 3253 3201 3272 3178 2938 2998 2863 2979 2807 3054 3311 3278 3165 2792 2788 3017 3038 3116 3272 3105 2963 3151 2908 3145 3119 3149 2742 2911 3021 3189 3184 3156 2784 3162 3129 3052 3237 3067 2824 3165 3331 3002 2792 3615 2945 2791 3019 3182 2812 
3627 3690 3816 3534 3338 3702 3634 3434 3318 3725 3500 3683 3899 3424 3336 3292 3861 3830 3119 3476 3506 3781 3434 3516 3431 3794 3418 3243 3224 3538 3227 3276 3285 3591 3738 3520 3575 3251 3277 3278 2997 3383 3219 3533 3463 3495 3476 3913 3275 3533 3707 3545 3776 3857 3388 3396 3554 3538 3319 3228 3755 3464 3443 2948 3377 3182 3070 3375 3442 3474 3790 3679 3447 3619 3748 3345 3571 3639 3767 3172 3412 3256 3304 3660 3193 3188 3476 3425 3819 3332 3349 3452 3078 3333 3489 3075 3568 3299 3556 3704 3461 3647 3560 3078 3448 3522 3411 3479 3571 3588 3199 3825 3985 3263 3132 3349 3888 3532 3772 3134 3847 3372 3264 4052 3800 3240 3340 3080 3463 3445 3714 3377 3300 3128 3491 3414 3908 3343 3758 3271 3516 3691 3376 3340 3446 3615 3323 3774 3485 3581 3435 3100 3597 3364 3912 3348 3394 3078 3324 3588 3471 3880 3348 3575 3166 3569 3208 3606 3386 3369 3369 3743 3485 3791 3353 3451 3343 3582 3554 3928 3621 3294 3612 3349 3488 3371 3095 3368 3217 3581 3466 3655 3630 3729 3499 3877 3667 3373 3603 3653 3492 3603 3388 3550 3415 3356 3118 3364 3480 3186 3621 3631 3584 3615 3278 3140 3466 3282 3716 3667 3274 3261 3583 3448 3593 3803 3540 3441 3323 3415 3475 3649 3611 3328 3594 3538 3276 3711 3181 3409 3601 3665 3473 3156 3796 3431 3336 3434 3707 3098 
3101 3298 3559 3080 3134 3404 3486 3265 3156 3133 3216 3167 3752 3169 3244 3387 3166 3585 3107 3149 3142 3369 3222 3311 3131 3712 3235 3119 2901 3062 3087 2883 3036 3352 3495 3164 3041 3184 2911 2894 2935 3343 3040 3397 3392 3142 3414 3649 2827 3266 3550 3081 3519 3682 3078 3072 3296 3310 3025 3150 3275 3222 3236 2659 3311 3016 3036 2993 3429 3108 3300 3401 3198 3384 3503 3109 3210 3428 3130 3003 3263 3119 2972 3220 2901 2920 3184 3335 3620 3153 3293 3265 2893 3137 3451 2946 3399 3189 3254 3680 3240 3339 3372 2887 3220 3333 3357 3328 3013 3147 3085 3762 3692 2848 2969 3246 3317 3068 3548 2907 3665 3190 3207 3661 3663 2921 3254 2870 3147 3367 3353 3155 3071 3105 3356 3289 3562 3136 3522 3129 3182 3394 3081 3138 3337 3197 3213 3227 3348 3555 3197 3034 3567 3098 3488 3222 3097 3062 3036 3209 3252 3371 2979 3494 2729 3292 2988 3264 2797 3398 3315 3486 3222 3273 3328 3196 3233 3532 3347 3633 3489 3327 3318 3110 3260 3331 3005 3151 3226 3579 3087 3558 2954 3366 3251 3615 3270 3150 3007 3114 3025 3650 3488 3115 3352 3124 3100 3233 3307 3110 3273 3322 3602 3370 2852 3021 3113 2973 3275 3349 3162 2962 3385 3094 3301 3265 3436 3054 2945 3267 3131 3372 3173 2982 3122 3257 3157 3384 3221 3165 3311 3666 3031 3186 3527 3115 3023 2994 3321 2959 
2544 3095 3043 2590 2775 3147 2916 2770 2802 2845 2890 2973 3265 2673 2827 2839 2970 3054 2628 2824 2745 2986 2737 2907 2643 3279 2918 2702 2591 2735 2834 2855 2610 2947 3002 2727 2697 2652 2916 2763 2580 2811 2538 2947 2960 2850 2884 3133 2633 2762 2902 2798 3189 2915 2745 2582 2829 2926 2629 2627 2803 2765 2710 2378 2915 2658 2630 2701 2988 2572 2853 2766 2691 2851 2998 2818 3046 3020 2953 2727 2845 2903 2699 2788 2638 2570 2794 2917 3328 2807 2679 2918 2644 2697 2980 2569 2892 2884 2971 2980 2837 2737 2670 2593 2779 3031 2806 2799 2576 2804 2672 3091 3147 2543 2505 2724 3143 2755 3117 2447 3050 2893 2840 3196 2946 2616 2712 2444 2932 3015 2910 2770 2739 2584 2863 2865 3059 2786 2839 2739 2912 3065 2739 2940 2728 2578 2738 2854 2790 3011 2899 2569 3129 2641 2947 2706 2795 2542 2786 2880 2666 3154 2738 2802 2291 2906 2507 2864 2447 2752 2847 2954 3001 2944 2686 2826 2759 2943 2720 3147 2831 2795 3032 2431 2902 2867 2606 2628 2784 2890 2831 2980 2795 2973 3024 3055 2772 2730 2743 2800 2873 3052 2800 2987 2781 2759 2483 2813 2846 2567 2832 3039 2917 2774 2512 2496 2825 2778 2819 3072 2796 2626 3000 2609 3016 2966 2987 2558 2568 2788 2779 2823 2752 2424 2636 2693 2666 2971 2833 2814 2959 2971 2715 2760 3215 2745 2695 2675 2857 2634 
2662 3035 3069 2740 2721 3087 2699 2879 2894 2887 2812 2905 3235 2706 2891 2820 2919 3036 2612 2689 2654 3020 2770 2957 2910 3214 3015 2576 2752 2731 2819 2703 2613 2778 2922 2849 2743 2945 2521 2453 2601 2895 2776 3075 2996 2814 2983 3029 2653 2917 2883 2872 3237 3159 2766 2816 2674 2795 2714 2804 2963 2914 2978 2399 3069 2639 2735 2981 2804 2731 2857 3077 2820 2739 3160 2856 2751 3014 2793 2791 2806 2768 2696 2786 2484 2483 2883 3044 3181 2680 2949 2799 2582 2699 2991 2591 2963 2798 2872 3209 2844 2745 2746 2595 2907 2986 2727 3053 2838 2761 2788 3002 3103 2643 2494 2929 3014 2711 3267 2638 2960 2713 2803 3296 3010 2669 2732 2610 2821 2915 2966 3097 2833 2551 2876 2842 3039 2803 3076 2627 2774 3045 2760 3062 2972 2830 2808 2927 2875 3146 2716 2593 3188 2754 3047 2706 3061 2531 2846 2723 3040 2821 2706 3037 2376 2814 2605 2910 2610 2693 2773 2957 2948 2811 2573 2674 2775 2957 3092 3119 2763 2862 2813 2909 2793 2997 2778 2702 2936 2905 2910 2910 2916 2919 2838 3126 2917 2683 2693 2847 2941 3159 3042 2894 2995 2686 2552 2740 2898 2619 2826 2771 3099 3040 2562 2409 2868 2622 2840 2858 2848 2694 3101 2759 2898 3019 3026 2933 2773 2860 2749 2843 2879 2480 2745 2953 2669 3006 2690 2811 2880 3038 2709 2661 3152 2757 2799 2561 2729 2780 
2922 3024 3109 2829 2662 3127 3159 2833 2804 3056 3057 2933 3246 2775 2830 2875 3226 2988 2512 2761 2766 3316 3012 2777 2743 3152 3021 2784 2591 2822 2760 2964 2606 3003 3301 3024 2764 2807 2772 2714 2571 2882 2757 2881 2911 3014 3038 3537 2717 2952 3006 2958 3251 3348 2943 2785 2985 2877 2533 2727 3070 2948 2865 2395 3004 2649 2820 2840 2971 2959 2892 3012 2884 3125 3081 2931 3038 3191 2945 2766 3045 2934 2721 2921 2851 2625 2837 3181 3135 2936 2749 2899 2667 3055 2848 2596 3110 2835 3065 3054 2824 3021 2980 2643 2717 3005 2965 3033 2880 3119 2762 3340 3419 2750 2769 2773 3228 2754 3183 2832 3022 2815 2883 3392 2946 2729 2774 2657 2901 2659 3134 2936 2748 2577 3054 2858 3205 2670 3042 2881 3010 3095 3027 2869 2896 3171 2923 3002 3027 3135 2894 2528 3101 2819 3142 2772 2939 2643 2822 3168 2829 3225 2795 2939 2627 2978 2754 2827 2739 2841 2767 3268 2946 3159 2691 2960 2600 3104 2837 3191 2995 2846 2942 2855 3064 2984 2826 2783 2806 2866 2885 3295 2848 2994 2878 3109 2857 2926 2965 3014 2836 3011 2889 2821 2781 2696 2963 2803 3044 2724 2922 3063 3039 3199 2696 2549 2900 3058 2882 2981 2751 2685 3017 2982 3150 2991 2973 2813 2940 2797 3177 3142 3021 2809 2877 2774 2810 3073 2823 2842 2874 2924 2917 2648 3154 2733 2807 2605 3097 2825 
3192 3164 3441 3206 2776 3294 3231 3126 2923 3272 3080 3357 3415 2935 3056 3141 3339 3299 2779 2953 3030 3488 3165 3045 3148 3268 2965 2835 2915 3014 3084 3011 3015 3077 3290 3182 3011 3194 3006 2761 2865 3212 2845 3226 3288 3024 3201 3313 2937 3209 3432 3148 3339 3241 3166 3039 3039 3258 2919 2979 3274 3104 3240 2613 3079 2917 2831 3067 3304 3020 3413 3286 3172 3226 3331 3026 3189 3361 3167 3079 2866 2778 3012 3241 2893 2656 3153 3127 3201 3007 3115 2879 2809 2970 3079 2731 3103 3012 3059 3276 2943 3230 3212 2781 3064 3194 2933 3148 3150 3375 2886 3407 3662 3058 2830 3120 3348 3104 3360 2773 3356 2999 2958 3576 3454 2709 3084 2812 3071 2944 3337 3014 3041 2879 3062 3208 3570 3073 3414 2880 3167 3368 2847 3168 3001 3082 3001 3156 3268 3422 2863 2951 3277 3054 3377 2952 3321 2974 3169 3265 3064 3328 3002 3393 2885 3281 2902 3182 2953 2916 3134 3535 3145 3361 3041 3224 3009 3367 3069 3423 3202 3089 3341 3083 3238 3262 2815 3098 3027 3162 3217 3358 3118 3049 3102 3480 3230 2908 2999 3225 3082 3243 3127 3267 3185 3012 2885 3193 3304 2863 3114 3290 3160 3354 2850 2811 3207 3022 3137 3181 2945 3157 3173 3146 3249 3378 3134 3165 2986 3077 2936 3102 3192 2920 3197 3104 3021 3337 2735 3038 3245 3396 3197 2866 3300 2982 3009 2971 3053 2805 
2865 3107 3172 3059 2785 3374 3069 3051 3159 3048 3102 3089 3634 3046 2873 2914 3230 3397 2789 3005 2809 3210 2972 3138 2914 3237 3025 2823 2585 2989 2776 2916 3025 3112 3270 3219 3193 3005 2807 2911 2784 3111 2813 3087 3117 2981 3260 3502 2653 3184 3223 3136 3277 3165 3030 2901 2990 2966 2902 2929 3146 3147 2928 2769 3014 2632 2929 2783 3236 2879 3224 3269 3067 2974 3227 3108 3266 3210 2992 2873 3084 2891 3050 3043 2939 2774 2939 3154 3353 2855 2952 2909 2764 2977 3182 2557 3291 3018 3156 3442 2917 3187 3113 2667 2953 3007 3080 3257 2909 3282 2876 3499 3550 2754 2691 3129 3234 3011 3329 2957 3370 2890 2873 3399 3321 2825 2935 2736 2861 3130 3151 2954 2993 2918 2876 3072 3128 2824 3325 2967 2941 3115 3062 2925 3172 3250 2787 3233 3098 3400 3031 2823 3239 3194 3289 2970 3022 2775 2877 3091 3172 3296 2826 3259 2650 3083 2835 3040 2800 3057 2851 3221 3056 3154 2868 2839 2938 3118 3290 3438 3170 2839 3144 2802 2915 3080 2838 3059 2955 3222 2827 3295 2813 3169 3161 3408 3213 2995 3083 3131 3268 3148 3029 3200 2959 2981 2838 2921 3139 2901 2990 3089 3329 3189 2716 2706 3004 2918 3314 3099 2771 2727 2962 2917 3155 3179 3249 2829 2951 2988 2853 3136 2926 2949 3031 3077 3027 3299 2855 2993 3209 3370 2952 2839 3235 3007 2839 2650 3053 2935 
3508 3526 3362 3208 2874 3331 3249 3176 3271 3515 3255 3269 3709 3142 3188 3276 3455 3226 3004 3327 3202 3702 3252 3284 3106 3673 3398 3114 3197 3267 3115 3167 2958 3282 3598 3262 3118 3211 3078 2907 2904 3458 3084 3269 3304 3336 3319 3868 3169 3520 3491 3221 3568 3704 3235 3289 3090 3267 3072 3219 3386 3255 3335 2723 3413 3056 2858 3422 3234 3234 3404 3298 3204 3231 3539 3395 3493 3704 3509 3109 3358 3379 2995 3520 3092 2936 3387 3406 3586 3354 3012 3359 2992 3278 3397 2974 3324 3290 3341 3466 3156 3365 3296 2902 3129 3366 3229 3448 3428 3397 3268 3688 3617 3030 3125 3072 3616 3047 3560 2845 3375 3166 3334 3797 3451 3165 3040 2992 3360 3126 3492 3355 3080 2930 3433 3260 3650 2921 3569 3030 3478 3544 3417 3305 3337 3379 3242 3300 3506 3503 3287 2911 3625 3230 3633 3110 3277 3008 3163 3362 3379 3489 3249 3396 3129 3222 2835 3192 3062 3339 3214 3397 3330 3521 3173 3126 3103 3539 3409 3766 3353 3286 3328 3179 3278 3287 3051 3131 3083 3548 3364 3502 3181 3492 3244 3636 3280 3112 3215 3295 3110 3312 3290 3291 3282 3127 3251 3136 3580 3118 3329 3399 3327 3461 2878 3045 3160 3275 3369 3568 3306 3042 3553 3273 3371 3476 3400 3109 3154 3267 3284 3366 3204 3010 3424 3299 3057 3261 3053 3086 3251 3387 3226 3109 3726 3248 3323 3058 3350 3066 
3096 3395 3288 2872 2830 3224 2993 3173 3115 3123 3068 3090 3480 2984 2879 2910 3343 3175 2861 2965 2900 3363 3153 3233 2990 3478 3182 2796 2929 3079 2916 2812 2974 3005 3330 3370 2924 2952 2705 2818 2822 3274 2814 3224 3094 3038 3034 3271 2841 3238 3237 3339 3415 3340 2925 2916 3035 2929 3157 2963 3193 2997 2980 2794 3369 2795 2893 3063 3089 2966 3342 3161 2672 3113 3096 3016 3224 3312 3243 2762 3095 2797 2849 3029 2831 2713 2950 3282 3289 2884 2959 3029 2752 3074 3127 2696 3076 3118 3245 3387 3233 3114 3051 2761 3086 3217 3025 3153 2994 3199 2815 3253 3339 2868 2570 2915 3309 3054 3219 2846 3422 3099 3069 3640 3402 2946 3145 2953 2942 3189 3106 3191 2881 2977 2889 2900 3400 2776 3221 3108 3176 3125 3307 3117 3059 3171 3177 3180 3138 3367 2950 2876 3115 3144 3344 3068 3270 2767 2833 3290 3159 3306 2885 3294 2855 3177 2876 3070 3099 3007 2891 3363 3051 3285 2856 3023 2729 3087 3160 3517 3041 3153 2991 2948 3008 3144 2780 3140 2961 3178 2995 3068 3158 3054 3093 3365 3358 3108 3161 2977 3095 3022 3177 3046 3135 2987 2929 2877 3033 2975 3074 3140 3240 3247 2957 2801 3170 2949 3084 3090 2688 2940 3182 3001 2963 3269 3139 2815 2781 2935 2935 3203 3203 2842 2939 3205 3124 3244 2849 2891 3259 3257 2998 3022 3317 2988 2985 2863 3283 3098 
2771 2984 2972 2824 2767 2870 3057 2993 2870 2896 2784 3063 3402 2591 2905 3000 2988 3121 2501 2823 2713 3351 2770 3007 2863 3203 2826 2613 2571 2864 2503 2791 2779 2754 3200 2892 3030 3021 2851 2547 2416 2731 2687 2998 2851 2932 3041 3313 2759 3003 3094 2924 3162 3180 2869 2695 2871 3030 2763 2714 2881 2923 2923 2358 2913 2647 2735 2802 2869 2960 3197 3133 2993 2868 2977 2905 3095 3045 2926 2733 3037 2892 3003 2892 2580 2733 2737 2878 3201 2805 2703 2907 2562 2989 3056 2592 3145 2888 2908 3157 2873 3074 3076 2771 2779 3204 2713 2998 2719 2916 2672 3078 3501 2641 2538 2715 2996 2849 3321 2610 3246 2767 2937 3372 3127 2668 2810 2697 2934 2915 2988 2819 2797 2651 2975 2839 3201 3009 3003 2758 3032 3160 2748 3064 2958 2899 2890 3081 2886 3121 2700 2716 3255 2876 3133 2913 2890 2693 2965 3000 2783 2968 2690 2895 2433 3019 2537 2935 2507 2787 2876 3247 2931 3173 2589 2821 2796 3271 2899 3435 3029 2988 2952 2992 2970 2910 2730 2867 2886 2999 2981 3164 2963 2828 2946 3105 2937 2811 2994 3060 2740 3134 2970 3100 3004 2612 2604 2781 2834 2537 2869 3137 3098 3071 2531 2560 2828 2908 2967 3114 3054 2761 3062 2695 3061 3113 3111 2872 2991 2877 2888 3041 2942 2716 2884 2892 2673 3135 2881 2924 2951 3208 3022 2807 3183 2763 2837 2821 2983 2671 
3323 3403 3319 3139 3051 3376 3180 3185 3353 3367 3034 3267 3726 3167 2963 2991 3231 3251 2992 3084 3094 3526 3164 3322 3156 3685 3192 2990 3021 3187 2980 3239 3010 3195 3584 3229 3167 3146 2861 2857 2965 3211 3014 3409 3293 3197 3300 3599 2895 3401 3294 3209 3492 3525 3068 3220 3134 3121 2978 3152 3289 3036 3313 2674 3212 3086 2998 3187 3068 3151 3453 3440 3068 3296 3313 3173 3165 3468 3175 2858 3143 2887 3054 3187 2820 2939 3026 3474 3356 2996 3083 3262 2895 3221 3409 2895 3491 3269 3341 3456 3382 3241 3291 2878 3143 3169 3140 3192 3162 2944 3067 3604 3496 3064 2713 3009 3401 3275 3423 2861 3593 3057 3099 3843 3288 2938 2994 2852 3103 3253 3351 3138 3214 2965 3166 3092 3453 3027 3376 2979 3427 3410 3191 3154 3230 3280 3103 3191 3189 3381 3020 2803 3577 3076 3398 3196 3178 3018 3078 3219 3269 3291 2957 3373 2880 3301 2845 3178 2978 3135 3129 3506 3263 3204 2822 3056 2958 3360 3283 3453 3255 3131 3142 3334 3191 3152 2971 3208 3061 3305 3067 3396 3311 3224 3130 3363 3237 3186 3163 3250 3306 3321 3346 2972 3030 2867 3100 3161 3128 2934 3139 3181 3422 3448 2891 2824 3226 3110 3108 3447 3219 2928 3455 3157 3304 3573 3189 3361 3301 3100 3112 3174 3201 2771 3114 3232 2936 3394 3003 3111 3222 3306 3124 2885 3432 3138 3130 3045 3168 3013 
3193 3436 3604 3437 2887 3420 3457 3385 3174 3377 3126 3277 3583 3052 3066 3248 3409 3534 2868 3385 3183 3597 3447 3383 3234 3700 3391 2859 3076 3236 3042 3179 3008 3300 3591 3299 3382 3374 3005 3013 2869 3316 3013 3345 3221 3166 3566 3750 3101 3387 3386 3483 3539 3468 2972 2977 3342 3430 3011 3140 3517 3317 3489 2769 3410 2973 2823 3173 3482 3324 3558 3358 3299 3635 3622 3190 3460 3502 3372 3121 3315 3319 3242 3453 3120 2806 3100 3234 3581 3276 3167 3239 2953 3219 3450 2844 3371 3233 3441 3754 3294 3467 3234 2895 3224 3457 3277 3324 3177 3569 2990 3683 3904 3084 3013 3252 3668 3257 3597 2967 3678 3136 3210 3692 3619 3186 3188 2924 3112 3234 3326 3103 3284 3052 3326 3338 3724 3194 3376 3089 3271 3362 3323 3136 3189 3370 3232 3363 3365 3692 3316 2921 3792 3258 3416 3220 3207 2986 3167 3424 3287 3606 3305 3372 2985 3460 2830 3279 3046 3187 3149 3552 3290 3502 3097 3096 3009 3376 3364 3747 3341 3417 3367 3132 3194 3395 2934 3102 3241 3262 3475 3450 3292 3330 3199 3884 3317 3294 3352 3354 3247 3259 3304 3572 3309 3204 2991 3200 3453 3137 3388 3395 3491 3329 3206 2846 3016 3457 3332 3542 3046 3428 3401 3171 3305 3427 3212 3213 3282 3341 3423 3367 3370 3246 3235 3430 3040 3423 3127 3236 3429 3425 3375 3349 3557 3193 2992 3048 3437 3011 
3016 3109 3255 2917 2955 3243 3044 2973 2959 2928 2919 3138 3379 3079 2814 2943 3100 3095 2611 2925 2890 3326 3052 3098 3030 3184 2917 2687 2804 3048 2714 2777 2791 3160 3261 2970 3040 3143 2768 2792 2621 2940 2764 3055 3048 3031 3020 3394 2742 2985 3033 3099 3310 3117 3015 2836 2854 3145 2848 2920 3059 2852 2894 2520 3150 2764 2821 2964 2891 3017 3191 3317 3181 2915 3207 2975 3131 3215 2931 2758 3077 2832 2875 3070 2705 2836 2974 3249 3415 2882 3016 3046 2686 2961 3086 2664 3174 2849 3236 3212 3014 2975 2973 2739 2909 3126 3033 3132 2987 3021 2852 3253 3308 2878 2756 2860 3201 2912 3183 2700 3183 2950 2954 3518 3103 2804 2834 2600 3049 3001 3118 3018 2761 2908 2953 2977 3288 2915 3149 2742 2978 3231 2970 3104 2895 2946 2938 3121 2943 3165 2924 2936 3532 2938 3256 2908 3071 2712 2862 2866 3060 3007 2867 3168 2646 3068 2688 3082 2703 2921 3119 3114 3096 3187 2883 2952 2896 3009 3244 3168 2822 3006 3183 2943 2971 2905 2849 2941 2930 3031 3022 3169 3052 2963 2971 3388 3076 2929 2955 3037 3054 3221 3044 3171 3001 2763 3001 2824 3080 2784 2953 3151 3276 3084 2712 2780 3000 2947 3112 3291 3120 2695 3275 2785 3162 3140 3005 2764 2885 3032 3100 3039 3036 2664 2816 3068 2767 3147 2946 2787 3085 3024 3064 2994 3377 3066 2898 2903 3332 2687 
3220 3431 3110 3034 2757 3115 3248 3154 3106 3045 2827 3199 3628 2909 3102 3095 3284 3297 2939 3085 2975 3481 3236 3279 2933 3221 3220 2873 2836 3072 2956 2910 2962 3231 3444 3131 3053 3216 2910 2891 2701 3189 2789 3095 3309 3280 3187 3445 2755 3193 3293 3072 3284 3569 3118 2833 3015 3081 2983 3123 3191 3172 3244 2699 3316 3012 2737 3074 3049 3065 3349 3258 3056 3189 3175 2975 3371 3307 3131 3040 3050 3039 2936 2961 2915 2812 2949 3380 3248 2967 2851 3168 2737 3149 3269 2886 3324 2986 3089 3205 3126 3288 3242 2773 2954 3203 2902 3186 3036 3100 2825 3472 3500 2865 2836 3053 3459 2990 3208 2841 3454 3118 3124 3622 3265 2869 2933 2739 3097 2985 3341 3026 2950 2911 3154 2922 3472 2955 3319 2895 3183 3269 3152 3025 3129 3014 3150 3062 3256 3321 3023 2674 3352 2879 3409 3021 3231 3013 3000 3282 3327 3315 2873 3306 2847 3161 2641 3062 2921 3279 3036 3268 3086 3261 3046 3141 3059 3281 3038 3440 3145 3283 3156 3182 3102 2943 2756 3067 2818 3074 3291 3230 3146 3120 3081 3416 3111 2927 3197 3188 3129 3052 3215 2962 3109 2871 2959 2797 3305 2860 3217 3387 3132 3277 2731 2937 3196 3100 3189 3373 3051 3085 3183 2996 3239 3280 2987 2957 2996 2870 2945 3303 3244 2896 3212 3326 2878 3258 2861 3016 3315 3206 3178 2898 3369 3172 3021 3017 3167 2846 
3103 3355 3465 3282 3027 3665 3356 3147 3210 3401 3488 3505 3573 3324 3068 3140 3597 3533 2943 3154 3341 3527 3306 3395 3184 3761 3225 3033 3025 3254 3137 3207 3141 3239 3420 3425 3114 3212 2966 2883 3052 3396 3184 3345 3390 3395 3217 3559 3141 3318 3638 3242 3546 3416 3326 3202 3353 3133 2966 2944 3225 3376 3395 2682 3373 3037 3123 3116 3290 3064 3400 3370 3273 3204 3547 3244 3334 3355 3121 3122 3143 3027 3178 3502 3037 3110 3254 3421 3700 3145 3132 3481 3031 3186 3296 2870 3309 3343 3525 3569 3292 3344 3295 2871 3288 3372 3098 3606 3372 3419 3071 3511 3743 3222 2807 3381 3551 3320 3704 2907 3591 3346 3176 3649 3665 3010 3125 2996 3147 3234 3477 3072 3081 3177 3312 3201 3729 3209 3493 3285 3364 3400 3210 3315 3157 3296 3210 3559 3403 3465 3112 3046 3431 3226 3412 3163 3348 2987 3394 3440 3424 3487 3128 3442 2739 3268 3012 3467 2891 3275 3120 3558 3337 3449 2926 3441 3103 3282 3404 3783 3529 3172 3288 3183 3436 3417 2959 3277 3261 3477 3235 3685 3218 3335 3270 3710 3615 3288 3303 3416 3217 3320 3171 3461 3355 3164 3134 3217 3468 3272 3384 3215 3384 3433 3037 3007 3353 3169 3386 3375 3195 3239 3504 3090 3439 3548 3430 3218 3278 3247 3183 3395 3157 3031 3232 3268 3070 3639 3264 3084 3396 3545 3486 3295 3737 3184 3355 3064 3283 3018 
3034 3445 3259 3152 3023 3262 3328 3131 2878 3187 3075 3049 3646 2946 3155 3089 3130 3205 2970 3131 3033 3394 3211 3265 2934 3460 3386 3021 2930 3177 2994 2925 2981 3267 3357 3212 3104 3052 2810 2801 2803 3243 2896 3204 3125 3261 3376 3463 2855 3453 3345 3134 3328 3246 3005 2935 3056 3171 2926 2984 3193 3146 3055 2694 3200 2859 2930 2991 3203 3134 3421 3152 3136 3135 3227 2903 3239 3466 3110 3026 2995 2874 3119 3176 2777 2800 2865 3315 3420 2875 3070 3297 2833 3115 3220 2951 3204 3075 3306 3275 3149 3404 3201 2596 3032 3056 3015 3168 3053 3162 2862 3363 3447 3003 2783 3073 3456 3143 3284 2879 3293 3191 3363 3409 3253 2972 2984 2866 3182 3201 3161 2926 2917 2804 3196 3152 3362 2866 3435 2752 3202 3176 3092 3166 3059 3226 3047 3089 3400 3356 2924 2919 3353 2858 3375 2965 3105 2741 3022 3317 3227 3291 2916 3236 2857 3275 2710 3025 2921 3118 2974 3458 2963 3355 2994 3091 2944 3393 3099 3503 3395 3132 3183 3077 3117 3230 2620 2874 2683 3294 3049 3086 3075 3119 3073 3304 3175 2914 3039 3091 3088 3170 3234 2990 3239 2796 3019 3016 3233 3015 3273 3178 3176 3238 2709 2883 3097 3103 3081 3479 3117 3104 3213 3055 3089 3375 3053 3041 3022 3037 3133 3311 3263 2764 3224 3032 2851 3431 3139 2824 3118 3419 3105 3160 3418 3113 2991 3014 3188 2871 
3025 3106 3431 3041 2776 3183 3188 3080 2934 3046 3048 3012 3317 2907 2840 3054 3200 3268 2703 3061 2932 3208 3191 3258 2964 3328 2994 2854 2548 2851 2835 2954 2725 3083 3252 3086 2926 2876 2855 2863 2553 3004 2967 3022 2910 3078 3282 3397 2851 3142 3260 3141 3329 3429 3058 2857 2977 3158 2793 3008 3092 3129 3028 2621 3150 2896 2924 3036 3078 2941 3297 3288 3189 3203 3341 2998 3253 3299 3192 3025 3068 3038 2985 3013 3014 2665 3089 3133 3376 3021 2921 3040 2799 2953 3135 2681 3090 3093 3024 3332 2887 3155 3115 2840 2881 3091 3097 3139 2981 3128 2930 3294 3376 2894 2749 2840 3265 2869 3258 2763 3461 3075 3232 3414 3280 2834 2912 2737 2946 3095 3108 2929 2920 2836 3003 2927 3344 2972 3187 2976 3024 3163 3002 3038 2984 3033 2956 3269 3031 3175 2949 2851 3509 2973 3295 3065 2768 2903 2938 3214 2891 3205 2874 3013 2570 3087 2690 2988 2979 3228 3056 3340 3084 3258 2843 2920 2849 3236 2982 3282 3243 3014 3208 2895 3144 3195 2797 2807 3124 3112 3267 3180 2937 3157 3151 3417 3005 3062 2937 3046 3102 3273 3084 3135 2846 2951 2927 2991 3019 2820 3125 3195 3225 3017 2810 2661 2941 2879 3172 3331 2935 3014 3069 2944 3212 3396 3086 2814 2934 3035 2983 3000 3052 2762 2995 3035 2882 3135 2925 3044 3323 3112 3026 2927 3335 2941 2938 2970 3236 2819 
2831 3374 3273 2981 3005 3188 3028 3017 3167 3348 3070 3390 3383 2943 3014 3192 3204 3270 2880 2987 3053 3424 3178 3198 3061 3550 3114 3017 3223 3014 3120 2963 2891 3167 3265 3003 2980 3105 3086 2920 2829 3374 3057 3414 3251 3047 3191 3382 3023 3132 3402 3087 3542 3529 3026 2935 3216 3181 2973 3002 3216 3082 3422 2656 3280 3186 3068 3218 3149 2985 3325 3161 3122 3286 3420 2944 3185 3415 3189 2973 3145 3066 3084 3045 2886 2855 3137 3357 3407 2947 2866 3005 2839 3216 3397 2819 3334 2993 3142 3363 3244 3205 2914 2865 3054 3312 3047 3194 3098 3141 2970 3617 3654 2879 2964 3052 3415 2963 3413 2782 3499 3170 3174 3532 3255 2887 3229 2787 3173 3203 3121 3142 2974 2924 3187 2982 3472 3114 3316 2936 3049 3342 2937 2982 3126 3095 3117 3079 3193 3467 3014 2757 3590 2984 3321 3078 3253 2838 3004 3104 3177 3333 3147 3524 2839 3264 2903 3221 2821 3020 3300 3390 3340 3192 2753 3044 3010 3259 3151 3471 3175 3116 3158 3043 3276 3317 2911 2918 3252 3098 3283 3396 3183 3248 3393 3479 3095 3096 3169 3248 3004 3264 3320 3249 2940 3081 3141 3051 3242 2836 3070 3276 3435 3159 2832 2747 3182 2999 3091 3211 3042 3140 3354 3072 3209 3552 3103 3029 3073 2987 3014 3209 2960 2759 3201 3233 2779 3320 3001 3050 3181 3257 3315 2967 3551 3085 2913 2941 3124 3007 
2910 2823 3181 2938 2733 3194 3257 3071 2866 3012 3028 3067 3467 2891 3108 2936 3161 3272 2739 2941 2718 3498 2995 3125 2908 3256 3092 2839 2909 2929 2920 2663 2925 3058 3333 3056 3122 3109 2863 2922 2728 3135 2893 3199 3147 2934 3088 3257 2576 3094 3228 3067 3349 3408 2933 2766 2964 3115 2890 2858 2958 2896 3091 2603 3052 2902 2693 2965 3176 3075 3269 2998 3026 3271 3126 2920 3201 3252 3115 2957 2967 2926 2768 3009 2813 2522 2979 3019 3104 2849 2868 2968 2678 3027 3357 2593 3009 2894 3194 3123 2985 3014 3009 2543 3119 3234 2767 3075 2801 2940 2624 3438 3489 2716 2697 2820 3214 2992 3367 2796 3297 2870 2860 3362 3154 2907 2980 2613 2965 2948 3149 2914 2895 2865 3087 2971 3336 2955 3091 2835 3075 3232 3012 3023 3216 2905 2910 3052 3245 3159 2965 2668 3104 2952 3286 2857 3024 2820 2838 3062 2909 3183 3004 3227 2686 2884 2602 2931 2640 3062 3018 3220 3118 3220 2809 2740 2802 3334 3085 3439 3041 3028 2945 2985 3007 2953 2836 2923 2825 3249 3134 3342 3077 3229 3176 3272 2984 2904 2972 3196 3089 3247 3132 3389 2928 2866 2942 2673 3063 2982 3093 3329 3394 3053 2829 2818 2858 2969 3061 3238 2912 2913 3082 2755 3123 3065 2905 2782 2946 3060 3046 3119 3044 2830 2980 2948 2727 3122 2826 3026 3205 3174 3058 2930 3369 2989 2813 2704 2969 2724 
3123 3334 3380 2974 2772 3296 3105 2865 2880 3108 3104 3023 3418 2861 3123 3001 3062 3061 2704 3061 3014 3251 3049 3211 3186 3479 3203 2760 2729 2845 3085 2938 2897 3229 3248 3195 3068 2871 3037 2884 2846 3121 2658 3232 2947 3174 3084 3469 2761 3218 3199 2988 3288 3209 2943 2824 3004 3175 2896 2985 3128 2980 2952 2571 3069 2959 2628 3056 3106 2930 3226 3159 3144 3231 3268 3224 3136 3343 3081 2801 2910 3019 2926 3143 2724 2592 2906 3083 3382 3059 2904 3169 2803 2946 3210 2804 3055 3067 3317 3425 3079 3045 2922 2640 3225 3254 2947 3029 2870 3301 2921 3308 3478 2961 2735 3086 3295 3165 3190 2692 3388 2995 3189 3492 3322 2720 2831 2651 2864 3205 3056 2873 2871 2947 3025 3073 3389 2902 3029 2999 3058 3310 2916 3033 2908 3114 2895 3138 3196 3282 3052 2911 3507 2833 3139 2963 2826 2881 2961 3076 3171 3130 2925 3279 2728 3119 2820 3037 2870 2992 2838 3179 3064 3225 2926 2908 2905 3177 3100 3385 3076 2882 3122 2839 2979 3166 2722 2896 3118 3020 3151 3045 3319 3324 3140 3422 2999 2953 2955 3213 2962 3098 2951 3104 2832 2900 2855 3221 3033 3043 3146 3145 3264 3061 3065 2680 2982 3008 3114 3272 2719 3221 3159 3102 3091 3147 3089 2993 2824 2875 3049 3189 3166 2971 2996 3187 2785 3309 2903 2978 3222 3266 3015 3037 3280 2914 2770 2917 3077 2932 
3247 3371 3532 2861 2837 3428 3176 3053 3177 3290 3060 3118 3709 3021 3212 3020 3526 3318 2916 3388 3145 3533 3219 3054 3217 3338 3390 2987 2888 3237 2964 2998 3218 3268 3537 3247 3111 2993 2902 2883 2975 3259 2945 3356 3127 3149 3436 3653 2789 3285 3299 3208 3345 3269 3026 3030 3152 3062 2907 2966 3292 3148 3086 2712 3020 2889 2764 3057 3291 3182 3514 3255 3164 3406 3285 3098 3296 3372 3033 3171 3100 2989 3114 3262 2758 2873 3143 3246 3287 3221 3041 3199 2881 3136 3340 2950 3221 3266 3398 3370 3020 3297 3225 2749 3124 3164 3243 3317 3304 3292 2816 3645 3539 2850 2899 3154 3581 3016 3355 2904 3323 3057 3145 3747 3397 2904 2976 2789 3056 3333 3336 2953 3190 2926 3120 3070 3452 2961 3346 2903 3438 3459 3181 3242 3158 3134 2999 3233 3409 3535 3109 2755 3398 3102 3407 3021 3287 2845 2956 3127 3057 3461 3071 3309 2753 3098 2779 3061 2937 3178 3144 3222 3002 3365 2981 3017 3001 3329 3285 3523 3344 2965 3277 3053 3229 3226 2938 3031 2994 3198 3131 3365 3244 3423 3187 3395 3246 3185 3071 3181 3183 3345 3074 3079 3058 3045 2995 3112 3428 2954 3299 3150 3163 3372 2917 2782 2922 3098 3179 3320 3074 2994 3185 2979 3137 3338 3207 3147 2915 2992 3210 3268 3218 2976 3339 3061 2862 3438 3021 3200 3200 3349 3211 3011 3421 3314 3059 3125 2902 3009 
3067 3301 3169 3120 2655 3332 3084 3137 3026 3146 2979 2861 3511 2925 3044 3040 3209 3049 2781 3049 2871 3285 3073 3094 3001 3372 2998 2918 2824 2993 2934 2823 2862 3052 3360 3182 3038 2884 2717 2758 2699 3035 2937 3316 3070 3056 3332 3322 2739 3280 3200 3072 3405 3404 2843 2943 2893 3150 2728 2763 3287 3282 3051 2502 3196 2785 2929 2935 3037 2910 3385 3162 3224 3102 3211 2954 3151 3177 3146 2917 2948 2874 3052 3203 2812 2610 3094 3148 3269 2903 2938 2796 2750 2888 3083 2664 3091 3186 3216 3300 3086 3099 3159 2638 2874 3058 3118 3224 2907 3128 2786 3391 3395 3087 2963 2781 3262 2987 3325 2722 3290 3049 3141 3546 3243 2718 2939 2663 2926 2998 3148 2960 3123 2715 3203 2854 3165 2886 3356 2792 3043 3246 2991 2868 3015 3052 2840 3158 3028 3399 2980 2950 3198 3015 3306 3118 3056 2780 3081 3090 3124 3341 2806 3280 2666 3052 2819 2980 2887 3017 3015 3180 3103 3251 2842 2825 2952 3299 3003 3349 3286 3189 3178 3104 3219 3265 2483 2716 2669 3098 3132 3181 3325 3151 3279 3400 3057 3064 2907 3141 3093 3331 3091 3090 2993 2867 2893 3040 3015 2837 3191 3012 3203 3407 2972 2684 3162 2746 3180 3111 2972 2996 3193 2952 3147 3193 3051 3113 2736 3210 3085 3098 3054 2786 3010 3054 2979 3340 2813 2843 3132 3291 3027 2932 3298 3090 2991 2667 3085 2705 
3106 3249 3232 2920 2890 3178 3208 2904 2991 3096 2985 3189 3529 3016 2771 2806 3282 3242 2787 3077 3014 3327 2966 3177 2888 3123 3054 2871 2868 3067 2802 2927 2864 3222 3389 2977 3012 2913 2849 2626 2785 2909 2822 3234 3001 3102 2975 3285 2884 3108 3221 2985 3450 3264 2778 2997 3009 3059 2992 2848 2991 3108 3006 2582 3329 2649 2792 2891 3047 3009 3125 3158 3184 2921 3385 3034 3099 3312 3059 2882 2836 2824 2851 3121 2798 2741 2984 3190 3229 2937 2835 2933 2742 3060 3050 2706 3162 3253 3259 3181 3003 3100 3288 2832 2826 3159 3001 3228 2972 3072 2722 3223 3351 2987 2494 2873 3331 2905 3313 2653 3354 2984 3036 3439 3341 2931 2783 2629 2979 3134 3246 2932 2857 2629 2934 3056 3335 2814 3341 2843 3067 3306 2984 2966 2899 2953 2840 2889 3210 3223 2976 2820 3197 2994 3217 2693 3120 2683 2756 2987 3113 3215 2826 3300 2742 3109 2812 3166 2842 3153 2899 3183 2969 3229 3088 2952 3020 2970 2947 3268 2976 3084 3188 3092 3010 2966 2769 2722 2708 3032 2817 3133 2983 3051 3060 3384 3274 2873 3134 2960 3231 3076 3135 3039 2989 2799 2909 2981 3040 2760 2887 3102 3176 3077 2820 2889 2926 2955 3088 2999 3129 2713 3230 2910 3010 3220 3111 2982 2817 3028 2961 3056 2917 2696 2959 2902 2749 3161 2899 2586 3018 3228 3045 2916 3453 2855 2868 2788 3198 2704 
3031 2952 3163 2865 2726 3112 3195 3189 3014 2923 2901 2903 3425 3009 2999 2752 3162 3462 2908 3095 2944 3250 2896 3018 2788 3292 2938 2979 2820 3166 2814 2718 2929 3077 3358 2983 2907 2981 2788 2604 2586 3019 2762 3221 2907 2993 2987 3321 2559 3277 3046 3092 3267 3330 2926 2895 3057 3087 2683 2999 3038 2943 3012 2538 3062 2714 2831 2870 2980 2793 3199 2969 3089 2882 3092 2909 3310 3083 3044 2858 2826 2962 2807 2971 2871 2805 2802 3089 3286 2963 2650 2966 2673 2980 3267 2527 3107 2853 3095 3308 2833 3077 3136 2507 2769 3039 2941 3170 2857 2887 2679 3443 3422 2646 2684 2652 3261 2905 3245 2658 3264 2987 3088 3146 3289 2955 2759 2575 2924 3037 3129 2804 2822 2786 3007 2986 3153 3087 3113 2621 3122 3162 3157 3115 3066 2850 2697 2991 3164 3044 2859 2683 3152 3009 3176 2837 2910 2833 2978 3088 2984 3166 2959 3132 2708 2840 2501 3016 2675 3042 2865 3170 3132 3171 2799 3055 2616 3264 2984 3598 3135 3010 3290 3000 3182 3079 2776 2819 2807 3218 3276 3139 2933 3129 3017 3217 2894 3002 2913 2878 2951 3277 3124 3155 2894 2749 3010 2734 3033 2688 3047 3050 3060 2971 2822 2673 2785 2872 2914 2985 3016 2776 3009 2819 3067 3113 2888 2712 2964 2997 2852 3269 2814 2732 3030 2983 2939 3100 2872 2822 3108 3233 2918 2747 3328 3056 2779 2746 2841 2609 
3085 3205 3584 2897 2663 3148 3013 3344 3269 3210 3165 3133 3636 2836 3036 3142 3312 3218 2863 3022 2850 3633 3404 3273 2934 3386 3039 2978 3090 3047 2813 3056 3088 3128 3416 3084 2840 3033 2796 2773 2765 3249 2795 3309 3014 3038 3177 3604 2890 3218 3351 3271 3467 3278 2945 2851 3182 3114 2874 3001 3231 3137 3107 2452 3334 2866 2831 3089 3162 3099 3457 3244 3168 3341 3321 2904 3115 3292 3187 2940 2951 2888 2924 3251 2994 2825 3084 3199 3393 3130 2971 3217 2836 3101 3408 2930 3185 2959 3096 3359 3249 3155 3114 2710 3023 3250 3029 3181 3049 3062 2918 3639 3534 2544 2850 3037 3379 2856 3307 2800 3517 3023 3144 3809 3272 2809 3032 2812 3004 3102 3094 3004 2867 2906 3180 3000 3358 2917 3259 2916 3105 3202 3163 3048 2969 3072 2804 2948 3284 3297 3139 2840 3277 2996 3283 3024 3188 2907 3027 3037 3012 3444 2935 3400 2658 3136 2865 3014 2825 2922 3072 3392 2796 3244 2946 3132 2988 3407 3204 3448 3272 3072 3052 2893 3180 3028 2768 3311 3101 3240 3060 3297 3164 3092 3083 3587 3147 3047 3039 3106 2778 3211 3254 3199 2975 2993 3112 3174 3114 2958 2999 3275 3289 3224 2801 2728 3053 2885 3006 3183 2984 2941 3352 2876 3071 3310 3127 2955 2971 3223 3074 3130 3109 2896 3113 3222 3010 3054 2963 3160 3130 3322 2955 2905 3336 3064 2968 2710 3268 2994 
3256 3339 3468 3295 3132 3579 3379 3316 3193 3274 3257 3287 3773 3077 3240 3305 3451 3646 2937 3334 3200 3576 3023 3460 3406 3661 3339 3080 2976 3129 3306 3139 3204 3366 3544 3292 3197 3103 3014 2961 2997 3340 3122 3489 3296 3207 3372 3729 2983 3369 3603 3036 3667 3698 3268 3189 3303 3335 3207 3182 3303 3356 3332 2780 3521 3126 3012 3192 3400 3279 3513 3417 3169 3364 3582 3283 3315 3749 3316 2988 3464 3208 3204 3375 2987 2880 3240 3265 3677 3174 3283 3383 2985 3227 3361 3040 3448 3381 3461 3690 3421 3443 3195 2801 3200 3303 3278 3438 3378 3134 3056 3652 3771 3063 2817 3302 3631 3319 3582 2813 3587 3246 3333 3933 3602 2939 3092 3059 3316 3322 3536 3093 3345 3012 3423 3402 3631 3213 3271 3306 3326 3456 3105 3307 3222 3358 3165 3420 3435 3519 3196 3048 3582 3212 3524 3345 3107 3081 3201 3356 3200 3582 3082 3256 2873 3524 2881 3346 2947 3364 3177 3420 3377 3419 3078 3031 3137 3555 3417 3656 3434 3182 3296 3341 3523 3415 2924 3269 3014 3511 3429 3428 3267 3490 3355 3694 3332 3227 3340 3389 3501 3432 3444 3317 3421 3248 3127 3172 3417 3192 3344 3335 3413 3322 3074 3128 3026 3222 3391 3515 3211 2989 3251 3239 3504 3467 3349 3361 3154 3289 3117 3371 3245 3087 3343 3224 2963 3600 3126 3042 3272 3616 3373 3134 3588 3179 3302 3106 3382 3248 
3002 3405 3328 3053 2837 3311 3171 3272 2978 3126 3040 2963 3468 2710 2987 2920 3232 3197 2777 3189 3068 3443 3327 3198 2989 3384 2939 3022 2763 3103 2917 2932 2896 3264 3457 3037 3066 3235 2851 2989 2694 3060 3038 3322 3276 3057 3177 3548 3013 3324 3234 3015 3426 3505 3115 2943 3008 3069 2982 3002 3171 3114 3052 2510 3254 2685 2882 3100 3085 3271 3366 3246 2914 3171 3183 3054 3191 3293 3100 2985 3289 3105 2862 3049 2846 2853 2965 3084 3448 2911 3055 3002 2877 3018 3168 2999 3200 3096 2870 3462 3102 3194 3045 2578 3030 3144 3046 3131 3109 3181 2793 3457 3441 2743 2808 3146 3366 2862 3397 2908 3386 3209 3209 3519 3367 2873 3014 2779 3033 2997 3174 2979 3105 2947 3122 2862 3374 3045 3446 2883 3195 3169 3140 3222 3004 3156 3185 3217 3208 3250 3095 2746 3342 3084 3445 3037 3236 2890 2942 3126 2986 3301 2780 3226 2860 3190 2826 2982 2892 3030 3055 3147 3141 3269 3013 2967 3125 3281 3151 3485 3258 3139 3082 2988 3165 3024 2796 3027 3026 3353 3300 3356 3065 3085 3097 3484 3120 3058 2967 3107 3245 3179 3128 3243 3204 3146 2914 3011 3280 2881 3123 3255 3225 3320 2947 2852 3195 3074 3120 3374 3037 3055 3111 2892 3183 3238 3280 2765 2923 3151 2888 3035 3219 2893 3185 3250 3016 3228 3080 3192 3216 3091 3089 3193 3258 3064 3082 3089 3278 2963 
3079 3254 3232 2865 2794 3347 3164 3073 2935 3115 3108 2869 3502 2825 2958 2971 3281 3227 2841 3061 2842 3376 3224 2939 3077 3355 2951 2926 2857 3077 2982 2955 2781 3133 3425 3060 2889 3081 2743 2768 2694 3109 2759 3283 2994 3232 3234 3379 2927 3321 3190 3021 3468 3508 2816 3038 3017 3153 2792 2850 3204 3173 3007 2449 3234 2674 2852 3184 3161 2984 3050 3240 3050 3113 3298 3044 3113 3418 2944 2989 3097 2875 3021 3077 2920 2565 2977 3061 3395 2875 2796 3099 2860 3026 3289 2897 3163 2924 3308 3349 2944 3179 3162 2631 2967 3070 3003 3300 3017 3267 2881 3479 3395 3002 2748 3095 3276 2954 3367 2815 3193 3051 3117 3458 3194 2879 3072 2719 3072 3003 3176 3065 2862 2675 3266 2911 3440 2879 3333 2796 3170 3178 2924 3123 2924 3093 3054 2992 3232 3260 2818 2642 3327 2863 3153 2888 3163 2761 3022 3114 2887 3386 2951 3179 2550 3077 2615 2991 2790 3031 3060 3279 3157 3270 2896 2880 2873 3359 3051 3453 3031 2910 3066 3031 3158 3321 2916 2821 2849 3137 3252 3190 3081 2877 2844 3279 3009 2983 2983 2896 2857 3064 2950 3094 3065 2829 2919 3059 3130 2784 2911 3047 3147 3304 2830 2692 2852 3065 3147 3189 3031 2973 3228 2997 3169 3086 3095 2965 3020 3029 3209 3140 3077 2808 3118 2877 2795 3189 3014 2797 3021 3048 3017 2953 3396 2909 2906 2951 3120 2866 
3074 3231 3130 2873 2997 3336 3055 2916 3070 3237 2958 3312 3498 2915 3014 3102 3390 3351 2758 3052 2858 3301 3090 3110 3122 3181 2856 3010 3005 3030 3033 2897 3009 3073 3204 3081 3289 2973 2888 2953 2821 3148 2800 3267 3252 3126 3348 3367 2811 3259 3154 3147 3352 3409 2910 2880 3096 3171 2889 2837 3347 2939 3115 2535 3227 2770 3051 2996 3063 3126 3279 3334 2986 3219 3308 3165 3345 3319 3196 2682 3210 3199 3037 3271 2817 2760 3043 3084 3521 2926 3039 2956 2744 2981 3184 2562 3393 2973 3039 3250 2904 3195 3142 2838 2978 3207 3099 3333 2913 3072 2813 3412 3699 2931 2752 2969 3306 2974 3370 2698 3245 2998 2832 3504 3119 2632 2921 2537 2869 3006 3327 2991 2931 2757 3078 2930 3509 3091 3302 2950 3129 3281 3042 2962 3028 3033 2762 3268 3084 3466 3177 2736 3367 2967 3286 3037 3126 2786 3087 3157 2943 3360 2810 3392 2835 3003 2599 2962 2888 2831 2965 3302 3237 3405 2880 2852 3179 3112 3162 3472 3092 3040 3305 3129 3028 2840 2884 2990 2832 3062 3162 3402 3208 3014 2967 3416 3189 3132 3160 3224 3078 3416 3071 3217 3132 2799 2757 3137 3167 2950 2894 3083 3293 3317 2882 3050 3143 3208 3225 3247 3102 2981 3608 2851 3118 3213 3034 3079 2898 3142 3177 3167 2877 3005 3133 3081 2946 3175 2968 3009 3037 3045 3115 2913 3391 3034 3029 2808 3115 2873 
3032 3174 3387 3011 2744 3433 3039 2885 3143 3024 3162 3135 3397 2942 3039 3167 3251 3399 2631 3088 2791 3382 2964 3132 2771 3325 3113 2953 3085 2971 2985 2837 3055 3162 3288 3121 3024 3045 2859 2811 2667 3092 2798 3274 2949 3033 3294 3145 2653 3263 3269 3075 3195 3346 3118 2830 2961 3270 2935 2996 3039 2973 2855 2664 3267 2939 2794 2940 3176 2884 3280 2902 3289 3203 3330 3002 3413 3196 3302 2960 2980 2990 2876 3062 2891 2541 3065 2844 3274 3112 3101 3037 2789 3133 3151 2626 3200 3153 3114 3534 2944 3013 2937 2645 2902 3043 3138 3249 2983 3078 3027 3487 3500 2714 2873 3058 3334 2940 3265 2702 3510 2912 2924 3579 3170 2750 2972 2691 2948 2928 3224 2987 3044 2677 3021 2816 3326 2952 3088 3010 3177 3270 2970 3244 3256 3225 2868 3156 3311 3469 3000 2757 3124 3198 3224 3038 2969 2872 2890 3123 3098 3315 2859 3210 2830 2943 2716 3018 2772 3035 3041 3328 3088 3278 3035 2875 2912 3179 3275 3295 3213 3184 3218 2871 3076 3103 2912 3014 3087 3216 2994 3206 2914 3252 3265 3437 3158 2995 2851 3159 3057 3104 3018 3071 2991 3087 3008 2999 3390 3062 3063 3057 3260 3192 3083 2677 2964 2891 3284 3181 2780 2746 3181 2711 3349 3205 3032 2646 2791 2963 2836 3092 3008 2804 3263 3056 3141 3243 2891 3264 3146 3364 3097 3057 3251 3259 2875 2617 3079 2844 
3302 3483 3545 3324 2857 3556 3265 3279 3269 3324 3250 3385 3687 3193 2940 3217 3550 3456 2978 3133 3130 3548 3057 3482 3189 3709 3491 2814 3027 3391 3044 3304 3217 3295 3485 3272 3195 3144 2929 2953 2848 3272 3040 3296 3391 3302 3413 3493 3086 3135 3399 3367 3484 3424 3089 3082 3156 3034 3093 3088 3293 3167 3204 3029 3552 2818 3081 3218 3399 3275 3356 3315 3097 3396 3506 3256 3553 3351 3337 2992 3426 3056 3182 3318 3021 2846 3302 3347 3547 3132 3325 3204 3044 3146 3318 2957 3405 3202 3490 3521 3262 3266 3296 3074 3052 3349 3431 3354 3270 3247 3089 3484 3522 3058 2795 3098 3562 3223 3520 2952 3670 3112 3181 3707 3420 3202 3276 2956 3360 3342 3451 3270 3189 3040 3182 3045 3672 3187 3587 3129 3470 3298 3180 3153 3274 3303 3291 3405 3294 3724 3219 2934 3661 3186 3431 3151 3389 2874 3248 3334 3351 3422 3235 3341 2843 3378 2726 3245 3075 3308 3354 3477 3353 3528 3085 3118 2918 3340 3296 3607 3269 3453 3300 3173 3250 3359 3108 3009 3122 3442 3290 3221 3203 3159 3179 3771 3440 3073 3275 3105 3333 3256 3498 3388 3266 3332 3075 3134 3326 3112 3183 3269 3376 3273 3132 2975 3277 3268 3398 3485 3122 3036 3413 3262 3400 3557 3245 3036 3207 3306 3120 3325 3349 2929 3209 3430 3132 3469 3216 3260 3420 3502 3274 3140 3705 3343 3297 3163 3235 3053 
2957 3075 3305 2877 2814 3255 3122 3076 3217 3268 3125 3173 3611 3132 2895 3136 3064 3304 2880 2981 2876 3202 3025 3007 3104 3476 3095 2838 2835 3047 3064 2920 2951 3004 3291 3067 3105 2943 2832 2750 2801 3011 2877 3199 3327 3138 3365 3450 2660 3137 3175 3178 3435 3122 3135 2801 3074 3302 2941 2900 3092 3194 3119 2721 3083 2800 2890 2948 3362 2990 2944 3193 3179 3165 3256 3227 3098 3306 2966 2922 3084 2906 2921 3133 2982 2846 3017 2949 3492 2930 3012 3010 2748 3029 3145 2630 3355 3019 3279 3291 3167 3271 3192 2634 2907 3211 3044 3372 2940 3055 2936 3525 3380 2889 2924 2975 3325 3098 3299 2690 3510 3133 3173 3650 3315 2979 2957 2659 3032 2978 3109 2974 2692 3084 3177 3068 3388 3140 3078 3069 3138 3273 2943 2905 3038 2962 2961 3166 3066 3348 2985 2788 3350 3038 3394 3063 3101 2958 2940 2985 3065 3181 3009 3395 2697 3244 2812 3096 2958 2954 3120 3216 3140 3079 2793 2928 2970 3180 3053 3311 3240 3199 3323 2938 3067 3166 2633 2859 2957 3177 3221 3434 3031 3302 3028 3491 3403 3115 3068 3132 3001 3271 3088 3061 2985 2863 2944 3003 3066 2851 3044 3168 3450 3164 2792 2693 3040 2951 3109 3255 3029 3084 2895 3074 3021 3264 3027 3012 2847 2984 3005 3107 3009 3064 3014 3229 2761 3165 2849 2917 2981 3234 3038 2928 3570 3127 2877 2992 3174 2763 
2932 3275 3153 2943 3030 3144 3099 3127 3024 3023 3010 3123 3630 3219 2959 3156 3344 3267 2812 2970 2862 3315 3042 3027 2933 3434 2986 2945 2846 3131 2872 2815 2994 3246 3320 3109 3130 3003 2778 2896 2960 3235 2900 3222 3145 3110 2877 3537 2916 3149 3201 3004 3414 3223 3103 2896 3150 3021 2923 2974 3186 3117 3110 2584 3235 2599 3061 3043 2980 3025 3281 3052 2789 3035 3323 2981 3131 3367 3119 2863 3214 3172 3027 3218 2879 2844 3108 3336 3387 2921 3005 3052 2642 3002 3294 2667 3387 2942 3102 3419 3297 3116 3149 2711 2939 3245 3090 3287 3013 2990 2882 3344 3483 3007 2667 2881 3330 3094 3391 2748 3486 3031 3085 3589 3321 2959 2964 2757 3099 3235 3065 3212 2790 2851 3150 2933 3488 3028 3303 2800 3208 3265 3147 2834 3217 3133 3030 3219 3147 3281 3189 2908 3307 2867 3405 2640 2970 2677 2924 2997 3149 3104 2970 3316 2629 3161 2627 3170 2865 3094 3014 3239 3258 3378 2786 2929 2882 3278 3183 3496 3045 3088 2976 3056 2967 3016 2671 2903 2841 3224 3073 3136 3048 3298 3070 3494 3193 2819 3071 3052 3001 3321 3127 2932 3100 2845 3004 2918 3057 3027 2929 3189 3386 3261 2990 2792 3065 3024 3063 3159 2835 2952 3324 3085 3174 3298 3206 2929 2937 2939 3019 3207 3003 2809 2861 3131 2907 3166 2923 2980 3101 3237 3039 2787 3291 3120 2934 2816 3332 2925 
3127 3200 3149 2921 2925 3305 2894 3057 3019 3021 2895 3026 3433 2932 3215 3238 3035 3187 2693 2813 2922 3307 2801 3030 2985 3439 2930 2938 2928 2874 3080 3087 2783 2974 3254 2974 3111 3023 2975 2628 2826 3051 2830 3142 3087 3063 3159 3410 2536 3148 3272 2905 3395 3357 2939 3097 2879 3152 2852 3022 3249 2891 3034 2526 3062 2787 2659 3081 3132 3007 3219 3147 3009 3177 3187 3079 2997 3124 3140 2654 3010 2759 2912 3060 2617 2634 2991 3114 3306 2979 2909 3150 2640 2917 3270 2690 3326 3067 3083 3320 3142 3204 3103 2647 2775 3217 3183 3071 3085 2859 3054 3401 3378 2846 2717 2986 3222 3126 3342 2646 3328 2915 3029 3666 3120 2727 2913 2795 2973 2850 3080 3025 2912 2740 3163 3040 3432 2866 3138 2750 3089 3333 2778 2909 3163 3311 2959 3030 3025 3188 2955 2816 3479 2902 3192 2909 2915 2798 3076 3082 3063 3355 2664 3344 2559 3162 2769 2941 2635 3061 3002 3325 3199 3138 2835 2922 3003 3383 3133 3299 3143 3036 2999 3049 3052 2988 2870 2876 2973 3200 2955 3178 3049 3072 2931 3153 2994 2868 2934 3082 2872 3371 3203 2747 2969 2535 2909 3101 3011 2773 3017 3010 3400 3306 2612 2598 3127 2989 3102 3165 3076 2914 3186 3144 3061 3245 3194 3068 2943 2931 2963 3221 3124 2755 2950 3088 2992 3217 2944 2926 2901 3372 2865 2652 3378 2906 2950 2799 2896 2961 
3090 3112 3138 2866 2876 3381 2925 2945 3005 3119 2891 3147 3498 3025 3031 3073 3093 3219 2623 3073 2864 3379 3074 3325 2961 3316 3170 2745 2855 2804 2963 2610 2833 3124 3337 3161 3252 2842 2689 2786 2710 2812 2826 3002 3102 3215 3148 3288 2906 3296 3194 3157 3285 3516 3075 2615 2934 3114 2992 3020 3194 2951 3030 2591 3310 2929 2754 2837 3117 2833 3141 3238 3084 3074 3262 3072 3198 3451 3114 2728 2986 2988 2903 2902 2767 2627 2812 3147 3285 2756 2857 2947 2870 3124 3141 2755 3345 3080 3150 3119 3066 3242 3231 2758 2975 3089 2875 3175 2954 2973 2876 3441 3388 2863 2708 2921 3347 2925 3130 2618 3207 3060 2962 3543 3091 2802 2980 2658 3110 2860 3240 3065 2688 2821 2950 2915 3243 2990 3120 3014 3129 3080 2903 2881 3072 2980 2900 3147 3087 3443 2852 2867 3375 3016 3310 3129 3033 2745 2956 3035 3267 3122 2977 3115 2711 3134 2712 3072 2869 3065 2934 3222 3153 3272 3014 2816 3031 3195 3229 3289 3209 3278 3178 2926 3123 2920 2751 2905 3110 3221 3057 3108 3050 3045 3145 3358 3100 2947 3129 2910 2909 3155 3066 3051 2860 2703 2925 2896 2912 2938 3017 3206 3413 3156 2739 2706 3109 2983 3179 3238 2883 2986 3079 3034 3097 3339 3133 2825 3017 2870 3016 3353 3212 2922 3113 3294 2935 3299 2911 2781 3148 3186 3034 2926 3409 2853 2965 2839 3248 2882 
3351 3702 3673 3261 2901 3609 3231 3227 3319 3599 3331 3408 3927 3228 3217 3315 3402 3433 3092 3406 3289 3510 3128 3484 3214 3877 3436 3084 3192 3467 3217 3186 3094 3226 3635 3355 3234 3277 3161 2999 3063 3379 3162 3515 3293 3351 3559 3896 3060 3306 3553 3392 3542 3436 3058 3308 3188 3375 3058 3084 3536 3294 3468 2902 3336 2992 3124 3412 3344 3207 3572 3463 3286 3590 3463 3356 3466 3569 3348 3256 3366 3369 3262 3516 3086 2999 3310 3526 3655 3371 3145 3188 3000 3189 3441 2878 3449 3227 3510 3691 3197 3533 3279 2952 3292 3428 3225 3475 3378 3432 3107 3694 3759 3046 3141 3249 3572 3401 3635 2902 3531 3356 3348 3818 3484 3034 3434 2863 3486 3351 3487 3384 3333 3190 3390 3349 3732 3258 3710 3177 3353 3591 3244 3226 3250 3296 3339 3523 3369 3753 3374 3156 3729 3331 3580 3165 3235 2881 3254 3292 3499 3543 3162 3471 3098 3376 2973 3388 3114 3347 3151 3493 3431 3442 3182 3066 3135 3447 3527 3929 3451 3260 3394 3005 3295 3548 3160 3134 3316 3436 3601 3433 3492 3431 3196 3668 3445 3242 3272 3284 3419 3464 3377 3546 3437 3021 3065 3332 3386 3077 3259 3392 3433 3420 3043 2990 3270 3285 3336 3522 3135 3345 3454 3311 3412 3599 3451 3140 3308 3270 3302 3469 3332 3207 3339 3412 3347 3247 3117 3293 3406 3606 3397 3312 3582 3388 3258 3143 3301 3204 
2860 3149 3152 2837 2726 3076 3015 3073 3035 2968 2900 2943 3412 2777 3155 3107 3062 3271 2844 2982 2802 3161 2970 2944 3039 3200 2955 2960 2905 3112 2978 2724 2690 3158 3203 3000 3036 2888 2828 2635 2775 3096 2879 3025 3111 2861 3173 3341 2639 3023 3287 2717 3204 3214 2918 2763 2819 3127 2904 2730 3132 3088 2960 2557 2998 2870 2845 2973 3022 2912 3270 3178 2997 3141 3150 2859 3084 3106 2869 2608 2945 2925 3160 2900 2733 2661 2908 3167 3345 2863 2853 2711 2750 2893 3009 2759 3165 3016 2994 3315 2912 3244 3025 2649 2910 3201 3006 3113 2950 2897 2708 3320 3447 2747 2903 2854 3201 2844 3207 2710 3265 3118 2927 3367 3048 2565 2781 2721 2998 3037 3056 2953 2826 2800 3113 2925 3225 3012 3159 2702 2920 3264 2905 2918 2901 2946 2902 3037 3086 3225 3045 2824 3343 3084 3315 2958 3054 2713 2984 2957 2943 3243 2785 3326 2685 3026 2812 2906 2577 2966 2911 3065 3000 3171 2956 2822 3042 3146 3018 3358 3057 2980 3023 2859 3206 3051 2595 2768 2883 3224 3064 3118 2911 3142 2899 3245 2916 2922 2933 3128 3172 3383 3074 3096 3124 2890 2538 3094 3026 2827 3076 3229 3273 3092 2734 2632 2983 2806 3073 3074 2931 2977 3210 2941 2997 3152 3001 2846 2791 2870 2944 3213 2963 2889 3000 3168 2918 3240 2844 2684 3054 3371 2997 2752 3224 2910 2982 2709 3086 2896 
2897 3138 3080 2964 2616 3187 2819 2895 2765 2863 3080 3151 3200 2828 2655 2807 3168 2969 2766 2904 2925 3181 2811 2844 2890 3227 2851 2818 2723 2889 2822 2857 2618 3095 3103 2804 3022 2967 2641 2720 2648 2943 2668 2876 2882 2888 2901 3205 2754 2948 3113 2992 3303 2959 2930 2936 2729 2930 2596 2799 3119 2896 2884 2575 3112 2719 2654 2999 2724 2784 3176 3185 2753 3144 3208 2972 3106 2965 2919 2652 2694 2617 2740 3017 2787 2437 2938 3012 3263 2852 2963 3052 2646 2922 3000 2700 2962 2877 3101 3136 2957 2949 2922 2614 3080 2980 2844 3023 2907 3089 2787 3244 3198 2996 2667 2939 3153 2850 3128 2592 3170 2930 2950 3340 3078 2583 2968 2591 2934 2883 3089 2901 2839 2816 2831 2934 3255 2751 3103 2765 2824 3030 2817 2860 2664 2820 2883 2984 2956 3127 2714 2792 3345 2691 3027 2874 3143 2790 2751 3115 3015 3151 2665 3146 2541 2924 2760 3029 2665 2879 2748 3079 3023 3014 2838 2837 2849 3054 3001 3294 2989 2833 2923 2962 2845 3119 2879 2806 2627 2893 2986 3134 2993 2676 2906 3296 3100 2713 2887 2900 2943 3089 3047 3050 3079 2785 2846 2882 3049 2752 3048 3006 3200 3026 2556 2740 2775 2877 3033 3047 2852 2893 3095 2861 2977 3006 3012 2847 2847 2900 3093 2907 2952 2667 2757 2830 2731 2947 2784 2702 3080 2934 2908 2606 3063 2865 2847 2974 3038 2625 
2758 2959 3119 2668 2847 3170 2944 2923 3000 2771 2667 2880 3403 2856 2934 2832 2939 3148 2604 2824 2823 3057 2841 2988 2824 2996 3004 2597 2438 2832 2772 2752 2798 2974 2950 2957 2971 2831 2709 2753 2694 2748 2638 2967 3061 2866 2878 3197 2670 2894 2837 2872 3218 3088 2706 2582 2954 3018 2709 3018 2999 2855 2903 2492 3152 2567 2771 2682 3251 2777 2943 3051 2759 2867 2976 2851 2939 3205 2828 2817 2833 2807 2700 2740 2610 2616 2559 2899 3119 2866 2810 2717 2521 2820 2961 2675 3181 2884 3045 3064 3096 3121 2963 2594 2787 2934 2935 2886 2716 2782 2685 3125 3156 2662 2290 2868 3024 2933 3186 2630 3113 2871 2949 3516 3255 2647 2728 2528 2786 2814 2944 3021 2850 2601 2732 2957 3317 2774 3115 2791 3010 3136 2728 2830 2944 3005 2613 2841 3048 3173 2795 2675 3197 2722 3083 2675 2722 2548 2817 2983 3181 2928 2634 3048 2356 3113 2614 2928 2696 2990 2708 3146 2964 2987 2612 2808 2759 3098 2832 3091 2994 2991 3173 2790 2832 2891 2664 2876 2763 2846 2761 3071 2684 3000 2797 3225 2922 2730 2778 2731 2820 3029 2770 2776 2782 2550 2630 2940 2820 2512 2824 2975 3061 3118 2674 2489 2794 2757 2787 2932 2886 2718 2981 2870 2995 3154 2988 2969 2770 2707 2655 2920 3027 2598 2846 2883 2711 3177 2734 2724 3000 3139 2680 2638 3261 2739 2678 2789 2820 2757 
3315 3387 3369 3109 2893 3222 3281 3025 3243 3517 3290 3268 3685 3032 2891 3040 3144 3025 2833 3147 3078 3401 3227 3368 3053 3354 3103 2845 3000 2920 3153 2891 3024 3193 3446 3267 3093 2935 2952 2829 3037 3241 3051 3148 3144 3272 3455 3326 3021 3160 3264 3217 3516 3323 2820 2936 3072 3157 2903 3042 3290 3236 3201 2748 3256 2794 2986 3122 3221 3212 3414 3253 3163 3460 3384 2969 3456 3452 3192 2963 3024 3143 3050 3163 3017 2810 3196 3249 3220 2939 3158 2924 2938 3197 3250 2812 3355 3192 3343 3415 3097 3234 3052 2706 3099 3049 3294 3456 2999 3147 2786 3568 3363 3103 2865 3026 3373 3085 3282 2743 3481 2920 2983 3787 3262 2787 3094 2738 3027 3085 3317 3033 3064 2954 3104 3004 3573 2726 3287 3008 3094 3120 2907 2862 3152 3171 2882 3264 3092 3408 3083 2753 3379 2987 3511 3053 3221 2875 2987 3159 3079 3478 2901 3420 2994 3215 2856 3112 2965 3050 3044 3320 3016 3381 3057 2889 3092 3184 3069 3365 3429 3007 3065 3056 3195 3126 2771 3055 2852 3168 3187 3281 3171 3245 3250 3535 3246 3061 3256 3223 3216 3309 3115 3179 3019 3028 3161 3195 3204 2990 2917 3269 3228 3397 2892 2875 3225 3098 3210 3258 2911 3064 3317 3137 3169 3477 3104 3078 2815 3108 2899 3129 3089 2896 3103 3077 2986 3402 2917 2910 3177 3017 3215 3009 3425 2994 2966 2902 3236 2976 
2916 3366 3308 3203 2827 3439 3104 3106 3059 3242 3099 3109 3551 3036 3015 2910 3300 3227 2827 3381 3087 3528 3171 3171 3138 3560 3056 3053 2915 3224 3039 3029 3103 3239 3376 3107 3246 3311 2824 2819 2812 3062 2901 3424 3162 3236 3370 3450 2842 3093 3186 3174 3376 3364 3013 3139 3180 3021 2767 2989 3268 3175 3172 2612 3317 2762 2924 3167 3126 2942 3376 3173 3106 3165 3345 3032 3423 3224 3227 2927 3231 3216 3025 3171 2905 2869 2932 3220 3717 2958 3011 3154 2978 3022 3131 2803 3259 3175 3475 3350 3086 3063 3139 2929 3123 3257 3042 3400 3048 3314 2996 3451 3461 2939 2807 3186 3444 2994 3226 2756 3388 3287 3172 3499 3302 2775 3083 2676 3296 3232 3305 2923 3251 3041 3043 3086 3444 3112 3295 2928 3147 3294 3176 3107 2949 3009 2985 3382 3318 3289 3230 2841 3381 3067 3273 3092 3362 2955 3178 3261 3320 3554 2905 3437 2859 3302 2781 3221 2900 2968 3112 3188 3192 3254 3083 3062 2899 3141 3110 3470 3164 3079 3232 3026 3281 3191 2917 2918 3047 3311 3304 3420 3027 3093 3267 3651 3090 2992 3100 3238 3149 3221 3119 3229 3092 2948 3094 3015 3212 2849 3069 3164 3216 3262 2878 2793 3003 3226 3136 3321 3063 3163 3394 2806 3149 3213 3108 2962 2910 3281 2906 3277 2927 3018 2916 3089 2794 3398 3019 3056 3512 3373 3146 2887 3499 3238 3101 2970 3296 2850 
3140 3363 3484 3006 3068 3582 3394 3423 3442 3165 3219 3263 3774 3112 3153 3306 3429 3710 3017 3432 2998 3654 3262 3297 3234 3593 3164 3318 3090 3399 3121 3252 3346 3291 3532 3291 3259 3383 2934 3042 3090 3425 2959 3455 3435 3211 3379 3581 3134 3412 3499 3431 3581 3602 3250 3175 3307 3370 3389 3289 3422 3412 3172 2712 3498 2821 3104 3227 3501 3101 3452 3244 3365 3386 3488 3090 3397 3515 3429 3217 3185 3069 3170 3313 3030 3063 3437 3191 3840 3238 3076 3178 2893 3125 3495 2884 3640 3263 3312 3347 3201 3305 3543 2904 2973 3398 3377 3420 3275 3362 3153 3659 3748 3063 2809 3225 3400 3138 3554 2818 3617 3186 3240 3731 3739 3172 3119 2832 3364 3203 3420 3569 3090 3110 3358 3105 3847 3221 3545 2963 3358 3436 3303 3248 3438 3385 3138 3197 3328 3683 3156 3067 3636 3389 3563 3000 3320 3048 3292 3334 3373 3679 2957 3571 2917 3317 2966 3439 2836 3322 3397 3481 3536 3363 3044 3248 3094 3560 3267 3651 3300 3425 3363 3150 3407 3298 3073 3041 3277 3295 3192 3513 3282 3218 3237 3687 3300 3229 3135 3247 3186 3488 3322 3428 3124 3093 3222 3007 3452 2970 3107 3368 3303 3482 3077 2982 3152 3363 3353 3346 3340 3234 3333 2998 3302 3407 3466 3040 3237 3075 3208 3379 3286 3010 3177 3327 3213 3327 3269 3207 3358 3515 3289 3240 3612 3182 3038 3098 3409 2995 
3041 3277 3098 2744 3020 3246 3157 2941 3039 3295 3039 3214 3431 2843 2868 2969 3075 3120 2661 3031 2930 3372 3054 3028 3090 3432 3169 2987 2909 3022 3178 2944 2924 3281 3411 3193 3068 2848 2965 2715 2761 3188 2995 3096 3131 2936 3212 3358 2967 3128 3280 3016 3398 3373 2946 2676 2957 3232 2795 2815 3144 3027 3218 2570 3028 3160 2896 3052 3082 3165 3349 3186 3049 3311 3257 3094 3273 3492 2997 2829 3114 3075 2930 3127 2834 2706 3041 3011 3413 2978 2731 2950 2708 3251 3104 2693 3250 3076 3170 3469 3127 3107 3098 2804 3028 3075 3143 3193 3034 3157 2776 3339 3454 2968 3000 2805 3262 3092 3302 2527 3249 3234 3122 3440 3121 2838 2787 2740 3031 3079 3259 3072 2707 2775 2869 3002 3393 2831 3069 2889 3124 3208 2959 2892 3152 2973 2931 2973 3178 3522 2944 2870 3302 2948 3356 3020 2958 2711 2920 3132 3420 2975 2907 3260 2844 3170 2804 3119 2745 2985 3092 3299 3122 3399 2768 2870 2954 3186 3045 3531 3169 3108 3239 2836 3238 3024 2767 2862 3038 2999 3130 3204 3235 3124 3038 3182 3045 3097 3098 3249 3060 3228 3103 3145 2880 2964 2981 2982 2930 3036 2963 2994 3309 3275 2816 2708 3192 2983 3041 3263 2809 2927 3310 3142 3142 3280 2830 2823 2883 2954 2968 3333 3040 2961 3016 3086 2859 3156 2819 2971 3137 3081 2979 2881 3456 2871 2921 2752 3167 2984 
3095 3197 3335 2928 2898 3281 3212 3044 2924 3135 3170 3105 3452 2937 3000 3176 3183 3240 2573 3058 3065 3306 3257 3044 2947 3189 2874 2870 2903 2935 2942 2955 2901 3180 3380 3101 3136 3026 3000 2880 2740 3118 3078 3098 3271 3101 3252 3446 2912 3147 3289 3169 3324 3398 3020 2913 2831 3138 2994 2875 2993 3295 2999 2483 3105 2926 2844 2980 2968 3206 3376 3479 3200 3075 3120 3059 2917 3225 3087 2937 3067 3033 2874 3142 2931 2786 3092 3331 3401 2996 2923 2964 2825 2718 3320 2645 3186 2987 2976 3449 3054 3154 3202 2663 2995 3128 3040 3177 3104 3153 2772 3494 3614 2825 2868 3150 3363 3015 3462 2802 3250 3017 2970 3600 3319 2796 2993 2610 3157 2814 3193 2963 3064 2740 3001 3121 3357 2778 3123 2874 2927 3148 3057 2990 3091 3114 3068 3254 3039 3257 2918 2841 3257 3054 3183 2909 2967 2844 3084 3054 3063 3117 2756 3181 2738 3013 2761 3207 2709 2914 3040 3284 3218 3345 2947 3068 2858 3130 3241 3368 3020 2902 3144 2968 3149 3186 2842 2946 2973 3166 3232 3221 3075 3144 3028 3438 3023 2890 3034 3186 3261 3320 3109 3258 3069 2977 2780 2944 3080 2980 3070 3268 3247 3286 2765 2756 3020 3027 3361 3366 3017 2917 3111 2899 3035 3181 3140 3091 3193 3131 3084 3104 3139 2934 3121 3096 2874 3170 2893 3034 3180 3143 3002 3043 3211 3010 2915 2897 3090 2810 
3025 3059 3111 2918 2837 3313 3074 2737 2876 2963 3081 3230 3522 2919 2864 2976 3072 3187 2541 2908 2885 3029 2938 3140 2769 3302 3120 2652 2783 2927 2824 2724 2901 2955 3198 3082 2920 3003 2808 2520 2671 2945 2769 3120 3081 3076 3003 3265 2689 3059 3081 2932 3211 3274 3001 2934 3039 3018 2815 2847 3052 2954 3072 2399 3137 2754 2665 2968 2818 2849 3076 2908 2911 3059 3233 3008 3116 3312 3115 2722 2940 2937 3005 3105 2639 2694 2871 3197 3138 2641 2961 2871 2666 2969 3065 2636 3255 3085 3169 3278 2957 2923 2845 2673 2909 3104 2969 3043 2954 3000 2807 3210 3269 2809 2717 2751 3190 2780 3360 2580 3170 2814 2914 3470 3024 2712 2917 2559 2859 3028 3090 2868 2885 2754 2933 3046 3328 2853 3118 2752 3157 3190 2816 2910 3179 2950 2894 2935 3030 3228 3054 2843 3152 2848 3207 2626 2792 2574 2971 2925 2978 3094 2887 3104 2709 2908 2494 3038 2747 3020 2716 3088 2994 3115 2867 2862 2889 3218 3060 3389 3077 3026 3000 2842 2960 2873 2559 2885 2905 3059 2891 2979 2942 3060 2974 3226 3171 2941 2825 2867 3088 3450 3026 3036 2873 2593 2827 2971 3028 2922 3114 3135 3088 2983 2797 2634 2972 2884 2999 3166 2844 2929 3256 3033 3057 3134 2963 2767 2935 2998 2937 2975 2971 2736 3077 3042 3055 3037 2827 2878 3036 3220 3043 2890 3136 2937 2765 2580 3087 2765 
2968 2989 3190 3016 2657 3088 2988 3055 2991 3062 3069 3031 3429 2875 2913 2874 2777 2951 2574 3074 2882 3308 2943 3060 2995 3378 2938 2787 2860 2938 2858 3040 3037 2953 3213 3077 3083 3027 2828 2601 2657 3079 2665 3050 3016 3166 2996 3272 2706 3005 3279 2941 3299 3326 2804 2894 2953 2999 2935 2814 2999 3020 3060 2483 3179 2652 2798 3064 3009 3180 3233 3036 2922 3088 3299 2900 3026 3124 2987 2730 3043 2995 2758 3035 2745 2660 2925 3069 3245 2799 3085 2879 2576 2828 3130 2605 3125 3012 3102 3239 2883 2980 2969 2601 2778 3128 3096 3156 2797 2869 2712 3220 3211 2807 2659 2861 3340 2709 2946 2514 3409 2901 3043 3488 3116 2676 2776 2710 2788 3108 3036 2948 2839 2951 2908 2955 3476 2812 3200 2832 2758 3121 3084 2786 2966 3021 2836 2892 2896 3031 2974 2581 3259 2887 3248 2878 2969 2690 2863 2912 3109 3242 2649 3075 2743 3029 2774 3026 2895 2906 2829 3312 2997 3043 2706 2878 2884 3044 2911 3466 3123 2802 2928 3093 2963 3027 2699 2705 2931 3213 2977 3197 2967 2982 3135 3376 2946 2933 2959 3168 3020 3200 3120 3128 2995 2602 2972 2797 3023 2779 2928 3167 3182 3187 2673 2718 3113 3160 2909 3176 2838 2837 3184 2828 3023 3037 2943 2980 2673 2885 2697 2926 2863 2879 2887 3103 2755 3054 2811 2881 3215 3143 3071 2754 3359 2798 2824 2642 2970 2948 
2905 3077 3201 2832 2614 3160 3156 3038 3160 3113 2981 3334 3294 2789 2790 2925 3099 3241 2775 2928 2838 3272 2879 2985 2888 3151 3009 2753 2696 3017 2893 2942 2851 3136 3278 3027 2977 2980 2849 2756 2894 2957 2712 3174 3196 2948 3077 3221 2651 2980 3243 3039 3267 3032 3058 2927 2927 3047 2836 2989 2847 2904 2926 2608 3100 2904 2635 2984 3064 2798 3290 3049 3073 2980 3385 2981 3196 3226 2907 2896 2889 2830 2755 3202 2707 2661 2955 3083 3376 2883 3009 2982 2568 2960 3169 2509 3066 2909 3155 3103 2911 2949 2934 2726 2955 3014 2834 3051 2818 3027 2791 3297 3269 2714 2694 2788 3236 2915 3338 2635 3515 2895 3016 3441 3246 2744 2735 2624 2729 3070 3042 2867 2879 2792 2892 2949 3371 2816 3165 2821 2955 3135 3086 2896 3072 3002 2726 2927 3062 3155 2871 2741 3181 2913 3112 2678 3203 2910 2952 2955 3098 3230 2873 3138 2867 3089 2772 3143 2675 3097 2942 3245 3145 3063 2878 2741 2939 3210 2910 3231 2981 2969 2973 2814 3060 3005 2714 2882 2941 2964 2897 3082 2798 3099 2978 3318 2902 2807 2998 3060 3057 3177 2846 3028 2863 3154 2708 2824 3015 2839 2969 3090 3175 2876 2792 2772 3033 2894 3148 3039 2618 2785 3054 3180 3262 3180 3017 2755 2763 3017 2755 2927 3000 2742 2897 2968 2835 3008 2774 2956 3181 3266 2840 2767 3197 3108 2798 2628 3135 2803 
3153 3327 3229 3135 3055 3393 3217 3192 3155 3172 3111 3247 3811 3049 3282 3436 3382 3618 2863 3168 3211 3713 3252 3048 3203 3505 3293 3238 2901 3204 3107 3215 3267 3377 3601 3358 3485 3270 3096 2940 2940 3258 3006 3504 3617 3200 3519 3587 2873 3374 3552 3210 3465 3817 3129 3072 3274 3174 3023 3138 3279 3139 3386 2823 3352 3162 3049 3288 3454 3058 3567 3490 3061 3245 3404 3232 3425 3581 3275 3028 3378 3389 3048 3131 2940 3088 3149 3274 3526 3179 3014 3172 2994 3288 3497 2787 3342 3203 3285 3700 3146 3290 3407 3061 3293 3373 3347 3476 3162 3277 3175 3712 3778 3027 2842 3216 3367 3148 3652 2978 3540 3053 3130 3800 3582 2898 3087 2940 3235 3288 3373 3300 3271 2890 3213 3135 3698 3080 3460 3094 3316 3613 3260 3246 3353 3434 3051 3490 3403 3432 3068 2934 3558 3273 3438 3189 3283 2888 3049 3322 3307 3360 2966 3539 2762 3315 3050 3390 2920 3319 3161 3384 3429 3544 2888 3133 3110 3444 3531 3594 3422 3357 3352 3198 3317 3296 3125 3215 3352 3218 3472 3390 2999 3383 3235 3280 3121 2977 3321 3243 3106 3375 3212 3097 3236 3045 3015 3102 3327 3069 3232 3246 3358 3553 3025 2805 3093 3235 3420 3362 3207 3101 3448 3127 3324 3575 3207 3323 3151 3066 3143 3457 3158 3064 3355 3342 3074 3394 3104 3386 3455 3457 3149 2955 3718 3119 3069 3213 3256 3095 
2993 3246 3226 3071 2990 3318 3314 2976 2910 3310 3017 3118 3503 2976 2965 3045 3137 3395 2871 3129 3080 3200 2947 3324 3137 3469 3275 2913 2883 3012 3086 2810 2979 2921 3106 3097 3097 3111 2855 2868 3056 3120 3019 3441 3183 3243 3205 3255 3006 3317 3380 3237 3596 3540 3038 2983 2999 3039 2818 3093 3241 3206 3168 2589 3243 2734 2822 3087 3018 3060 3285 3431 3229 3324 3490 3197 3284 3230 3196 2880 2952 2911 2904 3178 2655 2721 3081 3042 3543 3145 3065 2901 2893 2927 3084 2910 3175 3219 3113 3501 3318 3324 3257 2846 3054 3071 3159 3166 2969 3134 2975 3369 3437 2945 2757 3031 3332 3136 3387 2800 3432 3110 3076 3514 3422 2754 2877 2843 3089 3073 3323 3120 3019 3060 2870 3130 3482 2988 3247 3003 3216 3150 3147 3085 3264 3064 3066 3371 3051 3377 2968 2875 3462 2931 3274 3013 3012 2878 3071 3145 3372 3234 2786 3375 2969 3205 2640 2999 2957 3118 2997 3258 3235 3192 3182 2934 3044 3145 3148 3561 3193 3146 3171 2906 3071 3215 2937 2875 3082 3260 3064 3212 3012 3069 3260 3390 3158 3075 2936 3007 3274 3401 3000 3214 3189 3044 2841 3153 3171 2994 3255 3091 3396 3181 2956 2815 3006 3000 3228 3356 2974 3013 3265 2985 3262 3384 3147 2809 2816 3169 2951 3261 3082 2896 2952 3082 3199 3290 2991 3016 3351 3384 3079 3045 3413 2953 2779 2920 3174 2897 
3109 3274 3235 3057 3052 3289 3217 2984 3071 3102 3218 3224 3512 3072 3003 2928 3422 3400 2864 3167 3074 3405 3133 3065 2963 3429 3230 2992 2769 3210 2881 2999 2968 3172 3347 3181 3232 3130 3041 2822 2680 3167 2893 3305 3334 3100 3022 3655 2843 3384 3404 3040 3354 3601 3146 3198 3117 3258 3112 2958 3268 3169 3014 2547 3299 2796 2938 3228 3208 3115 3273 3255 3253 3128 3306 3137 3126 3326 3257 2964 3148 3050 2853 3244 2954 2872 3041 3271 3364 3062 2769 3304 2858 3064 3277 2759 3469 3079 3327 3484 2969 3188 3069 2735 3139 3421 3069 3240 3019 3313 3066 3537 3603 2977 2712 3061 3411 3033 3528 2839 3271 3049 3224 3678 3267 2962 2831 2935 3083 3307 3215 3008 2946 2641 3239 3183 3438 3009 3366 2975 3129 3499 3146 3156 3142 3153 2920 3249 3067 3372 3062 2735 3381 3130 3240 2967 3078 2828 3018 3363 3133 3356 2840 3398 2704 3270 2988 3303 2901 3041 3043 3369 3291 3507 2818 3028 3012 3429 3027 3621 3386 3064 3126 3135 3136 3189 2824 3062 2982 3326 3342 3204 2968 3228 3145 3360 3240 3078 3274 3152 2969 3156 2977 3058 3184 2778 3092 3010 3127 2907 3039 3105 3148 3282 2820 2807 2898 3101 3223 3090 3042 2930 3263 3051 3226 3319 3302 3184 3088 2955 3143 3262 3131 2807 3220 3226 2819 3368 3027 2998 3049 3296 3223 2915 3571 3042 2997 2924 3185 2792 
2979 3351 3356 3151 2976 3373 3188 3211 3094 3111 2983 3219 3490 2962 3215 3136 3381 3448 2915 3245 2900 3563 3116 3412 2985 3475 3311 2954 2924 2953 3085 3014 2958 3143 3391 3318 3233 3313 3005 2847 2637 3109 2972 3362 3232 3137 3376 3536 2834 3203 3348 3187 3388 3398 3134 3185 3001 3322 3016 3108 3364 3173 3113 2720 3391 2760 3053 3251 3262 3188 3471 3532 3301 3181 3229 3098 3261 3331 3298 3024 3243 3152 3053 3074 2885 2836 3082 3294 3560 3143 3186 3156 2956 3125 3241 2714 3444 3065 3117 3407 3123 3164 3332 2829 3059 3421 3070 3417 3335 3138 3065 3327 3645 2905 2615 3234 3308 2985 3589 2755 3512 3290 3307 3504 3361 3021 2985 2989 3102 3136 3200 3149 3088 2904 3151 2870 3544 3056 3381 2893 3063 3280 3023 3392 3226 3212 2991 3383 3250 3444 3254 3000 3465 3282 3303 3114 3163 2848 3099 3367 3198 3283 2727 3477 2889 3258 3052 3211 2794 3054 3081 3495 3409 3208 2782 3014 3073 3251 3494 3462 3255 3075 3219 3150 3194 3140 2970 3117 3134 3393 3361 3282 3331 3192 3219 3434 3160 3022 3200 3353 3155 3398 3192 3240 3284 2778 2955 3024 3245 2817 3080 3277 3385 3494 2881 2731 3109 3271 3208 3226 3251 2945 3264 2913 3332 3215 3329 3130 3137 3107 2971 3167 3165 2886 2995 3160 3024 3385 2937 3179 3335 3262 3244 3067 3432 3017 3291 2861 3239 2953 
2996 3208 3150 2897 2879 2980 3044 2969 3058 2940 2856 2981 3343 2729 3029 3078 2976 3044 2704 2838 2798 3246 3065 2947 3017 3252 2773 2743 2730 2880 2895 2796 2680 3022 3245 2853 2905 2958 2814 2878 2787 3023 2767 3098 3090 2969 2982 3458 2677 3428 3239 3099 3322 3336 2850 2677 2976 3210 2897 2901 2939 2969 2931 2617 3361 2726 2879 2927 3215 2878 3075 3136 3033 2906 3061 3035 3198 3240 2965 2915 3130 2919 2739 3000 2868 2734 2866 3020 3225 3021 2769 2834 2719 2949 3296 2736 3247 2699 3027 3249 2954 3192 3149 2756 2770 3096 2790 3156 2863 3036 2733 3404 3380 2831 2581 2901 3240 3015 3339 2781 3339 3027 3210 3527 3258 2874 2796 2675 2898 2846 3034 3088 2706 2737 3079 2800 3340 2721 3103 2894 3048 3080 2999 2856 3003 2982 3009 2890 3104 3185 2690 2538 3378 2661 3316 2971 3159 2909 2753 3028 3158 3168 2886 3265 2643 3233 2652 3051 2656 3125 3107 3156 3229 3146 2897 2758 2934 3223 2818 3227 2917 3232 3042 3008 3051 2899 2856 2748 2853 3061 2928 3091 2912 3118 2919 3336 3122 2800 2978 3132 2884 2936 2904 3097 2888 2999 2917 2726 3179 2906 2844 3130 3121 3226 2675 2850 2910 3040 3120 3110 2745 2898 3150 2925 3142 3175 3001 2844 2847 2831 2997 2988 3162 2785 2905 3180 2570 3353 3045 2841 3040 3116 3058 2903 3399 3042 2621 2862 3247 2766 
2957 3359 3354 3153 3001 3196 3223 3006 3131 3191 3074 3030 3531 3041 3081 3006 3318 3343 2682 2955 3102 3423 3061 3095 3064 3381 3150 3118 2788 3022 3163 3021 3030 3227 3498 3012 3177 3010 2968 3011 2797 3074 2886 3146 3239 3183 3260 3249 2710 3227 3304 3153 3382 3364 3039 3044 3115 3059 2915 2980 3218 3200 3248 2690 3225 3163 2735 2921 3225 2902 3302 3043 3340 3268 3364 3090 3419 3375 3026 3163 3058 2827 2980 2991 2927 2724 2959 3147 3290 3051 3026 3243 2882 3222 3453 2845 3174 3169 3273 3350 3122 3145 3075 2905 3002 3206 3188 3215 3020 3188 2841 3470 3674 2786 2784 3192 3438 3034 3327 2775 3313 3078 3077 3429 3491 2919 3198 2672 3151 3108 3267 2973 2857 2875 3043 3096 3339 2865 3161 2847 3198 3105 2955 3106 3251 3032 3120 3192 3236 3545 2830 2964 3443 3127 3172 2986 3310 2821 2928 3037 3195 3272 3115 3368 2865 3143 2811 3090 2735 2959 3051 3326 2928 3396 2983 2976 2788 3403 3293 3542 3106 3090 3227 3041 3227 3266 2965 2956 3116 3354 3199 3202 3136 3237 3334 3474 3132 2982 3010 3080 2980 3311 3205 3122 2961 3028 3200 2852 3203 2781 3203 3209 3350 3133 2896 2715 3148 2912 3159 3260 3012 3163 3195 3010 3181 3282 3210 2768 3003 2996 3006 3346 3064 2856 3138 3087 2718 3271 2995 3160 3310 3378 3084 3038 3372 3325 2987 2925 3013 2827 
2709 2973 2834 2727 2472 2909 2674 2771 2724 2888 2616 2944 3082 2477 2813 2703 2950 2877 2708 2709 2563 2999 2614 2875 2688 3001 2802 2467 2658 2597 2952 2702 2485 2755 2964 2690 2631 2610 2541 2578 2505 2836 2621 2783 2888 2734 2766 2998 2334 2891 3034 2538 3115 2984 2693 2701 2560 2885 2687 2608 2865 2818 2928 2223 2867 2570 2555 2735 2770 2472 2997 2793 2774 3005 2801 2506 2790 2886 2710 2642 2745 2647 2609 2898 2502 2294 2638 2758 2903 2610 2463 2713 2396 2719 2823 2386 2835 2788 2954 2932 2819 2815 2833 2447 2478 2716 2578 2811 2625 2839 2533 3069 3209 2650 2311 2567 2850 2615 3111 2239 2990 2904 2799 3269 2876 2555 2508 2534 2649 2637 2746 2488 2676 2479 2817 2511 3048 2469 2934 2536 2689 2822 2627 2740 2743 2696 2599 2805 2831 3106 2504 2332 2999 2688 2765 2544 2789 2524 2693 2848 2786 3006 2589 2954 2475 2822 2391 2646 2504 2845 2460 2845 2928 2823 2568 2410 2635 2844 2872 3075 2969 2659 2677 2726 2872 2894 2309 2606 2441 2709 3020 2719 2918 2861 2638 2796 2723 2566 2932 2571 2695 2863 2779 2736 2839 2678 2506 2498 2779 2560 2714 2689 2878 2778 2484 2422 2761 2612 2809 2750 2529 2768 2681 2836 2828 2980 2540 2705 2671 2434 2667 2828 2786 2452 2700 2738 2512 2725 2652 2454 2833 3021 2751 2567 3030 2812 2624 2480 2684 2572 
2969 3269 3038 3085 2710 3348 3008 3169 3010 3171 2760 3228 3408 2843 3035 2964 3135 3206 2787 3053 2949 3418 2941 3149 2984 3198 3001 2868 2829 2957 2942 2991 2959 2927 3328 3012 3038 2981 2766 2665 2753 3201 2845 3111 3182 3023 3271 3237 2773 3149 3251 2930 3306 3216 2943 3000 2845 2978 2836 2862 3236 2921 3255 2694 3117 2745 2815 2941 3116 3112 3623 3040 3076 3042 3136 3079 3314 3085 2973 2890 2945 3009 3005 3127 2693 2556 2856 2870 3270 2855 2846 2814 2719 3005 3118 2511 3181 3162 3066 3291 2915 3063 3114 2744 2900 2972 3163 2972 2960 3147 2588 3276 3430 2904 2750 2736 3405 2776 3229 2695 3281 2950 2953 3473 3304 2809 2927 2796 2838 3040 2994 2929 2971 2749 2870 3055 3188 2856 3205 2656 3069 3042 3017 2930 2933 3133 2834 3121 3082 3286 2928 2688 3265 2993 3070 2853 3232 2697 2992 3163 3102 3291 2794 3068 2845 3230 2713 3095 2790 3037 2957 3315 3007 3229 2831 2746 3075 3311 3165 3350 3167 3060 2990 2816 3037 2996 2645 2970 2740 2916 3005 3067 3107 2956 2856 3226 2987 2888 3121 2880 3087 3214 2941 3144 3097 2959 2734 2837 3057 2776 2937 3080 3147 3160 2692 2705 3280 2995 3201 3234 2931 2925 3065 2938 3091 3237 2919 2843 2824 3085 2699 3023 3083 2489 3209 3026 2949 3174 2830 2916 3041 3345 2909 2911 3248 3085 2881 2779 2972 2911 
3014 3332 3136 2990 2719 3240 3073 3152 3122 3070 3089 3023 3469 2985 2927 2973 3136 3300 2751 2909 3063 3341 2969 3104 2863 3403 2993 2993 3028 3191 2953 2996 3029 3013 3218 3181 3161 3010 2740 2788 3017 3176 2800 3203 3171 2993 3212 3359 2695 3079 3277 3117 3309 3375 3147 3033 2982 2927 2975 2896 3138 3043 3007 2628 3097 2673 3018 3047 3032 2992 3288 3317 3131 3136 3168 3012 2974 2949 2951 2973 2983 2733 2865 3163 2766 2763 3046 3207 3222 2780 2996 2985 2857 2918 3201 2721 3296 2940 3003 3198 3072 3137 3231 2731 2906 3190 2973 3265 2947 2966 2760 3341 3323 2786 2610 3135 3242 3046 3302 2591 3448 3055 3054 3482 3310 2750 2903 2516 3052 3039 3130 3131 2842 2950 2838 2822 3287 2862 3263 2811 2873 3034 2884 2928 3041 3163 3130 3125 3143 3365 2969 2653 3103 3017 3249 2781 3156 2806 3001 3052 3368 3273 2734 3310 2766 3045 2885 3225 2657 3074 2912 3376 3146 2990 2874 3059 2991 3148 3066 3428 3034 3063 2988 3055 3134 2994 2849 2883 3048 3065 3003 3120 3104 3009 3052 3301 3241 2855 3172 2942 3113 3244 3230 3027 2967 2776 3103 2974 3095 2816 2639 3158 3369 3123 2708 2764 3197 3024 3069 3027 2856 2981 2990 2936 3130 3074 3123 2860 2837 2988 2888 3100 3107 2904 2996 3152 3026 3270 2978 2944 3163 3348 3063 2854 3292 3013 2875 2775 3114 2885 
3019 2899 3172 2741 2769 2980 3223 3003 2911 3139 2777 2910 3380 2909 2711 2668 3023 3145 2533 2864 2726 3239 3091 2929 3028 3233 2968 2827 2682 2891 2691 2856 2894 3026 3327 2878 2910 2743 2841 2748 2571 2929 2697 3151 3152 2865 3016 3195 2731 3084 2994 2976 3174 3090 2895 2788 2827 2833 2807 2676 2930 2744 2804 2334 2895 2808 2662 2854 2929 2933 3179 2969 3025 3075 3087 2854 3064 3120 2983 2844 2751 2855 2709 2982 2624 2700 2741 2963 3188 2874 2799 2787 2644 2891 2990 2331 3075 2909 2987 3108 2860 2938 3086 2754 2843 3055 3008 3003 2715 2995 2567 3280 3352 2585 2522 2780 3175 2684 3222 2559 3125 2746 2809 3232 3164 2892 2711 2449 2815 2919 2952 2942 2591 2773 3008 2697 3197 2712 3032 2770 3091 3090 2978 2994 2953 3015 2760 2979 2998 3032 2874 2686 3158 2993 3250 2842 2921 2643 2866 2926 2936 3117 3054 3057 2757 2854 2585 2917 2690 2946 2947 3316 3057 3058 2799 2855 2875 2996 2986 3258 3025 2931 2916 2806 2920 2775 2658 2771 3000 2994 2819 3103 2909 3113 3116 3221 3006 2930 2957 2964 3067 3264 2995 2948 2813 2840 2782 2722 2819 2752 3111 3174 3043 3051 2744 2560 2930 2893 2917 3056 2867 2807 3161 2638 2985 3123 2886 2819 2691 2893 2899 2996 2917 2635 2872 2899 2738 3134 3005 2965 3094 3162 3058 2861 3176 3013 2735 2792 3114 2658 
3110 3382 3535 3030 2922 3209 3432 3301 3327 3142 3136 3196 3567 3042 3095 3146 3352 3304 2906 3080 2888 3442 3122 3159 2991 3414 3128 3053 3090 3299 2905 3002 2992 3254 3382 3103 3150 3209 2885 2994 2805 3220 2913 3337 3257 3090 3281 3343 3009 3355 3518 3178 3286 3341 3241 2961 3180 3223 3150 2871 3151 3257 2941 2494 3481 2947 2942 3078 3259 3177 3388 3282 3189 3208 3345 2941 3278 3461 3367 2948 3157 3096 2946 3488 2806 3005 2962 3285 3447 2957 3015 3198 2791 2975 3290 2807 3132 3032 3309 3400 3212 3402 3123 2896 2913 3171 3057 3248 2941 3189 2958 3478 3645 2908 2732 3130 3312 2919 3469 2912 3542 3067 3155 3695 3402 2888 3046 2783 3061 2964 3321 3038 2941 2804 3175 2828 3559 2964 3500 3006 3225 3218 3270 3056 3003 3226 3021 3257 3376 3400 3120 2922 3375 2998 3355 2957 3107 2849 3016 3207 3073 3473 3146 3131 2729 3105 2826 3180 2902 3273 3027 3282 3202 3296 3004 2889 2940 3206 3183 3621 3355 3189 3167 2956 3216 3290 2813 3029 2980 3249 3158 3367 3094 3161 3247 3449 3260 3064 3189 3123 3121 3257 3236 3343 3227 2918 2953 3045 3183 3043 3042 3336 3192 3201 2831 2895 3150 3090 3167 3190 2954 2912 3125 2952 3247 3337 3122 2853 3005 3124 3172 3283 3118 2857 3291 3279 3036 3159 3078 3072 3140 3361 3179 3280 3440 3093 3095 2752 3292 2798 
3390 3390 3427 3244 2937 3451 3464 3268 3264 3362 3173 3274 3809 3260 3336 3301 3493 3592 3063 3089 3352 3792 3309 3408 3190 3667 3389 3146 3191 3433 3159 3163 3014 3302 3503 3278 3525 3309 3113 3158 3008 3356 3110 3515 3462 3333 3537 3714 3156 3531 3515 3184 3654 3706 3331 3295 3254 3458 3235 3111 3447 3263 3474 2820 3408 3105 3176 3315 3335 3322 3353 3410 3229 3367 3634 3130 3531 3439 3394 3056 3403 3327 3107 3434 3176 3032 3357 3404 3736 3322 3146 3387 2976 3188 3388 2895 3529 3152 3399 3555 3147 3461 3342 2931 3269 3365 3425 3521 3331 3206 3115 3610 3644 3033 2889 3185 3543 3120 3760 3059 3627 3296 3281 3717 3395 3167 3047 3133 3369 3365 3406 3205 3139 3284 3474 3215 3697 3098 3651 3094 3217 3508 3364 3085 3334 3371 3241 3432 3300 3540 3245 2938 3706 3170 3713 3120 3225 2950 3321 3458 3523 3451 3081 3450 2944 3360 3081 3382 3124 3263 3171 3587 3331 3489 3036 3170 3306 3412 3389 3816 3381 3371 3356 3192 3407 3152 3016 3201 3053 3630 3458 3561 3172 3512 3374 3686 3446 3253 3228 3440 3269 3525 3433 3460 3400 3245 3044 3108 3522 3119 3298 3321 3456 3252 2902 3095 3197 3424 3332 3510 3326 3431 3546 3105 3375 3538 3471 3118 3136 3315 3269 3450 3422 3181 3246 3543 3139 3369 3247 3288 3321 3550 3292 3368 3916 3257 3272 3131 3465 3128 
3088 3012 3330 2851 2828 3074 3106 3133 3101 3115 3033 2981 3353 2843 2761 2991 3287 3105 2964 3064 2815 3349 3056 2941 3035 3245 2821 2894 3039 3163 2847 2885 2952 2982 3189 3158 2914 3110 2791 2566 2656 2988 2933 2992 3056 2861 3318 3405 2988 3146 3240 3209 3443 3076 2961 3034 2954 2968 2881 3022 3080 3080 2855 2492 3077 2735 3134 2980 3183 3040 3245 3375 3050 2961 3194 2927 3207 3225 3155 2791 3006 2773 2926 3124 2934 2735 2971 3104 3344 2975 2813 3018 2933 3042 3113 2573 3063 2893 3202 3214 2906 3182 3317 2859 2797 3141 2963 3275 2853 3157 2874 3235 3231 2747 2685 2814 3121 3032 3350 2567 3375 3085 2970 3349 3266 2703 2950 2777 3015 2811 3125 2951 2854 2831 2987 2609 3390 2818 3213 2788 3068 3318 3122 2970 2956 3199 2885 3335 3158 3202 2954 2706 3229 3050 3286 3145 3068 2877 2944 3244 3158 3234 2945 3261 2734 2988 2661 3197 2814 3004 3047 3392 3120 3210 2598 2937 2919 3081 3034 3440 3016 2887 3067 3110 3268 3099 2788 2738 2859 3302 3141 3358 2960 2917 3098 3326 3080 3127 3116 2988 2910 3251 3146 3139 2993 2984 3218 2813 3169 2835 2917 3135 3279 3223 2720 2756 2998 3185 3133 3036 2947 2746 3107 2833 2847 3159 3088 2965 2848 3046 2865 3164 2953 2892 3010 2761 2778 3149 2927 2888 3175 3036 3083 2833 3315 2940 3032 2779 3011 3008 
2910 3182 3225 2829 2738 3343 2979 3055 3146 3099 2878 3189 3334 2823 2931 2935 3308 3203 2620 3022 3085 3232 3137 3119 2954 3418 2944 2802 2832 3185 2851 2850 2806 2987 3268 3135 3036 2967 2997 2893 2946 2865 2821 3191 3036 3027 3080 3365 2811 3022 3198 3190 3404 3280 3024 2925 2959 3073 2831 2855 3075 3117 3186 2371 3064 2713 2817 2892 3048 2723 3259 3091 2833 3166 3339 3026 3249 3372 2923 2959 3035 2937 2704 3005 2833 2574 2961 3099 3363 3086 2801 3027 2530 3045 3111 2859 3046 3142 3232 3364 3078 2998 3006 2807 2917 3058 3047 2978 2942 3124 2701 3271 3348 2708 2657 2781 3369 2946 3388 2653 3148 3061 3026 3673 3278 2795 2973 2831 3102 3004 3239 3084 3035 2715 2993 2899 3296 2764 3212 2913 3077 3243 2947 2955 3077 3064 3035 3068 2922 3365 2906 2853 3161 2895 3216 2767 3212 2591 2985 2777 3102 3219 2932 2939 2752 3189 2701 3133 2792 3096 2926 3222 3208 3156 2842 2939 2932 3293 3052 3459 3073 3080 3130 2862 2993 2933 2734 2995 3114 3107 3010 3201 3007 3213 2957 3340 3150 2901 2897 2832 2925 3264 2959 3109 2911 2809 2813 2971 2999 2702 3040 3019 3114 3088 2779 2615 2877 2901 2986 3157 2975 2809 3244 3042 3094 3237 3288 2728 2724 2994 2767 3144 3020 2712 2815 2976 2986 2933 2953 3080 3209 3208 2941 2937 3515 3061 2851 2801 3023 2888 
2882 3126 3325 2997 2878 3070 3082 3164 2984 2910 2931 2920 3330 2683 2884 3145 2928 3106 2642 2902 2845 3136 2928 2856 2870 3262 2920 2900 2633 2953 2790 2772 2785 2943 3246 2991 2845 2954 2807 2664 2614 2936 2761 2965 2948 3097 3076 3391 2803 3077 3359 3065 3194 3213 2886 2757 2923 3042 2756 2762 2980 2881 3004 2592 2988 2913 2722 2875 3074 3055 3291 3121 3073 3112 3165 2960 3067 3331 3131 2972 2942 2962 2882 3001 2648 2810 2850 3120 3091 2955 2805 2936 2496 2964 3178 2752 3020 2982 3097 3315 3023 3203 2995 2568 2793 3279 3157 2887 2913 3162 2597 3260 3427 2535 2924 2808 3202 2817 3242 2844 3245 3014 3073 3393 3070 2740 2898 2835 2864 3073 3026 2918 2680 2730 3088 2885 3349 3007 3266 2726 3040 2991 3099 3025 2879 3059 2872 3160 2868 3200 2790 2924 3191 2900 3287 3018 3113 2720 2883 2845 3063 3141 2947 3161 2544 3071 2922 2786 2653 3006 2912 3249 2923 3058 2612 2822 2791 3285 3051 3501 3128 2962 3046 2964 2911 2994 2746 2793 2922 3150 2914 3026 2992 2997 3043 3301 2958 2958 2926 3061 2792 3176 2928 3076 2971 2840 2846 2940 3000 2748 3026 3116 3376 3135 2735 2524 2958 2803 3073 3303 2954 2827 3034 3036 3203 3324 3211 2707 3026 2983 2711 3154 3061 2736 3072 3099 2798 3254 2834 2915 3036 3210 2928 2902 3256 2846 2840 2718 3096 2722 
2969 3264 3172 2966 2873 3289 2948 3094 2911 3120 3110 2962 3492 3034 2948 3087 3196 3291 2625 3144 3202 3306 3168 3140 2852 3357 3022 2963 2789 2998 2941 2794 2889 3139 3242 3138 3335 2923 2958 2700 2694 3048 2880 3104 3135 3106 3096 3372 2965 3050 3148 3004 3296 3318 2821 2870 2868 3033 2980 2855 3076 3151 3237 2508 3115 2758 2753 3122 3237 2882 3177 3050 3119 2978 3403 3162 3117 3334 3241 2969 2794 2860 2980 3045 2862 2639 2970 3088 3394 3008 2976 3212 2697 2930 3108 2773 3240 3024 3119 3318 3014 3148 2985 2715 3142 3321 2993 3182 3060 3201 2839 3180 3486 2901 2682 3204 3505 2960 3298 2747 3274 3016 3139 3453 3279 2858 3135 2610 3192 2922 3009 3027 2953 2825 3103 3077 3466 2972 3137 2875 3138 3196 2744 2864 2960 3207 3070 3054 3106 3464 3105 2899 3372 3021 3314 2920 2967 2747 3174 2999 3203 3176 2833 3358 2695 3068 2736 3089 2800 2916 2968 3302 3148 3408 2839 2857 2947 3357 3262 3503 3191 3157 2973 3084 3033 2910 2775 2990 2955 3101 3079 3221 3001 3106 2975 3537 3087 2975 3037 3079 2882 3191 3096 3041 3047 2838 2864 3080 3067 2755 3070 3102 3246 3119 2797 2604 2950 3009 3189 3168 2919 3223 3231 3050 3016 3072 3301 2973 2918 3139 3026 3079 2967 2927 2941 3164 2890 3152 2948 2914 3112 3156 3156 2871 3257 2875 2934 2871 3132 2771 
3072 3326 3302 3085 2992 3398 3326 3221 3220 3347 3197 3429 3642 2938 2921 3116 3415 3332 2786 2991 3058 3373 3190 3267 2951 3599 3505 3001 2893 3109 3204 3214 3034 3248 3336 3363 3158 2900 3083 3014 2878 3055 2848 3289 3296 3161 3319 3538 2828 3366 3325 3310 3428 3266 3233 2983 3179 3203 2907 3113 3253 3095 2967 2778 3220 3181 2934 3057 3370 3092 3386 3248 3279 3427 3459 3200 3388 3415 3226 3099 3125 3113 2998 3268 3148 2685 3099 3286 3563 3123 3031 3239 3024 3370 3270 2985 3376 3207 3372 3378 3217 3361 3216 2909 3208 3393 3163 3365 3019 3341 3007 3644 3586 3137 2827 3121 3422 3109 3491 2822 3522 3149 3243 3703 3339 2898 2902 2774 3104 3368 3271 3048 3000 2852 3118 3082 3361 3020 3243 3064 3175 3349 3077 3200 3325 3086 2981 3169 3239 3553 3024 2801 3379 3113 3300 3062 3195 3003 2971 3222 3279 3423 3083 3350 2866 3307 2929 3269 2845 3202 3143 3342 3301 3297 2986 3010 2967 3331 3167 3590 3324 3217 3381 3010 3169 3302 2978 2988 3182 3195 3282 3222 3198 3381 3392 3377 3388 2925 3154 3289 3210 3334 3067 3292 2822 3124 3070 3171 3102 3058 3202 3210 3382 3331 3010 2803 3184 3094 3295 3379 3021 2972 3347 3071 3368 3506 3330 3042 2977 3094 2952 3226 3160 2963 3153 3054 2944 3402 2958 3270 3339 3376 3094 2983 3668 3210 3007 2820 3212 2902 
3046 2973 3364 2963 2832 3440 3105 3129 3134 3058 3100 3052 3502 2945 3029 3056 3146 3223 2650 3059 2920 3449 2930 3151 3022 3326 3221 2763 2936 3042 2929 2883 2840 3055 3382 3256 3044 3014 2753 2696 2757 2969 2787 3239 2976 2997 3055 3408 2915 3210 3103 3147 3401 3348 3012 2872 2760 3244 2953 2933 2961 2929 3107 2753 3192 2786 2834 3122 3335 3113 3185 3218 3193 3011 3217 3214 3211 3279 3072 2973 2865 3065 2959 3229 2928 2562 3111 3062 3345 2961 2933 3057 2813 3023 3139 2648 3265 3053 3370 3299 2909 2984 3032 2756 3082 3298 3054 3171 3034 2973 2834 3400 3442 2848 2782 2953 3336 2920 3307 2752 3326 2795 3014 3514 3221 2977 3073 2701 3091 3065 3183 3091 3032 2799 3076 3161 3192 2855 3130 2868 3074 3284 3094 3192 2959 3270 2929 3092 3151 3355 3037 2844 3416 3101 3278 2918 3069 2929 2893 3054 3041 3261 2921 3221 2756 2959 2762 2998 2906 2949 2935 3229 3076 3278 2871 2753 2906 3235 3383 3457 3086 3179 3018 3038 2962 3002 2918 3020 3006 2954 3203 3292 3215 3197 3130 3528 3139 2901 3114 3109 3115 3441 3154 3342 3008 2885 2859 2923 3183 2806 2921 3193 3462 3112 2865 2818 3030 3123 3217 3169 2987 2912 3171 2867 3024 2918 3192 2764 2938 3114 3009 3001 3037 2829 3004 3051 2926 3247 2864 3134 3197 3046 2896 2929 3436 3095 2816 2695 3185 2792 
3121 3243 3452 3091 2912 3326 3064 3252 3094 3170 3200 2970 3527 3002 2981 2974 3141 3373 2757 3091 3118 3373 3221 3075 2990 3236 3117 3001 2823 3064 2934 2891 2975 3129 3444 3240 3003 2867 2852 2803 2686 3281 2949 3187 3125 3102 3246 3500 2770 3206 3319 3097 3238 3473 2919 2935 3021 2955 3028 3046 3268 3089 3196 2648 3182 2924 2935 2939 3097 3062 3311 3211 3191 3105 3080 3168 3133 3233 3191 2930 3144 3103 2900 2926 2856 2814 2998 3231 3366 2873 2946 3159 2936 2916 3386 2589 3295 3136 3225 3259 3111 3191 3096 2641 3109 3202 3073 3168 2987 3261 2855 3545 3601 2832 2857 3096 3345 3177 3454 2834 3409 3146 3148 3655 3462 2945 3122 2560 2879 2976 3001 3084 2893 2960 3154 3068 3278 3109 3287 2972 3285 3209 3115 3096 3066 3136 2988 3163 3147 3361 3204 2731 3331 3041 3418 3085 3118 2851 2931 3156 3206 3326 2952 3325 2635 3053 2910 3225 2726 3182 2982 3346 3232 3246 2865 3035 2858 3350 3227 3402 3274 3118 3217 3102 3148 3116 2894 2858 3001 3095 3152 3364 3063 3192 3111 3510 3168 2950 3008 3013 3140 3342 3235 3070 2941 2798 3082 3033 3345 2836 3081 3265 3353 3210 2913 2636 3052 2928 3243 3181 3020 3102 3096 3127 3147 3331 3070 3017 2988 3080 2950 3148 3174 2896 3252 3151 2881 3311 2937 3078 3200 3297 3039 2960 3496 3043 2855 2978 3102 2994 
3227 3096 3048 2772 2523 3080 3095 2961 2878 3082 2744 2830 3380 2891 2894 2944 3191 3212 2700 2805 2765 3434 2855 2828 2983 3144 3033 2875 2592 2834 2946 2843 2751 3134 3299 3073 3046 2787 2683 2713 2575 2727 2779 3033 2994 2827 3023 3315 2778 3137 3110 2911 3174 3234 2945 2734 2712 2920 2674 2944 3110 3038 2970 2411 3038 2819 2741 2957 2956 2870 3119 3107 3215 3037 3237 2928 2928 3230 2885 2818 3030 2820 2777 3002 2752 2497 2980 3007 3191 3057 2834 2985 2747 2913 2920 2627 3145 2931 2810 3171 2846 3027 3051 2711 2789 2918 3172 3026 2876 2915 2799 3105 3324 2807 2646 2765 2953 2764 3131 2622 3264 2794 2792 3349 3166 2551 2744 2697 2930 2846 3104 2850 2701 2761 2996 2765 3155 2638 3175 2671 2940 3125 2875 2988 3006 2958 2840 2945 2962 3341 2706 2761 3145 2917 3073 2798 2712 2829 2888 3155 3149 3043 2707 3118 2662 3032 2568 2974 2613 2934 2778 3075 3049 3199 2818 2858 2730 3079 3111 3169 2968 3072 3181 2904 3233 3030 2559 2779 2861 3121 2934 3024 3004 2975 3030 3263 2919 2989 2954 2960 2922 3040 2927 2844 2826 3081 2755 2941 3034 2701 3091 2822 3154 3010 2846 2644 2920 2979 3233 2874 2809 2863 3069 2942 3155 2969 3152 2815 2791 2736 2968 3065 3078 2867 2860 2881 2889 3119 2706 2967 3100 3189 2907 2690 3298 2964 2847 2556 3032 2814 
3231 3463 3508 3138 2932 3545 3347 3222 3195 3358 3129 3248 3641 3254 3153 3177 3435 3385 3095 3179 3181 3705 3092 3211 3287 3574 3205 2997 2976 3307 3079 3056 3103 3420 3686 3342 3344 3102 3038 3044 2930 3272 2972 3332 3305 3306 3348 3573 2920 3170 3537 3292 3481 3405 3296 3174 3281 3261 3148 3315 3295 3122 3246 2756 3395 3021 3128 3314 3207 3207 3538 3424 3174 3298 3278 3169 3291 3478 3276 2983 3212 3130 3229 3257 2974 3029 3367 3475 3695 3050 3250 3111 2927 3129 3223 2669 3497 3061 3437 3271 3168 3280 3525 2908 3030 3381 3273 3370 3173 3199 2968 3265 3644 2916 2870 3050 3553 3331 3674 2880 3503 3300 3175 3777 3538 2903 3076 2661 3275 3320 3431 3377 3161 2961 3073 3230 3636 3249 3542 2900 3251 3277 3154 3267 3275 3130 3077 3473 3255 3647 3217 3153 3394 3270 3657 3066 3267 2967 3258 3269 3471 3377 2967 3142 3112 3251 3042 3323 3136 3247 3287 3393 3325 3382 3105 3048 2976 3420 3285 3590 3129 3101 3255 3213 3326 3259 2947 3040 3243 3231 3314 3291 3369 3359 3243 3525 3195 3121 3217 3329 3537 3488 3280 3404 3086 2922 3014 3153 3159 2997 3328 3503 3456 3364 3025 2870 3449 3163 3147 3454 3280 2895 3498 3133 3389 3403 3144 3027 3020 3060 3278 3436 3408 3147 3155 3271 3163 3527 3281 3038 3549 3475 3053 3025 3597 3305 3198 3174 3329 2992 
2811 2983 2810 2736 2660 3026 2833 2857 2838 2761 2852 2871 3173 2634 2836 2791 3070 3033 2528 2762 2752 3121 2858 2856 2555 3180 2881 2762 2635 2891 2750 2563 2700 2735 2978 2842 2794 2797 2720 2537 2548 2745 2791 2769 3016 2816 2900 3271 2513 2912 3188 2820 2948 3017 2966 2669 2614 2737 2595 2776 2841 2858 2760 2361 2698 2751 2715 2887 2905 2698 2972 2747 2802 2850 3018 3087 2796 3005 2722 2733 2892 2641 2620 2919 2561 2647 2740 2929 3106 2725 2658 3093 2586 2923 2961 2628 2890 2780 3030 2846 2750 2768 2783 2551 2825 3147 2768 2922 2595 3082 2484 3103 3219 2701 2583 2622 2966 2652 3130 2669 3063 2675 3053 3407 2833 2640 2661 2590 2782 2759 2784 2697 2705 2769 2993 2823 3208 2846 2989 2585 2943 3157 2702 2861 2718 2862 2903 2942 3084 3011 2751 2630 3178 2772 3090 2911 2921 2724 2756 3029 2827 2917 2620 3104 2353 2973 2599 2997 2339 2850 2687 3002 2983 3024 2632 2842 2750 3103 2949 3365 2990 3005 2699 2844 2906 2829 2519 2802 2777 2949 2810 2996 2690 2822 2802 3119 2965 2792 2786 2804 2611 2987 3017 2826 2626 2750 2888 2703 2993 2529 2959 2812 3154 3051 2648 2549 2801 2842 3078 2910 2852 2805 2975 2882 2963 2924 2897 2790 2596 2821 2718 2928 2878 2660 2861 2752 2515 3083 2818 2836 2913 2829 2952 2613 3125 2988 2737 2670 2916 2592 
2886 2998 3002 2919 2923 3181 2987 2949 2952 3080 2979 2916 3546 2843 2923 2881 3263 3006 2806 2837 2900 3274 3033 3057 2862 3257 3059 2818 2875 2931 2876 2969 2884 2993 3216 3015 3022 2768 2837 2772 2730 3082 2922 3117 3003 3035 3178 3208 2681 3050 3099 2957 3337 3220 2930 2733 2872 2975 2636 2899 3017 3119 2961 2474 2901 2830 2879 2806 2957 2802 3180 3106 2974 3167 3100 2946 3305 2991 2920 2840 2904 2847 2945 2846 2668 2691 2967 2945 3262 2779 2764 2911 2811 2934 3229 2689 3061 2897 3292 3127 3116 3027 3203 2761 2978 3111 2843 3019 2857 3058 2722 3362 3442 2986 2545 2794 3228 2990 3429 2632 3091 3006 2985 3402 3105 2824 2915 2609 3127 2931 2933 3005 2674 2786 2924 2857 3228 2751 3094 2694 3120 3164 2752 2813 2982 2918 3124 3004 3074 3157 2952 2735 3177 2919 3109 3082 2942 2573 2948 3132 2993 3018 2784 3209 2628 3076 2532 2960 2606 2849 2856 3029 2880 3205 2680 3027 2795 3247 3136 3246 3022 2978 3020 2983 3098 2906 2604 2780 2687 3033 2988 3081 2931 3004 3171 3171 3042 2774 2881 2998 3096 3289 3071 2994 2887 2796 2994 2782 2973 2790 3176 3008 3241 3275 2843 2524 3007 2909 3016 3109 2970 3034 3227 2832 3061 3117 2788 2979 2882 2775 3095 3025 2950 2706 3008 2846 2707 3141 2959 2969 3079 3098 2936 2818 3210 2894 2803 2956 2870 2833 
2924 3275 3112 2930 2946 3166 3270 3009 3080 2988 2642 2999 3523 2821 3003 3265 3138 3195 2625 2907 2794 3245 2783 2894 2984 3279 2962 2691 2703 3045 2778 2963 2801 2995 3412 2888 2843 2809 2738 2713 2707 2889 2548 3142 3016 3012 3175 3469 2722 2996 3021 3125 3254 3175 2796 2897 2784 3030 2832 2825 3131 2817 2961 2617 3117 2518 2684 2919 3006 2904 3253 3352 3053 2959 3148 2864 3270 3336 3028 2777 3014 2746 3000 3007 2761 2582 2902 3080 3073 3002 2948 2820 2699 2994 3020 2788 3143 2937 3136 3206 2785 3185 3157 2687 2601 3009 3019 2776 2786 3010 2798 3143 3148 2747 2821 2872 3280 2835 3206 2679 3182 2931 2889 3483 3209 2712 2750 2597 2947 3072 3121 2922 2925 2477 2817 2935 3301 2866 3198 2757 2954 3209 2938 2943 2996 3016 2911 3100 2938 3406 2768 2815 3329 2876 3102 2884 3028 2795 2824 3076 2924 3331 2874 3078 2742 3042 2730 2964 2723 2953 2694 3236 2972 3044 2782 2784 2890 3286 2987 3376 3155 2971 3119 2763 2973 2979 2799 2776 2785 3007 2935 3059 3084 2934 2769 3203 2911 2925 2882 2830 2921 3067 2888 3034 2891 2757 2766 3070 3161 2914 2900 3069 3045 3108 2731 2833 2849 2795 3020 3188 2904 2785 3040 2972 2986 3118 3069 2840 2827 2823 3011 2924 3129 2688 3008 3144 2916 3232 2756 2743 2917 3028 2920 2822 3330 2982 2893 2983 3090 2635 
3222 3335 3568 3109 3204 3653 3484 3164 3139 3169 3138 3454 3641 3145 3307 3334 3558 3483 2775 3335 2980 3683 3107 3248 3105 3727 3447 3091 3027 3445 3042 3121 3187 3341 3543 3391 3460 3318 3088 3082 2953 3097 2949 3427 3384 3194 3430 3643 2918 3400 3486 3280 3365 3616 3231 3004 3247 3240 3167 2933 3291 3164 3199 2783 3466 3083 3053 3038 3358 3191 3412 3270 3255 3406 3478 3116 3356 3606 3228 3055 3349 3192 3159 3359 2939 2901 3092 3464 3621 3124 2992 3284 2937 3282 3280 3028 3424 3325 3346 3500 3133 3423 3266 3040 3193 3387 3270 3363 3264 3304 3071 3642 3706 3044 2926 3257 3513 3009 3507 3012 3540 3177 3169 3679 3358 3013 3191 2992 3420 3312 3528 3237 3023 2869 3281 3077 3548 3097 3562 2948 3252 3418 3268 3141 3271 3407 3251 3388 3396 3615 3082 2874 3521 3001 3411 3172 3226 2751 3099 3137 3311 3406 3203 3274 2683 3211 3060 3174 2930 3340 3141 3368 3438 3414 3070 2950 3003 3403 3245 3680 3346 3346 3178 3170 3394 3297 3159 3071 3351 3388 3265 3402 3316 3367 3554 3600 3485 3064 3170 3233 3273 3314 3435 3439 3030 2963 3243 3075 3432 3162 3254 3365 3298 3319 3017 3138 3155 3247 3249 3397 3174 3256 3447 3153 3277 3482 3516 3052 3185 3160 3156 3373 3360 3030 3233 3448 3054 3305 3140 3268 3253 3436 3456 3291 3668 3354 3017 2989 3383 3094 
2958 3291 3272 2898 2670 3276 2959 2901 2882 3099 2924 3088 3280 2730 2873 2825 3207 3145 2675 2823 2650 3337 2846 3029 2882 3178 2974 2726 2611 2902 2728 2961 2979 3155 3283 3011 2976 2954 2658 2604 2763 2835 2774 3068 2985 2943 3092 3165 2656 3044 3079 3068 3352 3197 3100 2729 2959 3019 2746 2760 3056 2905 2927 2558 3130 2719 2818 2947 2903 2846 3338 3094 2976 3049 3124 2867 3093 3155 3089 2754 2815 2709 2859 2938 2518 2758 2944 2944 3161 2734 2726 2835 2672 3121 3108 2568 3144 2929 2985 3108 2951 2928 3031 2737 2882 3065 2927 2984 2962 2934 2641 3157 3493 2765 2693 2746 3247 2980 3273 2546 3261 2690 2869 3377 3169 2831 2913 2650 2953 2754 3113 2931 2712 2701 2870 2696 3358 2947 2983 2830 3078 3174 2843 3078 2822 2983 2693 3190 2962 3164 2827 2890 3222 2962 3294 2886 3133 2549 2883 2990 2886 3029 2821 2975 2653 2987 2806 3015 2635 2908 2899 3106 2696 3130 2543 2765 2852 3109 2925 3190 3137 3008 2901 2817 3190 2824 2575 2876 2984 3009 2994 3093 3059 2926 3045 3085 3065 2816 3014 2860 2916 3122 3032 3042 2726 2794 2880 2758 2907 2782 2791 3068 3075 3133 2795 2495 3060 3004 3003 2854 2841 2622 2964 2842 3032 3058 2919 2682 2902 2763 2951 3158 3156 2695 3037 2971 2920 3183 2894 3011 2807 3069 2968 2751 3223 2926 2944 2840 3026 2850 
3202 3359 3600 3070 2902 3393 3195 3347 3400 3319 3133 3182 3508 3097 2992 3062 3366 3302 2933 3303 3042 3387 3229 3197 3087 3441 3177 3041 2951 3158 2850 2885 2942 3273 3531 3038 3114 3209 2797 2889 2825 3208 3118 3256 3234 3196 3440 3576 2976 3107 3369 3257 3508 3407 3054 3209 3145 3164 2829 3244 3319 3164 3159 2646 3476 2985 2971 3145 3211 3322 3524 3365 3098 3425 3451 3054 3208 3386 3348 3099 3159 3038 3048 3113 3013 2872 3213 3398 3431 3099 3130 3117 2813 3061 3429 2908 3366 3225 3247 3346 3153 3296 3294 2992 2914 3328 3162 3271 3138 3289 2743 3592 3564 2816 2903 2944 3412 2950 3576 2807 3472 3258 3168 3850 3249 3089 3206 2772 3327 3082 3346 3137 3244 3006 3246 2944 3572 3119 3401 2958 3346 3360 3271 3210 3151 3210 3010 3257 3264 3318 3264 2774 3432 3233 3474 2955 3219 2938 3058 3300 3243 3463 2937 3335 2883 3286 2872 3262 2900 3219 3224 3377 3328 3283 3094 3164 2967 3384 3177 3593 3205 3227 3241 3190 3282 3183 2888 3056 3066 3359 3233 3368 3107 3318 3206 3598 3247 3178 3141 3274 3234 3498 3288 3201 3213 2892 3041 3024 3198 2789 3117 3300 3398 3391 2967 2765 3133 3266 3196 3310 3117 3050 3215 3029 3347 3200 3156 2893 3062 3200 2994 3273 3106 2917 3308 3164 3187 3231 3004 3243 3370 3265 3116 2988 3392 3271 3188 2873 3362 2989 
3324 3269 3172 3072 2758 3315 3138 3242 3093 3152 2926 3194 3613 3110 2972 3245 3268 3473 2961 3039 3029 3687 3051 3201 2964 3315 3029 3097 2922 3039 3105 3019 3175 3336 3462 3150 3294 3118 3052 2802 2777 3122 3028 3142 3252 3282 3076 3616 2832 3249 3169 3173 3199 3198 3215 2994 3122 3116 2911 3107 3121 3131 2979 2627 3221 2963 2861 2848 3170 2828 3436 3267 3219 3036 3293 3049 3358 3388 3181 2949 2876 2978 2883 3246 2794 2903 3015 3183 3317 2832 2875 2967 2774 3115 3300 2729 3281 2994 3276 3217 3212 3246 3241 2627 2918 3154 3218 3307 3007 3122 2806 3407 3432 2989 2765 2982 3456 3001 3315 2858 3400 3040 3022 3622 3371 2899 2942 2798 2984 3013 3255 3202 3022 2880 3152 3187 3389 3121 3214 2854 3261 3299 3206 2957 3021 3237 2870 3148 3220 3294 3004 2894 3315 3345 3392 3030 3239 3005 3126 3245 3283 3423 2937 3293 2833 3345 2909 3247 2711 3135 3034 3114 3094 3294 2878 3209 2999 3220 3305 3343 3298 3181 3260 3055 3319 3240 2859 3078 2946 3280 3248 3281 3237 3314 3150 3378 3089 2930 3228 3124 3080 3285 3209 3111 2925 3255 3170 2987 3078 2935 3173 3352 3455 3340 2912 2647 3177 2969 3245 3163 3107 3029 3077 3091 3274 3317 3209 3120 3127 3001 3016 3391 3208 2945 3307 3278 3026 3252 2960 3009 3087 3388 2980 2798 3493 3139 3056 3079 3082 3024 
2596 2691 2729 2545 2553 2781 2622 2641 2570 2616 2613 2711 3218 2430 2663 2611 2727 2783 2518 2684 2572 3017 2618 2660 2618 2858 2843 2524 2589 2625 2607 2684 2542 2744 2746 2699 2638 2536 2461 2321 2424 2612 2288 2916 2715 2778 2636 2882 2527 2727 2780 2585 2876 2885 2568 2660 2624 2655 2610 2632 2737 2650 2714 2364 2903 2382 2561 2766 2713 2522 2678 2818 2503 2522 2784 2629 2637 2843 2384 2466 2655 2722 2559 2637 2420 2243 2628 2896 2946 2627 2850 2617 2452 2683 2645 2465 2905 2627 2819 2782 2640 2748 2539 2479 2558 2790 2689 2758 2479 2383 2608 2827 2913 2474 2291 2603 2818 2454 2775 2333 2907 2702 2650 2932 2805 2247 2695 2350 2393 2759 2549 2593 2597 2234 2712 2640 2767 2429 2777 2484 2548 2723 2621 2638 2653 2773 2613 2530 2781 2764 2740 2432 2861 2716 2619 2468 2647 2362 2530 2744 2739 2844 2395 2805 2331 2642 2359 2576 2315 2522 2448 2806 2839 2775 2386 2401 2617 2899 2841 2923 2639 2559 2804 2670 2565 2679 2578 2506 2497 2641 2693 2626 2626 2733 2690 2977 2508 2699 2641 2642 2490 2775 2688 2643 2857 2554 2517 2701 2668 2425 2685 2618 2895 2594 2481 2259 2723 2490 2725 2860 2653 2491 2951 2649 2701 2795 2616 2693 2476 2807 2527 2650 2638 2388 2578 2571 2586 2883 2553 2385 2792 2853 2611 2466 2944 2675 2639 2269 2617 2436 
3127 3391 3543 3090 3003 3316 3415 3128 3160 3226 3135 3339 3716 2942 3121 3171 3441 3516 2835 3193 3223 3487 3388 3341 3324 3431 3074 3115 2863 3165 3126 3037 3195 3212 3365 3386 3232 3014 2860 3159 2967 3256 2965 3590 3239 3170 3309 3437 2773 3380 3403 3368 3367 3454 3341 2890 3371 3312 3015 3123 3316 3121 2961 2802 3309 2962 3160 3093 3318 3067 3612 3475 3176 3332 3372 3005 3426 3258 3235 3048 3205 3305 3033 3164 3000 2847 3042 3353 3547 3200 3176 3129 2916 3205 3287 2833 3405 3310 3270 3547 3329 3468 3301 2919 3138 3156 3165 3438 3084 3010 2855 3683 3652 2927 2561 3078 3402 3263 3571 2973 3614 3226 3302 3533 3445 2764 3105 2825 2850 3571 3120 3014 3028 3049 3144 3138 3398 3026 3431 3023 3163 3187 3125 3139 3170 3209 2946 3350 3266 3506 3163 3048 3282 3184 3458 2974 3114 3060 3154 3340 3167 3602 2823 3258 2933 3333 3007 3065 2884 3100 3251 3544 3210 3245 3025 3015 2870 3444 3181 3492 3418 3273 3420 3131 3402 3242 2866 3130 3143 3308 3399 3422 3059 3447 3389 3629 3311 3138 3174 3301 3446 3506 3273 3309 3188 3107 2918 3373 3203 3066 3179 3416 3682 3344 3116 2940 3105 3044 3336 3425 3045 3080 3433 2965 3498 3431 3332 3027 3031 3191 2961 3196 3012 3174 3164 3120 3015 3651 3031 3180 3603 3637 3120 3104 3588 3332 3063 2904 3261 2871 
3283 3597 3535 3284 3100 3493 3296 3262 3215 3331 3131 3328 3649 3121 3247 3316 3309 3316 3169 3255 3143 3575 3322 3457 3313 3629 3302 3014 3117 3090 3114 3066 2958 3321 3591 3329 3292 3627 3001 2878 2944 3256 3179 3348 3205 3227 3546 3637 2949 3502 3391 3119 3615 3468 3056 3194 3205 3442 2956 3180 3240 3420 3239 2716 3471 2960 3103 3131 3312 3274 3585 3273 3529 3433 3518 3142 3152 3580 3159 3207 3242 3104 3135 3333 2991 2847 3200 3403 3774 3177 3134 3307 2994 3166 3390 3092 3495 3283 3417 3610 3452 3377 3337 2912 3060 3310 3121 3331 3151 3452 2932 3685 3595 3014 2971 3222 3485 3192 3657 2859 3524 3456 3288 3636 3526 3132 3245 2912 3304 3204 3437 3351 3109 2954 3394 3072 3508 2988 3459 2925 3298 3375 3140 3217 3358 3261 3191 3228 3345 3502 2999 3005 3593 3145 3465 3033 3256 2908 3115 3443 3568 3278 3086 3464 2808 3299 2953 3302 2909 3244 3173 3372 3458 3401 3240 3118 3021 3634 3159 3583 3177 3312 3351 3253 3441 3464 3039 3098 3151 3398 3209 3313 3373 3335 3373 3665 3419 3252 3157 3308 3296 3284 3346 3347 3223 3061 3324 2980 3289 2994 3280 3305 3486 3432 2828 3052 3266 3246 3397 3308 3125 3268 3439 3091 3444 3425 3415 3243 3094 3349 3215 3311 3499 2885 3102 3285 3036 3460 3064 3094 3306 3466 3210 3227 3601 3310 3060 2936 3404 2861 
2756 2826 2883 2551 2661 2947 2666 2629 2634 2810 2702 2736 3277 2704 2729 2786 2734 2893 2598 2965 2789 3178 2670 2902 2847 3010 2864 2766 2547 2709 2566 2502 2830 2907 2863 2891 2868 2769 2628 2352 2525 2788 2511 2982 2820 2886 2725 3009 2687 3026 2864 2644 3005 3103 2713 2764 2705 2806 2700 2519 2668 2744 2944 2447 3106 2426 2762 2813 2747 2754 2894 2857 2779 2630 3064 2835 2972 2997 2698 2507 2635 2718 2660 2793 2429 2548 2621 2862 3019 2609 2743 2784 2427 2597 2842 2458 2971 2773 2952 3128 2717 2837 2846 2459 2598 2923 2655 2870 2746 2635 2575 2940 3225 2697 2451 2650 3119 2722 3089 2334 2970 2719 2843 2962 3115 2597 2664 2495 2564 2730 2941 2744 2625 2438 2876 2729 2979 2647 2942 2535 2774 3042 2697 2753 2910 2743 2634 2760 2776 3017 2652 2513 3046 2688 3040 2639 2857 2599 2770 2719 2788 2890 2549 3047 2440 2761 2398 2837 2519 2598 2673 2729 3024 2970 2686 2614 2833 2893 2837 3238 2882 2861 2909 2801 2774 2694 2543 2586 2603 3007 2860 2919 2773 2885 2825 3112 2702 2704 2797 2696 2812 3070 2877 2945 2934 2687 2624 2719 2829 2684 2793 2809 2930 3023 2639 2645 2723 2684 2888 2811 2829 2650 3066 2785 2694 2857 2779 2794 2481 2878 2678 2971 2747 2497 2710 2925 2675 3057 2778 2551 2829 2923 2802 2779 3170 2725 2618 2565 2687 2540 
2661 3066 3055 2719 2487 3021 2629 2730 2694 2950 2629 2576 2972 2591 2835 2714 3003 2842 2596 2834 2573 3125 2678 2736 2739 2942 2847 2757 2587 2707 2728 2616 2397 2872 3237 2695 3026 2895 2569 2458 2642 2741 2665 2842 2914 2614 2972 3098 2604 2815 2914 2715 3170 2996 2726 2556 2750 2764 2606 2831 2976 2976 2913 2364 2820 2362 2599 2668 2729 2697 3051 2828 2842 2731 3030 2836 2834 2836 2734 2483 2758 2756 2698 2748 2457 2385 2835 2934 2957 2743 2700 2466 2450 2983 2826 2427 2875 2890 2595 3096 2814 2893 2910 2385 2706 2711 2811 3029 2845 2823 2580 2969 3104 2418 2597 2704 3060 2597 3053 2398 3058 2719 2628 3188 3093 2506 2700 2411 2614 2676 2949 3002 2600 2350 2797 2725 2961 2594 2788 2498 2887 2810 2799 2663 2785 2868 2721 2888 2758 2877 2690 2658 3097 2891 2868 2800 3001 2515 2647 2769 3063 2814 2624 3011 2483 2890 2641 2856 2638 2789 2764 2813 2751 2801 2694 2666 2912 2906 2716 2939 2788 2818 2718 2768 2906 2883 2519 2550 2660 2841 2689 3055 2866 2828 2987 3120 2888 2589 2735 2851 2809 3026 2858 2568 2821 2698 2702 2644 2799 2393 2602 2868 2976 2903 2626 2430 2855 2693 2676 2708 2626 2632 2977 2730 2616 2877 2908 2679 2568 2699 2673 2728 2840 2672 2842 2895 2696 3078 2633 2691 2712 2943 2773 2598 2870 2783 2556 2519 2827 2943 
3072 3449 3165 3049 2859 3472 3230 3087 3073 3307 3144 3265 3602 2996 2965 3165 3339 3420 2819 3007 3009 3479 3017 3224 2913 3451 3251 3100 2789 3087 3030 3028 3175 3206 3474 3028 3367 2973 2954 2876 3053 3099 2972 3247 3212 3304 3261 3319 2989 3292 3432 3226 3410 3499 3205 3047 3099 3170 3145 3073 3243 3189 3208 2797 3178 3078 2974 3140 3289 2987 3512 3059 3156 3210 3484 3274 3397 3458 3296 3114 2982 2917 3032 3192 2911 2832 3142 2909 3386 3058 3136 3261 2961 3192 3366 2714 3271 3187 3142 3230 3034 3251 3221 2915 2914 3085 3173 3395 3145 3231 2951 3193 3691 3014 2755 3043 3363 3155 3621 2920 3384 2958 3134 3772 3531 3082 3179 2660 3136 2918 3309 3248 3063 2995 3030 3147 3641 2944 3444 3046 3328 3176 2978 3088 3167 3270 3042 3125 3288 3743 2913 2974 3538 2894 3595 2858 3327 2804 3102 3154 3424 3483 3009 3308 2849 3244 2985 3402 2908 3251 3175 3301 3315 3359 3055 2916 2938 3370 3230 3421 3356 3425 3098 3031 3145 3194 2961 2909 3026 3067 3099 3354 3004 3104 2946 3612 3196 2891 3057 3062 3110 3375 3156 3109 2787 3139 2892 3069 3186 2851 2933 3216 3292 3213 2819 2800 3164 3039 3241 3261 2950 3085 3180 3043 3278 3392 3159 2819 3031 3001 3026 3194 3245 2955 3182 3173 3161 3323 3108 3169 3365 3443 3181 3097 3548 3158 2902 2897 3330 2936 
3552 3683 3705 3311 3212 3509 3619 3467 3525 3506 3365 3454 4121 3227 3435 3542 3611 3732 3147 3628 3487 3949 3450 3494 3426 3762 3564 3251 3473 3613 3313 3388 3405 3628 3743 3587 3604 3486 3197 3193 3141 3526 3191 3606 3563 3295 3708 3808 3387 3613 3821 3519 3790 3733 3462 3292 3266 3565 3442 3514 3633 3500 3539 2968 3708 3256 3188 3493 3718 3516 3830 3676 3632 3748 3903 3441 3601 4018 3721 3431 3484 3206 3533 3552 3077 2921 3443 3542 3721 3318 3455 3557 3198 3497 3600 3281 3829 3616 3557 3787 3560 3776 3598 3144 3430 3673 3480 3478 3367 3558 3321 3942 3992 3419 3190 3515 3862 3455 3782 3149 3729 3268 3657 4084 3834 3332 3295 3081 3525 3440 3773 3405 3492 3216 3335 3504 3953 3331 3888 3254 3551 3965 3441 3547 3465 3464 3463 3663 3743 4011 3418 3419 4009 3523 3876 3525 3349 3248 3238 3741 3588 3712 3396 3926 3126 3458 3122 3483 3207 3362 3377 3820 3425 3714 3393 3335 3322 3798 3534 3965 3667 3660 3540 3491 3591 3360 3161 3318 3424 3655 3563 3815 3434 3479 3612 4073 3654 3385 3654 3450 3623 3684 3731 3587 3531 3196 3334 3548 3699 3149 3441 3625 3835 3811 3161 3235 3387 3412 3663 3611 3312 3413 3621 3388 3585 3698 3654 3414 3401 3473 3428 3602 3637 3199 3613 3568 3099 3853 3277 3209 3662 3810 3589 3221 3838 3373 3528 3155 3582 3304 
3263 3456 3307 3036 2850 3385 3197 3172 3231 3272 3178 3056 3472 3094 3093 2959 3368 3397 2904 3270 2984 3376 3331 3269 3177 3421 3076 3164 2875 3160 3118 2825 2843 3281 3546 3099 3135 3251 3010 2886 2860 3110 3129 3171 3184 3044 3335 3496 3018 3334 3389 3128 3438 3405 3089 2882 2877 3202 3023 3054 3377 3236 3158 2529 3318 2933 3073 3194 3117 3150 3428 3307 3084 3338 3450 3184 3176 3317 3236 2939 3039 3008 3148 3158 2905 2769 3050 3388 3567 2917 2978 3202 2975 2983 3340 2783 3380 3070 3068 3483 3202 3242 3086 2788 3075 3183 3124 3242 2947 3197 2836 3370 3671 2851 2939 3137 3488 3173 3481 2880 3536 3151 3086 3705 3433 3053 2965 2840 3122 2983 3251 3173 2894 2979 3183 2967 3374 2935 3255 2772 3265 3332 3096 3164 2952 3255 3058 3273 3156 3379 3069 2932 3483 2850 3579 2984 3258 2978 3049 3187 3166 3336 3159 3495 2803 3267 2870 3049 2957 3143 2977 3240 3407 3234 3042 3095 3149 3451 3153 3400 3224 3165 3187 3255 3238 3199 2600 2965 3103 3242 3158 3342 3254 3289 3121 3672 3316 3237 3101 3223 3206 3388 3276 3164 3104 2990 2996 3158 3194 2956 3274 3551 3278 3247 2959 2860 3210 3103 3213 3175 2977 3107 3336 3129 3166 3414 3272 3056 2809 3054 3169 3305 3274 2854 3130 3282 3031 3254 3018 2963 3098 3224 3249 2967 3352 3176 2978 2971 3332 2924 
3149 3473 3324 3079 3065 3390 3201 3357 3261 3198 3035 3317 3611 2957 3042 3251 3366 3408 3016 3174 3080 3412 3115 3247 3231 3579 3092 2918 2988 3174 3003 3062 2899 3315 3459 3259 3177 3219 2946 2820 2677 3309 2731 3277 3113 3188 3220 3738 2882 3190 3399 3178 3484 3394 3121 2893 3238 3263 2920 3026 3200 3097 3187 2504 3235 2989 2925 3232 3222 3242 3366 3231 2986 3250 3389 3221 3332 3356 3126 2803 3223 3019 3004 3231 2815 2952 3090 3245 3849 3150 2949 3271 2687 3080 3217 2744 3365 3119 3446 3428 3353 3177 3055 2721 3037 3342 3173 3187 3054 3210 2931 3577 3498 2714 2953 2829 3587 2980 3487 2735 3591 3242 3227 3703 3295 2978 3145 2897 3208 3236 3147 3046 2908 2908 3318 3247 3446 3352 3220 2966 3330 3340 3085 3132 3179 3191 3130 3088 3268 3430 3012 3031 3458 3111 3241 3190 3217 2970 3131 3243 3213 3372 3037 3161 2912 3295 2871 3184 3066 3145 3363 3333 3323 3270 2936 3010 2912 3474 3265 3537 3083 3044 3241 3052 3374 3182 2808 3080 3090 3090 3309 3220 3216 3158 3183 3532 2999 3093 3319 3231 3056 3314 3202 3171 3120 3057 3172 3000 3214 2843 3285 3213 3522 3261 2789 2840 3128 3132 3224 3433 3142 2854 3474 3159 3433 3234 3179 3013 3064 3347 3098 3357 3283 2947 3104 3222 2925 3408 3081 2943 3165 3355 3026 2808 3508 3145 3069 2840 3196 2923 
3075 3163 3494 2923 3009 3262 3265 3022 2781 3186 3093 3251 3438 2846 2893 2969 3155 3160 2743 3215 3039 3597 3060 3100 2957 3228 3068 2925 2863 3147 2847 2940 2955 3447 3410 3203 3215 3109 3037 2747 2900 3127 2928 3197 3115 3204 3132 3458 3006 3300 3238 3156 3535 3521 2839 3022 3118 3154 2903 3093 2959 3079 3218 2605 3201 2754 2959 2945 3059 3127 3242 3116 3234 3271 3308 3082 3510 3513 3149 2780 3280 3064 3058 2916 2814 2863 2970 3206 3331 3126 3142 2961 2788 3206 3077 3067 3259 3193 3228 3402 3121 3247 3121 2853 2959 3261 3267 3198 2988 3269 3001 3490 3608 2979 2848 3077 3423 2963 3335 2923 3361 3126 3210 3481 3261 2834 3000 2891 3149 3080 3348 2967 2925 2785 2979 3122 3447 2889 3260 3007 3133 3315 3027 3254 3211 3132 3032 3017 3241 3337 2834 2880 3459 3113 3316 3117 3265 2703 3042 2946 3283 3179 2972 3298 2866 3208 2768 2957 2777 2965 3208 3256 3272 3350 3025 3001 2866 3322 3104 3439 3208 3044 3314 2932 3289 3005 3274 3016 3034 3239 2999 3251 2967 3056 3192 3343 3065 3143 3029 3189 3059 3305 3258 3402 3050 2994 3258 3062 3199 2821 2972 3139 3236 3283 2873 2883 3180 2979 3142 3383 3177 2897 3410 3013 3286 3303 3206 2878 2979 3153 3046 3313 3091 2723 3025 3102 3018 3213 3156 2914 3197 3170 3144 3096 3443 3016 2733 2944 3316 3041 
2897 3072 3028 2661 2799 3087 2887 2770 2817 2876 2913 3123 3235 2714 2889 2741 3061 3023 2750 3003 2738 3178 2771 2972 2837 3224 2843 2893 2752 2992 2662 2548 2713 3014 3336 2751 2972 2864 2608 2553 2475 2950 2659 2845 2950 2764 2947 3272 2713 3050 3225 3004 3050 3143 2825 2721 2727 2956 2726 2779 3082 2656 2827 2471 3028 2800 2500 2774 2782 2838 3166 2779 2807 3043 3147 2936 3042 3238 3050 2891 2764 2850 2762 2902 2447 2487 2894 2821 3057 2665 2982 2931 2528 2898 2998 2622 2915 2770 2771 3111 2823 2722 2806 2657 2780 2795 2776 2775 2907 3027 2527 3231 3110 2639 2692 2642 3041 2834 3030 2510 3141 2837 2854 3254 3099 2794 2847 2536 2945 2816 3182 2981 2735 2718 2914 2597 3106 2701 3273 2765 3069 3067 3039 2904 2860 2906 2844 2916 3147 3132 2932 2579 3243 2852 3240 2744 3007 2559 2708 2932 2978 3225 2846 3075 2633 2797 2505 2897 2653 2931 2816 2963 2995 3061 2941 2637 2923 3017 3057 3167 2995 2958 2932 2828 2694 2829 2533 2770 2706 2974 2664 2978 2959 2831 2912 3155 3014 2765 2956 2781 2920 3022 3001 2906 3025 2775 2515 2734 2955 2748 2946 3028 3147 3006 2617 2650 2825 2865 2978 3132 2645 2699 2892 2842 2966 2982 2876 2664 2879 2892 2974 3076 2917 2551 3054 3001 2779 2956 2880 2864 3085 3086 2855 2834 2877 2878 2742 2726 3185 2632 
2807 2968 2978 2525 2631 3092 2878 2752 2786 2995 2766 2670 3171 2694 2847 2848 2991 3047 2581 2863 2761 3215 2793 2838 2898 3160 2769 2820 2749 2974 2871 2747 2656 3132 3137 2872 2831 2582 2873 2615 2516 2887 2438 3049 2786 2863 3018 3033 2698 2795 3049 2787 2972 3045 2728 2876 2611 3009 2757 2811 2998 2714 2886 2452 3014 2764 2701 2854 2985 2731 3018 2884 2877 2893 2978 2786 3102 3057 2877 2575 2792 2778 2875 2921 2637 2363 3050 2988 3143 2616 2887 2856 2589 2857 2834 2539 2882 2707 3023 3081 2619 2747 2804 2479 2760 3035 3018 2902 2836 2900 2777 2986 3073 2721 2620 2699 3033 2697 2986 2415 3208 2812 2883 3080 2986 2643 2699 2624 2788 2984 2964 2869 2751 2484 2899 2645 3105 2644 3118 2595 2747 2945 2776 2643 2775 2944 2624 2822 2913 3048 2892 2742 3130 2798 2954 2722 2756 2550 2824 2827 2816 3168 2690 3102 2549 2758 2652 2773 2548 2790 2808 3007 3040 3015 2687 2603 2861 3083 2796 3124 2902 2758 2916 2706 2954 2773 2647 2641 2763 2905 2997 2928 2910 2913 2951 3165 2923 2734 2918 2929 2754 2925 2840 2962 2664 2698 2656 3142 2792 2687 2704 2926 3066 2898 2820 2522 2893 2729 2902 2987 2797 2766 3047 2778 2852 2871 2798 2692 2486 2734 2765 2972 2792 2509 2812 2945 2716 2945 2720 2752 2772 2985 2865 2851 3147 2873 2853 2716 3041 2744 
2769 3156 3185 2606 2515 3232 3116 2943 2880 2935 2913 3019 3456 2787 2820 2853 3195 3053 2860 3063 2735 3101 2980 2988 2959 3126 3044 2971 2669 3029 2745 2756 2629 2944 3220 2895 2848 2866 2771 2629 2634 3174 2541 3074 3092 2657 3127 3273 2757 2985 3040 2926 3253 3105 2720 2606 2807 3071 2664 2723 3093 2942 2904 2620 3174 2583 2770 2886 2911 2941 3022 3077 2962 3210 3034 2859 3143 3024 2983 2888 3024 3006 2792 2859 2608 2496 2919 3088 3180 2947 2653 2589 2611 2938 2826 2822 3143 2993 2799 3344 2961 2991 2960 2737 2898 2870 2912 3069 3027 2882 2765 3279 3195 2797 2548 2766 2915 2748 3034 2567 3281 2929 2997 3278 3229 2568 3028 2467 2997 2872 3251 3012 2799 2503 2974 2658 3198 2681 3097 2850 3085 3108 2848 2803 2981 2967 2854 3008 3012 2976 3024 2587 3337 2900 3096 2900 2955 2713 2739 2853 2773 3222 2708 3044 2557 3141 2508 2830 2644 3170 3034 3012 3158 3046 2774 2680 2818 3008 2986 3083 3115 3020 3260 2861 3090 3152 2646 2730 2815 2975 2948 3226 3031 2962 2988 3182 3101 2903 2866 2829 2912 2908 2834 3032 3121 2664 2758 2941 2865 2796 2733 2974 2844 3033 2715 2739 2870 2789 3109 3104 2958 2735 3040 2790 3032 3211 3046 2787 2892 3030 3059 2876 2785 2738 2947 2903 2880 3070 2829 2885 3082 3038 2975 2813 3366 2829 2819 2813 3025 2792 
3214 3301 3279 3095 3005 3307 3290 3172 3176 3271 3203 3336 3684 3019 3027 3330 3322 3268 2716 3301 2930 3689 3339 2993 3112 3459 3072 3160 3058 3295 3029 3036 3163 3245 3496 3235 3133 3282 2895 2841 2821 3415 2979 3371 3328 3289 3267 3519 2966 3376 3461 3165 3376 3754 3155 3134 3386 3221 3105 3101 3233 3068 3255 2622 3460 3114 3084 3234 3133 3224 3437 3452 3245 3418 3309 3182 3116 3507 3215 3192 3350 3233 2986 3341 3006 2942 3142 3265 3423 3141 3002 3176 2877 3132 3291 2806 3407 3122 3115 3474 3200 3305 3175 3007 3068 3457 3057 3416 3181 3323 3083 3697 3650 2958 2933 3155 3470 3042 3425 2638 3433 3254 3120 3757 3322 2798 3150 2717 3047 3248 3179 3099 2913 3041 3325 3106 3509 3115 3441 3086 3210 3360 3176 3256 3277 3107 3121 3082 3326 3557 3120 2921 3224 3144 3401 2845 3295 3068 3239 3206 3221 3348 2959 3407 2962 3212 2926 3243 2961 3198 3215 3524 3398 3381 2926 3070 2943 3426 3325 3614 3217 3322 3347 3230 3530 3223 3005 3060 3220 3314 3357 3386 3289 3418 3213 3669 3218 3258 3129 3272 3170 3212 3310 3129 3191 2967 3250 3135 3333 3209 3148 3358 3441 3326 3038 2833 3244 3100 3280 3409 3052 3148 3413 3035 3357 3249 3219 3071 3140 3210 3088 3314 3293 3083 3307 3396 3040 3223 3062 3092 3363 3437 3326 3117 3455 3126 3158 2949 3384 2940 
2982 3293 3379 2794 2837 3312 3129 2802 2929 3220 3029 3192 3599 3059 3220 2985 3210 3327 2850 3227 2970 3362 3299 3271 3196 3339 3178 3004 2940 2890 3052 2950 2975 3138 3280 3026 3227 3123 2942 3009 2856 3187 2925 3182 3223 3121 3217 3340 2772 3199 3341 3128 3522 3284 2970 2903 3098 3193 2776 2943 3257 3157 3254 2560 3289 2814 2818 3107 3219 3054 3410 3219 3106 3357 3243 3154 3055 3378 3172 2911 3128 3057 3032 3259 2821 2677 3000 3241 3390 2990 3005 3090 2830 3101 3282 2693 3214 3241 3286 3370 3169 3167 3081 2752 2938 3151 3096 3097 3057 3238 2909 3481 3603 2800 2779 3084 3416 2987 3415 2856 3351 3102 3217 3590 3364 2764 3006 2798 3030 3102 3300 2980 2928 2875 3095 3186 3412 2759 3229 2894 3239 3237 3172 3056 3174 3062 2966 3262 3152 3301 3072 2895 3417 3040 3410 2862 2992 2815 2913 3180 3177 3204 2852 3326 2725 3131 2749 2944 3039 2935 2969 3331 3110 3377 3018 3089 2809 3285 3145 3470 3221 3043 3335 2966 3070 3317 2806 3114 2985 3229 3188 3097 3190 3245 3259 3369 3267 3174 3083 2943 3082 3273 3157 3072 3184 2833 2902 3112 3257 2943 3344 3254 3251 3174 2828 2685 3104 3018 3098 3252 3109 3040 3301 2895 3167 3241 3099 2905 2798 3069 3093 3175 3111 2873 3024 2994 2916 3142 2758 3008 3298 3361 3036 3036 3439 3119 2920 2755 3145 2895 
2983 3225 3159 3004 2775 3197 3162 3173 3123 3040 2924 3108 3600 2874 2950 3057 3190 3220 2544 2975 3129 3382 3110 3132 2963 3233 3150 2786 2795 3024 2960 3032 3006 3216 3437 3199 2960 2829 2777 2752 2798 3116 2830 3139 3183 3078 3006 3454 2730 3147 3153 3039 3457 3311 3091 2856 3066 3069 2883 3001 2951 3084 3112 2635 3128 2780 2745 2830 3141 3058 3419 3038 3031 3311 3302 2947 3177 3255 2843 2970 3110 3029 2876 2965 2911 2639 2977 3149 3309 2861 3093 2972 2744 3054 3133 2766 3290 3159 3196 3459 3155 3089 2906 2702 2931 3183 3240 3151 2954 2931 2614 3481 3468 3037 2789 2926 3405 2787 3286 2703 3353 2992 3114 3547 3404 2924 2908 2649 2710 3115 2996 2884 2963 2682 2945 3232 3290 2864 3006 2831 3059 3260 3097 2979 3052 3034 2926 2948 3143 3238 3013 2839 3154 3070 3227 2917 3017 2698 3064 3047 3051 3256 2824 3182 2774 3247 2773 2990 2741 2938 2919 3359 3031 3278 2935 2958 3044 3360 3160 3325 3210 3092 3013 2935 3128 3071 2709 2919 2765 2989 3076 3083 3025 3253 3079 3305 3118 2848 3200 3079 3212 3348 3065 3064 3153 2942 2839 3007 3108 2806 3015 3290 3211 3123 3001 2679 2969 2877 3070 3338 2975 2827 3129 2986 3202 3169 3081 3048 2943 3116 2845 3170 3056 2626 2996 3055 2950 3469 2947 2906 3059 3216 2885 2819 3307 3144 2892 2816 3067 2954 
2552 2815 2798 2631 2706 2878 3018 2598 2606 2916 2633 2868 3256 2541 2616 2569 2766 2837 2428 2791 2598 3060 2730 2820 2672 2947 2932 2567 2541 2882 2712 2471 2485 2974 2882 2689 2632 2539 2560 2573 2375 2662 2506 2943 2673 2674 2826 2919 2701 2760 2828 2614 3000 2940 2754 2681 2711 2717 2512 2556 2959 2661 2853 2232 2907 2560 2524 2655 2720 2777 2859 2741 2811 2920 2888 2683 3083 2852 2724 2587 2698 2755 2498 2663 2344 2270 2559 2707 2980 2702 2632 2666 2430 2733 2564 2290 2918 2508 2808 2862 2744 2784 2611 2402 2580 2631 2630 2837 2695 2656 2575 2963 3104 2577 2529 2553 2993 2691 3014 2271 2893 2637 2613 2978 2947 2573 2520 2402 2668 2726 2745 2504 2583 2513 2683 2707 2889 2549 2726 2607 2852 2803 2661 2790 2812 2693 2642 2790 2850 3049 2845 2628 3120 2744 2948 2563 2558 2399 2628 2723 2608 2925 2575 2875 2620 2839 2432 2795 2423 2817 2514 2925 2731 3005 2663 2475 2688 2804 2907 3086 2824 2802 2684 2502 2751 2573 2531 2539 2562 2791 2842 2828 2778 2914 2669 3080 2511 2667 2755 2769 2758 2842 2792 2745 2939 2559 2421 2752 2747 2586 2715 2700 2678 2672 2540 2195 2664 2549 2600 2962 2504 2542 2855 2662 2704 2821 2652 2519 2474 2790 2597 2962 2790 2562 2586 2655 2700 2804 2643 2704 2905 2851 2663 2484 2848 2628 2580 2499 2901 2540 
2962 3254 3129 2967 2737 3271 3284 3046 3051 3225 3076 3313 3642 2994 2973 2959 3204 3375 2859 3080 3010 3493 3128 3379 2777 3344 3137 3004 2949 3172 3046 2943 2963 3113 3143 3054 3109 3037 2910 2952 2983 3051 3049 3240 3242 3224 3126 3491 2803 3172 3185 3188 3525 3398 3133 2952 3082 3035 2858 3030 3051 3044 2962 2607 3262 2780 2778 3121 3118 3092 3415 3224 3278 3048 3294 3192 3338 3090 3294 2852 2896 3048 2945 3255 2749 2959 2880 3112 3247 2970 2799 2946 2888 3171 3270 2625 3272 3031 3189 3125 3261 3278 3278 2683 2824 3097 3126 3224 3224 3057 2973 3491 3415 2945 2651 2976 3535 3154 3335 2610 3347 3007 3391 3567 3310 2881 2839 2751 3179 2980 3170 3089 2840 2870 2924 3197 3550 2980 3254 2873 3354 3388 3020 3131 3044 3118 2962 3286 3223 3243 3111 2916 3449 3097 3299 2935 3072 2847 3133 3196 3190 3285 2878 3371 2973 3144 2722 3164 2777 3096 3129 3460 3048 3467 2925 3288 3041 3093 3158 3260 3319 3242 3284 2999 3092 3159 2708 3073 2977 3305 3239 3239 2895 3006 3145 3430 3060 2864 3127 2921 3169 3334 3148 3140 2996 2825 3013 3144 3155 2944 3122 3323 3280 3344 2812 2806 3101 3008 2978 3203 3272 3020 3260 2882 3157 3339 3039 3062 3123 3163 3077 3189 3036 2875 3255 3059 2860 3246 3167 2945 3091 3450 2980 3002 3383 3048 2994 3067 3091 3010 
3106 3165 3393 2996 2761 3323 3186 2960 2986 3288 2978 3102 3582 3014 2816 3021 3305 3290 2804 2960 2964 3532 3087 3196 3156 3224 3104 2865 2847 3103 3018 3049 3010 3238 3249 3276 3063 2899 2829 2800 2855 3205 2804 3357 3064 3172 3155 3364 2734 3332 3042 2995 3307 3406 2873 3043 3003 2941 2970 2933 3044 2981 3211 2723 3277 2869 2972 3180 3122 2921 3314 3044 3258 3101 3365 3060 3316 3410 3097 2855 2984 2983 2825 3016 3029 2699 3000 3059 3336 2959 3041 3107 2806 2954 2955 2535 3325 2962 3304 3239 2981 3238 3158 2759 2701 2867 3163 3278 3182 3099 3058 3392 3439 2950 2613 2988 3419 3036 3433 2722 3283 2916 3040 3504 3379 2937 2983 2653 2959 2894 3188 3133 2886 2754 3042 2904 3370 2756 3269 2905 3197 3195 3008 3028 3103 3155 2822 3164 3204 3375 2923 2772 3387 2915 3309 2837 3117 2706 3046 3141 3077 3306 3124 3216 2833 3103 2536 2999 2873 3064 3112 3352 3382 3338 2936 2858 2842 3236 3199 3160 3166 3158 3112 2953 2999 3075 2918 2857 2882 3073 3164 3218 3033 3269 3066 3492 3127 3024 3122 3113 3129 3176 3252 3067 2876 2910 2978 2951 3251 2997 2973 3234 2992 3119 2959 2747 3057 3049 3077 3106 2938 2957 3171 2808 3198 3324 2850 2977 2875 3096 3062 3168 3167 2810 2938 3068 2928 3266 2999 2955 3168 3351 3045 2957 3618 3045 2721 2750 3142 2782 
3050 3081 3308 2949 2864 3254 3078 3111 3201 3339 3040 3285 3573 2948 3065 3068 3059 3288 2749 3069 2916 3439 3118 3155 2985 3469 3160 3039 2849 3072 2817 3055 3008 3087 3327 3072 3116 2871 2798 2843 2815 3116 2867 3189 3192 3219 3159 3498 2637 3186 3324 3213 3207 3433 3117 2963 3166 3026 2789 2996 3105 3082 3179 2643 3071 2904 2916 3030 3131 3085 3486 3395 3264 3217 3432 3154 3197 3327 3028 2901 3149 3066 2975 3055 2818 2822 3091 3285 3328 2928 3229 3194 2756 3101 3319 2695 3311 2744 3222 3235 3002 3345 3180 2787 2861 3119 2954 3208 3004 2940 2951 3535 3641 2778 2858 2963 3415 2984 3489 2740 3432 2996 3059 3676 3252 2918 2777 2594 2897 3211 3089 2953 2833 2791 3154 3065 3298 3059 3211 2828 3055 3268 3127 3031 3252 3005 2788 3213 3068 3245 3071 2780 3456 2929 3324 2999 3045 2861 2954 3062 3177 3275 2997 3241 2727 3174 2705 3088 2774 3090 3054 3203 3113 3152 2909 3026 3071 3445 3325 3521 3267 3062 3186 2953 3134 2951 2784 2882 3063 3190 3092 3179 3008 3286 3153 3378 3015 2867 3129 3234 3091 3386 3212 3030 3002 2830 2892 2862 3113 2940 3051 3152 3391 3253 2777 2743 3073 2971 3173 3227 2864 2911 3237 3009 3326 3258 3051 2942 2968 3009 3017 3165 3116 2906 3131 3339 2892 3197 2936 3210 3293 3350 3144 2823 3437 3279 2852 2699 3237 2910 
3093 3370 3306 3186 2918 3285 3036 3197 3037 3278 3027 3289 3520 3004 3101 3142 3272 3372 2953 3110 2999 3242 3124 3245 3042 3578 3221 2882 2907 3084 3167 3027 2946 3229 3417 3069 3105 3111 3001 3012 2813 3187 2864 3237 3170 3181 3193 3482 2698 3368 3335 3149 3545 3582 3193 3003 2989 3341 2902 3129 3229 3006 3132 2761 3276 3026 2952 3113 3170 2987 3483 3435 2979 3339 3451 3230 3407 3295 3223 2963 3156 3292 3079 3151 2705 2762 3096 3275 3358 2754 2765 3193 2849 3011 3375 2877 3313 3078 3198 3462 3223 3327 3238 2813 3124 3304 3173 3157 2928 3349 2897 3574 3470 2842 2829 3082 3400 3026 3592 2906 3593 3255 3298 3533 3279 2995 3157 2826 3169 3206 3200 3127 3003 2908 3181 3077 3634 3042 3269 2963 3325 3497 3153 3106 3163 3249 3053 3217 3091 3206 2969 2881 3601 3119 3373 2900 3145 2815 2846 3290 3084 3262 2915 3336 2833 3269 2838 3132 3047 3278 2949 3122 3130 3214 2965 3105 3007 3381 3343 3574 3342 3076 3421 3116 3115 2993 2777 3035 3025 3131 3222 3098 3241 3138 3263 3339 3451 2943 3107 2919 3051 3455 3067 2972 3050 2786 3119 3053 3066 2803 3177 3221 3435 3201 2930 2829 3199 3099 3388 3240 3113 3124 3177 3021 3265 3312 3130 2968 3010 3029 3101 3313 3193 2934 3245 3187 3113 3168 2844 3136 3243 3291 3071 2927 3457 3042 3079 2970 3243 3042 
3175 3318 3584 3345 3132 3550 3485 3350 3518 3479 3444 3182 3936 3202 3294 3328 3348 3534 2952 3324 3139 3502 3349 3375 3304 3581 3370 3218 2972 3421 3088 3127 3210 3234 3616 3494 3229 3357 3018 2914 2956 3363 3144 3315 3383 3355 3660 3658 3012 3506 3651 3292 3695 3545 3368 3195 3280 3387 3078 3235 3331 3357 3399 2890 3576 2975 3189 3285 3514 3368 3503 3537 3374 3463 3484 3340 3482 3597 3319 3288 3395 3188 3240 3302 3193 2971 3286 3391 3579 3133 3252 3240 3070 3277 3526 2933 3462 3218 3594 3685 3191 3434 3467 2917 3197 3421 3158 3671 3164 3406 3102 3709 3662 3057 3058 3311 3442 3377 3657 2921 3631 3329 3418 3975 3647 2997 3085 2960 3314 3167 3569 3294 3092 3077 3350 3158 3752 3195 3569 3208 3351 3560 3313 3277 3536 3437 3100 3534 3494 3453 3315 3021 3642 3358 3891 3189 3295 3004 3141 3412 3296 3579 3041 3487 2889 3284 3156 3438 3164 3408 3238 3563 3323 3373 3002 3165 3213 3549 3408 3880 3513 3263 3393 3243 3541 3505 2817 3213 3247 3601 3430 3635 3193 3507 3335 3589 3352 3141 3226 3284 3382 3542 3189 3460 3282 3060 3252 3259 3439 3207 3423 3505 3507 3560 3131 2770 3356 3163 3447 3691 3167 3109 3311 3173 3390 3533 3480 3246 3101 3319 3043 3440 3319 3226 3416 3311 3274 3540 3115 3342 3600 3421 3261 3162 3725 3206 3226 3140 3334 3306 
2698 2944 3012 2791 2518 2766 2756 2596 2742 2838 2556 2838 3134 2683 2576 2700 2740 3004 2303 2434 2672 3106 2551 2639 2685 2962 2620 2370 2547 2818 2604 2423 2530 2733 3039 2678 2701 2708 2481 2565 2429 2776 2476 2991 2928 2625 2876 3002 2683 2664 2852 2796 3099 2874 2724 2749 2633 2671 2481 2710 2557 2471 2974 2404 2950 2419 2656 2789 2783 2679 2901 2887 2593 2778 3009 2622 2817 3010 2549 2530 2824 2645 2537 2657 2597 2448 2812 2885 3041 2602 2794 2695 2338 2733 2717 2468 2937 2514 2760 3028 2703 2637 2648 2480 2878 2834 2828 2822 2573 2656 2445 3070 3025 2467 2298 2799 2900 2602 3057 2500 3011 2711 2823 2913 2874 2535 2746 2365 2844 2760 2794 2619 2748 2487 2751 2572 3087 2550 3055 2545 2649 2840 2604 2770 2854 2866 2583 2903 2726 2877 2644 2531 2901 2660 3067 2377 2625 2468 2562 2814 2816 2805 2535 2856 2556 2704 2362 2847 2362 2585 2646 3061 2996 2745 2381 2663 2573 2795 3018 3085 2741 2582 2674 2744 2784 2540 2381 2845 2695 2814 2761 2960 2779 2894 2816 2991 2977 2589 2776 2805 2787 2862 2705 2892 2805 2551 2679 2692 2789 2377 2804 2652 2993 2735 2648 2524 2750 2774 2815 2913 2814 2634 2918 2668 2950 2773 2799 2638 2661 2730 2525 2822 2725 2549 2682 2754 2560 2863 2531 2709 2915 2713 2670 2495 3063 2890 2668 2715 2833 2604 
2999 3348 3372 2965 3154 3388 3127 3111 3150 3224 2902 3213 3485 3053 3078 3144 3390 3455 2824 3042 3051 3419 3132 3008 3091 3529 3203 2783 2929 3155 3070 2916 2890 3144 3479 3228 3089 3182 2775 2942 2731 3006 2925 3181 3084 3062 3322 3658 2875 3267 3290 3243 3398 3366 3139 3073 3032 3129 3106 2966 3235 3162 3061 2589 3231 2812 2867 2951 3152 3235 3297 3204 3040 3225 3376 3014 3095 3487 3054 2987 3140 2940 2938 3194 2948 2690 3123 3120 3563 3153 3134 3199 2810 3170 3123 2958 3405 3243 3290 3365 3284 3209 3216 2828 2818 3188 3118 3156 3046 3223 2804 3522 3448 2837 2891 3099 3528 3032 3422 2820 3358 3376 3236 3661 3357 3103 2946 2902 3096 3122 3199 3115 2902 2716 3093 3047 3374 2899 3261 2903 3158 3166 3154 3247 3243 3241 3201 3229 3255 3617 3089 2810 3310 3032 3556 2853 3187 2743 2968 3092 3373 3392 3136 3078 2633 2990 2998 3182 2966 3038 3078 3382 3491 3209 3063 2863 2853 3260 3157 3423 3128 3062 3199 2953 3091 3178 2870 3019 3033 3058 3047 3236 3089 3205 3102 3481 3295 3049 3048 3049 3119 3285 3036 3244 3031 2928 2980 2978 3243 2802 3183 3244 3422 3244 2725 2709 3050 2828 3129 3364 2885 2860 3244 3166 3220 3445 3167 3039 2924 3232 3001 3242 3154 2939 3041 3198 2879 3439 2797 2892 3267 3317 2845 2852 3485 3339 3014 2855 3324 2862 
2603 2809 3001 2691 2550 3105 2730 2571 2682 2768 2797 2874 3283 2833 2635 2776 2801 3015 2588 2684 2710 3116 2455 2732 2649 2933 2953 2438 2582 2622 2709 2596 2581 2773 3054 2800 2799 2681 2520 2547 2636 2962 2464 2834 2780 3078 2778 3104 2453 2948 2942 2741 3123 2972 2697 2781 2751 2889 2534 2654 2733 2872 2808 2511 3003 2400 2497 2704 2939 2474 2824 2803 2884 2846 3035 2808 3004 3019 2756 2785 2786 2811 2623 2937 2709 2326 2692 2739 3189 2671 2803 2896 2509 2719 2888 2410 2957 2851 3069 2785 2589 2829 2789 2452 2585 2904 2614 2923 2677 2830 2623 3130 3118 2621 2382 2891 3096 2655 3083 2580 2955 2807 2939 3120 2868 2670 2652 2478 2859 2652 2957 2632 2630 2549 2873 2759 2953 2804 3011 2757 2696 2981 2854 2832 2858 2844 2678 2751 2839 3097 2582 2387 3100 2773 2971 2493 2854 2374 2738 2725 2995 3008 2680 2726 2414 2609 2425 2669 2633 2786 2477 2819 2973 2830 2711 2512 2445 2906 2954 3151 2870 2670 2812 2737 2713 2836 2800 2655 2584 2774 2986 2874 2774 2889 2859 2939 3021 2570 2825 2671 2863 2906 2717 2997 2842 2430 2657 2517 2987 2557 2717 2816 3014 2831 2452 2451 2704 2750 2951 2902 2758 2673 2735 2724 3102 2955 2850 2566 2636 2584 2773 2864 2844 2482 2721 2789 2702 2808 2652 2570 2812 2984 2730 2577 3072 2893 2696 2629 2728 2654 
3009 3118 3336 2788 2798 3079 3109 2927 2916 3249 2961 3107 3425 2824 2815 2990 3245 2953 2621 3094 2772 3298 2929 3041 2787 3410 2988 2714 2961 3027 2862 2902 2787 2841 3290 2898 2871 2811 2589 2564 2689 3121 2687 3058 3014 3058 3103 3341 2713 3037 3266 3236 3233 3074 2807 2768 2826 3079 2883 3076 3177 2890 2949 2577 2837 2755 2832 2809 2789 3022 3138 3102 3059 3296 3337 2724 3164 3169 2954 2582 2865 2894 2802 2985 2795 2720 3033 3095 3257 3013 2849 2961 2710 3044 2905 2912 2956 2982 3084 3169 2954 3017 3106 2733 2889 2900 2968 3043 2796 2970 2757 3403 3167 2643 2791 2592 3041 2679 3117 2681 3302 2963 2981 3597 2921 2780 2685 2758 2955 3000 3159 2870 2754 2703 2986 2899 3422 2719 3171 2748 2997 3067 2989 2817 2911 2859 2803 3086 3012 3155 2864 2566 3274 2753 3029 2780 2961 2660 2959 2868 2972 3196 2690 3073 2802 3208 2557 2894 2636 2794 3085 3248 2910 2974 2838 2863 2885 3012 2825 3343 3216 2964 2950 2801 3156 3001 2484 2615 2875 3095 2831 3072 2990 2986 3082 3273 3109 2796 2825 2939 3000 3048 2876 2915 2758 2867 2827 2937 3031 2736 2843 3065 3207 3076 2841 2658 2848 3068 3021 3394 2841 2740 3109 2920 3025 3052 2947 2828 2788 2763 2868 2909 2890 2740 2936 3096 2800 2943 2808 2812 3025 3036 3128 2849 3384 2917 2669 2774 3221 2910 
3107 3161 3186 3142 2956 3155 3121 3125 3044 3163 2993 3112 3580 2986 2861 2999 3140 3226 2656 2971 2828 3369 3041 3215 3001 3489 3150 2739 2772 3096 3126 2865 3097 3126 3342 3176 3173 3002 2760 2736 2868 3140 2927 3057 3154 2953 3227 3412 2878 3243 3277 3162 3398 3235 3127 3033 2897 3018 2803 3040 3074 3006 3062 2667 3178 2794 2970 3046 3353 2942 3158 3272 2988 3093 3451 3134 3227 3427 3050 2848 2873 2871 2815 3075 2916 2599 2989 3052 3436 2717 3084 3134 2675 3117 3059 2775 3334 2934 3193 3324 2979 3113 3109 2773 3081 3119 3126 3177 2921 3213 2827 3408 3404 3084 2575 3148 3307 3018 3266 2828 3241 2921 3015 3530 3255 2945 2957 2775 3080 2995 3077 3055 2874 2905 3159 3074 3573 2928 3289 2789 3170 3376 2881 3045 3048 3291 2925 3101 3240 3361 2998 2836 3571 3038 3375 2958 2974 2683 2989 3210 3263 3209 2898 3138 2634 3126 2716 3236 2733 3196 2923 3158 3170 3181 2816 2913 2908 3254 3347 3411 3311 3064 2941 2942 2939 2904 2714 2982 3054 3181 3058 3173 3110 3053 3041 3230 3221 2758 3096 3053 3067 3387 3135 3102 2919 2798 2952 2993 3059 2798 3009 3091 3199 3383 2822 2652 3101 3194 3202 3089 2930 2833 3208 3068 3177 3213 3032 2910 2790 2893 2861 3034 3032 2857 2956 2922 3075 3252 2867 2937 3186 3144 2997 2717 3340 2864 2948 2812 3037 2975 
2899 3276 3186 2598 2758 3080 3050 3034 2987 3224 2777 2986 3433 2951 2855 3012 3070 3096 2793 3028 2940 3161 2746 2803 2738 3392 3193 2927 2915 3001 2862 2828 2663 2845 3091 2861 2851 3049 2769 2524 2972 3126 2934 3251 3077 2866 3327 3344 2659 3090 3176 3170 3261 3211 2867 2970 2860 3072 2677 2760 3071 2971 3100 2574 3089 2787 2858 3001 3011 2866 3066 3150 3005 3031 3273 2940 3106 3187 3019 3037 2887 2889 2857 3231 2476 2835 3056 3166 3300 2912 2816 2857 2786 2976 3186 2695 3082 2859 2970 3271 2873 3204 3037 2790 2939 3075 2919 3268 2932 2995 2964 3468 3327 2829 2709 2872 3217 2901 3354 2612 3371 2907 3104 3369 3187 2788 2953 2638 3149 2939 3295 2955 2957 2923 2860 2873 3220 2870 3157 2770 3012 3325 2974 3182 3052 2912 2863 3021 3098 3253 2893 2808 3408 2918 3284 3039 3059 2833 2935 2981 3016 2995 2916 3399 2675 2907 2621 3167 2675 3041 2867 3073 3101 2960 2851 2862 2814 2952 2940 3483 3099 3009 3175 2846 3186 3259 2872 2703 2941 3151 3161 3200 2777 2915 3234 3189 3174 2789 2877 2807 3007 3257 3141 3057 3131 2763 2810 2931 3064 2841 2925 2995 3319 3197 2630 2783 2762 2883 2970 3041 2896 2857 3093 3085 2961 3272 2907 3005 2875 2822 2884 2965 2964 2807 2920 2985 2912 3053 2877 2919 2924 3200 2862 2983 3299 2955 2898 2741 3015 3012 
3062 3075 3141 2966 2793 3201 3128 2887 2740 3120 2949 3071 3448 3010 2726 2670 3014 3159 2689 2998 2901 3291 2853 2978 3085 3275 3062 2903 2675 2883 2876 2671 2914 3080 3291 2938 3151 2975 2748 2858 2769 3049 2783 3145 2991 3102 3108 3310 2728 3202 3077 3094 3320 3266 3007 3002 2999 2951 2750 2900 3008 2923 2926 2471 2932 2805 2669 2897 3130 2830 3150 3191 3012 3044 3391 3106 3003 3029 2904 2723 2731 2744 2611 2984 2790 2568 2765 2853 3222 2902 2890 3046 2768 3104 3158 2627 3063 3097 3197 3148 3057 3082 3023 2398 2906 2961 2979 3187 2746 3161 2766 3225 3175 2796 2483 2714 3217 2834 3069 2717 3171 2989 2752 3359 3231 2682 2940 2692 2833 3103 2999 2695 2667 2969 3077 2899 3214 2816 3156 2693 3035 3074 2946 3001 3030 3118 2864 3075 2909 3201 2798 2674 3162 2859 3305 2684 3073 2699 2790 2950 3062 3171 2788 2994 2639 2860 2718 3008 2816 3059 2852 3069 3161 3071 2872 2876 2699 3145 3188 3300 3035 2897 3089 3055 2845 3129 2644 2818 2642 2973 3082 3268 3073 2977 2980 3111 3073 3085 2943 2898 2918 3163 2909 2942 2839 2749 2877 2908 2961 2832 3243 3130 3434 2906 2772 2610 2884 2844 2989 3126 2913 2725 2952 2786 3032 3176 3085 2864 2711 2858 2953 2971 3031 2847 2928 2903 2934 3078 2812 2832 3262 3146 2940 2920 3191 2993 2605 2753 2934 2744 
2755 2757 3045 2669 2604 3037 2816 2824 2776 2798 2595 2569 3163 2717 2670 2536 2941 2859 2511 2801 2648 2863 2615 2530 2656 3116 2644 2638 2462 2818 2713 2659 2627 2834 3050 2728 2692 2617 2504 2558 2424 2636 2516 2801 2923 2764 2743 3115 2308 2690 2798 2828 2975 2831 2757 2536 2790 2717 2373 2682 2902 2701 2507 2433 2791 2415 2618 2501 2866 2585 2766 2857 2693 2751 2885 2801 2908 2774 2663 2512 2770 2587 2488 2846 2515 2532 2617 2781 2982 2794 2504 2577 2437 2743 2705 2422 2888 2716 2856 2931 2777 2854 2977 2337 2585 2845 2856 2843 2645 2742 2523 3110 2844 2495 2380 2560 3079 2780 2854 2346 2990 2642 2652 3120 2933 2349 2546 2269 2791 2664 3014 2776 2519 2585 2703 2446 3076 2809 2749 2537 2900 2975 2802 2622 2756 2704 2621 2898 2739 2862 2721 2456 2872 2730 2771 2752 2658 2567 2433 2688 2751 2788 2589 2756 2393 2758 2255 2805 2608 2792 2702 2763 2717 2797 2590 2687 2551 2804 2665 3094 2694 2689 3043 2572 2733 2659 2384 2511 2574 2893 2897 2990 2891 2875 2903 3076 2959 2543 2599 2643 2893 2914 2708 2634 2568 2444 2777 2494 2623 2570 2801 2737 2986 2840 2799 2547 2700 2829 2729 2744 2710 2599 2747 2651 2757 2792 2708 2525 2611 2614 2674 2841 2897 2783 2655 2653 2553 2936 2671 2644 2777 2829 2695 2544 2963 2702 2698 2632 2784 2628 
2897 2990 3214 2927 2684 3156 2870 2922 3023 2984 2958 2944 3170 2891 2899 2770 2833 2958 2645 2939 2775 3192 2820 2886 2736 3259 3004 2792 2716 2884 2669 2830 2775 2848 3074 2934 2757 2940 2489 2587 2731 2867 2607 3124 2844 2894 2985 2988 2618 3152 3288 2707 3232 3234 2856 2902 2942 2986 2590 2685 2807 2756 2951 2460 3146 2736 2789 2774 2802 3063 3098 2877 2796 3022 3147 3041 2701 3161 2800 2750 2861 2655 2900 2986 2630 2617 2864 3005 3133 2855 2670 2888 2605 2879 3222 2566 3074 3004 3078 3244 2961 2930 2961 2731 2763 3183 2913 2862 2845 2929 2636 3222 3316 2783 2625 2803 3192 2793 3057 2471 3327 2993 2906 3312 3149 2615 2920 2595 2925 3036 3036 2798 2612 2874 2846 2745 3226 2747 3210 2662 2940 2937 2949 3049 2836 3025 2892 2810 2954 2978 2756 2427 3132 2740 3108 2645 2933 2575 2680 2764 3022 2924 2811 2936 2376 2729 2653 3121 2728 3000 2925 3147 2964 3062 2660 2775 2656 3006 2950 3327 2821 2868 2943 3007 2945 3085 2585 2690 3018 3015 2770 2882 2821 2920 2913 3220 2923 2897 2890 2787 2867 2935 2916 3079 2779 2733 2938 2800 3069 2737 2874 2883 3132 2921 2707 2596 3050 2931 2925 3098 2680 2816 3167 2764 2975 2971 2946 2674 2681 2893 2792 2928 2940 2566 2928 2938 2766 3007 2754 2831 3024 3107 2787 2773 3262 2928 2649 2611 2852 2742 
3101 3187 3370 2939 2893 3346 3122 2923 2926 3098 3109 3151 3380 2742 2945 2971 3177 3312 2805 3123 2968 3443 3025 3244 3045 3326 3105 2929 2746 3172 3153 2965 3023 3058 3380 3082 2861 2989 2936 2766 2662 3103 2939 3250 3388 2883 3272 3404 2885 3068 3227 2937 3409 3473 2762 2975 3015 3176 2885 3026 3076 3077 3164 2426 3072 2990 2864 3012 3245 3052 3277 3280 3149 3148 3259 3062 3004 3411 3008 2934 3098 2900 3004 2910 2767 2714 2957 2946 3536 2919 2811 2877 2785 3197 3183 2858 3245 3067 3220 3407 3199 3264 3118 2856 3125 3166 3181 2905 3075 3232 2778 3285 3696 2892 2810 3024 3245 3171 3485 2644 3258 3228 2994 3498 3448 2937 2953 2694 3064 3238 3007 2853 3062 2839 3040 2997 3435 2911 3381 2813 3193 3249 2796 3252 2882 3121 2995 3273 3159 3517 3047 2749 3438 3038 3216 3017 3156 2834 3089 3048 3063 3100 2920 3197 2670 3173 2742 3037 2688 3079 3001 3042 3045 3273 2798 2810 2947 3329 3182 3380 3079 3044 3141 3102 3233 3119 2779 2929 3007 3113 3239 3267 3026 3069 2957 3299 3065 3011 2916 3031 3064 3198 3195 3177 3081 3024 2907 2986 3045 2714 2975 3061 3106 3132 2999 2716 3101 2946 3124 3084 3121 2907 3346 3043 3181 3303 3117 2929 2790 3067 2911 3067 3042 2761 3217 2919 2665 3063 2982 2949 3130 3313 2931 2968 3447 3094 2825 3006 3058 2711 
2915 3031 2850 2763 2802 3118 2960 2741 2846 2891 2925 2991 3287 2685 3014 2950 2985 2958 2362 2907 2834 3156 2813 2814 2948 3311 2954 2685 2633 2902 2653 2885 2657 2971 3009 2879 2942 2815 2830 2615 2707 2768 2628 2868 2975 2908 3005 3194 2634 3025 3017 2943 3170 3196 2836 2583 2789 3007 2728 2701 3050 2895 2844 2457 3019 2706 2662 2753 3054 2649 3103 2940 2827 2980 3029 3022 2898 3089 2905 2784 2773 2793 2762 2823 2567 2501 2840 2959 3084 2836 2679 2922 2533 2909 3093 2742 3038 2859 2840 3169 2827 2865 2986 2773 2817 3000 2681 2861 2882 2930 2665 3262 3349 2802 2511 2727 3169 2946 3104 2577 3063 2703 2841 3198 3110 2783 2696 2520 3092 2825 3142 2836 2734 2614 2994 2604 3013 2616 2922 2698 2949 3116 2814 3051 2961 2886 2759 2965 2977 3113 2776 2675 3345 2716 3159 2686 2930 2696 2823 2950 2803 3064 2811 2889 2267 2807 2629 2942 2614 2898 2687 3052 3137 3039 2767 2725 2613 3113 2911 3276 2864 3071 3102 2796 3015 2831 2700 2730 2922 2837 2925 3021 3001 3069 2966 3084 2942 2822 3006 2871 2840 3047 3074 3062 2842 2635 2568 2815 2903 2744 2928 3165 3085 3001 2683 2381 2874 2885 3141 3100 2808 2876 2844 2774 2864 3032 2961 2805 2796 2814 2959 3310 3063 2698 2787 3034 2663 3059 2827 2721 3089 3223 2718 2677 3085 2768 2720 2663 2878 2598 
2624 2878 2870 2636 2365 2957 2994 2757 2686 2927 2532 2857 2979 2503 2724 2601 2649 2962 2508 2529 2421 2970 2716 2747 2713 3126 2781 2610 2434 2729 2626 2450 2552 2797 2976 2618 2547 2707 2457 2534 2492 2715 2678 2850 2899 2726 2734 2802 2465 2823 2902 2700 3067 3015 2688 2609 2868 2664 2449 2398 2818 2499 2802 2302 2988 2559 2514 2554 2870 2648 2860 2610 2505 2814 3037 2677 2907 2883 2750 2528 2701 2682 2482 2845 2368 2460 2573 2778 3029 2587 2604 2615 2474 2769 2666 2458 2791 2662 2789 2948 2707 2702 2703 2419 2668 2695 2752 2882 2640 2709 2393 3088 2952 2588 2547 2643 2869 2668 2955 2519 2910 2725 2630 2883 2899 2513 2530 2375 2728 2615 2903 2802 2580 2573 2765 2504 3064 2598 2995 2640 2805 2953 3002 2759 2732 2903 2646 2614 2847 2852 2676 2462 2896 2746 3095 2572 2923 2429 2502 2785 2718 3032 2578 2984 2556 2833 2498 2751 2613 2896 2611 2761 2663 2771 2651 2645 2657 2738 2808 3057 2874 2849 2782 2591 2767 2704 2456 2505 2667 2957 2701 3164 2607 2857 2734 3018 2761 2515 2626 2771 2763 2809 2653 2632 2751 2689 2407 2612 2802 2637 2963 2684 2817 2813 2483 2536 2799 2491 2600 2754 2626 2569 2845 2553 2696 2918 2738 2593 2610 2627 2569 2977 2827 2524 2604 2750 2704 2853 2658 2771 2854 2906 2648 2654 3090 2669 2687 2492 2870 2717 
3028 3351 3408 3092 3070 3237 3280 3316 3000 3161 2983 2964 3514 2965 3058 2969 3182 3250 2734 3149 3134 3274 3094 3009 3064 3339 3073 3032 2910 3166 3115 3090 2874 3224 3458 3197 3111 3130 2830 2794 2845 3086 2951 3409 3200 2973 3260 3458 2768 3244 3326 3178 3512 3384 2894 2933 2881 3160 2781 2970 3251 3199 3214 2618 3217 2796 2834 3227 3171 2900 3362 2981 3259 3217 3423 2934 3103 3398 3259 3185 3123 2942 3000 3086 2851 2690 3042 3297 3432 3023 3085 3147 2807 3091 3253 2811 3334 3194 3134 3565 3101 3101 3039 2713 2983 3222 3127 3229 3182 3231 2871 3613 3469 3064 2828 2959 3390 3016 3291 2896 3407 3037 3105 3457 3252 2967 3020 2640 3129 3019 3265 3007 2991 3004 3149 2954 3472 2805 3407 2705 3016 3301 3209 3215 2988 3210 3051 2995 3279 3267 2971 2836 3506 2951 3458 3076 3103 2968 3056 3139 3155 3472 3008 3528 2702 3016 2686 3029 2769 2960 2951 3380 3314 3244 3147 2945 2913 3410 3043 3490 3194 3018 3051 3133 3128 3162 2767 2782 2887 3264 3163 3252 2976 3004 3158 3499 3083 2840 3061 3118 3309 3556 3281 3185 3101 2958 2839 2916 3294 2861 3190 3158 3410 3276 2984 2957 2944 3156 3254 3209 2975 3198 3270 3237 3320 3124 3185 2984 3092 3024 2845 3077 3158 2768 2776 2910 2975 3389 3095 2930 3362 3273 3112 3018 3420 3133 2729 2722 3454 2879 
3045 2981 3101 2802 2443 3005 2779 2767 2755 2945 2979 2960 3157 2704 2972 2905 2957 3069 2545 2757 2893 3401 2865 2966 2995 3287 2856 2691 2815 2874 2848 2843 2777 2826 3214 3037 3058 2858 2763 2710 2527 2948 2581 3097 2950 2786 3030 3223 2664 3044 3128 2976 3150 3038 2776 2765 2867 3009 2719 2699 2970 2748 2925 2483 3088 2593 2555 3034 2997 2765 3128 3080 2928 3109 3047 2952 3138 3180 3022 2535 2841 2733 2628 2921 2712 2344 2994 2795 3233 2804 2911 2871 2626 2911 2957 2611 3072 2764 2961 3145 2887 2822 3005 2623 2894 2919 2973 2960 2872 2743 2727 3059 2958 2664 2618 2698 3175 2832 3019 2573 3228 3007 2872 3176 3143 2744 2734 2566 2799 2893 3005 2922 2888 2688 2881 2539 3108 2672 3072 2737 3026 3133 2850 2821 2889 3052 2819 3062 2980 3027 2804 2584 3293 2925 3181 2694 2880 2746 2803 3053 2891 3202 2845 3113 2756 2924 2396 2728 2781 2752 2886 3120 3120 3254 2794 2737 2833 3064 3034 3183 3015 2939 2949 2857 2869 2707 2583 2785 2988 2965 2940 2968 3014 3010 2861 3014 3050 2973 3036 3017 2812 2932 2798 3120 2890 2750 2593 2848 2980 2830 2958 2973 3151 3022 2746 2531 2964 2963 2980 3081 2716 2802 2974 2842 2905 3001 2810 2680 2547 2834 3016 3056 2906 2719 2853 3160 2881 3010 2757 2875 2981 3052 2935 2703 3333 2900 2706 2725 2929 2533 
2633 3033 2958 2677 2493 2792 2860 2924 2814 2779 2637 2787 3329 2497 2813 2759 2990 2921 2530 2867 2729 3143 2799 3116 2694 3036 2966 2521 2447 2752 2678 2672 2788 2712 3074 2842 2733 2688 2574 2701 2464 2754 2682 2965 2869 2819 3008 3032 2532 2804 2895 2945 3188 3135 2851 2578 2677 2637 2622 2569 2802 2756 2847 2466 2957 2540 2517 2716 2831 2743 3049 2996 2767 2945 2818 2669 3167 2990 2908 2756 2828 2859 2561 2738 2491 2476 2639 2858 2924 2900 2609 2886 2624 2823 2798 2570 2758 2788 2779 3032 2790 2946 3031 2607 2645 2856 2716 2929 2746 2756 2650 3155 3118 2486 2443 2589 2919 2703 3098 2342 3068 2896 2935 3124 2924 2680 2783 2498 2836 2787 2845 2769 2710 2721 2669 2543 3068 2524 2863 2687 2947 2904 2911 2991 2745 2818 2798 3066 2818 2986 2780 2626 3073 2706 2987 2648 2804 2658 2671 2894 2735 2923 2556 2890 2575 2847 2382 2754 2492 2897 2659 3074 2818 3038 2573 2857 2736 2980 2859 3176 2958 3016 2760 2633 2751 2619 2651 2754 2754 3046 3059 2810 2858 2800 2931 3053 2730 2562 2906 2769 2776 2981 2862 2832 2939 2634 2607 2603 2815 2704 2897 2953 2941 2786 2606 2652 2743 2682 2768 3094 2662 2879 2825 2547 2777 2965 2848 2602 2699 2701 2612 2882 2795 2638 2690 2819 2838 2777 2744 2971 3113 2925 2807 2833 3215 2848 2781 2737 2850 2750 
3156 3216 3218 2989 2689 3344 3249 3154 3125 2988 3000 3167 3447 3008 2946 2777 3313 3210 2769 3034 3041 3290 3155 3194 3134 3336 3039 2828 2781 2845 3081 2917 2921 3185 3308 3125 3101 2968 2874 2724 2794 3032 2961 3134 3157 3027 3087 3162 2783 3064 3247 2949 3377 3276 3092 2825 2988 3040 2758 2844 3285 3028 3078 2564 3174 2879 2685 2979 3203 3019 3178 3131 2908 3076 3437 3081 3100 3342 3015 2852 2846 2854 2775 3031 2746 2628 2975 3061 3266 2828 3014 2975 2943 3025 3024 2765 3203 3065 3202 3339 3110 2887 2972 2687 2992 2980 3145 3299 3232 3056 2756 3364 3358 2854 2688 2956 3248 2962 3295 2668 3212 3025 2976 3466 3252 2836 2956 2695 3090 3017 3223 3062 2992 3101 3009 2915 3308 2789 3201 2816 3103 3137 2762 2986 2907 3247 2978 3014 3221 3322 3050 2736 3347 2982 3272 2993 3153 2744 2888 3087 3163 3265 3039 3253 2728 3216 2657 3127 2738 3145 3055 3251 3194 3339 3014 3082 2990 3119 3275 3271 3118 3181 3085 3150 2952 3126 2551 2885 2974 3205 3227 3174 3162 3009 2974 3479 3036 2971 3000 3107 3138 3247 3179 3030 3121 2974 2832 2939 3185 2795 3173 3175 3191 3186 2874 2790 3115 3111 3039 3128 2861 3065 3166 3120 3137 3242 2816 2939 2844 3075 2909 3115 2924 3015 2971 3066 2953 3417 2976 2923 3375 3182 3013 2939 3428 2917 2981 2809 3121 2767 
2998 3313 3051 2855 2689 3028 3120 3207 3012 3136 2863 3060 3493 2909 3000 3049 3099 3275 2649 2861 2762 3294 2920 3046 2948 3354 3038 2818 2799 2947 2829 2964 2950 3040 3330 2999 2953 3033 2632 2609 2711 3091 2791 3090 3051 2977 3328 3165 2710 3070 3128 3065 3229 3243 2993 2745 2845 2886 2810 2889 3116 3088 3041 2490 3084 2718 2622 2815 3003 2887 3237 2877 3021 3177 3315 2735 3211 3296 3125 2947 2976 2827 2950 2855 2648 2607 3025 2985 3334 2851 2797 2958 2625 2943 3146 2775 3219 3013 3008 3274 3009 3007 3145 2608 2948 2948 3043 3116 2932 3193 2699 3270 3182 2858 2774 2880 3324 2671 3061 2604 3220 2756 2956 3412 3274 2930 2848 2744 3221 3012 3215 3124 2863 2904 3040 2906 3339 2835 3141 2702 3020 3062 2863 2981 3176 2950 2975 2985 3096 3271 2822 2764 3112 2807 3378 2761 3071 2744 2933 2999 3111 3212 2797 3121 2696 2948 2576 3098 2786 3054 2961 3299 2932 2992 3038 2940 2744 3251 2960 3409 3047 3131 2950 2808 3113 2988 2705 2909 2781 2908 2931 3141 3010 2914 3001 3222 3188 2659 2970 2860 3019 3203 3036 2998 2823 2715 2789 2770 3030 2707 3034 3080 3096 3153 2599 2791 2972 2829 3088 3116 2900 2979 3078 2833 3070 3147 3146 2931 2833 2870 2717 3220 3079 2661 2944 3109 2838 3119 2784 2979 3068 3219 2843 2832 3352 3040 2842 2796 3150 2848 
3034 3203 3096 2985 2763 3316 3156 3032 3082 2917 2971 3052 3469 2881 2746 2908 3126 3229 2791 2855 3077 3323 3137 2996 2735 3292 3047 3050 2775 3000 2933 2685 2866 3076 3284 2953 2829 2977 2927 2797 2710 3175 2829 3218 3180 3247 3053 3454 2658 3049 3200 3034 3128 3357 3013 3075 3106 2996 2904 3046 3062 3040 2832 2475 3257 2963 2913 2977 2913 2987 3173 3176 2861 3223 3233 3024 3242 3211 2919 2942 3037 2788 2702 2999 2665 2874 2900 3276 3182 2807 2996 3070 2677 2962 3207 2755 3189 2830 3160 2991 3080 3085 2944 2734 2821 3147 2993 3238 2773 2967 2614 3349 3483 2728 2617 2925 3317 2845 3406 2841 3179 2992 3145 3670 3072 2842 3056 2738 2935 2751 3220 2997 3011 2699 3008 2881 3435 3085 3150 3010 3267 3184 3053 2849 3037 3060 3037 2987 3183 3298 2955 2761 3267 2931 3291 2923 3097 2711 2893 3062 2909 3312 2866 3135 2879 3146 2718 3057 2582 3080 2960 3222 3073 3178 2912 2989 2979 3332 3073 3390 3186 2980 3039 3138 3100 3015 2825 3020 3002 3149 2963 3236 2928 2996 2921 3338 3053 2982 2720 2941 2941 3274 3156 2993 2960 2635 3171 2877 3096 2686 2958 3086 3110 3283 2757 2760 2974 2983 2961 3135 3017 2804 3169 3074 3283 3116 2933 2905 2838 3041 3031 3163 3020 2765 3211 3104 2988 3008 3126 3051 3008 3105 3120 2821 3216 2990 3068 2933 3025 2837 
3066 3228 3099 2753 2812 3246 2952 2905 3043 3109 3100 3108 3493 2895 2950 2960 3255 3182 2809 2988 3005 3425 3008 3060 3109 3525 3092 2984 2771 3017 3016 3065 2974 2955 3161 3133 2972 2873 2836 2707 2775 3122 2834 3153 3129 3095 3000 3497 2921 3302 3275 3248 3372 3351 3119 2844 2978 3139 2958 2969 3139 3185 3155 2683 3224 3071 2936 3112 3311 2960 3233 3276 3121 3055 3153 3175 3099 3351 3105 3018 2986 2958 3014 3186 2707 2847 3097 2949 3315 2907 2832 3012 2775 3001 3118 2656 3181 3037 3128 3323 3156 3279 3043 2845 2983 3119 3184 3237 3063 3212 3195 3164 3484 2967 2629 2969 3258 3066 3529 2686 3346 2807 3044 3641 3493 2816 2876 2649 3034 3042 3138 3090 2946 2841 3082 3031 3426 2760 3278 2932 3202 3317 3003 3052 3056 3269 2853 3151 3187 3439 2814 2857 3433 2826 3291 2976 3070 2828 2768 3302 3218 3187 2881 3215 2566 3082 2783 3110 2911 3060 2942 3144 3090 3206 2642 2897 2874 3168 3231 3422 3296 3117 3178 2850 3023 3126 2684 2912 3029 2929 3128 3184 3227 3025 3170 3461 3280 2894 3168 3056 2917 3099 3081 3152 2940 2999 2892 2973 3061 2903 2969 3024 3425 3207 2853 2704 3155 2943 3244 3029 2970 3131 3278 2817 3055 3384 3172 3016 2971 2898 3121 3101 3183 3011 3125 3087 2787 3272 2979 3023 3067 3284 2959 3016 3504 3044 2889 2821 3082 2789 
2814 3127 3251 2745 2715 3175 3094 2963 2849 3037 3014 2902 3268 2923 2824 2976 3056 3144 2897 2778 2933 3201 2746 3004 2846 3374 3039 2808 2654 2842 3037 2832 2593 3096 3315 2791 2832 2774 2713 2570 2749 2939 2787 3028 3064 2934 2988 3348 2662 2931 3085 2837 3303 3060 2844 2732 2835 3040 2802 2762 2978 2773 2934 2520 3084 2855 2595 2812 2979 2751 3108 2783 2943 3041 3074 2972 3117 3218 3006 2863 2883 2991 2770 3094 2832 2536 2826 2891 3346 2692 3031 3105 2868 2740 3067 2630 3033 2956 3083 3244 2833 3090 2700 2712 2851 3035 2916 2949 2877 2960 2814 3223 3255 2639 2898 3020 3154 2866 3317 2428 3101 3058 2976 3323 3150 2799 2852 2520 3033 2707 2937 2905 2735 2618 3032 2934 3089 2786 3084 2984 2996 3042 2823 2974 2853 2946 2884 2865 3005 3142 2903 2719 3264 3002 3174 2616 2960 2603 2643 3008 2905 3116 2736 3034 2729 2983 2688 2980 2669 2975 2770 2946 2925 2970 2881 2739 2786 3131 2997 3203 3124 3001 2923 2682 3044 2928 2671 2797 2998 3071 3014 3182 2878 3028 3005 3191 3026 2717 2835 2875 2875 3168 2831 2843 2887 2844 2800 2934 2963 2808 3056 3102 3117 2921 2728 2666 2994 2633 3125 3171 2792 2798 2912 2789 2930 3100 3003 2799 2676 2788 2875 2963 2983 2523 2949 2910 2729 2919 2777 2883 2942 3113 2670 2953 3336 2930 3026 2723 2955 2728 
3029 3121 3346 2993 2799 3215 3052 2923 2921 3152 3033 3079 3401 3014 2769 2808 3205 3169 2545 3228 2976 3198 2833 3025 2936 3268 3064 2825 2622 2925 2839 2771 3019 2915 3265 2963 2941 2714 2752 2649 2758 2975 2700 3216 3020 3105 3143 3288 2688 3080 3167 3046 3173 3204 2921 2978 3074 3041 2745 2765 3060 2936 2968 2496 3164 2787 2844 2822 3202 2756 3073 3041 2922 3074 3321 2840 3035 3256 3136 2803 2837 2774 3002 3102 2857 2612 2987 3104 3475 2858 2922 2996 2712 3020 3162 2505 3237 3090 3301 3310 2824 3186 2940 2774 2961 3080 3168 3262 3022 3107 2835 3391 3558 2852 2510 3004 3377 2864 3239 2627 3213 2985 2955 3360 3207 2758 3096 2559 3041 3034 3121 2616 2959 2859 3015 2931 3269 2866 3207 2860 2890 3077 2801 2950 2845 3139 2692 2936 2981 3261 2817 2744 3263 2759 3302 2893 3107 2682 3029 2926 3089 3264 2835 3159 2605 2926 2724 3106 2723 2937 3046 3297 3240 2963 2691 2766 2653 3193 3069 3435 3035 2796 2983 3199 3049 3107 2763 2767 2853 3110 3144 3279 2977 3023 2993 3393 3185 2919 2933 3074 2910 3184 3074 3177 2967 2785 3025 2885 2989 2800 3014 3091 3088 3014 2793 2791 2815 2981 3035 3083 2900 2843 3256 2964 3183 3274 3004 3012 2973 2859 2797 3111 2973 2780 2850 2886 2697 3192 2913 2701 3110 3190 3041 2838 3301 3109 2828 2677 2910 2648 
2777 2823 2992 2646 2529 2776 2710 2797 2735 2833 2634 2603 3236 2723 2722 2489 2855 2628 2395 2719 2615 2888 2818 2731 2711 3004 2735 2553 2609 2853 2523 2665 2433 2802 2844 2823 2743 2574 2437 2644 2440 2705 2320 2730 2587 2616 2712 2919 2576 2750 2892 2832 2883 2781 2481 2501 2621 2731 2426 2536 2899 2652 2659 2299 2786 2355 2535 2728 2827 2761 2876 2824 2717 3069 2838 2635 2838 2708 2685 2620 2754 2712 2481 2785 2501 2294 2557 2845 2756 2809 2542 2785 2479 2581 2688 2586 2791 2649 2828 3080 2784 2869 2513 2389 2674 2907 2544 2741 2645 2613 2487 3059 2926 2593 2300 2545 2882 2611 2773 2423 3039 2690 2526 3170 2818 2335 2671 2316 2516 2749 2789 2521 2341 2419 2816 2506 2949 2422 2873 2498 2745 2854 2663 2630 2716 2663 2706 2831 2753 2809 2703 2411 2930 2515 2905 2511 2679 2511 2533 2610 2628 2933 2498 2606 2274 2738 2277 2492 2665 2601 2615 2772 2635 2904 2654 2492 2543 2767 2808 3108 2811 2609 2845 2551 2715 2613 2319 2519 2561 2821 2681 2685 2733 2851 2868 3095 2874 2664 2631 2750 2853 2650 2634 2682 2756 2410 2527 2665 2686 2610 2835 2664 2854 2768 2566 2331 2602 2575 2750 2839 2464 2617 2813 2597 2698 2729 2931 2527 2434 2647 2635 2717 2789 2461 2578 2779 2548 2894 2484 2642 2878 2817 2823 2671 3026 2737 2548 2386 2787 2421 
3034 3200 3367 3006 2925 3155 3016 2911 2958 3012 3053 3108 3403 2937 2996 3054 3185 3291 2726 2937 3050 3266 2968 2884 3122 3324 3078 2817 2814 2903 2884 2928 2822 3048 3300 3007 3033 3122 2792 2856 2693 2866 2711 3190 3101 3030 3058 3394 2835 3036 3364 2973 3300 3474 2913 3020 3254 3028 3054 3007 3346 2872 2996 2563 3224 2682 2714 3047 3146 3148 3232 3026 2869 3292 3357 3032 2986 3275 3219 2868 2978 3001 2933 3099 2883 2727 3071 3077 3340 3003 3005 3020 2828 3138 3285 2744 3303 3087 3117 3331 3023 3081 3082 2899 3030 3368 3015 3116 2998 3026 2551 3493 3537 2645 2827 3034 3293 3028 3385 2740 3238 3016 3002 3446 3300 2856 3050 2622 2949 3065 3178 3052 2985 2862 3141 2986 3313 2956 3152 3111 3117 3223 2894 3053 3017 3216 2958 2997 3088 3290 2949 2740 3353 3062 3409 2688 3028 2803 2839 3112 3013 3283 2969 3291 2645 3075 2978 3232 2952 3014 2967 3258 3067 3238 3068 2890 2965 3255 2993 3528 2992 3095 3078 3260 3121 3087 2893 2837 3124 3016 3034 3226 2987 3317 2932 3371 3182 3114 3026 3088 3065 3272 3097 2974 3082 2835 2984 2931 3152 2759 3126 3315 3260 3099 2835 2584 2805 3120 3086 3193 2895 2970 3086 2990 2937 3128 3038 2988 2980 3063 3089 3418 3085 2866 3101 3155 2773 3396 2933 2864 3077 3339 3087 2887 3268 3009 2877 2970 3171 2774 
3225 3616 3391 3203 3099 3463 3121 3193 3238 3454 3061 3260 3668 2851 3093 3264 3277 3300 2965 3199 3356 3540 3360 3314 3258 3724 3280 3030 2925 3083 3146 3049 3091 3285 3523 3222 3147 3198 3049 2823 3107 3469 3227 3368 3430 3234 3399 3551 3089 3336 3454 3183 3711 3686 3077 3233 3213 3144 3056 3270 3248 3356 3404 2797 3340 3153 3006 3331 3232 3138 3815 3477 3144 3302 3626 3181 3322 3640 3258 2999 3205 3138 3197 3098 2994 2850 3344 3452 3503 3131 3254 3242 3003 3320 3537 3194 3411 3269 3287 3613 3375 3347 3128 3010 3307 3120 3299 3312 3284 3318 2976 3630 3598 3113 3015 3186 3449 3214 3708 2795 3540 3137 3292 3784 3550 3020 3232 2976 3190 3262 3275 3348 3436 2992 3183 2973 3667 2849 3419 3019 3209 3455 3162 3085 3287 3349 3333 3302 3292 3485 3096 3047 3735 3000 3565 3117 3415 2979 3143 3329 3396 3473 3007 3344 2948 3354 2812 3499 2985 3384 3172 3475 3466 3443 3094 3102 3357 3469 3249 3658 3457 3259 3157 3175 3246 3334 2883 3100 3226 3311 3210 3293 3259 3190 3441 3491 3308 3007 3110 3287 3356 3511 3281 3280 3180 3271 2981 3185 3467 3015 3304 3281 3291 3419 3033 2958 3279 3119 3290 3293 3119 3206 3706 3157 3256 3550 3237 3314 2967 3253 2962 3116 3268 2920 3276 3382 3183 3521 3131 3266 3432 3523 3127 3207 3577 3174 3191 3077 3226 3083 
2753 3240 3163 2934 2666 2928 2993 2945 2927 2905 2953 3078 3257 2711 2784 2893 3034 3040 2767 2987 2912 3273 3074 2886 2957 3311 2865 2888 2720 3048 2765 2927 2881 2969 3132 3011 3009 3060 2828 2764 2664 3053 2770 2986 3125 2881 2951 3207 2723 2912 3252 3014 3377 3100 2941 2837 3006 2851 2601 2846 3003 3154 3067 2489 2982 2579 2856 3032 3024 2870 3339 3255 2929 3152 3361 2705 3174 2968 2974 2861 2955 2904 2875 2867 2575 2689 2892 2993 3207 2895 2837 2877 2665 2950 2967 2717 2991 2913 2925 3368 3040 3034 3071 2686 2791 3026 3031 3078 2895 3065 2775 3255 3087 2763 2625 2819 3185 2849 3380 2692 3394 2996 3055 3132 3236 2670 2754 2696 2831 3061 3088 2894 2850 2774 2964 2670 3492 2762 3255 2531 3002 3161 3035 2804 2996 3174 2917 3075 2974 3067 2888 2637 3367 2712 3133 2868 3118 2659 2984 2969 3184 3234 2689 3199 2526 2952 2713 2934 2550 2871 3073 3092 2965 3047 2593 3068 2802 3069 2892 3331 3038 2851 2894 3054 3006 2842 2586 2757 2839 3004 3088 3071 2910 2848 3020 3244 2968 2731 2921 2990 3102 3106 3002 3013 3052 2769 2851 2778 3173 2669 3103 2994 3204 3290 2735 2583 2849 3092 2997 2993 2990 2961 3318 2779 3033 3106 2948 2947 2938 2795 2779 2960 2944 2841 2834 3001 2771 3202 2864 2880 3200 3060 3136 2713 3225 2950 2839 2818 3041 2880 
3107 3158 3178 2958 2718 3205 3102 2883 2966 3085 2974 3174 3331 2976 3228 3166 3078 3505 2720 3048 2896 3427 2885 3069 2973 3466 3061 2996 2936 3167 3010 2848 2945 3160 3126 3031 2999 3100 2779 2815 2904 3054 2920 3226 3135 2851 3061 3393 2782 3400 3369 3144 3306 3406 2928 3079 3088 3161 2784 2902 3200 3004 3165 2680 3424 2977 2740 3106 3254 3017 3396 3063 3087 3243 3449 3197 3056 3239 2989 2927 2983 2803 2859 3238 2888 2613 3066 3046 3205 3117 2942 3065 2789 3092 3275 2762 3290 2876 3034 3417 2987 3151 3124 2721 2999 3265 3098 3264 3168 2969 3053 3560 3481 2932 2805 3006 3417 2966 3203 2686 3409 2888 3003 3440 3382 2784 2853 2693 3067 3147 3233 3062 2858 2680 3182 3132 3479 2831 3257 2695 2890 3507 3136 3094 3051 3075 2836 3063 3213 3306 3092 2813 3460 2963 3217 2872 3011 2799 2820 3143 3137 3317 2794 3323 2537 3149 2813 3149 2809 2987 3029 3300 3156 3486 2987 2994 3048 3235 3213 3510 3090 3235 3173 2838 3046 3134 2899 2957 3006 3236 3139 3064 3078 3160 3129 3487 3116 2890 3151 3180 2875 3183 3163 3174 3088 2980 2831 2968 3230 2957 3112 3082 3363 3272 2934 2888 3025 2995 3232 3117 2990 3042 3147 2791 3158 3162 3216 2935 2952 3028 3090 3392 3182 2830 3075 3064 2925 3128 2780 3118 3217 3313 3026 2929 3343 3141 2828 2700 3149 2869 
3256 3417 3425 2986 2874 3243 3224 3030 3108 3280 3088 3336 3781 3032 2985 3040 3150 3348 3118 3189 2995 3568 3107 3357 3114 3567 3258 2986 2870 3081 2984 2998 3049 3115 3432 3112 3136 3034 2957 2850 2956 3301 2761 3164 3283 3151 3251 3651 3014 3334 3362 3175 3519 3297 2927 3056 3293 3139 3057 3039 3400 3075 3357 2753 3313 2937 2968 3307 3226 3028 3354 3329 3153 3300 3370 3274 3147 3431 3220 3004 3076 3161 2994 3369 2874 2824 3167 3301 3336 3052 2984 3209 2861 3253 3286 2796 3465 3151 3150 3347 3090 3204 3261 2998 3132 3407 3135 3272 3084 3248 2913 3360 3509 3041 2815 2952 3329 3101 3296 2721 3545 3120 3183 3661 3480 2966 3082 2710 2965 3131 3376 3216 2938 2969 3070 3060 3498 3108 3324 3081 3336 3351 3328 3019 3128 3079 3020 3292 3198 3301 3170 2687 3691 3042 3517 2909 3186 2999 2947 3214 3273 3354 3119 3384 2814 3046 2807 3199 2953 3092 3129 3277 3313 3304 3010 2932 3158 3214 3216 3569 3269 3040 3310 3078 3103 3074 2977 3084 3119 3200 3232 3320 3269 3296 3261 3503 3331 3265 3239 3064 3030 3243 3150 3301 2995 2945 3025 3152 3245 3048 2943 3196 3287 3267 2792 2833 3145 3054 3188 3236 3097 3132 3336 3089 3110 3333 3227 3199 2994 3135 3160 3198 3233 2976 3132 3345 2972 3226 3100 3136 3172 3217 3280 3069 3567 3147 2943 2964 3207 3020 
3172 3440 3477 3139 2901 3446 3465 3220 3172 3316 2980 3272 3778 2973 2927 3094 3301 3234 2815 3150 3060 3313 3160 3170 3137 3422 3287 2917 2936 3243 2882 3080 3118 3330 3425 3216 3200 2988 3206 2829 2943 3225 2777 3307 3051 3251 3284 3625 3022 3164 3238 3187 3341 3299 3224 2966 3014 3250 2902 2984 3259 3086 3168 2708 3237 2856 3080 3185 3279 3160 3420 3463 3215 3423 3211 3230 3443 3244 3188 3016 3163 3188 3020 3266 2766 2864 3041 3262 3518 2956 2924 2974 2941 2922 3096 2732 3465 3137 3438 3455 3245 3267 3250 2848 3012 3293 3236 3470 3000 3107 2999 3500 3630 2849 2815 2943 3437 3165 3650 2951 3497 3120 3191 3707 3289 3050 3030 2800 3198 3121 3409 3077 3128 2846 3062 3144 3330 3077 3297 3029 3275 3239 3106 3057 3233 3248 2824 3393 3245 3446 3151 3049 3653 3103 3568 3071 3166 2936 3073 3190 3186 3550 3040 3217 2941 3474 2918 3126 2955 3266 3123 3326 3252 3302 3046 2992 3021 3312 3268 3480 3345 3065 3245 3086 3251 3142 2902 3019 3293 3164 3259 3334 3193 3191 3159 3476 3195 3057 3218 3119 3267 3482 3170 3270 3075 2811 3046 3257 3169 2927 3141 3274 3295 3428 2868 2730 3230 3100 3185 3366 3246 2809 3237 3055 3369 3344 3001 2955 3067 3126 2968 3349 3268 2969 3172 3165 3130 3398 3038 3129 3448 3312 3039 2751 3784 3077 2921 2862 3265 2846 
3132 3199 3216 2780 2746 3178 3193 3107 3238 2977 2909 3088 3480 3018 3261 3017 2983 3118 2860 3145 2914 3505 2981 3401 2819 3526 3009 2797 2966 3011 2825 2972 2779 3163 3458 3093 3123 3036 2920 2686 2778 3142 2778 3235 3055 3072 3081 3345 2798 3223 3190 3060 3426 3406 2819 2948 3043 3174 2913 2941 3127 2933 3078 2479 3145 2880 2708 3148 3075 3141 3307 3176 3064 3037 3275 3045 3174 3257 3001 2818 2984 3028 2961 3207 2604 2777 2926 3172 3338 2949 2879 3142 2849 3110 3231 2538 3155 3096 3228 3337 3039 3176 3032 2557 2968 3354 3151 3099 3046 2961 2969 3358 3364 2711 2816 2872 3261 2822 3458 2679 3619 3078 3168 3617 3289 2921 2915 2722 2900 3161 3082 2905 2814 2798 3097 3020 3358 3137 3266 2863 3017 3321 3036 3202 2984 3123 3062 2934 3113 3243 3033 2890 3449 3134 3159 2958 3128 2841 3036 3071 3083 3046 2879 3220 2718 3038 2865 2973 2753 3073 3026 3214 2915 3167 2784 3010 2915 3241 3162 3401 3141 3131 3027 2992 2984 2977 2844 3178 2915 3130 3064 3116 3189 3091 3154 3467 3066 2905 3071 3031 2845 3119 3264 2944 2950 2801 2944 3087 3095 2846 3064 3118 3237 3093 2835 2694 3126 2919 2916 3140 3086 2876 3212 2879 3012 3177 3186 2992 2862 3144 3040 3138 3133 2727 3048 3271 2835 3083 2848 2850 3037 3174 2986 3047 3300 2994 2961 2709 3054 2840 
2747 3306 2940 2864 2852 3202 3017 2924 2969 3000 2980 2941 3544 2849 2999 2989 3163 3153 2708 2874 2889 3290 3037 2966 2888 3258 3037 2767 2662 2823 2752 2918 2918 3081 3326 2947 3035 2838 2744 2814 2660 3067 2736 3005 2895 3097 3118 3321 2688 3203 3070 3011 3373 3156 2959 2763 2953 3010 2676 2881 3044 3073 2967 2587 3193 2646 2772 2891 3206 2952 3282 3141 3124 3074 3011 3132 3166 3200 2938 2927 2929 2769 2949 3122 2814 2624 2884 2828 3112 2731 2772 3065 2706 2943 3101 2669 3096 2913 3243 3234 2975 3055 3069 2621 2756 2961 2806 3249 2939 3106 2866 3324 3414 2940 2674 2994 3405 3003 3424 2790 3049 2918 3178 3379 3346 2992 2846 2526 2873 2860 3117 2959 2891 2656 3045 3105 3034 2801 3210 2702 3239 3169 2874 2896 3129 2984 2787 3249 3220 3448 2916 2712 3399 2775 3298 2809 3011 2721 2812 2995 3016 3276 2855 3033 2480 3053 2662 2981 2734 2965 2930 3207 3079 3425 2825 2756 2821 3235 3151 3253 3239 3130 3018 2961 2986 3129 2895 2865 2889 3034 3109 3192 3185 3128 2874 3109 3014 2875 3085 2832 3031 3108 2902 3115 2858 2690 2871 2888 3074 2861 2917 3052 3212 3350 2748 2570 3073 2798 3025 3186 2929 2816 3094 2846 3046 3091 2922 2732 2827 3047 3161 3165 2952 2747 3075 2944 2637 3392 2939 2770 2996 3178 2853 2798 3416 2998 2980 2834 2908 2650 
2839 3019 3140 2710 2702 3027 2884 2632 2726 2958 2816 2865 3401 2670 2796 2807 3045 2829 2550 2945 2769 3100 3027 2961 2855 3199 2971 2834 2828 2814 2771 2820 2757 2876 3074 2974 2858 2822 2759 2674 2586 2851 2578 3016 2822 3044 2974 3240 2893 2904 3052 2893 3102 3135 2777 2806 2691 2892 2660 2838 2984 2800 2764 2558 2878 2589 2851 2876 2931 2886 2874 3115 2928 2986 3191 2736 2902 3241 2889 2715 2854 2754 2805 2883 2616 2436 2954 2843 3251 2859 2882 2872 2751 3040 2850 2622 2908 2876 2979 3076 2904 2890 2850 2655 2827 2910 3005 2787 2743 2894 2636 3162 3227 2753 2453 2719 3124 2801 3059 2721 3154 2798 2974 3324 2987 2528 2865 2683 2830 2974 3045 2772 2796 2613 2889 2617 3083 2713 3075 2871 2971 2992 2703 2902 2966 2976 2738 2945 3077 3013 2628 2652 3340 2848 3108 2824 2808 2623 2767 2988 2891 2841 2805 3010 2580 2853 2546 2885 2593 2733 2940 3122 3002 2917 2590 2725 2685 3064 2975 3249 2995 2767 2818 2888 2879 2991 2552 2696 2708 2987 2863 3049 3002 2980 2950 3186 2930 2941 2733 2908 2789 2956 3091 2938 2746 2786 2757 2785 2953 2643 2957 2927 2935 2863 2772 2390 2841 3017 3033 3019 2699 2527 2941 2813 2952 3054 2887 2760 2708 2863 2734 2893 2873 2547 2802 2837 2672 3252 2625 2813 3090 2880 2917 2708 3124 2747 2686 2622 3064 2688 
2918 3121 3276 2769 2690 3093 3069 3074 2793 3068 2747 2831 3378 2730 2761 2966 3151 2933 2651 2812 2717 3252 3105 2738 2946 3295 2931 2896 2611 2867 2790 3035 2906 3043 3273 2746 2924 2896 2826 2630 2723 2875 2666 3059 2952 3139 3040 3233 2745 2946 3123 3039 3249 3075 2880 2739 2841 2934 2679 2805 3042 3108 2981 2482 2915 2789 2614 2821 2961 2765 3058 3167 3126 3055 3154 2652 3160 3100 2846 2850 2739 2638 2888 2936 2595 2648 3014 3062 3131 2931 2684 2943 2550 2841 3062 2776 2978 2795 3085 3193 2984 3041 3045 2605 2844 3017 2960 2961 2915 2920 2712 3163 3380 2446 2733 2855 3231 2939 3157 2763 3112 2855 2733 3422 2972 2596 2966 2763 3112 2808 3196 2864 2718 2701 3174 2882 3194 2951 2914 2669 3006 2988 2706 2734 2905 3040 2767 2932 2985 3138 2679 2783 3271 2897 2991 2847 3087 2755 2952 2737 2890 3100 2785 3027 2505 3161 2653 2913 2610 2803 2974 2952 2603 3094 2757 2822 2758 3235 2989 3304 3131 2954 3050 2869 3098 2938 2737 2846 2927 3055 3000 3019 3148 2880 2865 3252 2793 2680 2783 2885 2675 3037 2989 2850 2830 2872 2890 2886 2876 2676 2982 2838 3057 2919 2817 2480 2898 2887 3046 3079 2976 3006 3133 3012 2784 2983 2899 2733 2835 2762 2968 3102 2976 2812 2729 2936 2811 3039 2836 3004 2887 3033 2896 2797 3309 2935 2849 2874 2993 2771 
3177 3277 3343 2847 2830 3230 3112 3055 3044 3096 3137 3161 3456 3086 2959 3011 3033 3269 2773 2911 2715 3318 2920 3113 3028 3330 3101 2759 2848 2863 2958 3018 2892 3059 3318 3032 2938 2991 2867 2683 2705 3146 2685 3318 3093 3077 3333 3438 2737 3106 3173 3047 3350 3339 2844 2938 3027 3055 2872 2891 3193 3018 2880 2548 3343 2810 2797 3181 3196 3100 3078 3261 3223 2993 3118 3115 3061 3291 3273 2748 3228 2842 2744 2964 2836 2635 2916 3142 3330 3002 2978 2937 2804 2851 3232 2563 3172 3001 3231 3377 3039 3075 2990 2608 2826 3092 3204 3217 3018 3140 2952 3152 3215 2896 2836 2919 3375 2927 3110 2603 3334 2960 2952 3607 3206 2782 2728 2612 2923 3180 3037 2930 2893 2841 2959 3067 3291 2986 3078 2938 3103 3074 2889 3049 3090 2898 2900 2985 3147 3390 3076 2677 3240 2870 3167 2926 2942 2839 2873 3169 3160 3283 2906 3230 2641 3091 2646 3085 2786 3141 3034 3280 3187 3067 2901 2857 2704 3085 3092 3265 2818 3037 3136 2828 3204 3276 2872 2921 2841 3058 3115 3217 2964 3073 2938 3207 3033 3149 2943 2957 3113 3045 3065 3007 2835 2807 2870 2963 3082 2953 2813 3109 3243 3126 2705 2584 2968 2928 3042 3182 2845 2656 3060 2898 3256 3052 2958 2924 2807 3031 3018 3070 3101 2810 2977 3096 2824 3245 2869 2812 3013 3198 3021 2914 3378 2965 2757 2712 3103 2817 
3059 3354 3487 3040 2821 3365 3414 2909 2931 3395 3107 3410 3400 2755 2973 3193 3144 3312 2801 3191 2983 3467 2872 3195 3114 3587 3217 2750 2917 3248 3121 2967 3113 3405 3361 3175 3058 3226 3028 2760 2967 3110 2898 3288 3226 3134 3379 3484 2912 3110 3302 3041 3404 3546 2984 2928 3171 3075 2967 3112 3125 3108 3218 2638 3327 3044 2884 3047 3147 3120 3354 3073 3079 3387 3570 3287 3208 3521 3097 2728 3132 3118 2856 3169 2752 2779 3130 3123 3663 3118 3066 3164 2801 3075 2986 3016 3338 3103 3064 3473 3195 3045 3115 2854 3080 3232 3354 3284 3187 3169 2989 3423 3424 2827 3037 3011 3456 3122 3311 2697 3493 3007 3041 3489 3259 2827 2925 2813 3393 3266 3329 3010 3006 3031 3106 3041 3722 3009 3234 3096 3080 3343 3201 3073 3130 3072 2971 3239 3103 3446 3214 2993 3585 2994 3264 2950 3145 2639 3014 3039 3027 3296 2897 3316 2762 3254 2877 3292 2864 3311 3221 3109 3166 3248 3148 2898 3050 3297 3029 3308 3097 3197 3011 2792 3370 2944 2856 2904 3254 3264 3159 3341 2968 2958 3239 3536 3125 3026 3181 3192 3116 3208 3244 3096 3041 2983 2964 3062 3148 3000 2992 3261 3181 3207 2911 2978 3002 3147 3242 3219 2912 2989 3205 2911 3180 3251 3101 2853 2912 3198 2978 3444 3352 2993 2937 3269 2928 3160 3004 3089 3313 3314 3202 2894 3468 2884 2959 2832 3394 3164 
3020 3057 3400 3011 2753 3328 3119 3025 3008 3022 3260 3069 3579 2955 2837 3013 3211 3338 2694 3193 2983 3389 2977 3269 3104 3406 3072 2977 2913 2975 3135 2942 2990 3192 3381 2942 2924 2813 2861 2889 2718 3075 2773 3325 3264 3070 3192 3448 2865 3143 3219 3013 3370 3514 2942 2998 2925 3094 2962 3036 3078 3159 2904 2558 3402 2909 2731 3110 3238 2943 3293 3203 3010 3089 3368 3143 3149 3262 3104 2931 3124 2857 2976 3253 3040 2547 2911 3073 3580 2975 3098 3040 2812 2903 3161 2628 3137 3150 3228 3438 3138 3113 3226 2641 3016 3315 3149 3218 3034 3026 2992 3339 3544 2863 2778 3093 3439 2967 3316 2671 3359 3120 3102 3623 3314 2754 2801 2608 3225 3114 3245 2985 2942 2712 3028 3064 3442 2897 3304 3018 2949 3184 3199 2952 2995 3162 2989 3201 3314 3340 3054 2725 3211 3088 3237 3017 2972 2757 3072 3165 3027 3493 2946 3309 2664 2984 2786 3036 2794 3221 3099 3121 3208 3376 3089 2947 3046 3397 3185 3306 3071 3039 2967 2964 3057 3157 2780 2912 3025 3317 3147 3334 2932 2951 3062 3578 2956 3021 3118 3068 3123 3255 3166 3241 3034 3046 2839 2990 3077 2933 3095 3300 3296 3365 3057 2897 3037 2852 3251 3341 2940 2833 3312 2848 3238 3247 2993 2815 2879 3101 3014 3043 3112 2831 3078 2961 2795 3194 3159 2858 3380 3362 3070 2868 3352 3032 3047 2936 3262 2838 
3057 2937 3146 2548 2537 2964 3109 2703 2816 2715 2804 2838 3207 2585 2659 2949 2839 2857 2513 2882 2878 3090 2940 2764 2759 2948 2706 2663 2544 2949 2646 2516 2673 2740 3273 2789 2694 2838 2567 2410 2596 2748 2620 2858 2898 2969 2881 3323 2704 2899 3052 2792 3152 3217 2742 2747 2831 2979 2740 2540 2769 2840 2851 2368 2950 2708 2494 2725 2811 2835 3053 3010 2847 2776 2920 2847 2935 3129 2940 2605 2763 2749 2696 3056 2686 2502 2637 3166 3026 2716 2761 2930 2306 2769 2833 2517 2934 2850 2904 3010 2782 3053 2843 2567 2617 2852 2951 2825 2867 2773 2706 3230 3029 2473 2645 2789 3179 2762 2875 2491 3102 2774 2928 3236 3104 2411 2690 2479 2845 2700 3077 2591 2660 2751 2996 2796 3133 2568 3049 2644 2969 3038 2981 2637 2704 2919 2668 2785 2872 2976 2655 2602 3222 2838 3061 2724 2675 2752 2796 2889 2961 2989 2715 3119 2599 2794 2562 2704 2571 2957 2712 3109 2657 3118 2650 2825 2772 3001 2686 3164 2984 2954 2803 2941 2899 2793 2622 2819 2764 3144 2863 3136 2888 2927 2682 3270 2745 2958 2968 2892 2576 3003 2942 2761 2803 2672 2601 2774 2998 2644 2797 3050 2954 2983 2498 2827 2841 2968 3003 3135 2812 2694 3013 2888 2749 2977 2927 2574 2823 2717 2843 2829 2919 2678 2745 2835 2634 2998 2686 2586 2774 2923 2797 2746 3018 2739 2843 2734 2972 2578 
3016 3247 3159 2821 2950 3118 2967 2790 3015 3062 2927 2963 3272 2955 2852 2763 3178 3142 2828 2945 2974 3170 2820 2742 3005 3195 2733 2759 2604 2944 2907 2879 2708 3028 3244 2863 2810 2896 2659 2622 2499 2929 2776 3198 3024 2853 2940 3211 2665 3093 3296 2859 3221 3133 2948 2938 2993 3082 2626 2803 3027 3080 2900 2323 3104 2775 2889 2889 2944 2804 3118 3102 2912 2878 3270 2982 3093 3155 2885 2767 2827 2627 2906 2871 2672 2729 3102 3061 3309 2957 2701 2999 2684 2989 3129 2511 3165 2981 3043 3182 2885 2986 3105 2673 2828 2840 2937 3103 2936 3041 2758 3181 3244 2712 2457 2761 3239 2916 3352 2627 3203 2993 2939 3354 3269 2805 2871 2639 2926 2915 3090 2806 2967 2876 2945 2809 3254 2851 3149 2676 3160 3293 2834 3035 2975 2855 2758 3001 2929 3206 2699 2678 3233 2880 3058 2783 2773 2770 2615 3018 3080 2951 2768 3103 2583 2819 2571 3210 2646 2945 2970 3071 2950 3090 2687 2814 2618 3049 3050 3273 2967 2793 3152 2984 3132 2938 2620 2726 2857 3032 3101 3208 3139 3136 2846 3231 3092 2968 2936 2985 2902 3235 2915 2967 2742 2738 2962 2912 3069 2589 2903 2836 3160 3067 2671 2652 2890 3029 2952 2958 2785 2807 3201 2854 3102 2983 2872 2705 2832 2939 2941 3098 2859 2798 2863 2868 2650 3123 2872 2756 3122 3103 2874 2695 3130 3029 2953 2686 2908 2747 
2927 3021 2890 3035 2625 3194 2821 2992 2792 2839 2890 2941 3319 2601 2783 2961 2803 3107 2582 2783 2942 3230 2846 3093 2985 3350 3084 2738 2732 2853 2795 2935 2811 2844 3052 2826 2931 2840 2848 2594 2385 3085 2567 2825 2791 2891 3048 3296 2740 3095 3178 2783 3180 3175 2905 2815 2902 3029 2718 2626 2851 3033 2939 2391 3096 2714 2688 2944 3018 2780 3180 3024 2958 3026 3073 2880 3200 3141 2936 2784 2911 2753 2974 3123 2834 2559 2927 2859 3464 2818 2999 3016 2599 2937 3007 2539 3169 2762 3209 3176 2825 3032 2874 2493 2708 2983 2777 3083 2695 2872 2708 3219 3512 2748 2628 2946 3183 2988 3295 2560 3160 2929 2969 3224 3130 2808 2707 2589 2823 2717 3059 2767 2823 2670 2994 2848 3030 2917 2989 2757 2914 3138 2833 2957 2966 3017 2794 3157 3061 3234 2586 2760 3294 2983 3434 2820 2892 2776 3035 2973 3065 3114 2955 2863 2607 2990 2553 2944 2706 2919 2711 3040 3076 3040 2765 2671 2692 3208 3230 3421 2993 2890 3117 2861 3056 2930 2863 2860 2908 2918 3044 2916 2946 2933 2860 3028 2993 2960 3022 2861 2820 2910 3022 3343 3073 2786 2777 2802 2995 2844 3071 2919 2950 2944 2559 2547 2904 2740 2924 3116 2863 2589 3026 2882 3222 3294 2787 2664 2693 2956 2831 3092 2868 2636 2902 2887 2710 3083 2834 2641 2991 3251 2924 2695 3291 2994 2810 2643 2946 2503 
2954 2940 3040 2721 2876 3227 3018 2731 2910 3043 3045 3219 3276 2883 2808 2736 2930 3118 2559 2743 2942 3188 2961 3128 2946 3116 2884 2713 2814 2799 2827 2729 2984 3006 3085 3045 2859 2720 2656 2555 2681 3027 2740 3064 2962 2873 2970 3119 2601 3084 3196 2853 3323 3324 2798 2784 3037 2971 2722 2735 3092 2821 3047 2398 2890 2750 2697 2787 2985 2954 3081 3044 3060 3075 3200 2951 2940 3162 3018 2810 2765 2788 2683 3073 2477 2692 2878 2779 3243 2729 2780 2940 2701 2932 2906 2650 3190 2960 2975 3086 2717 2796 2825 2736 2852 3012 2836 2875 2899 3001 2617 3294 3366 2880 2596 2791 3003 2975 3143 2601 3138 2677 2886 3232 3159 2708 2736 2411 2940 2840 3068 2675 2793 2912 2877 2851 3062 2720 3191 2823 2937 3191 2695 2889 3002 3106 2657 2854 3012 3277 2930 2523 3238 2780 3229 2710 2862 2570 2933 2705 3032 3078 2710 3123 2657 2860 2607 3032 2640 2837 2909 3037 2963 3131 2872 2781 2708 2925 3104 3255 3105 2926 3049 2897 2974 2667 2568 2779 2876 2857 2912 3040 2899 3016 2991 3098 3041 2952 2865 2869 3012 3263 3060 2953 2758 2555 2763 2769 3084 2678 2845 2799 3031 3000 2532 2644 2886 2892 3066 2862 2811 2726 2956 2979 2920 3111 2737 2722 2783 2926 2774 3117 2788 2763 2996 2905 2911 3121 2848 2837 2965 3049 2916 2846 3193 2710 2705 2520 3081 2597 

Execution Time: 263.002 ms
