Algorithm: GEMM Simple
Result Matrix:
1415 1460 1419 1621 1417 1612 1213 1346 1364 1393 1514 1255 1440 1429 1318 1387 1310 1389 1499 1419 1603 1339 1530 1408 1661 1494 1307 1355 1528 1688 1491 1388 1606 1563 1490 1423 1379 1309 1347 1423 1629 1592 1407 1246 1353 1305 1286 1558 1509 1469 1271 1520 1392 1309 1472 1463 1496 1320 1446 1567 1495 1630 1402 1501 1338 1406 1562 1465 1478 1315 1473 1356 1488 1358 1615 1431 1211 1394 1600 1551 1493 1430 1344 1518 1409 1534 1456 1588 1453 1331 1429 1606 1572 1523 1512 1212 1481 1430 1380 1153 1376 1571 1535 1671 1379 1256 1366 1428 1465 1398 1473 1397 1282 1243 1347 1637 1642 1585 1403 1415 
1744 1578 1562 1751 1643 1761 1389 1696 1716 1565 1856 1729 1778 1659 1565 1521 1540 1630 1723 1599 1690 1423 1590 1662 1857 1540 1593 1483 1681 1820 1669 1481 1690 1856 1644 1432 1623 1551 1529 1560 1891 1730 1481 1324 1620 1457 1638 1770 1718 1667 1554 1747 1558 1685 1540 1701 1848 1478 1579 1885 1747 1581 1646 1888 1486 1565 1800 1769 1703 1503 1426 1586 1731 1512 1714 1604 1540 1534 1810 1787 1615 1772 1510 1684 1515 1614 1671 1691 1693 1574 1671 1845 1677 1608 1747 1383 1809 1745 1617 1480 1644 1797 1715 2031 1547 1524 1594 1805 1675 1539 1668 1616 1556 1429 1523 1878 1799 1722 1532 1693 
1452 1634 1583 1817 1538 1709 1450 1471 1561 1612 1686 1456 1604 1667 1512 1300 1542 1570 1514 1632 1687 1534 1394 1578 1583 1536 1578 1451 1518 1722 1583 1602 1792 1747 1713 1468 1489 1451 1265 1393 1718 1670 1412 1331 1533 1517 1685 1925 1695 1779 1430 1774 1707 1587 1443 1545 1644 1502 1554 1734 1488 1588 1495 1632 1483 1515 1845 1646 1408 1310 1524 1559 1626 1448 1568 1671 1484 1372 1862 1851 1433 1564 1458 1665 1491 1545 1694 1826 1614 1425 1595 1694 1647 1756 1635 1353 1618 1491 1720 1441 1598 1771 1519 1646 1494 1590 1516 1778 1564 1452 1693 1542 1368 1387 1510 1716 1650 1659 1434 1474 
1624 1676 1351 1733 1512 1723 1349 1510 1585 1519 1739 1545 1522 1530 1535 1332 1434 1528 1576 1461 1741 1438 1456 1658 1573 1459 1372 1450 1543 1645 1567 1536 1701 1716 1589 1362 1487 1481 1446 1570 1667 1681 1444 1331 1474 1474 1555 1697 1740 1741 1543 1634 1486 1563 1367 1546 1594 1465 1500 1702 1550 1479 1476 1736 1488 1471 1658 1635 1474 1421 1381 1658 1627 1347 1608 1685 1628 1490 1904 1699 1373 1636 1512 1497 1546 1496 1526 1833 1748 1352 1517 1685 1590 1520 1572 1436 1633 1344 1664 1416 1521 1678 1520 1686 1339 1424 1570 1592 1426 1408 1532 1573 1389 1370 1554 1630 1668 1591 1355 1598 
1685 1836 1727 1954 1802 1908 1567 1784 1718 1669 1853 1708 1876 1815 1690 1670 1715 1649 1776 1748 1874 1584 1642 1787 1848 1647 1769 1645 1818 1967 1712 1594 1828 1988 1931 1667 1743 1654 1606 1570 1777 2024 1556 1371 1582 1858 1727 2018 1932 2021 1525 1885 1665 1823 1755 1711 1849 1650 1751 2020 1835 1661 1784 1900 1668 1746 2116 1837 1612 1524 1670 1840 1865 1631 1848 1903 1652 1616 1969 1894 1672 1756 1601 1818 1615 1810 1747 2044 1789 1831 1987 1964 1914 1816 1809 1425 1746 1698 1935 1667 1596 2046 1852 2053 1776 1696 1625 1956 1812 1679 1903 1614 1729 1696 1765 1872 1973 1874 1691 1708 
1634 1685 1717 1780 1660 1641 1395 1754 1683 1688 1646 1550 1706 1711 1576 1513 1627 1681 1750 1812 1785 1663 1636 1707 1818 1594 1788 1643 1778 1975 1732 1510 1739 1986 1760 1606 1509 1505 1493 1555 1875 1833 1535 1434 1630 1511 1592 1893 1838 1809 1510 1721 1637 1654 1681 1684 1863 1752 1557 2079 1682 1771 1594 1886 1561 1560 1878 1687 1670 1372 1633 1706 1726 1596 1771 1862 1443 1527 1839 1767 1779 1682 1470 1620 1471 1685 1767 2011 1820 1531 1760 1942 1731 1589 1686 1326 1790 1802 1697 1465 1604 1761 1748 1748 1625 1539 1526 1864 1549 1592 1727 1549 1547 1528 1704 1872 1900 1758 1678 1736 
1681 1740 1667 1845 1763 1846 1452 1675 1559 1712 1771 1512 1810 1859 1534 1448 1805 1542 1639 1497 1966 1477 1615 1588 1785 1593 1651 1347 1753 1912 1796 1515 1772 2055 1713 1442 1521 1646 1572 1776 1955 1898 1450 1133 1573 1515 1723 1984 1832 1943 1464 1789 1647 1825 1651 1610 1901 1516 1638 1953 1610 1629 1757 1871 1558 1657 1910 1826 1666 1403 1625 1651 1820 1608 1768 1790 1731 1701 1925 1798 1573 1772 1559 1807 1613 1808 1748 1844 1632 1641 1763 1864 1668 1645 1723 1401 1861 1684 1797 1547 1557 1858 1861 1758 1659 1516 1621 1883 1772 1662 1743 1528 1512 1595 1703 1878 1768 1745 1711 1785 
1643 1680 1547 1841 1799 2009 1551 1647 1778 1793 1892 1559 1841 1899 1742 1537 1469 1669 1759 1814 2050 1536 1666 1608 1777 1728 1845 1530 1777 1918 1845 1624 1996 1994 1797 1578 1726 1692 1561 1703 1960 1775 1696 1500 1486 1709 1703 2108 1928 1980 1657 1891 1722 1749 1622 1762 1887 1695 1628 2101 1738 1893 1684 1790 1586 1624 2052 1849 1744 1534 1638 1777 1722 1555 1790 1808 1636 1665 1931 1928 1550 1749 1697 1872 1591 1810 1929 2082 1715 1721 1829 1875 1757 1915 1926 1578 1807 1705 1839 1579 1588 1801 1719 1860 1544 1596 1759 1860 1623 1774 1925 1543 1756 1569 1748 1773 1885 1741 1709 1611 
1564 1510 1435 1693 1526 1731 1322 1438 1368 1529 1578 1434 1615 1593 1270 1382 1444 1418 1464 1396 1770 1398 1342 1443 1631 1531 1382 1355 1557 1773 1514 1376 1642 1624 1460 1249 1459 1478 1425 1534 1733 1569 1512 1290 1243 1425 1446 1682 1640 1517 1279 1685 1429 1672 1625 1404 1670 1452 1521 1751 1587 1524 1490 1709 1420 1556 1545 1512 1576 1202 1456 1440 1607 1374 1623 1481 1451 1508 1651 1592 1346 1530 1408 1404 1437 1650 1563 1585 1509 1440 1585 1781 1510 1437 1502 1280 1590 1465 1613 1223 1432 1589 1523 1855 1358 1326 1379 1602 1584 1295 1433 1355 1461 1386 1566 1708 1546 1632 1449 1580 
1588 1664 1543 1763 1625 1956 1416 1748 1656 1754 1612 1325 1615 1684 1525 1518 1524 1503 1680 1543 1824 1533 1542 1600 1846 1558 1645 1558 1532 1912 1818 1698 1759 1967 1821 1545 1482 1643 1442 1523 1872 1869 1507 1355 1406 1650 1772 1924 1818 1881 1363 1734 1568 1686 1668 1592 1847 1648 1622 1953 1723 1775 1538 1804 1407 1519 1738 1727 1698 1426 1571 1591 1642 1497 1712 1740 1566 1598 1983 1753 1637 1652 1532 1690 1567 1575 1731 1841 1565 1469 1842 1627 1694 1713 1791 1352 1632 1675 1792 1445 1574 1887 1615 1860 1643 1462 1595 1974 1615 1569 1765 1470 1610 1582 1656 1673 1848 1583 1599 1695 
1593 1586 1415 1592 1397 1637 1326 1486 1474 1491 1607 1601 1615 1381 1384 1309 1535 1425 1602 1445 1689 1477 1536 1485 1735 1414 1520 1406 1693 1882 1572 1313 1698 1781 1475 1435 1630 1373 1590 1510 1782 1757 1424 1228 1420 1535 1572 1821 1696 1721 1283 1605 1518 1480 1418 1470 1770 1510 1555 1707 1547 1612 1518 1768 1298 1556 1762 1587 1440 1411 1511 1720 1627 1471 1627 1604 1556 1593 1680 1729 1468 1648 1461 1395 1442 1553 1659 1685 1614 1580 1678 1765 1714 1617 1689 1345 1622 1416 1793 1339 1468 1670 1584 1906 1461 1526 1573 1666 1471 1421 1702 1550 1483 1480 1483 1761 1706 1566 1444 1498 
1356 1524 1268 1461 1457 1604 1194 1357 1375 1424 1411 1263 1473 1484 1328 1337 1325 1207 1486 1403 1677 1284 1474 1331 1589 1322 1396 1252 1466 1698 1375 1420 1608 1576 1409 1284 1323 1362 1291 1384 1620 1555 1410 1216 1372 1290 1383 1612 1552 1462 1232 1605 1349 1480 1396 1528 1631 1447 1466 1741 1548 1435 1361 1561 1382 1408 1579 1303 1465 1135 1336 1520 1634 1232 1637 1653 1308 1370 1622 1518 1382 1336 1312 1442 1361 1529 1427 1634 1484 1361 1509 1483 1263 1418 1591 1162 1482 1460 1380 1202 1289 1526 1638 1583 1412 1280 1528 1534 1595 1464 1461 1388 1360 1405 1466 1406 1571 1449 1386 1530 
1586 1608 1569 1719 1581 1950 1452 1680 1635 1771 1810 1607 1718 1566 1397 1520 1533 1628 1591 1617 1894 1462 1483 1594 1595 1583 1662 1561 1723 1822 1764 1663 1847 1948 1576 1592 1634 1495 1593 1708 1774 1686 1440 1308 1529 1612 1659 2012 1810 1866 1538 1700 1558 1724 1608 1688 1799 1487 1583 1940 1531 1675 1540 1739 1508 1684 1643 1746 1525 1350 1539 1656 1783 1423 1556 1745 1619 1491 1878 1944 1524 1709 1670 1659 1577 1586 1767 1873 1587 1507 1623 1830 1813 1536 1723 1507 1716 1660 1686 1423 1455 1794 1694 1935 1599 1521 1574 1882 1683 1488 1906 1575 1551 1560 1677 1862 1670 1701 1550 1626 
1590 1515 1560 1580 1593 1864 1515 1600 1671 1685 1805 1540 1638 1704 1393 1438 1733 1424 1729 1619 1888 1632 1445 1679 1712 1588 1568 1531 1656 1798 1689 1556 1748 1912 1686 1510 1521 1439 1607 1518 1779 1803 1577 1425 1458 1464 1718 1966 1778 1868 1487 1681 1663 1638 1496 1495 1731 1657 1505 1830 1556 1686 1629 1692 1437 1456 1746 1785 1557 1336 1696 1620 1697 1477 1596 1709 1601 1553 1871 1671 1448 1651 1480 1648 1618 1629 1868 2034 1614 1517 1856 1706 1643 1691 1708 1464 1711 1574 1687 1462 1631 1880 1583 1757 1580 1437 1584 1789 1624 1571 1742 1459 1512 1546 1561 1655 1798 1663 1568 1692 
1481 1539 1430 1653 1566 1778 1308 1511 1517 1712 1689 1457 1377 1502 1376 1295 1584 1376 1724 1703 1675 1549 1422 1706 1630 1478 1636 1571 1608 1784 1481 1517 1589 1787 1606 1420 1358 1390 1313 1565 1758 1568 1390 1272 1352 1552 1526 1918 1597 1603 1385 1593 1537 1516 1456 1528 1630 1538 1447 1707 1481 1572 1571 1682 1497 1583 1637 1523 1529 1460 1516 1528 1505 1454 1580 1582 1420 1350 1653 1703 1449 1595 1464 1519 1356 1567 1628 1696 1513 1446 1545 1717 1428 1676 1662 1357 1661 1494 1657 1473 1591 1778 1515 1825 1641 1556 1390 1547 1396 1437 1598 1466 1440 1409 1597 1616 1839 1610 1474 1547 
1625 1725 1708 1884 1750 1973 1611 1640 1709 1698 1795 1589 1672 1670 1417 1564 1687 1673 1704 1749 1859 1544 1553 1693 1828 1701 1627 1561 1746 1917 1633 1524 1695 1942 1702 1502 1558 1642 1426 1676 1932 1599 1677 1311 1452 1658 1667 2051 1692 1815 1483 1880 1706 1617 1579 1551 1745 1603 1456 1973 1723 1651 1574 1769 1648 1655 1973 1678 1723 1601 1593 1657 1579 1598 1827 1739 1534 1635 1787 1913 1729 1606 1545 1790 1426 1906 1892 1908 1679 1655 1571 1827 1723 1777 1698 1290 1865 1725 1973 1528 1656 1998 1756 2136 1752 1710 1522 1673 1587 1646 1806 1517 1601 1391 1582 1872 1952 1701 1660 1644 
1751 1828 1800 2002 1774 2052 1543 1838 1776 1780 1870 1643 1697 1871 1772 1674 1797 1653 1761 1662 2151 1600 1674 1830 1755 1626 1727 1783 1831 2094 1908 1764 1882 2045 1932 1652 1685 1651 1586 1773 1845 1999 1589 1403 1530 1728 1822 2106 1835 1973 1638 1816 1822 1890 1768 1818 1973 1694 1770 2110 1713 1798 1791 2013 1635 1742 1954 1942 1778 1615 1696 1781 1853 1652 1878 1904 1853 1763 2013 1796 1649 1885 1520 1947 1763 1766 1836 2053 1807 1599 1810 1948 1855 1817 1898 1526 1941 1757 1954 1584 1573 2016 1858 2040 1708 1652 1613 2003 1750 1885 1889 1752 1628 1783 1788 1927 1977 1960 1877 1864 
1656 1554 1582 1812 1713 1869 1418 1655 1627 1794 1806 1731 1670 1687 1505 1457 1597 1542 1759 1639 1801 1568 1505 1768 1661 1658 1520 1632 1603 1898 1643 1539 1749 1779 1521 1443 1664 1547 1689 1610 1919 1712 1584 1294 1447 1493 1751 1910 1569 1842 1521 1774 1618 1704 1583 1607 1746 1436 1572 1840 1667 1651 1641 1820 1477 1600 1766 1826 1625 1455 1636 1553 1749 1507 1698 1689 1569 1625 1866 1847 1566 1682 1650 1693 1664 1832 1654 1936 1638 1655 1696 1754 1764 1617 1793 1365 1865 1558 1738 1454 1632 1888 1620 1899 1603 1429 1591 1696 1531 1581 1628 1520 1619 1520 1669 1763 1932 1633 1673 1616 
1595 1768 1591 1830 1735 1985 1406 1718 1664 1897 1851 1608 1652 1808 1607 1657 1585 1544 1854 1817 2097 1591 1588 1770 1820 1778 1765 1784 1722 1915 1829 1778 1877 1970 1622 1557 1654 1619 1681 1586 1920 1849 1658 1328 1644 1524 1661 1993 1837 1800 1422 1741 1636 1748 1613 1666 1861 1586 1670 2044 1653 1799 1725 1777 1720 1606 1944 1726 1629 1565 1642 1681 1692 1469 1635 1726 1626 1536 1986 1868 1590 1726 1571 1697 1594 1711 1674 2016 1636 1588 1750 1870 1735 1774 1777 1565 1853 1683 1692 1542 1450 1880 1693 2033 1755 1516 1547 1801 1759 1613 1812 1545 1718 1596 1780 1853 1684 1788 1724 1658 
1585 1583 1604 1709 1715 1946 1581 1701 1818 1704 1738 1670 1746 1786 1543 1527 1630 1600 1700 1681 1939 1625 1523 1780 1828 1680 1568 1467 1629 1743 1676 1540 1830 1864 1617 1617 1583 1493 1472 1506 1790 1659 1707 1436 1607 1604 1752 1868 1877 1948 1423 1737 1563 1747 1666 1601 1892 1542 1555 1859 1821 1721 1756 1788 1647 1678 1801 1775 1649 1530 1581 1695 1843 1625 1900 1821 1520 1565 1822 1794 1661 1725 1535 1682 1593 1678 1718 1907 1724 1461 1752 1829 1722 1774 1781 1483 1858 1749 1690 1509 1691 1930 1777 1911 1729 1489 1761 1848 1678 1630 1682 1514 1719 1452 1737 1662 1793 1621 1536 1703 
1627 1519 1383 1579 1452 1555 1157 1419 1395 1498 1631 1422 1447 1655 1317 1491 1377 1351 1496 1552 1733 1310 1327 1452 1610 1426 1515 1421 1430 1735 1383 1372 1574 1958 1413 1468 1279 1462 1534 1395 1603 1557 1372 1241 1420 1387 1391 1704 1548 1563 1310 1402 1569 1550 1351 1422 1726 1338 1383 1664 1462 1541 1465 1687 1337 1419 1577 1579 1400 1404 1305 1427 1519 1334 1493 1388 1432 1488 1663 1495 1386 1471 1305 1501 1470 1543 1387 1688 1497 1346 1610 1664 1480 1459 1484 1312 1464 1438 1494 1407 1289 1560 1478 1860 1423 1291 1437 1587 1687 1300 1548 1343 1357 1204 1392 1673 1502 1489 1422 1438 
1637 1661 1643 1957 1681 1964 1554 1644 1691 1794 1852 1571 1794 1829 1662 1682 1612 1661 1722 1708 1977 1579 1558 1647 1599 1759 1671 1598 1674 1900 1766 1595 1874 1981 1753 1519 1697 1698 1583 1590 1805 1837 1557 1360 1541 1623 1792 2041 1890 1834 1631 1934 1785 1715 1651 1657 1979 1585 1655 1991 1741 1780 1520 1791 1548 1711 1905 1855 1551 1510 1601 1674 1605 1501 1809 1815 1696 1747 1792 1882 1659 1813 1774 1760 1583 1757 1805 1934 1806 1640 1751 1823 1800 1811 1850 1512 1750 1686 1908 1527 1619 1961 1681 2057 1591 1629 1759 1893 1673 1684 1832 1665 1705 1535 1751 1799 1846 1597 1660 1594 
1565 1808 1683 1883 1583 1740 1528 1641 1775 1719 1909 1545 1642 1711 1508 1501 1565 1478 1629 1699 1941 1530 1483 1588 1726 1541 1585 1743 1793 1847 1688 1660 1903 1891 1866 1719 1422 1570 1462 1548 1808 1817 1550 1275 1594 1572 1762 2082 1763 1858 1631 1679 1573 1701 1528 1682 1750 1483 1547 1983 1559 1707 1624 1782 1579 1702 1689 1803 1655 1468 1427 1586 1818 1449 1695 1669 1653 1530 1928 1815 1453 1520 1519 1938 1549 1608 1735 1746 1621 1521 1696 1855 1748 1641 1616 1376 1626 1647 1792 1586 1642 1909 1576 2014 1652 1581 1507 1939 1714 1587 1780 1571 1703 1558 1678 1705 1792 1752 1678 1666 
1676 1660 1718 1868 1753 1888 1430 1647 1671 1748 1781 1421 1781 1834 1541 1643 1582 1571 1749 1765 1852 1544 1709 1611 1831 1807 1676 1532 1788 1924 1688 1642 1829 2010 1761 1448 1555 1644 1486 1495 1931 1816 1638 1359 1625 1672 1576 1967 1793 1792 1442 1876 1725 1603 1604 1604 1898 1657 1690 2122 1759 1724 1703 1769 1486 1678 2042 1776 1649 1549 1567 1676 1629 1584 1732 1761 1637 1600 2051 1779 1615 1653 1552 1812 1545 1868 1766 1925 1585 1762 1719 1765 1692 1904 1826 1451 1834 1725 1808 1519 1714 1815 1810 2005 1627 1529 1610 1782 1772 1670 1805 1517 1523 1478 1580 1725 1793 1691 1709 1696 
1468 1667 1430 1609 1417 1616 1368 1536 1545 1454 1570 1415 1333 1431 1393 1347 1573 1438 1624 1607 1593 1347 1467 1569 1602 1434 1499 1506 1585 1877 1479 1518 1603 1717 1539 1541 1471 1404 1309 1482 1746 1567 1397 1270 1514 1359 1546 1967 1595 1596 1442 1666 1429 1575 1513 1483 1658 1508 1567 1793 1571 1485 1509 1668 1375 1265 1581 1439 1467 1325 1463 1441 1538 1423 1608 1474 1456 1389 1709 1713 1451 1476 1396 1550 1416 1525 1562 1677 1499 1395 1609 1595 1468 1528 1555 1244 1595 1445 1522 1402 1423 1571 1524 1819 1594 1365 1488 1727 1527 1451 1571 1380 1472 1332 1500 1662 1714 1662 1532 1666 
1787 1690 1693 2006 1741 2047 1604 1752 1791 1751 1925 1583 1735 1654 1571 1599 1633 1685 1739 1515 2009 1624 1706 1795 1855 1607 1599 1568 1806 1939 1827 1660 1900 1769 1735 1456 1695 1722 1613 1818 1969 1878 1618 1477 1432 1667 1829 1986 1869 1869 1443 2027 1675 1808 1730 1886 1863 1758 1642 2110 1762 1771 1568 1867 1630 1715 1864 1805 1764 1430 1697 1687 1786 1611 1895 1800 1529 1699 1851 1965 1655 1798 1632 1705 1590 1794 1876 1887 1842 1734 1749 1897 1734 1763 1959 1451 1761 1681 1863 1490 1522 1959 1802 2018 1606 1557 1710 1827 1641 1771 1838 1775 1671 1560 1694 1873 1843 1736 1687 1768 
1715 1862 1748 1913 1750 1881 1556 1630 1619 1656 1889 1530 1850 1858 1668 1550 1689 1649 1822 1588 1964 1593 1554 1723 1888 1670 1653 1540 1867 2077 1691 1654 1776 2025 1806 1610 1598 1693 1529 1724 2060 1792 1663 1431 1699 1492 1718 1971 1771 1842 1436 1902 1683 1829 1711 1695 1972 1623 1603 2003 1707 1752 1679 1916 1505 1677 2041 1779 1589 1537 1567 1809 1816 1619 1796 1811 1636 1669 1968 1865 1635 1846 1526 1585 1644 1834 1703 1917 1782 1694 1835 1863 1717 1717 1767 1478 1849 1657 1775 1469 1632 1855 1728 1917 1746 1599 1645 1916 1750 1637 1851 1734 1668 1530 1625 1943 1915 1759 1655 1712 
1403 1363 1168 1469 1172 1333 1067 1387 1318 1416 1410 1210 1363 1547 1345 1231 1275 1303 1324 1436 1539 1312 1353 1356 1412 1312 1353 1231 1380 1553 1412 1417 1554 1472 1478 1312 1350 1260 1312 1274 1555 1621 1312 1133 1371 1368 1350 1592 1559 1518 1284 1395 1429 1505 1240 1251 1539 1446 1362 1562 1418 1441 1322 1499 1384 1214 1515 1364 1262 1122 1319 1421 1470 1165 1480 1387 1327 1349 1593 1478 1290 1343 1279 1438 1428 1290 1340 1595 1494 1240 1353 1420 1389 1423 1398 1156 1320 1368 1405 1323 1379 1439 1394 1598 1301 1258 1354 1420 1378 1258 1422 1408 1154 1135 1344 1544 1517 1411 1310 1447 
1667 1687 1430 1752 1628 1761 1364 1463 1580 1599 1687 1448 1565 1540 1463 1359 1678 1455 1618 1502 1757 1513 1524 1668 1640 1537 1493 1481 1717 1800 1710 1566 1662 1820 1559 1444 1429 1456 1448 1598 1813 1761 1569 1289 1503 1315 1675 1920 1669 1723 1490 1804 1469 1680 1481 1599 1622 1472 1584 1837 1564 1682 1508 1624 1385 1433 1617 1675 1400 1292 1406 1551 1674 1393 1659 1508 1645 1512 1832 1712 1447 1606 1513 1630 1474 1609 1516 1742 1553 1603 1537 1590 1585 1530 1735 1423 1583 1500 1640 1435 1568 1664 1589 1806 1480 1531 1521 1736 1636 1534 1658 1535 1572 1404 1588 1796 1668 1683 1505 1684 
1703 1543 1522 1823 1644 1902 1508 1754 1678 1769 1849 1623 1599 1759 1601 1597 1645 1627 1771 1757 1816 1494 1567 1818 1792 1658 1694 1584 1661 1839 1707 1647 1767 1876 1687 1564 1718 1604 1632 1553 1882 1812 1558 1412 1496 1659 1637 2032 1689 1746 1655 1866 1701 1688 1625 1585 1834 1674 1501 2043 1715 1712 1620 1850 1557 1504 1902 1779 1690 1553 1675 1611 1766 1487 1820 1812 1573 1626 1913 1833 1641 1802 1684 1786 1674 1818 1708 2042 1707 1701 1734 1781 1741 1687 1913 1338 1835 1713 1904 1639 1645 1932 1659 2110 1710 1599 1547 1808 1579 1604 1719 1534 1634 1395 1775 1837 2010 1634 1722 1741 
1570 1536 1347 1765 1553 1560 1266 1468 1417 1574 1710 1408 1516 1707 1564 1375 1527 1469 1517 1287 1752 1390 1602 1557 1585 1454 1513 1441 1635 1700 1661 1548 1755 1667 1597 1407 1376 1610 1412 1413 1806 1712 1399 1277 1448 1362 1626 1806 1662 1613 1394 1637 1453 1625 1387 1519 1842 1539 1379 1716 1506 1517 1461 1531 1416 1442 1672 1634 1556 1346 1336 1419 1633 1328 1672 1642 1404 1475 1780 1555 1557 1469 1406 1579 1502 1505 1520 1577 1621 1417 1608 1763 1348 1572 1744 1305 1538 1469 1505 1529 1503 1640 1688 1835 1448 1474 1397 1682 1576 1408 1726 1523 1415 1349 1395 1538 1764 1623 1383 1596 
1729 1750 1726 1954 1663 1902 1667 1808 1878 1730 1893 1771 1738 1768 1722 1608 1741 1803 1689 1771 1918 1732 1656 1788 1902 1677 1638 1634 1769 1888 1853 1680 2061 1904 1835 1633 1785 1662 1618 1665 2063 1870 1617 1411 1761 1788 1873 2033 1961 1892 1679 1948 1665 1765 1714 1761 2009 1715 1652 2087 1937 1799 1781 1915 1628 1887 1918 1820 1777 1655 1674 1831 1922 1598 2045 1782 1683 1662 1976 1974 1740 1790 1716 1880 1607 1785 1837 1818 1835 1662 1680 1944 1820 1803 1910 1421 1925 1886 1855 1568 1839 1990 1932 2256 1753 1550 1745 1946 1761 1632 1851 1743 1733 1524 1791 1893 1987 1797 1708 1917 
1778 1861 1727 2002 1774 2071 1653 1832 1894 1863 1885 1751 1751 1781 1742 1718 1780 1797 1785 1824 2068 1746 1653 1868 1826 1733 1751 1708 1844 2136 1866 1753 1949 2039 1947 1614 1856 1810 1731 1829 1969 2055 1866 1582 1742 1804 1969 2184 1985 2085 1720 1970 1729 1916 1721 1861 1920 1709 1784 2082 1918 1933 1727 1956 1707 1808 2031 1796 1658 1624 1628 1945 1848 1634 1883 1799 1735 1750 2070 2044 1644 1817 1719 1818 1724 1873 1877 2138 1827 1534 1876 1997 1857 1782 1933 1693 1881 1880 1822 1635 1739 2088 1857 2130 1793 1611 1804 1876 1863 1871 1886 1696 1841 1637 1821 1895 1936 1844 1797 1793 
1711 1619 1762 1933 1672 1796 1514 1614 1832 1716 1883 1711 1786 1582 1483 1453 1597 1649 1730 1757 1740 1486 1518 1674 1891 1639 1625 1586 1681 1739 1683 1705 1908 1848 1783 1526 1615 1539 1590 1597 1949 1827 1523 1314 1769 1544 1770 1910 1940 1834 1510 1800 1697 1818 1650 1861 1914 1587 1678 2006 1675 1686 1639 1837 1656 1690 1907 1715 1819 1518 1557 1596 1773 1505 1858 1694 1457 1480 1791 1866 1788 1648 1661 1691 1638 1654 1794 1754 1843 1665 1683 1946 1850 1715 1765 1321 1810 1809 1865 1533 1622 2022 1736 1993 1708 1526 1649 1915 1680 1663 1769 1632 1583 1536 1701 1876 1761 1787 1648 1739 
1723 1775 1697 1833 1751 1843 1537 1713 1728 1636 1766 1643 1610 1708 1564 1485 1703 1657 1774 1788 1938 1631 1547 1775 1839 1523 1649 1554 1602 1974 1762 1693 1879 1825 1811 1598 1618 1517 1448 1564 2005 1753 1637 1391 1764 1601 1792 1997 1742 1887 1480 1869 1731 1768 1591 1679 1929 1703 1678 1986 1716 1668 1627 1687 1574 1672 1920 1789 1647 1375 1608 1847 1761 1530 1825 1738 1523 1523 1855 1830 1773 1514 1522 1773 1596 1745 1721 1810 1761 1530 1718 1804 1745 1731 1739 1395 1777 1792 1708 1508 1626 1995 1903 1943 1740 1479 1657 2000 1637 1622 1918 1636 1559 1636 1591 1831 1810 1882 1690 1740 
1655 1761 1675 1894 1624 1848 1367 1704 1584 1835 1861 1689 1754 1643 1607 1585 1708 1658 1810 1784 1870 1574 1645 1785 1855 1615 1699 1678 1792 2040 1669 1845 1876 1979 1659 1440 1723 1618 1571 1624 1941 1855 1701 1374 1616 1605 1666 2065 1637 1695 1600 1802 1754 1731 1608 1803 1864 1745 1556 2080 1747 1688 1610 1932 1650 1707 1959 1690 1609 1532 1521 1620 1749 1514 1757 1715 1690 1684 1990 1856 1555 1695 1743 1775 1704 1810 1758 1999 1748 1768 1745 1819 1728 1792 1779 1449 1923 1658 2034 1570 1699 1879 1788 2065 1630 1652 1681 1918 1662 1719 1880 1725 1574 1603 1744 1907 1959 1791 1588 1806 
1500 1815 1555 1794 1708 1840 1448 1593 1673 1879 1830 1570 1634 1618 1428 1495 1545 1573 1818 1653 1968 1619 1393 1638 1794 1647 1606 1518 1654 1831 1696 1567 1831 1924 1516 1463 1435 1543 1527 1607 1812 1730 1520 1360 1479 1495 1716 1858 1803 1787 1575 1813 1534 1594 1696 1671 1775 1511 1554 1975 1686 1652 1524 1737 1556 1669 1652 1673 1636 1494 1606 1560 1663 1522 1698 1706 1517 1571 1906 1877 1635 1739 1652 1792 1627 1680 1690 1739 1697 1491 1666 1770 1681 1631 1785 1422 1736 1658 1638 1422 1523 1939 1778 1868 1589 1442 1692 1874 1761 1464 1790 1588 1582 1423 1761 1813 1797 1718 1550 1692 
1382 1530 1606 1644 1668 1679 1211 1328 1544 1644 1637 1390 1586 1515 1370 1342 1542 1323 1689 1541 1604 1457 1492 1455 1634 1491 1501 1382 1652 1691 1509 1499 1553 1706 1444 1247 1405 1446 1355 1317 1582 1491 1463 1291 1427 1319 1617 1776 1608 1529 1357 1688 1498 1415 1309 1578 1721 1393 1535 1775 1517 1655 1425 1530 1330 1432 1665 1570 1539 1266 1423 1507 1467 1413 1526 1530 1468 1437 1699 1683 1291 1509 1442 1491 1428 1430 1609 1764 1587 1431 1596 1647 1420 1549 1594 1329 1606 1550 1517 1428 1440 1677 1567 1604 1514 1591 1465 1655 1609 1527 1720 1471 1403 1470 1462 1596 1565 1625 1563 1564 
1649 1565 1550 1671 1478 1789 1495 1491 1641 1542 1731 1532 1494 1527 1439 1545 1614 1568 1648 1648 1763 1520 1565 1476 1859 1477 1608 1511 1508 1870 1525 1611 1693 1919 1671 1626 1424 1468 1585 1508 1830 1598 1392 1291 1725 1572 1617 1834 1770 1748 1366 1568 1527 1504 1675 1628 1794 1534 1544 1831 1730 1613 1421 1947 1485 1561 1695 1572 1578 1432 1610 1584 1696 1413 1828 1667 1483 1526 1818 1775 1718 1657 1495 1617 1589 1739 1635 1817 1717 1471 1604 1806 1644 1659 1727 1279 1763 1595 1674 1365 1532 1801 1589 1952 1633 1413 1566 1851 1663 1482 1624 1484 1589 1284 1551 1911 1863 1660 1502 1644 
1539 1702 1434 1786 1599 1830 1315 1687 1719 1690 1770 1576 1564 1652 1452 1480 1337 1660 1671 1683 1919 1610 1521 1722 1662 1476 1583 1570 1553 1914 1598 1641 1806 1750 1578 1538 1470 1459 1453 1436 1922 1588 1565 1273 1527 1605 1514 1832 1592 1724 1552 1667 1613 1712 1546 1676 1843 1570 1499 2020 1650 1629 1476 1844 1576 1570 1760 1656 1659 1439 1368 1532 1562 1376 1744 1632 1405 1607 1924 1796 1526 1611 1485 1723 1556 1537 1590 1779 1748 1360 1559 1813 1657 1683 1745 1392 1743 1612 1602 1372 1488 1834 1630 1938 1592 1311 1553 1753 1569 1458 1596 1557 1548 1403 1573 1791 1767 1695 1680 1578 
1643 1733 1701 1958 1652 1649 1419 1488 1620 1752 1728 1486 1635 1625 1487 1334 1546 1537 1678 1649 1736 1655 1513 1712 1649 1631 1644 1622 1850 1813 1695 1546 1759 1721 1801 1403 1393 1560 1434 1611 1787 1844 1512 1379 1416 1687 1662 1905 1807 1705 1510 1660 1670 1744 1667 1554 1730 1648 1542 1960 1585 1633 1635 1671 1452 1577 1693 1722 1600 1356 1543 1513 1666 1454 1805 1527 1505 1578 1789 1685 1447 1622 1606 1743 1504 1681 1705 1698 1720 1646 1699 1818 1677 1596 1509 1325 1632 1634 1657 1483 1484 1771 1609 1744 1432 1477 1480 1668 1469 1495 1655 1583 1544 1474 1732 1779 1814 1646 1676 1753 
1650 1741 1702 1847 1700 1936 1546 1563 1614 1838 1907 1582 1735 1680 1473 1493 1575 1520 1750 1664 1954 1595 1506 1763 1726 1599 1607 1685 1765 1905 1722 1604 1910 1971 1628 1559 1640 1637 1623 1680 1883 1911 1551 1432 1338 1579 1728 1964 1684 1855 1577 1708 1686 1722 1549 1774 1773 1677 1487 1926 1623 1621 1457 1834 1486 1756 1777 1871 1717 1396 1536 1510 1666 1393 1718 1648 1574 1667 1913 1604 1439 1717 1471 1710 1541 1673 1680 1754 1605 1648 1708 1685 1757 1777 1847 1385 1705 1683 1831 1495 1593 1992 1608 2058 1522 1611 1438 1707 1625 1513 1823 1571 1554 1503 1677 1756 1887 1754 1508 1551 
1735 1717 1564 1848 1724 1871 1407 1659 1620 1589 1727 1632 1664 1727 1595 1590 1608 1588 1737 1637 1907 1497 1697 1878 1795 1627 1629 1589 1724 1921 1728 1646 1918 1942 1565 1586 1629 1652 1700 1604 1770 1783 1578 1453 1635 1598 1567 1876 1864 1800 1438 1769 1614 1767 1566 1653 1976 1626 1724 1950 1794 1752 1660 1773 1540 1682 1763 1725 1526 1477 1564 1680 1819 1561 1811 1698 1525 1620 1964 1865 1641 1718 1479 1624 1680 1545 1541 1870 1768 1438 1786 1869 1703 1700 1830 1531 1761 1684 1597 1530 1483 1888 1791 2031 1671 1505 1657 1779 1755 1611 1814 1705 1454 1484 1609 1827 1689 1815 1491 1600 
1511 1605 1565 1743 1644 1675 1280 1512 1643 1492 1704 1533 1561 1493 1509 1530 1571 1432 1601 1438 1726 1526 1538 1582 1665 1518 1491 1406 1736 1784 1454 1391 1606 1764 1618 1330 1437 1497 1453 1401 1812 1681 1508 1196 1441 1437 1459 1800 1673 1641 1425 1679 1520 1512 1473 1583 1765 1298 1537 1827 1558 1632 1650 1695 1322 1544 1871 1593 1576 1495 1426 1653 1549 1443 1800 1626 1573 1502 1764 1700 1588 1516 1473 1667 1454 1589 1657 1728 1757 1513 1657 1851 1606 1593 1599 1353 1723 1520 1692 1297 1409 1751 1770 1837 1678 1450 1533 1600 1552 1636 1728 1548 1512 1457 1458 1699 1742 1542 1477 1531 
1616 1864 1715 1994 1668 1730 1523 1763 1553 1807 1797 1455 1606 1753 1607 1515 1635 1607 1717 1635 1817 1628 1510 1769 1836 1642 1627 1652 1726 1859 1689 1687 1851 1956 1699 1604 1480 1765 1471 1545 1831 1907 1607 1327 1478 1685 1685 1987 1753 1823 1492 1847 1695 1810 1563 1664 1904 1705 1547 2051 1681 1772 1602 1824 1551 1616 1920 1701 1568 1573 1535 1605 1718 1585 1895 1821 1667 1647 1869 1760 1588 1645 1508 1775 1552 1751 1668 2000 1736 1674 1850 1834 1745 1684 1736 1348 1753 1691 1862 1671 1581 1909 1777 1882 1640 1504 1628 1832 1701 1688 1724 1599 1618 1474 1791 1781 1894 1661 1757 1720 
1682 1805 1597 1956 1642 1866 1466 1659 1814 1782 1860 1747 1811 1864 1716 1652 1549 1677 1792 1865 1982 1585 1550 1747 1888 1607 1833 1712 1757 2008 1748 1777 1939 1961 1838 1794 1643 1430 1598 1516 1875 1801 1669 1508 1520 1695 1675 1988 1803 1750 1621 1746 1751 1854 1659 1777 1893 1550 1742 1929 1741 1845 1769 1964 1750 1784 1840 1878 1806 1548 1604 1731 1903 1510 1885 1826 1671 1631 1922 1859 1592 1710 1696 1844 1750 1623 1755 1962 1902 1707 1847 1875 1857 1758 1805 1467 1692 1735 1859 1575 1626 1965 1699 2078 1716 1658 1650 1962 1838 1588 1865 1750 1607 1708 1830 1899 1922 1754 1653 1784 
1386 1235 1348 1483 1390 1549 1160 1359 1604 1447 1545 1253 1369 1294 1250 1216 1428 1191 1599 1334 1484 1347 1422 1495 1398 1394 1260 1322 1460 1478 1257 1387 1386 1482 1359 1358 1294 1295 1400 1248 1526 1549 1326 1137 1226 1356 1423 1634 1475 1588 1392 1433 1363 1357 1179 1486 1319 1261 1314 1525 1307 1459 1260 1492 1250 1230 1528 1543 1494 1299 1478 1458 1534 1281 1589 1513 1305 1290 1587 1622 1425 1477 1342 1411 1345 1410 1421 1622 1530 1315 1294 1378 1524 1390 1407 1208 1463 1367 1413 1318 1439 1703 1478 1565 1518 1377 1378 1361 1351 1408 1527 1385 1246 1203 1449 1444 1648 1443 1313 1365 
1287 1386 1451 1655 1465 1584 1420 1561 1405 1618 1633 1409 1410 1532 1465 1334 1420 1457 1439 1410 1653 1471 1303 1472 1478 1554 1352 1361 1380 1571 1597 1429 1688 1489 1363 1358 1377 1475 1333 1395 1757 1624 1229 1014 1387 1475 1517 1611 1547 1734 1278 1592 1255 1605 1433 1438 1691 1396 1394 1673 1495 1426 1399 1523 1332 1474 1493 1593 1419 1303 1406 1412 1485 1174 1718 1542 1353 1357 1656 1606 1395 1483 1477 1507 1413 1419 1443 1522 1524 1378 1470 1558 1491 1592 1522 1178 1567 1526 1501 1425 1345 1716 1559 1743 1351 1297 1289 1573 1511 1239 1541 1468 1578 1219 1587 1555 1541 1400 1500 1518 
1608 1565 1665 1845 1659 1940 1507 1683 1716 1841 1801 1574 1695 1678 1439 1599 1539 1507 1707 1715 1987 1474 1602 1610 1740 1620 1631 1553 1729 1929 1639 1518 1781 1926 1628 1483 1661 1683 1694 1561 1823 1778 1724 1315 1556 1643 1653 1983 1825 1802 1608 1748 1653 1794 1734 1562 1811 1421 1760 2039 1601 1759 1612 1782 1701 1624 1751 1836 1643 1504 1559 1646 1681 1506 1721 1687 1633 1665 1799 1807 1559 1675 1551 1743 1551 1671 1827 1779 1689 1596 1762 1847 1741 1702 1906 1426 1767 1613 1677 1571 1533 1996 1775 2174 1764 1653 1539 1971 1758 1560 1727 1663 1639 1521 1753 1965 1759 1621 1673 1541 
1693 1714 1613 1875 1706 1889 1553 1702 1775 1771 1873 1644 1743 1706 1466 1610 1622 1729 1786 1749 1947 1545 1650 1667 1959 1687 1611 1659 1835 1952 1856 1588 1715 1908 1745 1474 1659 1551 1545 1680 1921 1787 1629 1441 1611 1513 1744 2049 1860 1856 1414 1814 1494 1798 1638 1719 1753 1560 1642 1967 1746 1677 1531 2005 1641 1563 1870 1757 1697 1468 1483 1655 1780 1580 1668 1795 1598 1635 1828 1813 1639 1683 1543 1692 1488 1796 1769 1911 1740 1676 1855 2093 1820 1680 1793 1514 1846 1867 1809 1548 1515 1916 1693 2069 1648 1602 1544 1794 1764 1644 1761 1619 1637 1543 1691 1775 1750 1675 1656 1736 
1741 1702 1630 1774 1719 1835 1431 1728 1710 1763 1771 1584 1755 1667 1416 1404 1695 1630 1601 1628 1940 1719 1557 1656 1774 1615 1631 1594 1738 1818 1705 1716 1801 1885 1695 1573 1546 1505 1319 1469 1939 1792 1556 1312 1609 1538 1806 1955 1734 1919 1453 1724 1601 1714 1561 1694 1819 1644 1473 1927 1656 1545 1497 1871 1544 1585 1923 1797 1677 1288 1601 1628 1777 1484 1846 1783 1474 1584 1832 1823 1720 1640 1545 1805 1521 1781 1728 1849 1821 1660 1660 1947 1731 1674 1692 1470 1854 1846 1789 1434 1577 1853 1758 1857 1649 1586 1552 1714 1742 1555 1746 1565 1517 1471 1650 1720 1831 1688 1563 1682 
1830 2008 1724 1917 1709 2021 1525 1803 1834 1809 1857 1876 1910 1780 1626 1651 1761 1825 1827 1769 1963 1609 1674 1952 1971 1636 1747 1751 1933 2153 1809 1734 1964 2093 1835 1885 1804 1719 1788 1777 1826 1949 1692 1486 1675 1809 1837 2118 1907 1970 1707 1996 1691 1920 1753 1713 2028 1736 1836 2049 1903 1885 1735 2044 1736 1813 2001 1854 1701 1562 1654 1827 2012 1727 1882 1836 1735 1813 2156 2079 1639 1857 1728 1855 1730 1728 2011 2134 1836 1599 1974 2048 1871 1702 1956 1558 2006 1782 1809 1621 1786 2006 1909 2240 1826 1776 1850 2129 2048 1664 1881 1729 1715 1691 1799 2141 2071 1986 1691 1861 
1601 1651 1492 1786 1621 1851 1479 1625 1664 1590 1661 1625 1621 1661 1542 1505 1559 1627 1738 1699 1885 1455 1569 1586 1791 1504 1607 1603 1721 1808 1750 1608 1731 1825 1641 1604 1502 1496 1505 1598 1733 1772 1573 1365 1527 1565 1669 1992 1742 1898 1638 1716 1481 1792 1573 1719 1732 1493 1572 1945 1757 1659 1632 1755 1644 1500 1667 1745 1648 1529 1488 1522 1781 1490 1678 1642 1589 1598 1828 1774 1417 1591 1557 1778 1651 1576 1703 1886 1631 1552 1760 1889 1675 1639 1806 1390 1666 1510 1638 1514 1545 1788 1655 1903 1429 1513 1584 1913 1624 1553 1647 1565 1615 1480 1706 1784 1822 1739 1635 1680 
1605 1680 1559 1727 1758 1916 1487 1712 1607 1672 1664 1602 1692 1742 1566 1482 1612 1452 1696 1740 1943 1525 1590 1639 1828 1591 1775 1532 1705 1943 1510 1580 1778 2056 1640 1513 1521 1587 1457 1629 1953 1811 1761 1446 1608 1519 1584 1984 1788 1806 1590 1717 1540 1764 1746 1730 1921 1476 1771 2061 1769 1726 1612 1953 1526 1619 1726 1674 1706 1431 1553 1687 1775 1552 1872 1789 1629 1571 1825 1749 1725 1685 1561 1688 1660 1839 1612 1905 1726 1551 1817 1838 1597 1730 1758 1466 1807 1735 1770 1460 1606 1832 1748 1902 1589 1564 1644 1885 1769 1607 1696 1579 1733 1515 1730 1799 1783 1690 1632 1627 
1522 1650 1611 1669 1557 1801 1491 1501 1617 1556 1700 1461 1524 1541 1354 1365 1519 1460 1526 1723 1742 1431 1396 1503 1715 1504 1522 1399 1594 1832 1574 1513 1752 1921 1625 1476 1571 1436 1355 1594 1759 1592 1486 1358 1543 1533 1606 1826 1613 1689 1425 1552 1443 1561 1687 1574 1624 1483 1490 1759 1610 1605 1382 1790 1358 1532 1646 1639 1525 1375 1511 1592 1640 1400 1668 1486 1535 1482 1802 1684 1482 1659 1469 1647 1529 1680 1580 1669 1480 1460 1613 1640 1685 1660 1614 1397 1753 1662 1688 1354 1448 1726 1559 1828 1619 1486 1453 1730 1587 1391 1712 1415 1511 1350 1603 1782 1721 1629 1423 1583 
1590 1695 1600 1723 1492 1666 1441 1636 1547 1518 1754 1344 1552 1588 1533 1469 1658 1505 1550 1531 1752 1493 1498 1497 1672 1497 1685 1493 1709 1882 1738 1454 1665 1853 1789 1598 1453 1539 1450 1570 1821 1863 1310 1239 1508 1414 1544 1896 1755 1701 1411 1772 1598 1564 1601 1553 1693 1716 1620 1919 1719 1572 1614 1746 1450 1524 1818 1570 1526 1371 1589 1573 1670 1418 1589 1773 1550 1380 1861 1715 1648 1548 1332 1615 1442 1612 1716 1740 1529 1527 1676 1642 1610 1585 1616 1301 1659 1587 1652 1422 1607 1768 1686 1787 1613 1481 1553 1769 1582 1559 1697 1466 1545 1456 1541 1729 1754 1752 1443 1633 
1626 1687 1759 1760 1680 1867 1517 1655 1624 1776 1784 1562 1615 1540 1441 1404 1655 1409 1758 1620 1776 1547 1474 1730 1829 1570 1638 1558 1669 1864 1495 1587 1694 1982 1627 1463 1501 1619 1524 1627 1895 1811 1603 1286 1564 1487 1693 1915 1735 1921 1495 1785 1662 1575 1588 1627 1717 1425 1709 2018 1601 1675 1650 1762 1408 1575 1775 1764 1561 1427 1637 1583 1755 1549 1706 1739 1595 1517 1961 1905 1587 1715 1532 1702 1688 1738 1708 1898 1629 1633 1756 1717 1689 1620 1711 1318 1818 1502 1862 1414 1615 1880 1674 1782 1658 1504 1695 1887 1664 1612 1756 1674 1630 1513 1736 1796 1734 1631 1586 1488 
1551 1656 1539 1857 1605 1745 1486 1581 1653 1693 1631 1562 1681 1744 1669 1588 1563 1509 1654 1703 1779 1550 1471 1683 1798 1500 1674 1577 1804 1895 1709 1703 1743 1847 1721 1542 1620 1487 1367 1503 1773 1906 1577 1354 1610 1569 1696 1910 1720 1908 1445 1801 1463 1773 1459 1895 1870 1519 1660 2039 1682 1711 1549 1737 1505 1534 1887 1708 1466 1461 1471 1751 1685 1438 1741 1624 1606 1466 1883 1756 1468 1619 1494 1717 1570 1544 1582 1875 1643 1627 1753 1688 1602 1753 1821 1384 1669 1633 1739 1568 1574 1833 1652 1838 1557 1639 1529 1897 1703 1583 1762 1601 1726 1459 1582 1806 1654 1643 1650 1614 
1706 1692 1552 1785 1800 1956 1482 1544 1707 1718 1845 1628 1795 1762 1530 1546 1517 1560 1836 1571 2016 1535 1669 1819 1890 1598 1671 1665 1810 1821 1725 1621 1843 1856 1668 1473 1589 1600 1601 1578 1834 1750 1617 1456 1328 1567 1571 1895 1766 1768 1482 1812 1631 1586 1571 1730 1798 1514 1665 1979 1738 1709 1656 1837 1617 1628 1812 1788 1862 1543 1625 1637 1805 1549 1826 1817 1622 1632 1939 1750 1612 1816 1464 1796 1564 1680 1754 1886 1766 1634 1762 1885 1713 1703 1727 1446 1863 1608 1716 1447 1610 1931 1715 1958 1684 1556 1613 1637 1663 1657 1701 1642 1580 1521 1630 1736 1843 1783 1547 1595 
1598 1601 1486 1685 1559 1728 1388 1561 1545 1488 1558 1446 1522 1450 1390 1342 1574 1436 1545 1522 1743 1535 1451 1600 1728 1297 1481 1548 1690 1666 1570 1482 1595 1735 1585 1382 1505 1375 1335 1397 1731 1805 1547 1194 1389 1414 1657 1739 1630 1654 1377 1617 1435 1574 1555 1492 1627 1424 1514 1780 1546 1530 1500 1718 1481 1642 1693 1663 1570 1417 1438 1621 1653 1484 1605 1555 1489 1502 1514 1595 1471 1562 1458 1513 1423 1539 1683 1709 1691 1620 1757 1815 1619 1412 1542 1321 1561 1536 1564 1413 1468 1778 1566 1800 1450 1419 1468 1673 1444 1524 1591 1552 1406 1399 1481 1614 1711 1575 1541 1574 
1709 1732 1591 1858 1816 1803 1513 1660 1788 1696 1946 1509 1707 1640 1457 1371 1646 1578 1710 1550 2023 1650 1606 1839 1775 1639 1584 1480 1739 2008 1730 1707 1875 1839 1699 1555 1724 1682 1630 1601 2054 1977 1597 1428 1511 1630 1751 2055 1722 1896 1543 1896 1660 1661 1647 1653 1743 1543 1624 1950 1619 1663 1622 1832 1629 1627 1970 1752 1832 1526 1705 1651 1763 1577 1774 1750 1524 1624 1991 1869 1626 1607 1595 1751 1569 1805 1771 1856 1786 1559 1839 1917 1721 1750 1708 1517 1856 1602 1848 1574 1643 1972 1765 1901 1793 1505 1616 1755 1706 1680 1806 1567 1608 1575 1527 1708 1812 1718 1677 1723 
1694 1678 1599 1808 1628 1827 1522 1724 1748 1680 1840 1531 1656 1527 1442 1428 1583 1496 1703 1770 1889 1607 1461 1642 1750 1619 1617 1551 1674 1819 1651 1630 1784 1937 1736 1501 1508 1492 1517 1551 1881 1763 1527 1424 1544 1591 1799 1921 1813 1802 1626 1774 1516 1732 1583 1758 1683 1630 1581 1907 1610 1652 1497 1839 1476 1659 1688 1758 1703 1479 1539 1644 1672 1524 1804 1557 1567 1519 1777 1769 1537 1712 1522 1718 1428 1734 1695 1805 1697 1652 1715 1829 1785 1661 1827 1477 1636 1783 1697 1548 1588 1917 1604 1893 1663 1424 1513 1664 1671 1756 1568 1624 1544 1425 1734 1613 1754 1630 1634 1738 
1563 1655 1536 1802 1580 1750 1473 1728 1575 1575 1673 1558 1529 1722 1611 1550 1605 1559 1561 1603 1639 1474 1498 1677 1680 1440 1623 1572 1691 1783 1643 1543 1650 1847 1642 1539 1589 1586 1486 1468 1822 1862 1477 1366 1501 1589 1694 1927 1656 1658 1418 1689 1481 1714 1593 1646 1773 1412 1522 1896 1640 1670 1668 1766 1550 1572 1773 1718 1516 1410 1483 1575 1755 1580 1625 1679 1415 1460 1625 1841 1527 1676 1457 1563 1517 1574 1588 1852 1634 1578 1730 1910 1663 1552 1749 1316 1559 1584 1547 1534 1443 1737 1682 1833 1590 1400 1426 1750 1602 1471 1701 1468 1572 1470 1608 1819 1799 1544 1755 1546 
1830 1827 1809 1880 1800 1932 1598 1744 1969 1743 1947 1609 1791 1798 1619 1651 1647 1723 1943 1681 1999 1755 1700 1909 1938 1776 1727 1778 1882 1980 1802 1744 1944 2013 1863 1715 1564 1716 1662 1658 2046 2070 1698 1591 1599 1746 1896 2012 2019 2076 1531 1847 1716 1808 1709 1796 1916 1649 1722 2062 1802 1763 1809 1885 1538 1751 1937 1923 1920 1565 1748 1768 1905 1560 1972 1822 1574 1628 2094 1900 1711 1804 1605 1720 1677 1697 1745 1940 1906 1711 1869 1948 1840 1801 1865 1481 1733 1686 1808 1538 1574 1926 1824 1980 1785 1501 1703 1827 1820 1733 1911 1845 1740 1649 1736 1783 1897 1748 1761 1828 
1728 1823 1701 1973 1783 2010 1458 1714 1804 1935 1939 1614 1656 1726 1683 1533 1669 1629 1838 1777 2138 1609 1697 1737 1738 1661 1794 1790 1807 1944 1674 1797 1853 1918 1685 1713 1556 1552 1641 1597 2010 1809 1658 1351 1598 1436 1784 2131 1769 1817 1660 1788 1809 1838 1699 1847 1801 1601 1776 2002 1650 1762 1637 1843 1679 1669 1869 1975 1867 1497 1604 1579 1798 1550 1819 1848 1673 1558 1892 1767 1717 1680 1675 1868 1614 1808 1770 1874 1863 1751 1707 1878 1783 1757 1849 1534 1792 1722 1696 1544 1600 1973 1813 1957 1661 1585 1679 1927 1683 1686 1746 1672 1589 1589 1859 1818 1830 1798 1608 1715 
1792 1903 1675 1984 1812 2074 1620 1750 1680 1884 1927 1726 1895 1819 1606 1655 1738 1791 1749 1746 2109 1765 1745 1679 1921 1785 1782 1644 1881 1993 1949 1815 2032 2030 1776 1705 1678 1789 1618 1809 2044 1838 1703 1405 1705 1660 1876 2073 1969 2023 1695 2046 1583 1852 1724 1803 1911 1716 1789 2120 1886 1891 1648 1831 1664 1743 1735 1913 1676 1461 1699 1756 1931 1499 1940 1784 1810 1720 2072 2073 1624 1813 1775 1928 1770 1823 1890 1974 1823 1632 1857 1952 1796 1763 1883 1492 1917 1774 1710 1635 1718 1941 1892 2044 1619 1616 1754 2035 1938 1613 1885 1749 1796 1542 1849 2042 1853 1923 1623 1753 
1493 1524 1551 1724 1640 1670 1327 1511 1624 1647 1658 1334 1519 1624 1433 1446 1505 1501 1700 1537 1767 1525 1530 1598 1687 1609 1484 1524 1665 1668 1733 1627 1655 1806 1647 1401 1410 1481 1350 1438 1748 1674 1462 1384 1519 1361 1707 1810 1735 1701 1448 1630 1402 1558 1517 1611 1648 1422 1463 1821 1562 1598 1560 1596 1458 1329 1683 1626 1567 1329 1619 1430 1528 1468 1696 1595 1399 1355 1704 1660 1594 1545 1493 1648 1439 1561 1532 1855 1646 1536 1597 1701 1576 1538 1699 1378 1585 1582 1544 1486 1445 1746 1661 1575 1607 1388 1337 1740 1533 1643 1675 1550 1449 1444 1556 1582 1799 1528 1566 1697 
1746 1746 1558 1795 1730 1696 1323 1573 1693 1744 1812 1540 1654 1599 1464 1395 1614 1479 1792 1617 1923 1646 1512 1634 1812 1625 1781 1564 1735 1818 1726 1608 1719 1950 1623 1482 1456 1571 1536 1613 1828 2009 1420 1314 1554 1498 1707 1852 1770 1786 1508 1706 1631 1673 1584 1776 1724 1569 1625 1918 1651 1644 1618 1895 1579 1568 1825 1650 1667 1535 1627 1642 1726 1445 1777 1766 1658 1497 1776 1729 1705 1725 1630 1739 1613 1721 1600 1738 1755 1674 1709 1811 1618 1603 1628 1380 1765 1671 1740 1584 1526 1852 1735 1817 1561 1543 1640 1774 1664 1604 1727 1589 1580 1496 1693 1799 1835 1642 1517 1761 
1678 1647 1694 1808 1708 2069 1524 1784 1816 1760 1822 1556 1595 1636 1557 1657 1545 1669 1668 1744 1804 1477 1620 1716 1798 1634 1541 1654 1574 1781 1708 1642 1808 1933 1771 1421 1702 1679 1613 1677 1814 1763 1575 1408 1526 1756 1772 1908 1741 1874 1537 1831 1672 1619 1676 1683 1740 1548 1656 1994 1770 1806 1624 1784 1493 1612 1854 1795 1686 1679 1558 1710 1714 1584 1788 1688 1584 1599 1894 1796 1696 1743 1645 1824 1582 1745 1796 2057 1698 1693 1647 1820 1828 1750 1799 1370 1889 1715 1860 1503 1638 1971 1797 1999 1649 1472 1619 1785 1623 1803 1841 1633 1578 1520 1671 1778 1937 1633 1662 1680 
1714 1744 1659 1863 1774 1910 1545 1684 1706 1841 1968 1611 1695 1742 1433 1509 1658 1581 1789 1747 1967 1759 1510 1874 1747 1748 1583 1623 1671 1896 1724 1603 1865 2013 1638 1510 1640 1583 1511 1587 1971 1769 1653 1481 1701 1575 1717 1842 1777 1874 1438 1853 1637 1680 1609 1728 1761 1691 1635 2039 1696 1606 1631 1808 1528 1691 1837 1725 1545 1524 1604 1715 1729 1465 1746 1726 1528 1500 2027 1794 1608 1804 1441 1552 1624 1846 1565 1849 1642 1543 1725 1735 1770 1768 1742 1511 1884 1690 1723 1525 1637 1908 1768 1880 1725 1381 1626 1708 1749 1529 1792 1579 1703 1487 1676 1705 1613 1792 1632 1730 
1271 1090 1199 1275 1409 1449 957 1272 1306 1346 1241 1085 1331 1352 1187 1115 1128 1221 1359 1262 1570 1142 1370 1253 1394 1319 1351 1179 1249 1306 1323 1243 1275 1476 1188 1081 1088 1199 1179 1098 1375 1258 1235 1068 1234 1195 1217 1347 1403 1509 1055 1213 1199 1327 1206 1219 1357 1145 1230 1503 1464 1304 1293 1326 1307 1148 1510 1295 1382 1187 1168 1147 1287 1212 1398 1419 1057 1115 1474 1296 1482 1253 1109 1323 1224 1287 1188 1448 1266 1225 1266 1469 1224 1318 1319 1084 1368 1331 1256 1148 1167 1320 1499 1345 1219 1118 1275 1371 1281 1276 1315 1123 1249 1129 1301 1241 1350 1218 1175 1275 
1479 1465 1329 1545 1460 1524 1126 1552 1525 1572 1633 1474 1610 1590 1392 1340 1403 1346 1638 1488 1788 1371 1406 1512 1469 1479 1538 1481 1514 1669 1603 1479 1685 1709 1498 1535 1422 1354 1510 1307 1601 1751 1273 1080 1444 1314 1441 1850 1636 1682 1414 1600 1506 1586 1316 1423 1689 1334 1569 1735 1349 1519 1571 1582 1463 1421 1665 1632 1376 1236 1441 1466 1618 1329 1402 1570 1496 1392 1712 1662 1373 1466 1446 1652 1511 1413 1560 1695 1530 1334 1656 1668 1591 1497 1539 1354 1609 1434 1446 1384 1368 1662 1548 1730 1544 1331 1488 1695 1627 1427 1590 1398 1351 1452 1474 1559 1568 1547 1455 1442 
1368 1402 1323 1537 1377 1580 1302 1395 1517 1456 1488 1276 1403 1471 1478 1369 1368 1358 1431 1407 1673 1383 1274 1332 1496 1347 1456 1384 1375 1594 1410 1427 1531 1604 1552 1375 1314 1295 1211 1320 1566 1516 1306 1011 1434 1338 1495 1636 1598 1768 1253 1543 1314 1504 1307 1462 1513 1214 1371 1711 1442 1491 1443 1389 1285 1319 1692 1498 1224 1291 1303 1517 1490 1184 1498 1445 1329 1269 1660 1593 1316 1386 1338 1565 1262 1422 1478 1585 1432 1445 1488 1469 1316 1462 1525 1203 1441 1362 1393 1156 1298 1473 1461 1623 1300 1251 1506 1727 1541 1320 1580 1387 1522 1329 1411 1491 1482 1394 1344 1392 
1486 1533 1537 1697 1454 1718 1352 1506 1565 1500 1675 1445 1390 1433 1354 1331 1365 1522 1583 1454 1663 1310 1499 1446 1677 1432 1408 1352 1458 1734 1413 1321 1555 1670 1541 1405 1406 1530 1427 1616 1692 1510 1457 1253 1412 1606 1530 1705 1620 1647 1321 1511 1509 1576 1477 1470 1569 1508 1395 1686 1564 1468 1502 1718 1449 1516 1684 1445 1571 1505 1353 1440 1585 1372 1622 1598 1375 1443 1706 1627 1334 1517 1316 1372 1396 1609 1556 1680 1433 1318 1490 1702 1479 1519 1601 1196 1643 1450 1648 1360 1406 1683 1597 1880 1386 1362 1451 1632 1520 1461 1581 1443 1470 1384 1586 1617 1711 1597 1447 1574 
1383 1392 1397 1490 1392 1717 1292 1470 1491 1474 1544 1338 1359 1384 1209 1391 1371 1461 1455 1423 1637 1202 1371 1485 1444 1337 1454 1323 1446 1572 1428 1400 1519 1625 1404 1309 1346 1341 1355 1481 1532 1409 1307 1151 1357 1328 1494 1806 1539 1651 1204 1514 1426 1563 1374 1395 1588 1355 1263 1658 1411 1434 1274 1538 1387 1325 1661 1417 1315 1311 1228 1418 1453 1371 1421 1459 1292 1365 1627 1575 1489 1415 1312 1492 1302 1472 1576 1628 1363 1345 1441 1555 1419 1459 1611 1215 1569 1560 1438 1309 1208 1670 1510 1802 1517 1313 1389 1592 1401 1454 1659 1336 1309 1121 1337 1516 1558 1371 1333 1413 
1412 1458 1537 1735 1582 1712 1258 1464 1506 1581 1432 1306 1618 1566 1324 1320 1379 1478 1506 1495 1786 1464 1395 1544 1567 1602 1487 1379 1473 1654 1533 1423 1719 1726 1487 1316 1415 1513 1423 1340 1632 1653 1417 1271 1370 1545 1412 1781 1580 1751 1377 1684 1624 1545 1522 1632 1692 1617 1478 1885 1533 1523 1398 1635 1366 1463 1743 1586 1526 1489 1494 1527 1477 1364 1663 1683 1443 1511 1819 1573 1559 1515 1443 1550 1382 1600 1557 1714 1556 1455 1566 1576 1613 1668 1576 1192 1655 1453 1641 1359 1510 1817 1609 1830 1518 1368 1559 1615 1540 1472 1494 1361 1364 1281 1509 1547 1653 1543 1399 1448 
1523 1612 1461 1652 1568 1654 1407 1597 1596 1616 1675 1337 1529 1575 1429 1342 1435 1369 1714 1516 1767 1524 1509 1606 1671 1511 1505 1532 1588 1846 1416 1485 1773 1833 1516 1560 1527 1519 1417 1348 1780 1730 1439 1227 1426 1550 1600 1786 1700 1723 1330 1644 1558 1512 1461 1455 1819 1473 1451 1811 1506 1640 1440 1629 1313 1581 1921 1619 1569 1390 1572 1616 1583 1528 1646 1772 1329 1414 1687 1701 1653 1604 1387 1516 1357 1628 1552 1762 1651 1437 1722 1759 1571 1601 1664 1409 1573 1547 1599 1392 1489 1682 1667 1742 1559 1429 1583 1733 1549 1428 1694 1371 1435 1469 1449 1538 1815 1588 1540 1447 
1361 1505 1470 1586 1472 1518 1289 1302 1572 1422 1525 1216 1384 1336 1299 1184 1378 1326 1451 1385 1601 1343 1383 1454 1430 1329 1513 1350 1528 1544 1415 1336 1560 1635 1377 1270 1253 1426 1295 1331 1529 1584 1351 1107 1262 1294 1484 1681 1560 1564 1380 1483 1429 1488 1337 1441 1434 1358 1338 1713 1359 1513 1255 1455 1276 1363 1583 1520 1428 1336 1179 1376 1447 1266 1543 1396 1407 1384 1585 1457 1370 1465 1246 1528 1274 1352 1502 1436 1461 1398 1441 1481 1365 1429 1449 1111 1477 1466 1386 1368 1256 1602 1492 1688 1331 1338 1406 1568 1410 1414 1629 1389 1303 1156 1407 1454 1540 1439 1307 1346 
1459 1518 1732 1652 1829 2002 1455 1580 1681 1742 1792 1397 1550 1606 1516 1396 1640 1488 1799 1673 1756 1563 1487 1720 1728 1722 1598 1526 1568 1765 1520 1591 1614 1938 1483 1359 1525 1627 1450 1619 1885 1626 1458 1258 1437 1574 1673 1923 1735 1923 1347 1767 1621 1569 1450 1631 1712 1420 1605 1767 1613 1689 1530 1702 1265 1581 1938 1653 1630 1499 1598 1613 1496 1584 1653 1686 1550 1330 1886 1803 1562 1737 1596 1576 1453 1681 1591 1895 1545 1623 1590 1731 1583 1777 1648 1529 1773 1654 1763 1422 1559 1771 1691 1749 1665 1517 1559 1656 1581 1564 1861 1608 1529 1418 1611 1645 1650 1610 1494 1595 
1563 1702 1507 1770 1580 1727 1542 1600 1543 1500 1473 1461 1505 1552 1576 1282 1571 1505 1667 1519 1750 1501 1544 1668 1696 1330 1705 1526 1587 1892 1723 1451 1672 1965 1662 1623 1379 1500 1409 1641 1790 1797 1334 1284 1405 1529 1567 1884 1759 1909 1455 1745 1596 1653 1516 1573 1758 1408 1759 1770 1556 1608 1630 1783 1472 1606 1655 1687 1563 1467 1614 1649 1676 1529 1805 1683 1583 1547 1716 1748 1520 1597 1416 1639 1429 1532 1682 1774 1617 1428 1784 1712 1617 1546 1634 1354 1623 1439 1619 1409 1507 1784 1658 1710 1637 1500 1568 1678 1613 1569 1573 1609 1515 1465 1651 1660 1747 1561 1594 1523 
1565 1391 1422 1644 1473 1572 1174 1508 1448 1600 1603 1425 1388 1394 1305 1285 1291 1430 1552 1569 1484 1341 1424 1620 1558 1453 1455 1534 1455 1628 1270 1421 1598 1616 1462 1444 1427 1343 1349 1379 1469 1477 1468 1350 1352 1475 1434 1619 1515 1485 1360 1440 1310 1486 1441 1414 1482 1386 1438 1570 1542 1517 1326 1659 1433 1561 1446 1493 1461 1263 1322 1324 1550 1416 1584 1534 1295 1316 1608 1599 1412 1552 1382 1364 1398 1592 1433 1738 1544 1349 1560 1706 1555 1399 1569 1241 1581 1555 1500 1373 1432 1630 1406 1692 1257 1286 1398 1534 1409 1378 1464 1346 1354 1321 1557 1493 1710 1479 1380 1422 
1618 1768 1743 1883 1689 2047 1616 1658 1688 1732 1819 1552 1605 1715 1521 1646 1766 1642 1763 1700 1779 1616 1666 1767 1797 1639 1750 1586 1846 1933 1656 1751 1787 1947 1799 1525 1616 1583 1505 1731 1932 1875 1703 1475 1707 1614 1801 2054 1900 1786 1520 1740 1753 1736 1773 1746 1907 1714 1578 2011 1757 1701 1688 1720 1574 1674 1978 1737 1663 1462 1697 1652 1724 1509 1829 1778 1582 1551 1848 1830 1716 1635 1626 1632 1544 1814 1793 2041 1607 1690 1729 1853 1613 1758 1839 1404 1760 1702 1787 1500 1626 1931 1832 1970 1649 1546 1664 1897 1635 1753 1915 1512 1660 1624 1643 1823 1965 1803 1730 1749 
1510 1478 1490 1651 1527 1669 1427 1604 1652 1575 1722 1438 1457 1497 1379 1443 1462 1335 1590 1672 1721 1344 1499 1563 1636 1472 1448 1632 1749 1631 1617 1430 1576 1697 1602 1412 1542 1386 1367 1498 1554 1688 1385 1278 1379 1458 1497 1805 1519 1586 1423 1601 1330 1533 1346 1548 1461 1265 1533 1824 1484 1510 1491 1626 1517 1450 1590 1650 1496 1310 1448 1458 1551 1371 1526 1551 1455 1266 1530 1560 1372 1529 1344 1704 1368 1489 1483 1730 1559 1575 1560 1781 1578 1524 1632 1258 1615 1559 1586 1456 1336 1674 1601 1762 1495 1475 1232 1520 1533 1508 1559 1448 1480 1518 1531 1641 1632 1399 1583 1466 
1561 1705 1495 1708 1650 1585 1329 1565 1580 1530 1730 1439 1533 1571 1568 1359 1515 1508 1678 1620 1818 1466 1395 1626 1736 1496 1682 1515 1620 1702 1657 1663 1762 1941 1670 1592 1411 1443 1421 1465 1764 1849 1431 1236 1550 1376 1449 1893 1687 1747 1475 1607 1572 1617 1462 1642 1667 1476 1443 1840 1515 1626 1599 1669 1492 1495 1873 1599 1516 1498 1529 1583 1614 1312 1669 1568 1621 1366 1823 1638 1533 1480 1446 1770 1453 1546 1522 1831 1647 1502 1685 1671 1690 1605 1550 1411 1666 1606 1758 1463 1384 1782 1596 1741 1614 1506 1449 1707 1634 1621 1761 1442 1499 1421 1583 1756 1708 1713 1436 1576 
1577 1654 1562 1753 1678 1777 1439 1604 1554 1465 1602 1509 1688 1584 1554 1331 1550 1528 1697 1630 1762 1443 1527 1791 1706 1519 1621 1498 1642 1746 1702 1571 1718 1765 1703 1446 1573 1448 1470 1477 1787 1838 1541 1395 1508 1504 1580 1867 1719 1681 1414 1783 1672 1679 1602 1610 1740 1636 1476 1888 1666 1617 1553 1665 1514 1586 1826 1643 1571 1511 1500 1591 1681 1526 1634 1663 1495 1517 1798 1719 1605 1637 1512 1625 1479 1627 1705 1763 1680 1542 1774 1720 1774 1648 1674 1373 1638 1612 1668 1417 1524 1747 1598 1802 1536 1429 1689 1784 1502 1640 1755 1565 1519 1517 1595 1755 1686 1746 1552 1635 
1790 1742 1608 1842 1739 1862 1368 1627 1781 1850 1709 1629 1794 1825 1653 1522 1691 1596 1813 1718 1830 1634 1532 1833 1866 1641 1820 1573 1776 2034 1631 1622 1893 1988 1799 1741 1739 1611 1604 1696 1812 1881 1647 1515 1619 1717 1701 2061 1863 1833 1571 1824 1701 1771 1665 1726 1962 1617 1720 1952 1815 1943 1720 1947 1571 1691 1920 1726 1684 1477 1654 1925 1944 1656 1968 1844 1645 1698 1957 1963 1670 1938 1674 1683 1741 1816 1742 2034 1840 1579 1798 1780 1778 1645 1711 1477 1838 1893 1760 1540 1686 1959 1769 2023 1706 1681 1820 1888 1766 1559 1920 1566 1618 1558 1762 1823 2047 1703 1680 1740 
1796 1753 1623 1761 1593 2057 1580 1723 1697 1892 1788 1685 1849 1785 1591 1588 1694 1666 1780 1737 1985 1638 1576 1761 1784 1716 1666 1772 1776 2050 1945 1589 1913 2105 1824 1656 1712 1720 1581 1697 1887 1889 1692 1477 1440 1609 1868 2033 1876 1921 1690 1931 1735 1675 1480 1606 1935 1791 1653 1958 1889 1855 1608 1920 1572 1695 1952 1903 1671 1517 1624 1783 1702 1559 1820 1872 1694 1838 2010 1846 1730 1766 1678 1797 1577 1748 2032 1894 1654 1672 1811 1689 1691 1761 1986 1517 1827 1786 1850 1559 1832 1917 1766 2158 1690 1702 1827 1882 1813 1535 1732 1649 1760 1588 1837 1726 1994 1620 1667 1772 
1689 1756 1599 1915 1938 1837 1481 1580 1723 1783 1733 1587 1741 1641 1420 1350 1596 1578 1860 1611 1964 1632 1574 1878 1895 1772 1676 1620 1706 1826 1701 1668 1881 1771 1746 1584 1431 1734 1425 1667 1857 1782 1581 1392 1437 1728 1705 2026 1844 1894 1515 1902 1550 1634 1640 1683 1851 1598 1617 1990 1687 1585 1541 1763 1646 1604 1619 1700 1810 1521 1693 1579 1717 1594 1880 1838 1559 1598 1983 1886 1693 1679 1695 1826 1525 1785 1770 1805 1920 1518 1771 1874 1626 1721 1674 1404 1874 1650 1760 1572 1713 2022 1679 1989 1576 1619 1656 1877 1726 1523 1795 1689 1613 1526 1683 1737 1885 1789 1520 1662 
1394 1413 1398 1549 1437 1675 1254 1473 1583 1614 1660 1311 1470 1501 1387 1396 1386 1463 1604 1580 1749 1383 1321 1437 1597 1506 1511 1403 1465 1653 1601 1479 1528 1632 1537 1327 1440 1286 1304 1357 1688 1516 1268 1210 1422 1423 1542 1750 1572 1596 1331 1643 1324 1453 1268 1551 1605 1474 1403 1850 1484 1440 1309 1538 1312 1336 1649 1464 1486 1279 1352 1438 1379 1269 1367 1558 1303 1239 1778 1611 1360 1598 1313 1458 1290 1462 1468 1631 1416 1356 1375 1510 1461 1599 1705 1314 1590 1646 1460 1279 1410 1663 1446 1679 1376 1312 1335 1645 1502 1369 1642 1458 1380 1395 1449 1545 1441 1556 1455 1576 
1700 1780 1571 1767 1585 1919 1544 1666 1648 1673 1919 1602 1662 1676 1466 1514 1593 1490 1586 1604 1838 1455 1416 1518 1570 1552 1692 1481 1751 1923 1623 1614 1818 2041 1691 1629 1595 1601 1585 1746 1855 1947 1462 1320 1620 1613 1729 2001 1835 1858 1523 1696 1701 1803 1630 1666 1960 1630 1632 1918 1606 1587 1615 1913 1522 1781 1869 1710 1554 1431 1515 1776 1795 1406 1641 1814 1651 1637 1820 1914 1485 1699 1636 1569 1668 1691 1828 1846 1643 1533 1743 1811 1698 1636 1732 1512 1723 1682 1826 1508 1483 1904 1614 1968 1589 1589 1659 1745 1710 1570 1832 1504 1623 1528 1617 1811 1785 1652 1694 1664 
1464 1518 1322 1502 1390 1701 1407 1485 1518 1554 1707 1423 1423 1571 1306 1319 1444 1296 1485 1552 1652 1453 1262 1450 1440 1321 1493 1393 1509 1764 1379 1380 1640 1819 1617 1343 1344 1266 1318 1460 1719 1570 1368 1264 1489 1243 1466 1794 1644 1626 1499 1444 1487 1585 1507 1449 1554 1385 1415 1656 1358 1488 1452 1598 1248 1338 1517 1680 1377 1148 1371 1495 1497 1189 1517 1402 1522 1374 1681 1506 1292 1493 1339 1566 1393 1483 1631 1670 1468 1340 1635 1599 1475 1572 1548 1387 1501 1383 1497 1252 1385 1617 1363 1566 1414 1327 1408 1632 1376 1339 1463 1296 1403 1340 1440 1509 1617 1440 1348 1403 
1628 1704 1447 1600 1476 1805 1388 1585 1636 1653 1621 1474 1650 1552 1396 1422 1499 1589 1679 1693 1891 1521 1493 1593 1804 1339 1670 1545 1546 1825 1605 1563 1805 1919 1565 1539 1545 1376 1372 1518 1706 1717 1503 1344 1496 1480 1621 1891 1844 1830 1461 1759 1646 1705 1484 1591 1776 1624 1639 1888 1642 1616 1464 1858 1661 1664 1800 1576 1579 1343 1382 1708 1683 1471 1664 1753 1557 1590 1691 1680 1582 1630 1415 1576 1526 1536 1731 1827 1708 1518 1729 1756 1598 1615 1696 1293 1617 1626 1698 1448 1464 1767 1687 1941 1512 1493 1760 1832 1698 1526 1732 1564 1381 1414 1596 1625 1755 1649 1497 1618 
1888 1668 1688 1937 1737 1844 1495 1952 1760 1816 1830 1605 1682 1739 1566 1594 1653 1564 1977 1850 1938 1594 1730 1906 1912 1691 1692 1863 1849 2037 1753 1721 1838 2006 1897 1573 1663 1727 1568 1697 1993 1924 1662 1478 1711 1708 1728 2140 1946 1879 1584 1787 1708 1836 1686 1801 1954 1694 1778 2151 1725 1756 1748 2007 1698 1679 1826 1805 1707 1611 1705 1753 1819 1733 1718 1971 1835 1545 1965 1936 1919 1803 1516 1752 1668 1726 1743 1982 1805 1673 1948 2085 1795 1668 1783 1449 1829 1639 1866 1661 1677 1916 1791 2046 1798 1562 1713 1988 1607 1726 1780 1687 1592 1662 1776 1880 1987 1747 1733 1765 
1597 1773 1555 1826 1707 1955 1377 1669 1777 1804 1833 1505 1654 1608 1452 1581 1472 1584 1714 1566 1922 1593 1583 1728 1776 1529 1602 1536 1793 1786 1685 1695 1673 1894 1707 1461 1535 1687 1396 1534 1924 1779 1619 1353 1431 1622 1744 1813 1728 1733 1501 1837 1567 1615 1615 1661 1826 1529 1543 2069 1701 1636 1513 1861 1569 1672 1911 1595 1749 1612 1475 1612 1671 1425 1765 1663 1501 1584 1994 1845 1611 1713 1584 1725 1636 1556 1738 1752 1680 1484 1709 1801 1547 1555 1736 1348 1814 1701 1743 1460 1511 1880 1797 2037 1828 1578 1553 1726 1794 1585 1851 1640 1701 1350 1635 1804 1799 1611 1597 1736 
1422 1556 1427 1665 1557 1610 1321 1504 1494 1550 1577 1445 1688 1516 1389 1375 1351 1533 1665 1592 1710 1411 1471 1478 1715 1532 1558 1370 1521 1650 1472 1503 1616 1624 1548 1302 1340 1402 1345 1415 1643 1462 1354 1229 1375 1511 1417 1699 1701 1599 1385 1873 1475 1577 1423 1536 1604 1475 1581 1853 1630 1536 1513 1552 1552 1519 1600 1404 1570 1350 1404 1465 1587 1374 1752 1600 1423 1357 1640 1754 1390 1552 1433 1661 1300 1496 1627 1724 1621 1483 1580 1766 1505 1495 1487 1103 1545 1565 1556 1340 1458 1661 1671 1775 1456 1331 1546 1568 1719 1583 1445 1550 1432 1382 1623 1613 1591 1583 1490 1621 
1575 1733 1666 1825 1605 1710 1524 1652 1601 1553 1718 1495 1602 1477 1458 1476 1525 1639 1616 1568 1689 1540 1540 1704 1859 1502 1502 1542 1720 1896 1642 1546 1789 1731 1634 1386 1552 1609 1412 1598 1919 1774 1537 1422 1443 1465 1646 1805 1708 1609 1359 1878 1490 1694 1749 1517 1739 1540 1526 1905 1654 1662 1502 1802 1455 1666 1685 1589 1633 1348 1455 1531 1698 1461 1795 1570 1459 1499 1783 1741 1528 1612 1540 1540 1454 1550 1657 1708 1752 1572 1800 1918 1626 1537 1656 1227 1662 1610 1791 1381 1427 1724 1624 1930 1568 1493 1411 1798 1605 1501 1682 1639 1598 1430 1664 1834 1755 1538 1504 1660 
1556 1820 1667 1791 1633 1864 1404 1847 1723 1707 1648 1554 1676 1582 1539 1444 1671 1737 1731 1667 1965 1629 1570 1787 1752 1519 1643 1616 1671 1942 1813 1704 1813 1768 1606 1716 1706 1456 1543 1535 1875 1905 1630 1252 1582 1530 1767 2060 1668 1848 1438 1811 1636 1910 1643 1685 1837 1685 1661 1955 1683 1766 1613 1863 1711 1618 2030 1712 1596 1433 1491 1725 1818 1690 1749 1759 1488 1635 1759 1701 1636 1581 1535 1624 1471 1682 1723 1965 1754 1658 1721 1831 1837 1657 1784 1453 1899 1859 1679 1515 1577 2035 1870 1903 1733 1474 1567 1974 1613 1743 1764 1646 1500 1615 1734 1723 1866 1723 1713 1769 
1429 1616 1567 1601 1489 1669 1430 1509 1531 1479 1555 1298 1533 1325 1250 1271 1507 1504 1600 1576 1591 1484 1411 1405 1666 1502 1485 1288 1533 1797 1452 1406 1530 1643 1525 1471 1412 1376 1306 1568 1778 1608 1344 1123 1506 1472 1634 1810 1701 1694 1308 1625 1471 1596 1562 1548 1599 1502 1455 1674 1590 1507 1308 1700 1336 1506 1663 1416 1501 1329 1381 1511 1538 1495 1541 1547 1428 1330 1632 1611 1527 1558 1319 1425 1247 1605 1518 1589 1494 1396 1463 1642 1593 1509 1553 1232 1561 1693 1430 1325 1540 1711 1567 1729 1412 1359 1478 1720 1462 1457 1544 1419 1336 1234 1441 1666 1675 1657 1413 1553 
1810 1767 1725 1903 1849 1989 1500 1859 1741 1793 1876 1637 1773 1873 1732 1595 1740 1628 1798 1817 1957 1676 1786 1820 1884 1828 1749 1703 1876 1998 1802 1812 1924 2065 1707 1709 1743 1699 1678 1789 1994 2000 1655 1421 1787 1597 1798 1935 1996 2004 1469 1822 1727 1845 1787 1759 2013 1750 1730 2053 1942 1889 1738 2040 1682 1712 1954 1826 1653 1531 1774 1734 1865 1748 1806 1947 1686 1616 2113 2028 1745 2001 1754 1718 1886 1744 1690 2087 1957 1696 1829 1989 1788 1784 1901 1627 1875 1778 1847 1590 1686 1768 1751 1921 1599 1577 1771 1984 1762 1532 1853 1694 1712 1536 1852 2088 1855 1831 1707 1800 
1532 1702 1386 1657 1594 1860 1382 1502 1475 1665 1652 1415 1559 1553 1519 1391 1431 1479 1671 1595 1850 1394 1531 1704 1773 1438 1559 1623 1654 1809 1659 1673 1756 1762 1642 1485 1525 1484 1401 1594 1809 1623 1395 1287 1345 1346 1550 1810 1735 1739 1453 1832 1510 1509 1480 1445 1683 1543 1590 1743 1501 1595 1447 1641 1460 1561 1767 1629 1602 1335 1560 1567 1631 1428 1666 1653 1461 1463 1872 1762 1538 1539 1675 1727 1468 1505 1794 1832 1663 1592 1781 1795 1481 1486 1623 1328 1647 1473 1666 1362 1455 1714 1548 1781 1600 1497 1545 1711 1566 1506 1676 1631 1433 1394 1641 1613 1744 1583 1358 1584 

Execution Time: 21.168 ms

Algorithm: GEMM Blocking
Result Matrix:
1415 1460 1419 1621 1417 1612 1213 1346 1364 1393 1514 1255 1440 1429 1318 1387 1310 1389 1499 1419 1603 1339 1530 1408 1661 1494 1307 1355 1528 1688 1491 1388 1606 1563 1490 1423 1379 1309 1347 1423 1629 1592 1407 1246 1353 1305 1286 1558 1509 1469 1271 1520 1392 1309 1472 1463 1496 1320 1446 1567 1495 1630 1402 1501 1338 1406 1562 1465 1478 1315 1473 1356 1488 1358 1615 1431 1211 1394 1600 1551 1493 1430 1344 1518 1409 1534 1456 1588 1453 1331 1429 1606 1572 1523 1512 1212 1481 1430 1380 1153 1376 1571 1535 1671 1379 1256 1366 1428 1465 1398 1473 1397 1282 1243 1347 1637 1642 1585 1403 1415 
1744 1578 1562 1751 1643 1761 1389 1696 1716 1565 1856 1729 1778 1659 1565 1521 1540 1630 1723 1599 1690 1423 1590 1662 1857 1540 1593 1483 1681 1820 1669 1481 1690 1856 1644 1432 1623 1551 1529 1560 1891 1730 1481 1324 1620 1457 1638 1770 1718 1667 1554 1747 1558 1685 1540 1701 1848 1478 1579 1885 1747 1581 1646 1888 1486 1565 1800 1769 1703 1503 1426 1586 1731 1512 1714 1604 1540 1534 1810 1787 1615 1772 1510 1684 1515 1614 1671 1691 1693 1574 1671 1845 1677 1608 1747 1383 1809 1745 1617 1480 1644 1797 1715 2031 1547 1524 1594 1805 1675 1539 1668 1616 1556 1429 1523 1878 1799 1722 1532 1693 
1452 1634 1583 1817 1538 1709 1450 1471 1561 1612 1686 1456 1604 1667 1512 1300 1542 1570 1514 1632 1687 1534 1394 1578 1583 1536 1578 1451 1518 1722 1583 1602 1792 1747 1713 1468 1489 1451 1265 1393 1718 1670 1412 1331 1533 1517 1685 1925 1695 1779 1430 1774 1707 1587 1443 1545 1644 1502 1554 1734 1488 1588 1495 1632 1483 1515 1845 1646 1408 1310 1524 1559 1626 1448 1568 1671 1484 1372 1862 1851 1433 1564 1458 1665 1491 1545 1694 1826 1614 1425 1595 1694 1647 1756 1635 1353 1618 1491 1720 1441 1598 1771 1519 1646 1494 1590 1516 1778 1564 1452 1693 1542 1368 1387 1510 1716 1650 1659 1434 1474 
1624 1676 1351 1733 1512 1723 1349 1510 1585 1519 1739 1545 1522 1530 1535 1332 1434 1528 1576 1461 1741 1438 1456 1658 1573 1459 1372 1450 1543 1645 1567 1536 1701 1716 1589 1362 1487 1481 1446 1570 1667 1681 1444 1331 1474 1474 1555 1697 1740 1741 1543 1634 1486 1563 1367 1546 1594 1465 1500 1702 1550 1479 1476 1736 1488 1471 1658 1635 1474 1421 1381 1658 1627 1347 1608 1685 1628 1490 1904 1699 1373 1636 1512 1497 1546 1496 1526 1833 1748 1352 1517 1685 1590 1520 1572 1436 1633 1344 1664 1416 1521 1678 1520 1686 1339 1424 1570 1592 1426 1408 1532 1573 1389 1370 1554 1630 1668 1591 1355 1598 
1685 1836 1727 1954 1802 1908 1567 1784 1718 1669 1853 1708 1876 1815 1690 1670 1715 1649 1776 1748 1874 1584 1642 1787 1848 1647 1769 1645 1818 1967 1712 1594 1828 1988 1931 1667 1743 1654 1606 1570 1777 2024 1556 1371 1582 1858 1727 2018 1932 2021 1525 1885 1665 1823 1755 1711 1849 1650 1751 2020 1835 1661 1784 1900 1668 1746 2116 1837 1612 1524 1670 1840 1865 1631 1848 1903 1652 1616 1969 1894 1672 1756 1601 1818 1615 1810 1747 2044 1789 1831 1987 1964 1914 1816 1809 1425 1746 1698 1935 1667 1596 2046 1852 2053 1776 1696 1625 1956 1812 1679 1903 1614 1729 1696 1765 1872 1973 1874 1691 1708 
1634 1685 1717 1780 1660 1641 1395 1754 1683 1688 1646 1550 1706 1711 1576 1513 1627 1681 1750 1812 1785 1663 1636 1707 1818 1594 1788 1643 1778 1975 1732 1510 1739 1986 1760 1606 1509 1505 1493 1555 1875 1833 1535 1434 1630 1511 1592 1893 1838 1809 1510 1721 1637 1654 1681 1684 1863 1752 1557 2079 1682 1771 1594 1886 1561 1560 1878 1687 1670 1372 1633 1706 1726 1596 1771 1862 1443 1527 1839 1767 1779 1682 1470 1620 1471 1685 1767 2011 1820 1531 1760 1942 1731 1589 1686 1326 1790 1802 1697 1465 1604 1761 1748 1748 1625 1539 1526 1864 1549 1592 1727 1549 1547 1528 1704 1872 1900 1758 1678 1736 
1681 1740 1667 1845 1763 1846 1452 1675 1559 1712 1771 1512 1810 1859 1534 1448 1805 1542 1639 1497 1966 1477 1615 1588 1785 1593 1651 1347 1753 1912 1796 1515 1772 2055 1713 1442 1521 1646 1572 1776 1955 1898 1450 1133 1573 1515 1723 1984 1832 1943 1464 1789 1647 1825 1651 1610 1901 1516 1638 1953 1610 1629 1757 1871 1558 1657 1910 1826 1666 1403 1625 1651 1820 1608 1768 1790 1731 1701 1925 1798 1573 1772 1559 1807 1613 1808 1748 1844 1632 1641 1763 1864 1668 1645 1723 1401 1861 1684 1797 1547 1557 1858 1861 1758 1659 1516 1621 1883 1772 1662 1743 1528 1512 1595 1703 1878 1768 1745 1711 1785 
1643 1680 1547 1841 1799 2009 1551 1647 1778 1793 1892 1559 1841 1899 1742 1537 1469 1669 1759 1814 2050 1536 1666 1608 1777 1728 1845 1530 1777 1918 1845 1624 1996 1994 1797 1578 1726 1692 1561 1703 1960 1775 1696 1500 1486 1709 1703 2108 1928 1980 1657 1891 1722 1749 1622 1762 1887 1695 1628 2101 1738 1893 1684 1790 1586 1624 2052 1849 1744 1534 1638 1777 1722 1555 1790 1808 1636 1665 1931 1928 1550 1749 1697 1872 1591 1810 1929 2082 1715 1721 1829 1875 1757 1915 1926 1578 1807 1705 1839 1579 1588 1801 1719 1860 1544 1596 1759 1860 1623 1774 1925 1543 1756 1569 1748 1773 1885 1741 1709 1611 
1564 1510 1435 1693 1526 1731 1322 1438 1368 1529 1578 1434 1615 1593 1270 1382 1444 1418 1464 1396 1770 1398 1342 1443 1631 1531 1382 1355 1557 1773 1514 1376 1642 1624 1460 1249 1459 1478 1425 1534 1733 1569 1512 1290 1243 1425 1446 1682 1640 1517 1279 1685 1429 1672 1625 1404 1670 1452 1521 1751 1587 1524 1490 1709 1420 1556 1545 1512 1576 1202 1456 1440 1607 1374 1623 1481 1451 1508 1651 1592 1346 1530 1408 1404 1437 1650 1563 1585 1509 1440 1585 1781 1510 1437 1502 1280 1590 1465 1613 1223 1432 1589 1523 1855 1358 1326 1379 1602 1584 1295 1433 1355 1461 1386 1566 1708 1546 1632 1449 1580 
1588 1664 1543 1763 1625 1956 1416 1748 1656 1754 1612 1325 1615 1684 1525 1518 1524 1503 1680 1543 1824 1533 1542 1600 1846 1558 1645 1558 1532 1912 1818 1698 1759 1967 1821 1545 1482 1643 1442 1523 1872 1869 1507 1355 1406 1650 1772 1924 1818 1881 1363 1734 1568 1686 1668 1592 1847 1648 1622 1953 1723 1775 1538 1804 1407 1519 1738 1727 1698 1426 1571 1591 1642 1497 1712 1740 1566 1598 1983 1753 1637 1652 1532 1690 1567 1575 1731 1841 1565 1469 1842 1627 1694 1713 1791 1352 1632 1675 1792 1445 1574 1887 1615 1860 1643 1462 1595 1974 1615 1569 1765 1470 1610 1582 1656 1673 1848 1583 1599 1695 
1593 1586 1415 1592 1397 1637 1326 1486 1474 1491 1607 1601 1615 1381 1384 1309 1535 1425 1602 1445 1689 1477 1536 1485 1735 1414 1520 1406 1693 1882 1572 1313 1698 1781 1475 1435 1630 1373 1590 1510 1782 1757 1424 1228 1420 1535 1572 1821 1696 1721 1283 1605 1518 1480 1418 1470 1770 1510 1555 1707 1547 1612 1518 1768 1298 1556 1762 1587 1440 1411 1511 1720 1627 1471 1627 1604 1556 1593 1680 1729 1468 1648 1461 1395 1442 1553 1659 1685 1614 1580 1678 1765 1714 1617 1689 1345 1622 1416 1793 1339 1468 1670 1584 1906 1461 1526 1573 1666 1471 1421 1702 1550 1483 1480 1483 1761 1706 1566 1444 1498 
1356 1524 1268 1461 1457 1604 1194 1357 1375 1424 1411 1263 1473 1484 1328 1337 1325 1207 1486 1403 1677 1284 1474 1331 1589 1322 1396 1252 1466 1698 1375 1420 1608 1576 1409 1284 1323 1362 1291 1384 1620 1555 1410 1216 1372 1290 1383 1612 1552 1462 1232 1605 1349 1480 1396 1528 1631 1447 1466 1741 1548 1435 1361 1561 1382 1408 1579 1303 1465 1135 1336 1520 1634 1232 1637 1653 1308 1370 1622 1518 1382 1336 1312 1442 1361 1529 1427 1634 1484 1361 1509 1483 1263 1418 1591 1162 1482 1460 1380 1202 1289 1526 1638 1583 1412 1280 1528 1534 1595 1464 1461 1388 1360 1405 1466 1406 1571 1449 1386 1530 
1586 1608 1569 1719 1581 1950 1452 1680 1635 1771 1810 1607 1718 1566 1397 1520 1533 1628 1591 1617 1894 1462 1483 1594 1595 1583 1662 1561 1723 1822 1764 1663 1847 1948 1576 1592 1634 1495 1593 1708 1774 1686 1440 1308 1529 1612 1659 2012 1810 1866 1538 1700 1558 1724 1608 1688 1799 1487 1583 1940 1531 1675 1540 1739 1508 1684 1643 1746 1525 1350 1539 1656 1783 1423 1556 1745 1619 1491 1878 1944 1524 1709 1670 1659 1577 1586 1767 1873 1587 1507 1623 1830 1813 1536 1723 1507 1716 1660 1686 1423 1455 1794 1694 1935 1599 1521 1574 1882 1683 1488 1906 1575 1551 1560 1677 1862 1670 1701 1550 1626 
1590 1515 1560 1580 1593 1864 1515 1600 1671 1685 1805 1540 1638 1704 1393 1438 1733 1424 1729 1619 1888 1632 1445 1679 1712 1588 1568 1531 1656 1798 1689 1556 1748 1912 1686 1510 1521 1439 1607 1518 1779 1803 1577 1425 1458 1464 1718 1966 1778 1868 1487 1681 1663 1638 1496 1495 1731 1657 1505 1830 1556 1686 1629 1692 1437 1456 1746 1785 1557 1336 1696 1620 1697 1477 1596 1709 1601 1553 1871 1671 1448 1651 1480 1648 1618 1629 1868 2034 1614 1517 1856 1706 1643 1691 1708 1464 1711 1574 1687 1462 1631 1880 1583 1757 1580 1437 1584 1789 1624 1571 1742 1459 1512 1546 1561 1655 1798 1663 1568 1692 
1481 1539 1430 1653 1566 1778 1308 1511 1517 1712 1689 1457 1377 1502 1376 1295 1584 1376 1724 1703 1675 1549 1422 1706 1630 1478 1636 1571 1608 1784 1481 1517 1589 1787 1606 1420 1358 1390 1313 1565 1758 1568 1390 1272 1352 1552 1526 1918 1597 1603 1385 1593 1537 1516 1456 1528 1630 1538 1447 1707 1481 1572 1571 1682 1497 1583 1637 1523 1529 1460 1516 1528 1505 1454 1580 1582 1420 1350 1653 1703 1449 1595 1464 1519 1356 1567 1628 1696 1513 1446 1545 1717 1428 1676 1662 1357 1661 1494 1657 1473 1591 1778 1515 1825 1641 1556 1390 1547 1396 1437 1598 1466 1440 1409 1597 1616 1839 1610 1474 1547 
1625 1725 1708 1884 1750 1973 1611 1640 1709 1698 1795 1589 1672 1670 1417 1564 1687 1673 1704 1749 1859 1544 1553 1693 1828 1701 1627 1561 1746 1917 1633 1524 1695 1942 1702 1502 1558 1642 1426 1676 1932 1599 1677 1311 1452 1658 1667 2051 1692 1815 1483 1880 1706 1617 1579 1551 1745 1603 1456 1973 1723 1651 1574 1769 1648 1655 1973 1678 1723 1601 1593 1657 1579 1598 1827 1739 1534 1635 1787 1913 1729 1606 1545 1790 1426 1906 1892 1908 1679 1655 1571 1827 1723 1777 1698 1290 1865 1725 1973 1528 1656 1998 1756 2136 1752 1710 1522 1673 1587 1646 1806 1517 1601 1391 1582 1872 1952 1701 1660 1644 
1751 1828 1800 2002 1774 2052 1543 1838 1776 1780 1870 1643 1697 1871 1772 1674 1797 1653 1761 1662 2151 1600 1674 1830 1755 1626 1727 1783 1831 2094 1908 1764 1882 2045 1932 1652 1685 1651 1586 1773 1845 1999 1589 1403 1530 1728 1822 2106 1835 1973 1638 1816 1822 1890 1768 1818 1973 1694 1770 2110 1713 1798 1791 2013 1635 1742 1954 1942 1778 1615 1696 1781 1853 1652 1878 1904 1853 1763 2013 1796 1649 1885 1520 1947 1763 1766 1836 2053 1807 1599 1810 1948 1855 1817 1898 1526 1941 1757 1954 1584 1573 2016 1858 2040 1708 1652 1613 2003 1750 1885 1889 1752 1628 1783 1788 1927 1977 1960 1877 1864 
1656 1554 1582 1812 1713 1869 1418 1655 1627 1794 1806 1731 1670 1687 1505 1457 1597 1542 1759 1639 1801 1568 1505 1768 1661 1658 1520 1632 1603 1898 1643 1539 1749 1779 1521 1443 1664 1547 1689 1610 1919 1712 1584 1294 1447 1493 1751 1910 1569 1842 1521 1774 1618 1704 1583 1607 1746 1436 1572 1840 1667 1651 1641 1820 1477 1600 1766 1826 1625 1455 1636 1553 1749 1507 1698 1689 1569 1625 1866 1847 1566 1682 1650 1693 1664 1832 1654 1936 1638 1655 1696 1754 1764 1617 1793 1365 1865 1558 1738 1454 1632 1888 1620 1899 1603 1429 1591 1696 1531 1581 1628 1520 1619 1520 1669 1763 1932 1633 1673 1616 
1595 1768 1591 1830 1735 1985 1406 1718 1664 1897 1851 1608 1652 1808 1607 1657 1585 1544 1854 1817 2097 1591 1588 1770 1820 1778 1765 1784 1722 1915 1829 1778 1877 1970 1622 1557 1654 1619 1681 1586 1920 1849 1658 1328 1644 1524 1661 1993 1837 1800 1422 1741 1636 1748 1613 1666 1861 1586 1670 2044 1653 1799 1725 1777 1720 1606 1944 1726 1629 1565 1642 1681 1692 1469 1635 1726 1626 1536 1986 1868 1590 1726 1571 1697 1594 1711 1674 2016 1636 1588 1750 1870 1735 1774 1777 1565 1853 1683 1692 1542 1450 1880 1693 2033 1755 1516 1547 1801 1759 1613 1812 1545 1718 1596 1780 1853 1684 1788 1724 1658 
1585 1583 1604 1709 1715 1946 1581 1701 1818 1704 1738 1670 1746 1786 1543 1527 1630 1600 1700 1681 1939 1625 1523 1780 1828 1680 1568 1467 1629 1743 1676 1540 1830 1864 1617 1617 1583 1493 1472 1506 1790 1659 1707 1436 1607 1604 1752 1868 1877 1948 1423 1737 1563 1747 1666 1601 1892 1542 1555 1859 1821 1721 1756 1788 1647 1678 1801 1775 1649 1530 1581 1695 1843 1625 1900 1821 1520 1565 1822 1794 1661 1725 1535 1682 1593 1678 1718 1907 1724 1461 1752 1829 1722 1774 1781 1483 1858 1749 1690 1509 1691 1930 1777 1911 1729 1489 1761 1848 1678 1630 1682 1514 1719 1452 1737 1662 1793 1621 1536 1703 
1627 1519 1383 1579 1452 1555 1157 1419 1395 1498 1631 1422 1447 1655 1317 1491 1377 1351 1496 1552 1733 1310 1327 1452 1610 1426 1515 1421 1430 1735 1383 1372 1574 1958 1413 1468 1279 1462 1534 1395 1603 1557 1372 1241 1420 1387 1391 1704 1548 1563 1310 1402 1569 1550 1351 1422 1726 1338 1383 1664 1462 1541 1465 1687 1337 1419 1577 1579 1400 1404 1305 1427 1519 1334 1493 1388 1432 1488 1663 1495 1386 1471 1305 1501 1470 1543 1387 1688 1497 1346 1610 1664 1480 1459 1484 1312 1464 1438 1494 1407 1289 1560 1478 1860 1423 1291 1437 1587 1687 1300 1548 1343 1357 1204 1392 1673 1502 1489 1422 1438 
1637 1661 1643 1957 1681 1964 1554 1644 1691 1794 1852 1571 1794 1829 1662 1682 1612 1661 1722 1708 1977 1579 1558 1647 1599 1759 1671 1598 1674 1900 1766 1595 1874 1981 1753 1519 1697 1698 1583 1590 1805 1837 1557 1360 1541 1623 1792 2041 1890 1834 1631 1934 1785 1715 1651 1657 1979 1585 1655 1991 1741 1780 1520 1791 1548 1711 1905 1855 1551 1510 1601 1674 1605 1501 1809 1815 1696 1747 1792 1882 1659 1813 1774 1760 1583 1757 1805 1934 1806 1640 1751 1823 1800 1811 1850 1512 1750 1686 1908 1527 1619 1961 1681 2057 1591 1629 1759 1893 1673 1684 1832 1665 1705 1535 1751 1799 1846 1597 1660 1594 
1565 1808 1683 1883 1583 1740 1528 1641 1775 1719 1909 1545 1642 1711 1508 1501 1565 1478 1629 1699 1941 1530 1483 1588 1726 1541 1585 1743 1793 1847 1688 1660 1903 1891 1866 1719 1422 1570 1462 1548 1808 1817 1550 1275 1594 1572 1762 2082 1763 1858 1631 1679 1573 1701 1528 1682 1750 1483 1547 1983 1559 1707 1624 1782 1579 1702 1689 1803 1655 1468 1427 1586 1818 1449 1695 1669 1653 1530 1928 1815 1453 1520 1519 1938 1549 1608 1735 1746 1621 1521 1696 1855 1748 1641 1616 1376 1626 1647 1792 1586 1642 1909 1576 2014 1652 1581 1507 1939 1714 1587 1780 1571 1703 1558 1678 1705 1792 1752 1678 1666 
1676 1660 1718 1868 1753 1888 1430 1647 1671 1748 1781 1421 1781 1834 1541 1643 1582 1571 1749 1765 1852 1544 1709 1611 1831 1807 1676 1532 1788 1924 1688 1642 1829 2010 1761 1448 1555 1644 1486 1495 1931 1816 1638 1359 1625 1672 1576 1967 1793 1792 1442 1876 1725 1603 1604 1604 1898 1657 1690 2122 1759 1724 1703 1769 1486 1678 2042 1776 1649 1549 1567 1676 1629 1584 1732 1761 1637 1600 2051 1779 1615 1653 1552 1812 1545 1868 1766 1925 1585 1762 1719 1765 1692 1904 1826 1451 1834 1725 1808 1519 1714 1815 1810 2005 1627 1529 1610 1782 1772 1670 1805 1517 1523 1478 1580 1725 1793 1691 1709 1696 
1468 1667 1430 1609 1417 1616 1368 1536 1545 1454 1570 1415 1333 1431 1393 1347 1573 1438 1624 1607 1593 1347 1467 1569 1602 1434 1499 1506 1585 1877 1479 1518 1603 1717 1539 1541 1471 1404 1309 1482 1746 1567 1397 1270 1514 1359 1546 1967 1595 1596 1442 1666 1429 1575 1513 1483 1658 1508 1567 1793 1571 1485 1509 1668 1375 1265 1581 1439 1467 1325 1463 1441 1538 1423 1608 1474 1456 1389 1709 1713 1451 1476 1396 1550 1416 1525 1562 1677 1499 1395 1609 1595 1468 1528 1555 1244 1595 1445 1522 1402 1423 1571 1524 1819 1594 1365 1488 1727 1527 1451 1571 1380 1472 1332 1500 1662 1714 1662 1532 1666 
1787 1690 1693 2006 1741 2047 1604 1752 1791 1751 1925 1583 1735 1654 1571 1599 1633 1685 1739 1515 2009 1624 1706 1795 1855 1607 1599 1568 1806 1939 1827 1660 1900 1769 1735 1456 1695 1722 1613 1818 1969 1878 1618 1477 1432 1667 1829 1986 1869 1869 1443 2027 1675 1808 1730 1886 1863 1758 1642 2110 1762 1771 1568 1867 1630 1715 1864 1805 1764 1430 1697 1687 1786 1611 1895 1800 1529 1699 1851 1965 1655 1798 1632 1705 1590 1794 1876 1887 1842 1734 1749 1897 1734 1763 1959 1451 1761 1681 1863 1490 1522 1959 1802 2018 1606 1557 1710 1827 1641 1771 1838 1775 1671 1560 1694 1873 1843 1736 1687 1768 
1715 1862 1748 1913 1750 1881 1556 1630 1619 1656 1889 1530 1850 1858 1668 1550 1689 1649 1822 1588 1964 1593 1554 1723 1888 1670 1653 1540 1867 2077 1691 1654 1776 2025 1806 1610 1598 1693 1529 1724 2060 1792 1663 1431 1699 1492 1718 1971 1771 1842 1436 1902 1683 1829 1711 1695 1972 1623 1603 2003 1707 1752 1679 1916 1505 1677 2041 1779 1589 1537 1567 1809 1816 1619 1796 1811 1636 1669 1968 1865 1635 1846 1526 1585 1644 1834 1703 1917 1782 1694 1835 1863 1717 1717 1767 1478 1849 1657 1775 1469 1632 1855 1728 1917 1746 1599 1645 1916 1750 1637 1851 1734 1668 1530 1625 1943 1915 1759 1655 1712 
1403 1363 1168 1469 1172 1333 1067 1387 1318 1416 1410 1210 1363 1547 1345 1231 1275 1303 1324 1436 1539 1312 1353 1356 1412 1312 1353 1231 1380 1553 1412 1417 1554 1472 1478 1312 1350 1260 1312 1274 1555 1621 1312 1133 1371 1368 1350 1592 1559 1518 1284 1395 1429 1505 1240 1251 1539 1446 1362 1562 1418 1441 1322 1499 1384 1214 1515 1364 1262 1122 1319 1421 1470 1165 1480 1387 1327 1349 1593 1478 1290 1343 1279 1438 1428 1290 1340 1595 1494 1240 1353 1420 1389 1423 1398 1156 1320 1368 1405 1323 1379 1439 1394 1598 1301 1258 1354 1420 1378 1258 1422 1408 1154 1135 1344 1544 1517 1411 1310 1447 
1667 1687 1430 1752 1628 1761 1364 1463 1580 1599 1687 1448 1565 1540 1463 1359 1678 1455 1618 1502 1757 1513 1524 1668 1640 1537 1493 1481 1717 1800 1710 1566 1662 1820 1559 1444 1429 1456 1448 1598 1813 1761 1569 1289 1503 1315 1675 1920 1669 1723 1490 1804 1469 1680 1481 1599 1622 1472 1584 1837 1564 1682 1508 1624 1385 1433 1617 1675 1400 1292 1406 1551 1674 1393 1659 1508 1645 1512 1832 1712 1447 1606 1513 1630 1474 1609 1516 1742 1553 1603 1537 1590 1585 1530 1735 1423 1583 1500 1640 1435 1568 1664 1589 1806 1480 1531 1521 1736 1636 1534 1658 1535 1572 1404 1588 1796 1668 1683 1505 1684 
1703 1543 1522 1823 1644 1902 1508 1754 1678 1769 1849 1623 1599 1759 1601 1597 1645 1627 1771 1757 1816 1494 1567 1818 1792 1658 1694 1584 1661 1839 1707 1647 1767 1876 1687 1564 1718 1604 1632 1553 1882 1812 1558 1412 1496 1659 1637 2032 1689 1746 1655 1866 1701 1688 1625 1585 1834 1674 1501 2043 1715 1712 1620 1850 1557 1504 1902 1779 1690 1553 1675 1611 1766 1487 1820 1812 1573 1626 1913 1833 1641 1802 1684 1786 1674 1818 1708 2042 1707 1701 1734 1781 1741 1687 1913 1338 1835 1713 1904 1639 1645 1932 1659 2110 1710 1599 1547 1808 1579 1604 1719 1534 1634 1395 1775 1837 2010 1634 1722 1741 
1570 1536 1347 1765 1553 1560 1266 1468 1417 1574 1710 1408 1516 1707 1564 1375 1527 1469 1517 1287 1752 1390 1602 1557 1585 1454 1513 1441 1635 1700 1661 1548 1755 1667 1597 1407 1376 1610 1412 1413 1806 1712 1399 1277 1448 1362 1626 1806 1662 1613 1394 1637 1453 1625 1387 1519 1842 1539 1379 1716 1506 1517 1461 1531 1416 1442 1672 1634 1556 1346 1336 1419 1633 1328 1672 1642 1404 1475 1780 1555 1557 1469 1406 1579 1502 1505 1520 1577 1621 1417 1608 1763 1348 1572 1744 1305 1538 1469 1505 1529 1503 1640 1688 1835 1448 1474 1397 1682 1576 1408 1726 1523 1415 1349 1395 1538 1764 1623 1383 1596 
1729 1750 1726 1954 1663 1902 1667 1808 1878 1730 1893 1771 1738 1768 1722 1608 1741 1803 1689 1771 1918 1732 1656 1788 1902 1677 1638 1634 1769 1888 1853 1680 2061 1904 1835 1633 1785 1662 1618 1665 2063 1870 1617 1411 1761 1788 1873 2033 1961 1892 1679 1948 1665 1765 1714 1761 2009 1715 1652 2087 1937 1799 1781 1915 1628 1887 1918 1820 1777 1655 1674 1831 1922 1598 2045 1782 1683 1662 1976 1974 1740 1790 1716 1880 1607 1785 1837 1818 1835 1662 1680 1944 1820 1803 1910 1421 1925 1886 1855 1568 1839 1990 1932 2256 1753 1550 1745 1946 1761 1632 1851 1743 1733 1524 1791 1893 1987 1797 1708 1917 
1778 1861 1727 2002 1774 2071 1653 1832 1894 1863 1885 1751 1751 1781 1742 1718 1780 1797 1785 1824 2068 1746 1653 1868 1826 1733 1751 1708 1844 2136 1866 1753 1949 2039 1947 1614 1856 1810 1731 1829 1969 2055 1866 1582 1742 1804 1969 2184 1985 2085 1720 1970 1729 1916 1721 1861 1920 1709 1784 2082 1918 1933 1727 1956 1707 1808 2031 1796 1658 1624 1628 1945 1848 1634 1883 1799 1735 1750 2070 2044 1644 1817 1719 1818 1724 1873 1877 2138 1827 1534 1876 1997 1857 1782 1933 1693 1881 1880 1822 1635 1739 2088 1857 2130 1793 1611 1804 1876 1863 1871 1886 1696 1841 1637 1821 1895 1936 1844 1797 1793 
1711 1619 1762 1933 1672 1796 1514 1614 1832 1716 1883 1711 1786 1582 1483 1453 1597 1649 1730 1757 1740 1486 1518 1674 1891 1639 1625 1586 1681 1739 1683 1705 1908 1848 1783 1526 1615 1539 1590 1597 1949 1827 1523 1314 1769 1544 1770 1910 1940 1834 1510 1800 1697 1818 1650 1861 1914 1587 1678 2006 1675 1686 1639 1837 1656 1690 1907 1715 1819 1518 1557 1596 1773 1505 1858 1694 1457 1480 1791 1866 1788 1648 1661 1691 1638 1654 1794 1754 1843 1665 1683 1946 1850 1715 1765 1321 1810 1809 1865 1533 1622 2022 1736 1993 1708 1526 1649 1915 1680 1663 1769 1632 1583 1536 1701 1876 1761 1787 1648 1739 
1723 1775 1697 1833 1751 1843 1537 1713 1728 1636 1766 1643 1610 1708 1564 1485 1703 1657 1774 1788 1938 1631 1547 1775 1839 1523 1649 1554 1602 1974 1762 1693 1879 1825 1811 1598 1618 1517 1448 1564 2005 1753 1637 1391 1764 1601 1792 1997 1742 1887 1480 1869 1731 1768 1591 1679 1929 1703 1678 1986 1716 1668 1627 1687 1574 1672 1920 1789 1647 1375 1608 1847 1761 1530 1825 1738 1523 1523 1855 1830 1773 1514 1522 1773 1596 1745 1721 1810 1761 1530 1718 1804 1745 1731 1739 1395 1777 1792 1708 1508 1626 1995 1903 1943 1740 1479 1657 2000 1637 1622 1918 1636 1559 1636 1591 1831 1810 1882 1690 1740 
1655 1761 1675 1894 1624 1848 1367 1704 1584 1835 1861 1689 1754 1643 1607 1585 1708 1658 1810 1784 1870 1574 1645 1785 1855 1615 1699 1678 1792 2040 1669 1845 1876 1979 1659 1440 1723 1618 1571 1624 1941 1855 1701 1374 1616 1605 1666 2065 1637 1695 1600 1802 1754 1731 1608 1803 1864 1745 1556 2080 1747 1688 1610 1932 1650 1707 1959 1690 1609 1532 1521 1620 1749 1514 1757 1715 1690 1684 1990 1856 1555 1695 1743 1775 1704 1810 1758 1999 1748 1768 1745 1819 1728 1792 1779 1449 1923 1658 2034 1570 1699 1879 1788 2065 1630 1652 1681 1918 1662 1719 1880 1725 1574 1603 1744 1907 1959 1791 1588 1806 
1500 1815 1555 1794 1708 1840 1448 1593 1673 1879 1830 1570 1634 1618 1428 1495 1545 1573 1818 1653 1968 1619 1393 1638 1794 1647 1606 1518 1654 1831 1696 1567 1831 1924 1516 1463 1435 1543 1527 1607 1812 1730 1520 1360 1479 1495 1716 1858 1803 1787 1575 1813 1534 1594 1696 1671 1775 1511 1554 1975 1686 1652 1524 1737 1556 1669 1652 1673 1636 1494 1606 1560 1663 1522 1698 1706 1517 1571 1906 1877 1635 1739 1652 1792 1627 1680 1690 1739 1697 1491 1666 1770 1681 1631 1785 1422 1736 1658 1638 1422 1523 1939 1778 1868 1589 1442 1692 1874 1761 1464 1790 1588 1582 1423 1761 1813 1797 1718 1550 1692 
1382 1530 1606 1644 1668 1679 1211 1328 1544 1644 1637 1390 1586 1515 1370 1342 1542 1323 1689 1541 1604 1457 1492 1455 1634 1491 1501 1382 1652 1691 1509 1499 1553 1706 1444 1247 1405 1446 1355 1317 1582 1491 1463 1291 1427 1319 1617 1776 1608 1529 1357 1688 1498 1415 1309 1578 1721 1393 1535 1775 1517 1655 1425 1530 1330 1432 1665 1570 1539 1266 1423 1507 1467 1413 1526 1530 1468 1437 1699 1683 1291 1509 1442 1491 1428 1430 1609 1764 1587 1431 1596 1647 1420 1549 1594 1329 1606 1550 1517 1428 1440 1677 1567 1604 1514 1591 1465 1655 1609 1527 1720 1471 1403 1470 1462 1596 1565 1625 1563 1564 
1649 1565 1550 1671 1478 1789 1495 1491 1641 1542 1731 1532 1494 1527 1439 1545 1614 1568 1648 1648 1763 1520 1565 1476 1859 1477 1608 1511 1508 1870 1525 1611 1693 1919 1671 1626 1424 1468 1585 1508 1830 1598 1392 1291 1725 1572 1617 1834 1770 1748 1366 1568 1527 1504 1675 1628 1794 1534 1544 1831 1730 1613 1421 1947 1485 1561 1695 1572 1578 1432 1610 1584 1696 1413 1828 1667 1483 1526 1818 1775 1718 1657 1495 1617 1589 1739 1635 1817 1717 1471 1604 1806 1644 1659 1727 1279 1763 1595 1674 1365 1532 1801 1589 1952 1633 1413 1566 1851 1663 1482 1624 1484 1589 1284 1551 1911 1863 1660 1502 1644 
1539 1702 1434 1786 1599 1830 1315 1687 1719 1690 1770 1576 1564 1652 1452 1480 1337 1660 1671 1683 1919 1610 1521 1722 1662 1476 1583 1570 1553 1914 1598 1641 1806 1750 1578 1538 1470 1459 1453 1436 1922 1588 1565 1273 1527 1605 1514 1832 1592 1724 1552 1667 1613 1712 1546 1676 1843 1570 1499 2020 1650 1629 1476 1844 1576 1570 1760 1656 1659 1439 1368 1532 1562 1376 1744 1632 1405 1607 1924 1796 1526 1611 1485 1723 1556 1537 1590 1779 1748 1360 1559 1813 1657 1683 1745 1392 1743 1612 1602 1372 1488 1834 1630 1938 1592 1311 1553 1753 1569 1458 1596 1557 1548 1403 1573 1791 1767 1695 1680 1578 
1643 1733 1701 1958 1652 1649 1419 1488 1620 1752 1728 1486 1635 1625 1487 1334 1546 1537 1678 1649 1736 1655 1513 1712 1649 1631 1644 1622 1850 1813 1695 1546 1759 1721 1801 1403 1393 1560 1434 1611 1787 1844 1512 1379 1416 1687 1662 1905 1807 1705 1510 1660 1670 1744 1667 1554 1730 1648 1542 1960 1585 1633 1635 1671 1452 1577 1693 1722 1600 1356 1543 1513 1666 1454 1805 1527 1505 1578 1789 1685 1447 1622 1606 1743 1504 1681 1705 1698 1720 1646 1699 1818 1677 1596 1509 1325 1632 1634 1657 1483 1484 1771 1609 1744 1432 1477 1480 1668 1469 1495 1655 1583 1544 1474 1732 1779 1814 1646 1676 1753 
1650 1741 1702 1847 1700 1936 1546 1563 1614 1838 1907 1582 1735 1680 1473 1493 1575 1520 1750 1664 1954 1595 1506 1763 1726 1599 1607 1685 1765 1905 1722 1604 1910 1971 1628 1559 1640 1637 1623 1680 1883 1911 1551 1432 1338 1579 1728 1964 1684 1855 1577 1708 1686 1722 1549 1774 1773 1677 1487 1926 1623 1621 1457 1834 1486 1756 1777 1871 1717 1396 1536 1510 1666 1393 1718 1648 1574 1667 1913 1604 1439 1717 1471 1710 1541 1673 1680 1754 1605 1648 1708 1685 1757 1777 1847 1385 1705 1683 1831 1495 1593 1992 1608 2058 1522 1611 1438 1707 1625 1513 1823 1571 1554 1503 1677 1756 1887 1754 1508 1551 
1735 1717 1564 1848 1724 1871 1407 1659 1620 1589 1727 1632 1664 1727 1595 1590 1608 1588 1737 1637 1907 1497 1697 1878 1795 1627 1629 1589 1724 1921 1728 1646 1918 1942 1565 1586 1629 1652 1700 1604 1770 1783 1578 1453 1635 1598 1567 1876 1864 1800 1438 1769 1614 1767 1566 1653 1976 1626 1724 1950 1794 1752 1660 1773 1540 1682 1763 1725 1526 1477 1564 1680 1819 1561 1811 1698 1525 1620 1964 1865 1641 1718 1479 1624 1680 1545 1541 1870 1768 1438 1786 1869 1703 1700 1830 1531 1761 1684 1597 1530 1483 1888 1791 2031 1671 1505 1657 1779 1755 1611 1814 1705 1454 1484 1609 1827 1689 1815 1491 1600 
1511 1605 1565 1743 1644 1675 1280 1512 1643 1492 1704 1533 1561 1493 1509 1530 1571 1432 1601 1438 1726 1526 1538 1582 1665 1518 1491 1406 1736 1784 1454 1391 1606 1764 1618 1330 1437 1497 1453 1401 1812 1681 1508 1196 1441 1437 1459 1800 1673 1641 1425 1679 1520 1512 1473 1583 1765 1298 1537 1827 1558 1632 1650 1695 1322 1544 1871 1593 1576 1495 1426 1653 1549 1443 1800 1626 1573 1502 1764 1700 1588 1516 1473 1667 1454 1589 1657 1728 1757 1513 1657 1851 1606 1593 1599 1353 1723 1520 1692 1297 1409 1751 1770 1837 1678 1450 1533 1600 1552 1636 1728 1548 1512 1457 1458 1699 1742 1542 1477 1531 
1616 1864 1715 1994 1668 1730 1523 1763 1553 1807 1797 1455 1606 1753 1607 1515 1635 1607 1717 1635 1817 1628 1510 1769 1836 1642 1627 1652 1726 1859 1689 1687 1851 1956 1699 1604 1480 1765 1471 1545 1831 1907 1607 1327 1478 1685 1685 1987 1753 1823 1492 1847 1695 1810 1563 1664 1904 1705 1547 2051 1681 1772 1602 1824 1551 1616 1920 1701 1568 1573 1535 1605 1718 1585 1895 1821 1667 1647 1869 1760 1588 1645 1508 1775 1552 1751 1668 2000 1736 1674 1850 1834 1745 1684 1736 1348 1753 1691 1862 1671 1581 1909 1777 1882 1640 1504 1628 1832 1701 1688 1724 1599 1618 1474 1791 1781 1894 1661 1757 1720 
1682 1805 1597 1956 1642 1866 1466 1659 1814 1782 1860 1747 1811 1864 1716 1652 1549 1677 1792 1865 1982 1585 1550 1747 1888 1607 1833 1712 1757 2008 1748 1777 1939 1961 1838 1794 1643 1430 1598 1516 1875 1801 1669 1508 1520 1695 1675 1988 1803 1750 1621 1746 1751 1854 1659 1777 1893 1550 1742 1929 1741 1845 1769 1964 1750 1784 1840 1878 1806 1548 1604 1731 1903 1510 1885 1826 1671 1631 1922 1859 1592 1710 1696 1844 1750 1623 1755 1962 1902 1707 1847 1875 1857 1758 1805 1467 1692 1735 1859 1575 1626 1965 1699 2078 1716 1658 1650 1962 1838 1588 1865 1750 1607 1708 1830 1899 1922 1754 1653 1784 
1386 1235 1348 1483 1390 1549 1160 1359 1604 1447 1545 1253 1369 1294 1250 1216 1428 1191 1599 1334 1484 1347 1422 1495 1398 1394 1260 1322 1460 1478 1257 1387 1386 1482 1359 1358 1294 1295 1400 1248 1526 1549 1326 1137 1226 1356 1423 1634 1475 1588 1392 1433 1363 1357 1179 1486 1319 1261 1314 1525 1307 1459 1260 1492 1250 1230 1528 1543 1494 1299 1478 1458 1534 1281 1589 1513 1305 1290 1587 1622 1425 1477 1342 1411 1345 1410 1421 1622 1530 1315 1294 1378 1524 1390 1407 1208 1463 1367 1413 1318 1439 1703 1478 1565 1518 1377 1378 1361 1351 1408 1527 1385 1246 1203 1449 1444 1648 1443 1313 1365 
1287 1386 1451 1655 1465 1584 1420 1561 1405 1618 1633 1409 1410 1532 1465 1334 1420 1457 1439 1410 1653 1471 1303 1472 1478 1554 1352 1361 1380 1571 1597 1429 1688 1489 1363 1358 1377 1475 1333 1395 1757 1624 1229 1014 1387 1475 1517 1611 1547 1734 1278 1592 1255 1605 1433 1438 1691 1396 1394 1673 1495 1426 1399 1523 1332 1474 1493 1593 1419 1303 1406 1412 1485 1174 1718 1542 1353 1357 1656 1606 1395 1483 1477 1507 1413 1419 1443 1522 1524 1378 1470 1558 1491 1592 1522 1178 1567 1526 1501 1425 1345 1716 1559 1743 1351 1297 1289 1573 1511 1239 1541 1468 1578 1219 1587 1555 1541 1400 1500 1518 
1608 1565 1665 1845 1659 1940 1507 1683 1716 1841 1801 1574 1695 1678 1439 1599 1539 1507 1707 1715 1987 1474 1602 1610 1740 1620 1631 1553 1729 1929 1639 1518 1781 1926 1628 1483 1661 1683 1694 1561 1823 1778 1724 1315 1556 1643 1653 1983 1825 1802 1608 1748 1653 1794 1734 1562 1811 1421 1760 2039 1601 1759 1612 1782 1701 1624 1751 1836 1643 1504 1559 1646 1681 1506 1721 1687 1633 1665 1799 1807 1559 1675 1551 1743 1551 1671 1827 1779 1689 1596 1762 1847 1741 1702 1906 1426 1767 1613 1677 1571 1533 1996 1775 2174 1764 1653 1539 1971 1758 1560 1727 1663 1639 1521 1753 1965 1759 1621 1673 1541 
1693 1714 1613 1875 1706 1889 1553 1702 1775 1771 1873 1644 1743 1706 1466 1610 1622 1729 1786 1749 1947 1545 1650 1667 1959 1687 1611 1659 1835 1952 1856 1588 1715 1908 1745 1474 1659 1551 1545 1680 1921 1787 1629 1441 1611 1513 1744 2049 1860 1856 1414 1814 1494 1798 1638 1719 1753 1560 1642 1967 1746 1677 1531 2005 1641 1563 1870 1757 1697 1468 1483 1655 1780 1580 1668 1795 1598 1635 1828 1813 1639 1683 1543 1692 1488 1796 1769 1911 1740 1676 1855 2093 1820 1680 1793 1514 1846 1867 1809 1548 1515 1916 1693 2069 1648 1602 1544 1794 1764 1644 1761 1619 1637 1543 1691 1775 1750 1675 1656 1736 
1741 1702 1630 1774 1719 1835 1431 1728 1710 1763 1771 1584 1755 1667 1416 1404 1695 1630 1601 1628 1940 1719 1557 1656 1774 1615 1631 1594 1738 1818 1705 1716 1801 1885 1695 1573 1546 1505 1319 1469 1939 1792 1556 1312 1609 1538 1806 1955 1734 1919 1453 1724 1601 1714 1561 1694 1819 1644 1473 1927 1656 1545 1497 1871 1544 1585 1923 1797 1677 1288 1601 1628 1777 1484 1846 1783 1474 1584 1832 1823 1720 1640 1545 1805 1521 1781 1728 1849 1821 1660 1660 1947 1731 1674 1692 1470 1854 1846 1789 1434 1577 1853 1758 1857 1649 1586 1552 1714 1742 1555 1746 1565 1517 1471 1650 1720 1831 1688 1563 1682 
1830 2008 1724 1917 1709 2021 1525 1803 1834 1809 1857 1876 1910 1780 1626 1651 1761 1825 1827 1769 1963 1609 1674 1952 1971 1636 1747 1751 1933 2153 1809 1734 1964 2093 1835 1885 1804 1719 1788 1777 1826 1949 1692 1486 1675 1809 1837 2118 1907 1970 1707 1996 1691 1920 1753 1713 2028 1736 1836 2049 1903 1885 1735 2044 1736 1813 2001 1854 1701 1562 1654 1827 2012 1727 1882 1836 1735 1813 2156 2079 1639 1857 1728 1855 1730 1728 2011 2134 1836 1599 1974 2048 1871 1702 1956 1558 2006 1782 1809 1621 1786 2006 1909 2240 1826 1776 1850 2129 2048 1664 1881 1729 1715 1691 1799 2141 2071 1986 1691 1861 
1601 1651 1492 1786 1621 1851 1479 1625 1664 1590 1661 1625 1621 1661 1542 1505 1559 1627 1738 1699 1885 1455 1569 1586 1791 1504 1607 1603 1721 1808 1750 1608 1731 1825 1641 1604 1502 1496 1505 1598 1733 1772 1573 1365 1527 1565 1669 1992 1742 1898 1638 1716 1481 1792 1573 1719 1732 1493 1572 1945 1757 1659 1632 1755 1644 1500 1667 1745 1648 1529 1488 1522 1781 1490 1678 1642 1589 1598 1828 1774 1417 1591 1557 1778 1651 1576 1703 1886 1631 1552 1760 1889 1675 1639 1806 1390 1666 1510 1638 1514 1545 1788 1655 1903 1429 1513 1584 1913 1624 1553 1647 1565 1615 1480 1706 1784 1822 1739 1635 1680 
1605 1680 1559 1727 1758 1916 1487 1712 1607 1672 1664 1602 1692 1742 1566 1482 1612 1452 1696 1740 1943 1525 1590 1639 1828 1591 1775 1532 1705 1943 1510 1580 1778 2056 1640 1513 1521 1587 1457 1629 1953 1811 1761 1446 1608 1519 1584 1984 1788 1806 1590 1717 1540 1764 1746 1730 1921 1476 1771 2061 1769 1726 1612 1953 1526 1619 1726 1674 1706 1431 1553 1687 1775 1552 1872 1789 1629 1571 1825 1749 1725 1685 1561 1688 1660 1839 1612 1905 1726 1551 1817 1838 1597 1730 1758 1466 1807 1735 1770 1460 1606 1832 1748 1902 1589 1564 1644 1885 1769 1607 1696 1579 1733 1515 1730 1799 1783 1690 1632 1627 
1522 1650 1611 1669 1557 1801 1491 1501 1617 1556 1700 1461 1524 1541 1354 1365 1519 1460 1526 1723 1742 1431 1396 1503 1715 1504 1522 1399 1594 1832 1574 1513 1752 1921 1625 1476 1571 1436 1355 1594 1759 1592 1486 1358 1543 1533 1606 1826 1613 1689 1425 1552 1443 1561 1687 1574 1624 1483 1490 1759 1610 1605 1382 1790 1358 1532 1646 1639 1525 1375 1511 1592 1640 1400 1668 1486 1535 1482 1802 1684 1482 1659 1469 1647 1529 1680 1580 1669 1480 1460 1613 1640 1685 1660 1614 1397 1753 1662 1688 1354 1448 1726 1559 1828 1619 1486 1453 1730 1587 1391 1712 1415 1511 1350 1603 1782 1721 1629 1423 1583 
1590 1695 1600 1723 1492 1666 1441 1636 1547 1518 1754 1344 1552 1588 1533 1469 1658 1505 1550 1531 1752 1493 1498 1497 1672 1497 1685 1493 1709 1882 1738 1454 1665 1853 1789 1598 1453 1539 1450 1570 1821 1863 1310 1239 1508 1414 1544 1896 1755 1701 1411 1772 1598 1564 1601 1553 1693 1716 1620 1919 1719 1572 1614 1746 1450 1524 1818 1570 1526 1371 1589 1573 1670 1418 1589 1773 1550 1380 1861 1715 1648 1548 1332 1615 1442 1612 1716 1740 1529 1527 1676 1642 1610 1585 1616 1301 1659 1587 1652 1422 1607 1768 1686 1787 1613 1481 1553 1769 1582 1559 1697 1466 1545 1456 1541 1729 1754 1752 1443 1633 
1626 1687 1759 1760 1680 1867 1517 1655 1624 1776 1784 1562 1615 1540 1441 1404 1655 1409 1758 1620 1776 1547 1474 1730 1829 1570 1638 1558 1669 1864 1495 1587 1694 1982 1627 1463 1501 1619 1524 1627 1895 1811 1603 1286 1564 1487 1693 1915 1735 1921 1495 1785 1662 1575 1588 1627 1717 1425 1709 2018 1601 1675 1650 1762 1408 1575 1775 1764 1561 1427 1637 1583 1755 1549 1706 1739 1595 1517 1961 1905 1587 1715 1532 1702 1688 1738 1708 1898 1629 1633 1756 1717 1689 1620 1711 1318 1818 1502 1862 1414 1615 1880 1674 1782 1658 1504 1695 1887 1664 1612 1756 1674 1630 1513 1736 1796 1734 1631 1586 1488 
1551 1656 1539 1857 1605 1745 1486 1581 1653 1693 1631 1562 1681 1744 1669 1588 1563 1509 1654 1703 1779 1550 1471 1683 1798 1500 1674 1577 1804 1895 1709 1703 1743 1847 1721 1542 1620 1487 1367 1503 1773 1906 1577 1354 1610 1569 1696 1910 1720 1908 1445 1801 1463 1773 1459 1895 1870 1519 1660 2039 1682 1711 1549 1737 1505 1534 1887 1708 1466 1461 1471 1751 1685 1438 1741 1624 1606 1466 1883 1756 1468 1619 1494 1717 1570 1544 1582 1875 1643 1627 1753 1688 1602 1753 1821 1384 1669 1633 1739 1568 1574 1833 1652 1838 1557 1639 1529 1897 1703 1583 1762 1601 1726 1459 1582 1806 1654 1643 1650 1614 
1706 1692 1552 1785 1800 1956 1482 1544 1707 1718 1845 1628 1795 1762 1530 1546 1517 1560 1836 1571 2016 1535 1669 1819 1890 1598 1671 1665 1810 1821 1725 1621 1843 1856 1668 1473 1589 1600 1601 1578 1834 1750 1617 1456 1328 1567 1571 1895 1766 1768 1482 1812 1631 1586 1571 1730 1798 1514 1665 1979 1738 1709 1656 1837 1617 1628 1812 1788 1862 1543 1625 1637 1805 1549 1826 1817 1622 1632 1939 1750 1612 1816 1464 1796 1564 1680 1754 1886 1766 1634 1762 1885 1713 1703 1727 1446 1863 1608 1716 1447 1610 1931 1715 1958 1684 1556 1613 1637 1663 1657 1701 1642 1580 1521 1630 1736 1843 1783 1547 1595 
1598 1601 1486 1685 1559 1728 1388 1561 1545 1488 1558 1446 1522 1450 1390 1342 1574 1436 1545 1522 1743 1535 1451 1600 1728 1297 1481 1548 1690 1666 1570 1482 1595 1735 1585 1382 1505 1375 1335 1397 1731 1805 1547 1194 1389 1414 1657 1739 1630 1654 1377 1617 1435 1574 1555 1492 1627 1424 1514 1780 1546 1530 1500 1718 1481 1642 1693 1663 1570 1417 1438 1621 1653 1484 1605 1555 1489 1502 1514 1595 1471 1562 1458 1513 1423 1539 1683 1709 1691 1620 1757 1815 1619 1412 1542 1321 1561 1536 1564 1413 1468 1778 1566 1800 1450 1419 1468 1673 1444 1524 1591 1552 1406 1399 1481 1614 1711 1575 1541 1574 
1709 1732 1591 1858 1816 1803 1513 1660 1788 1696 1946 1509 1707 1640 1457 1371 1646 1578 1710 1550 2023 1650 1606 1839 1775 1639 1584 1480 1739 2008 1730 1707 1875 1839 1699 1555 1724 1682 1630 1601 2054 1977 1597 1428 1511 1630 1751 2055 1722 1896 1543 1896 1660 1661 1647 1653 1743 1543 1624 1950 1619 1663 1622 1832 1629 1627 1970 1752 1832 1526 1705 1651 1763 1577 1774 1750 1524 1624 1991 1869 1626 1607 1595 1751 1569 1805 1771 1856 1786 1559 1839 1917 1721 1750 1708 1517 1856 1602 1848 1574 1643 1972 1765 1901 1793 1505 1616 1755 1706 1680 1806 1567 1608 1575 1527 1708 1812 1718 1677 1723 
1694 1678 1599 1808 1628 1827 1522 1724 1748 1680 1840 1531 1656 1527 1442 1428 1583 1496 1703 1770 1889 1607 1461 1642 1750 1619 1617 1551 1674 1819 1651 1630 1784 1937 1736 1501 1508 1492 1517 1551 1881 1763 1527 1424 1544 1591 1799 1921 1813 1802 1626 1774 1516 1732 1583 1758 1683 1630 1581 1907 1610 1652 1497 1839 1476 1659 1688 1758 1703 1479 1539 1644 1672 1524 1804 1557 1567 1519 1777 1769 1537 1712 1522 1718 1428 1734 1695 1805 1697 1652 1715 1829 1785 1661 1827 1477 1636 1783 1697 1548 1588 1917 1604 1893 1663 1424 1513 1664 1671 1756 1568 1624 1544 1425 1734 1613 1754 1630 1634 1738 
1563 1655 1536 1802 1580 1750 1473 1728 1575 1575 1673 1558 1529 1722 1611 1550 1605 1559 1561 1603 1639 1474 1498 1677 1680 1440 1623 1572 1691 1783 1643 1543 1650 1847 1642 1539 1589 1586 1486 1468 1822 1862 1477 1366 1501 1589 1694 1927 1656 1658 1418 1689 1481 1714 1593 1646 1773 1412 1522 1896 1640 1670 1668 1766 1550 1572 1773 1718 1516 1410 1483 1575 1755 1580 1625 1679 1415 1460 1625 1841 1527 1676 1457 1563 1517 1574 1588 1852 1634 1578 1730 1910 1663 1552 1749 1316 1559 1584 1547 1534 1443 1737 1682 1833 1590 1400 1426 1750 1602 1471 1701 1468 1572 1470 1608 1819 1799 1544 1755 1546 
1830 1827 1809 1880 1800 1932 1598 1744 1969 1743 1947 1609 1791 1798 1619 1651 1647 1723 1943 1681 1999 1755 1700 1909 1938 1776 1727 1778 1882 1980 1802 1744 1944 2013 1863 1715 1564 1716 1662 1658 2046 2070 1698 1591 1599 1746 1896 2012 2019 2076 1531 1847 1716 1808 1709 1796 1916 1649 1722 2062 1802 1763 1809 1885 1538 1751 1937 1923 1920 1565 1748 1768 1905 1560 1972 1822 1574 1628 2094 1900 1711 1804 1605 1720 1677 1697 1745 1940 1906 1711 1869 1948 1840 1801 1865 1481 1733 1686 1808 1538 1574 1926 1824 1980 1785 1501 1703 1827 1820 1733 1911 1845 1740 1649 1736 1783 1897 1748 1761 1828 
1728 1823 1701 1973 1783 2010 1458 1714 1804 1935 1939 1614 1656 1726 1683 1533 1669 1629 1838 1777 2138 1609 1697 1737 1738 1661 1794 1790 1807 1944 1674 1797 1853 1918 1685 1713 1556 1552 1641 1597 2010 1809 1658 1351 1598 1436 1784 2131 1769 1817 1660 1788 1809 1838 1699 1847 1801 1601 1776 2002 1650 1762 1637 1843 1679 1669 1869 1975 1867 1497 1604 1579 1798 1550 1819 1848 1673 1558 1892 1767 1717 1680 1675 1868 1614 1808 1770 1874 1863 1751 1707 1878 1783 1757 1849 1534 1792 1722 1696 1544 1600 1973 1813 1957 1661 1585 1679 1927 1683 1686 1746 1672 1589 1589 1859 1818 1830 1798 1608 1715 
1792 1903 1675 1984 1812 2074 1620 1750 1680 1884 1927 1726 1895 1819 1606 1655 1738 1791 1749 1746 2109 1765 1745 1679 1921 1785 1782 1644 1881 1993 1949 1815 2032 2030 1776 1705 1678 1789 1618 1809 2044 1838 1703 1405 1705 1660 1876 2073 1969 2023 1695 2046 1583 1852 1724 1803 1911 1716 1789 2120 1886 1891 1648 1831 1664 1743 1735 1913 1676 1461 1699 1756 1931 1499 1940 1784 1810 1720 2072 2073 1624 1813 1775 1928 1770 1823 1890 1974 1823 1632 1857 1952 1796 1763 1883 1492 1917 1774 1710 1635 1718 1941 1892 2044 1619 1616 1754 2035 1938 1613 1885 1749 1796 1542 1849 2042 1853 1923 1623 1753 
1493 1524 1551 1724 1640 1670 1327 1511 1624 1647 1658 1334 1519 1624 1433 1446 1505 1501 1700 1537 1767 1525 1530 1598 1687 1609 1484 1524 1665 1668 1733 1627 1655 1806 1647 1401 1410 1481 1350 1438 1748 1674 1462 1384 1519 1361 1707 1810 1735 1701 1448 1630 1402 1558 1517 1611 1648 1422 1463 1821 1562 1598 1560 1596 1458 1329 1683 1626 1567 1329 1619 1430 1528 1468 1696 1595 1399 1355 1704 1660 1594 1545 1493 1648 1439 1561 1532 1855 1646 1536 1597 1701 1576 1538 1699 1378 1585 1582 1544 1486 1445 1746 1661 1575 1607 1388 1337 1740 1533 1643 1675 1550 1449 1444 1556 1582 1799 1528 1566 1697 
1746 1746 1558 1795 1730 1696 1323 1573 1693 1744 1812 1540 1654 1599 1464 1395 1614 1479 1792 1617 1923 1646 1512 1634 1812 1625 1781 1564 1735 1818 1726 1608 1719 1950 1623 1482 1456 1571 1536 1613 1828 2009 1420 1314 1554 1498 1707 1852 1770 1786 1508 1706 1631 1673 1584 1776 1724 1569 1625 1918 1651 1644 1618 1895 1579 1568 1825 1650 1667 1535 1627 1642 1726 1445 1777 1766 1658 1497 1776 1729 1705 1725 1630 1739 1613 1721 1600 1738 1755 1674 1709 1811 1618 1603 1628 1380 1765 1671 1740 1584 1526 1852 1735 1817 1561 1543 1640 1774 1664 1604 1727 1589 1580 1496 1693 1799 1835 1642 1517 1761 
1678 1647 1694 1808 1708 2069 1524 1784 1816 1760 1822 1556 1595 1636 1557 1657 1545 1669 1668 1744 1804 1477 1620 1716 1798 1634 1541 1654 1574 1781 1708 1642 1808 1933 1771 1421 1702 1679 1613 1677 1814 1763 1575 1408 1526 1756 1772 1908 1741 1874 1537 1831 1672 1619 1676 1683 1740 1548 1656 1994 1770 1806 1624 1784 1493 1612 1854 1795 1686 1679 1558 1710 1714 1584 1788 1688 1584 1599 1894 1796 1696 1743 1645 1824 1582 1745 1796 2057 1698 1693 1647 1820 1828 1750 1799 1370 1889 1715 1860 1503 1638 1971 1797 1999 1649 1472 1619 1785 1623 1803 1841 1633 1578 1520 1671 1778 1937 1633 1662 1680 
1714 1744 1659 1863 1774 1910 1545 1684 1706 1841 1968 1611 1695 1742 1433 1509 1658 1581 1789 1747 1967 1759 1510 1874 1747 1748 1583 1623 1671 1896 1724 1603 1865 2013 1638 1510 1640 1583 1511 1587 1971 1769 1653 1481 1701 1575 1717 1842 1777 1874 1438 1853 1637 1680 1609 1728 1761 1691 1635 2039 1696 1606 1631 1808 1528 1691 1837 1725 1545 1524 1604 1715 1729 1465 1746 1726 1528 1500 2027 1794 1608 1804 1441 1552 1624 1846 1565 1849 1642 1543 1725 1735 1770 1768 1742 1511 1884 1690 1723 1525 1637 1908 1768 1880 1725 1381 1626 1708 1749 1529 1792 1579 1703 1487 1676 1705 1613 1792 1632 1730 
1271 1090 1199 1275 1409 1449 957 1272 1306 1346 1241 1085 1331 1352 1187 1115 1128 1221 1359 1262 1570 1142 1370 1253 1394 1319 1351 1179 1249 1306 1323 1243 1275 1476 1188 1081 1088 1199 1179 1098 1375 1258 1235 1068 1234 1195 1217 1347 1403 1509 1055 1213 1199 1327 1206 1219 1357 1145 1230 1503 1464 1304 1293 1326 1307 1148 1510 1295 1382 1187 1168 1147 1287 1212 1398 1419 1057 1115 1474 1296 1482 1253 1109 1323 1224 1287 1188 1448 1266 1225 1266 1469 1224 1318 1319 1084 1368 1331 1256 1148 1167 1320 1499 1345 1219 1118 1275 1371 1281 1276 1315 1123 1249 1129 1301 1241 1350 1218 1175 1275 
1479 1465 1329 1545 1460 1524 1126 1552 1525 1572 1633 1474 1610 1590 1392 1340 1403 1346 1638 1488 1788 1371 1406 1512 1469 1479 1538 1481 1514 1669 1603 1479 1685 1709 1498 1535 1422 1354 1510 1307 1601 1751 1273 1080 1444 1314 1441 1850 1636 1682 1414 1600 1506 1586 1316 1423 1689 1334 1569 1735 1349 1519 1571 1582 1463 1421 1665 1632 1376 1236 1441 1466 1618 1329 1402 1570 1496 1392 1712 1662 1373 1466 1446 1652 1511 1413 1560 1695 1530 1334 1656 1668 1591 1497 1539 1354 1609 1434 1446 1384 1368 1662 1548 1730 1544 1331 1488 1695 1627 1427 1590 1398 1351 1452 1474 1559 1568 1547 1455 1442 
1368 1402 1323 1537 1377 1580 1302 1395 1517 1456 1488 1276 1403 1471 1478 1369 1368 1358 1431 1407 1673 1383 1274 1332 1496 1347 1456 1384 1375 1594 1410 1427 1531 1604 1552 1375 1314 1295 1211 1320 1566 1516 1306 1011 1434 1338 1495 1636 1598 1768 1253 1543 1314 1504 1307 1462 1513 1214 1371 1711 1442 1491 1443 1389 1285 1319 1692 1498 1224 1291 1303 1517 1490 1184 1498 1445 1329 1269 1660 1593 1316 1386 1338 1565 1262 1422 1478 1585 1432 1445 1488 1469 1316 1462 1525 1203 1441 1362 1393 1156 1298 1473 1461 1623 1300 1251 1506 1727 1541 1320 1580 1387 1522 1329 1411 1491 1482 1394 1344 1392 
1486 1533 1537 1697 1454 1718 1352 1506 1565 1500 1675 1445 1390 1433 1354 1331 1365 1522 1583 1454 1663 1310 1499 1446 1677 1432 1408 1352 1458 1734 1413 1321 1555 1670 1541 1405 1406 1530 1427 1616 1692 1510 1457 1253 1412 1606 1530 1705 1620 1647 1321 1511 1509 1576 1477 1470 1569 1508 1395 1686 1564 1468 1502 1718 1449 1516 1684 1445 1571 1505 1353 1440 1585 1372 1622 1598 1375 1443 1706 1627 1334 1517 1316 1372 1396 1609 1556 1680 1433 1318 1490 1702 1479 1519 1601 1196 1643 1450 1648 1360 1406 1683 1597 1880 1386 1362 1451 1632 1520 1461 1581 1443 1470 1384 1586 1617 1711 1597 1447 1574 
1383 1392 1397 1490 1392 1717 1292 1470 1491 1474 1544 1338 1359 1384 1209 1391 1371 1461 1455 1423 1637 1202 1371 1485 1444 1337 1454 1323 1446 1572 1428 1400 1519 1625 1404 1309 1346 1341 1355 1481 1532 1409 1307 1151 1357 1328 1494 1806 1539 1651 1204 1514 1426 1563 1374 1395 1588 1355 1263 1658 1411 1434 1274 1538 1387 1325 1661 1417 1315 1311 1228 1418 1453 1371 1421 1459 1292 1365 1627 1575 1489 1415 1312 1492 1302 1472 1576 1628 1363 1345 1441 1555 1419 1459 1611 1215 1569 1560 1438 1309 1208 1670 1510 1802 1517 1313 1389 1592 1401 1454 1659 1336 1309 1121 1337 1516 1558 1371 1333 1413 
1412 1458 1537 1735 1582 1712 1258 1464 1506 1581 1432 1306 1618 1566 1324 1320 1379 1478 1506 1495 1786 1464 1395 1544 1567 1602 1487 1379 1473 1654 1533 1423 1719 1726 1487 1316 1415 1513 1423 1340 1632 1653 1417 1271 1370 1545 1412 1781 1580 1751 1377 1684 1624 1545 1522 1632 1692 1617 1478 1885 1533 1523 1398 1635 1366 1463 1743 1586 1526 1489 1494 1527 1477 1364 1663 1683 1443 1511 1819 1573 1559 1515 1443 1550 1382 1600 1557 1714 1556 1455 1566 1576 1613 1668 1576 1192 1655 1453 1641 1359 1510 1817 1609 1830 1518 1368 1559 1615 1540 1472 1494 1361 1364 1281 1509 1547 1653 1543 1399 1448 
1523 1612 1461 1652 1568 1654 1407 1597 1596 1616 1675 1337 1529 1575 1429 1342 1435 1369 1714 1516 1767 1524 1509 1606 1671 1511 1505 1532 1588 1846 1416 1485 1773 1833 1516 1560 1527 1519 1417 1348 1780 1730 1439 1227 1426 1550 1600 1786 1700 1723 1330 1644 1558 1512 1461 1455 1819 1473 1451 1811 1506 1640 1440 1629 1313 1581 1921 1619 1569 1390 1572 1616 1583 1528 1646 1772 1329 1414 1687 1701 1653 1604 1387 1516 1357 1628 1552 1762 1651 1437 1722 1759 1571 1601 1664 1409 1573 1547 1599 1392 1489 1682 1667 1742 1559 1429 1583 1733 1549 1428 1694 1371 1435 1469 1449 1538 1815 1588 1540 1447 
1361 1505 1470 1586 1472 1518 1289 1302 1572 1422 1525 1216 1384 1336 1299 1184 1378 1326 1451 1385 1601 1343 1383 1454 1430 1329 1513 1350 1528 1544 1415 1336 1560 1635 1377 1270 1253 1426 1295 1331 1529 1584 1351 1107 1262 1294 1484 1681 1560 1564 1380 1483 1429 1488 1337 1441 1434 1358 1338 1713 1359 1513 1255 1455 1276 1363 1583 1520 1428 1336 1179 1376 1447 1266 1543 1396 1407 1384 1585 1457 1370 1465 1246 1528 1274 1352 1502 1436 1461 1398 1441 1481 1365 1429 1449 1111 1477 1466 1386 1368 1256 1602 1492 1688 1331 1338 1406 1568 1410 1414 1629 1389 1303 1156 1407 1454 1540 1439 1307 1346 
1459 1518 1732 1652 1829 2002 1455 1580 1681 1742 1792 1397 1550 1606 1516 1396 1640 1488 1799 1673 1756 1563 1487 1720 1728 1722 1598 1526 1568 1765 1520 1591 1614 1938 1483 1359 1525 1627 1450 1619 1885 1626 1458 1258 1437 1574 1673 1923 1735 1923 1347 1767 1621 1569 1450 1631 1712 1420 1605 1767 1613 1689 1530 1702 1265 1581 1938 1653 1630 1499 1598 1613 1496 1584 1653 1686 1550 1330 1886 1803 1562 1737 1596 1576 1453 1681 1591 1895 1545 1623 1590 1731 1583 1777 1648 1529 1773 1654 1763 1422 1559 1771 1691 1749 1665 1517 1559 1656 1581 1564 1861 1608 1529 1418 1611 1645 1650 1610 1494 1595 
1563 1702 1507 1770 1580 1727 1542 1600 1543 1500 1473 1461 1505 1552 1576 1282 1571 1505 1667 1519 1750 1501 1544 1668 1696 1330 1705 1526 1587 1892 1723 1451 1672 1965 1662 1623 1379 1500 1409 1641 1790 1797 1334 1284 1405 1529 1567 1884 1759 1909 1455 1745 1596 1653 1516 1573 1758 1408 1759 1770 1556 1608 1630 1783 1472 1606 1655 1687 1563 1467 1614 1649 1676 1529 1805 1683 1583 1547 1716 1748 1520 1597 1416 1639 1429 1532 1682 1774 1617 1428 1784 1712 1617 1546 1634 1354 1623 1439 1619 1409 1507 1784 1658 1710 1637 1500 1568 1678 1613 1569 1573 1609 1515 1465 1651 1660 1747 1561 1594 1523 
1565 1391 1422 1644 1473 1572 1174 1508 1448 1600 1603 1425 1388 1394 1305 1285 1291 1430 1552 1569 1484 1341 1424 1620 1558 1453 1455 1534 1455 1628 1270 1421 1598 1616 1462 1444 1427 1343 1349 1379 1469 1477 1468 1350 1352 1475 1434 1619 1515 1485 1360 1440 1310 1486 1441 1414 1482 1386 1438 1570 1542 1517 1326 1659 1433 1561 1446 1493 1461 1263 1322 1324 1550 1416 1584 1534 1295 1316 1608 1599 1412 1552 1382 1364 1398 1592 1433 1738 1544 1349 1560 1706 1555 1399 1569 1241 1581 1555 1500 1373 1432 1630 1406 1692 1257 1286 1398 1534 1409 1378 1464 1346 1354 1321 1557 1493 1710 1479 1380 1422 
1618 1768 1743 1883 1689 2047 1616 1658 1688 1732 1819 1552 1605 1715 1521 1646 1766 1642 1763 1700 1779 1616 1666 1767 1797 1639 1750 1586 1846 1933 1656 1751 1787 1947 1799 1525 1616 1583 1505 1731 1932 1875 1703 1475 1707 1614 1801 2054 1900 1786 1520 1740 1753 1736 1773 1746 1907 1714 1578 2011 1757 1701 1688 1720 1574 1674 1978 1737 1663 1462 1697 1652 1724 1509 1829 1778 1582 1551 1848 1830 1716 1635 1626 1632 1544 1814 1793 2041 1607 1690 1729 1853 1613 1758 1839 1404 1760 1702 1787 1500 1626 1931 1832 1970 1649 1546 1664 1897 1635 1753 1915 1512 1660 1624 1643 1823 1965 1803 1730 1749 
1510 1478 1490 1651 1527 1669 1427 1604 1652 1575 1722 1438 1457 1497 1379 1443 1462 1335 1590 1672 1721 1344 1499 1563 1636 1472 1448 1632 1749 1631 1617 1430 1576 1697 1602 1412 1542 1386 1367 1498 1554 1688 1385 1278 1379 1458 1497 1805 1519 1586 1423 1601 1330 1533 1346 1548 1461 1265 1533 1824 1484 1510 1491 1626 1517 1450 1590 1650 1496 1310 1448 1458 1551 1371 1526 1551 1455 1266 1530 1560 1372 1529 1344 1704 1368 1489 1483 1730 1559 1575 1560 1781 1578 1524 1632 1258 1615 1559 1586 1456 1336 1674 1601 1762 1495 1475 1232 1520 1533 1508 1559 1448 1480 1518 1531 1641 1632 1399 1583 1466 
1561 1705 1495 1708 1650 1585 1329 1565 1580 1530 1730 1439 1533 1571 1568 1359 1515 1508 1678 1620 1818 1466 1395 1626 1736 1496 1682 1515 1620 1702 1657 1663 1762 1941 1670 1592 1411 1443 1421 1465 1764 1849 1431 1236 1550 1376 1449 1893 1687 1747 1475 1607 1572 1617 1462 1642 1667 1476 1443 1840 1515 1626 1599 1669 1492 1495 1873 1599 1516 1498 1529 1583 1614 1312 1669 1568 1621 1366 1823 1638 1533 1480 1446 1770 1453 1546 1522 1831 1647 1502 1685 1671 1690 1605 1550 1411 1666 1606 1758 1463 1384 1782 1596 1741 1614 1506 1449 1707 1634 1621 1761 1442 1499 1421 1583 1756 1708 1713 1436 1576 
1577 1654 1562 1753 1678 1777 1439 1604 1554 1465 1602 1509 1688 1584 1554 1331 1550 1528 1697 1630 1762 1443 1527 1791 1706 1519 1621 1498 1642 1746 1702 1571 1718 1765 1703 1446 1573 1448 1470 1477 1787 1838 1541 1395 1508 1504 1580 1867 1719 1681 1414 1783 1672 1679 1602 1610 1740 1636 1476 1888 1666 1617 1553 1665 1514 1586 1826 1643 1571 1511 1500 1591 1681 1526 1634 1663 1495 1517 1798 1719 1605 1637 1512 1625 1479 1627 1705 1763 1680 1542 1774 1720 1774 1648 1674 1373 1638 1612 1668 1417 1524 1747 1598 1802 1536 1429 1689 1784 1502 1640 1755 1565 1519 1517 1595 1755 1686 1746 1552 1635 
1790 1742 1608 1842 1739 1862 1368 1627 1781 1850 1709 1629 1794 1825 1653 1522 1691 1596 1813 1718 1830 1634 1532 1833 1866 1641 1820 1573 1776 2034 1631 1622 1893 1988 1799 1741 1739 1611 1604 1696 1812 1881 1647 1515 1619 1717 1701 2061 1863 1833 1571 1824 1701 1771 1665 1726 1962 1617 1720 1952 1815 1943 1720 1947 1571 1691 1920 1726 1684 1477 1654 1925 1944 1656 1968 1844 1645 1698 1957 1963 1670 1938 1674 1683 1741 1816 1742 2034 1840 1579 1798 1780 1778 1645 1711 1477 1838 1893 1760 1540 1686 1959 1769 2023 1706 1681 1820 1888 1766 1559 1920 1566 1618 1558 1762 1823 2047 1703 1680 1740 
1796 1753 1623 1761 1593 2057 1580 1723 1697 1892 1788 1685 1849 1785 1591 1588 1694 1666 1780 1737 1985 1638 1576 1761 1784 1716 1666 1772 1776 2050 1945 1589 1913 2105 1824 1656 1712 1720 1581 1697 1887 1889 1692 1477 1440 1609 1868 2033 1876 1921 1690 1931 1735 1675 1480 1606 1935 1791 1653 1958 1889 1855 1608 1920 1572 1695 1952 1903 1671 1517 1624 1783 1702 1559 1820 1872 1694 1838 2010 1846 1730 1766 1678 1797 1577 1748 2032 1894 1654 1672 1811 1689 1691 1761 1986 1517 1827 1786 1850 1559 1832 1917 1766 2158 1690 1702 1827 1882 1813 1535 1732 1649 1760 1588 1837 1726 1994 1620 1667 1772 
1689 1756 1599 1915 1938 1837 1481 1580 1723 1783 1733 1587 1741 1641 1420 1350 1596 1578 1860 1611 1964 1632 1574 1878 1895 1772 1676 1620 1706 1826 1701 1668 1881 1771 1746 1584 1431 1734 1425 1667 1857 1782 1581 1392 1437 1728 1705 2026 1844 1894 1515 1902 1550 1634 1640 1683 1851 1598 1617 1990 1687 1585 1541 1763 1646 1604 1619 1700 1810 1521 1693 1579 1717 1594 1880 1838 1559 1598 1983 1886 1693 1679 1695 1826 1525 1785 1770 1805 1920 1518 1771 1874 1626 1721 1674 1404 1874 1650 1760 1572 1713 2022 1679 1989 1576 1619 1656 1877 1726 1523 1795 1689 1613 1526 1683 1737 1885 1789 1520 1662 
1394 1413 1398 1549 1437 1675 1254 1473 1583 1614 1660 1311 1470 1501 1387 1396 1386 1463 1604 1580 1749 1383 1321 1437 1597 1506 1511 1403 1465 1653 1601 1479 1528 1632 1537 1327 1440 1286 1304 1357 1688 1516 1268 1210 1422 1423 1542 1750 1572 1596 1331 1643 1324 1453 1268 1551 1605 1474 1403 1850 1484 1440 1309 1538 1312 1336 1649 1464 1486 1279 1352 1438 1379 1269 1367 1558 1303 1239 1778 1611 1360 1598 1313 1458 1290 1462 1468 1631 1416 1356 1375 1510 1461 1599 1705 1314 1590 1646 1460 1279 1410 1663 1446 1679 1376 1312 1335 1645 1502 1369 1642 1458 1380 1395 1449 1545 1441 1556 1455 1576 
1700 1780 1571 1767 1585 1919 1544 1666 1648 1673 1919 1602 1662 1676 1466 1514 1593 1490 1586 1604 1838 1455 1416 1518 1570 1552 1692 1481 1751 1923 1623 1614 1818 2041 1691 1629 1595 1601 1585 1746 1855 1947 1462 1320 1620 1613 1729 2001 1835 1858 1523 1696 1701 1803 1630 1666 1960 1630 1632 1918 1606 1587 1615 1913 1522 1781 1869 1710 1554 1431 1515 1776 1795 1406 1641 1814 1651 1637 1820 1914 1485 1699 1636 1569 1668 1691 1828 1846 1643 1533 1743 1811 1698 1636 1732 1512 1723 1682 1826 1508 1483 1904 1614 1968 1589 1589 1659 1745 1710 1570 1832 1504 1623 1528 1617 1811 1785 1652 1694 1664 
1464 1518 1322 1502 1390 1701 1407 1485 1518 1554 1707 1423 1423 1571 1306 1319 1444 1296 1485 1552 1652 1453 1262 1450 1440 1321 1493 1393 1509 1764 1379 1380 1640 1819 1617 1343 1344 1266 1318 1460 1719 1570 1368 1264 1489 1243 1466 1794 1644 1626 1499 1444 1487 1585 1507 1449 1554 1385 1415 1656 1358 1488 1452 1598 1248 1338 1517 1680 1377 1148 1371 1495 1497 1189 1517 1402 1522 1374 1681 1506 1292 1493 1339 1566 1393 1483 1631 1670 1468 1340 1635 1599 1475 1572 1548 1387 1501 1383 1497 1252 1385 1617 1363 1566 1414 1327 1408 1632 1376 1339 1463 1296 1403 1340 1440 1509 1617 1440 1348 1403 
1628 1704 1447 1600 1476 1805 1388 1585 1636 1653 1621 1474 1650 1552 1396 1422 1499 1589 1679 1693 1891 1521 1493 1593 1804 1339 1670 1545 1546 1825 1605 1563 1805 1919 1565 1539 1545 1376 1372 1518 1706 1717 1503 1344 1496 1480 1621 1891 1844 1830 1461 1759 1646 1705 1484 1591 1776 1624 1639 1888 1642 1616 1464 1858 1661 1664 1800 1576 1579 1343 1382 1708 1683 1471 1664 1753 1557 1590 1691 1680 1582 1630 1415 1576 1526 1536 1731 1827 1708 1518 1729 1756 1598 1615 1696 1293 1617 1626 1698 1448 1464 1767 1687 1941 1512 1493 1760 1832 1698 1526 1732 1564 1381 1414 1596 1625 1755 1649 1497 1618 
1888 1668 1688 1937 1737 1844 1495 1952 1760 1816 1830 1605 1682 1739 1566 1594 1653 1564 1977 1850 1938 1594 1730 1906 1912 1691 1692 1863 1849 2037 1753 1721 1838 2006 1897 1573 1663 1727 1568 1697 1993 1924 1662 1478 1711 1708 1728 2140 1946 1879 1584 1787 1708 1836 1686 1801 1954 1694 1778 2151 1725 1756 1748 2007 1698 1679 1826 1805 1707 1611 1705 1753 1819 1733 1718 1971 1835 1545 1965 1936 1919 1803 1516 1752 1668 1726 1743 1982 1805 1673 1948 2085 1795 1668 1783 1449 1829 1639 1866 1661 1677 1916 1791 2046 1798 1562 1713 1988 1607 1726 1780 1687 1592 1662 1776 1880 1987 1747 1733 1765 
1597 1773 1555 1826 1707 1955 1377 1669 1777 1804 1833 1505 1654 1608 1452 1581 1472 1584 1714 1566 1922 1593 1583 1728 1776 1529 1602 1536 1793 1786 1685 1695 1673 1894 1707 1461 1535 1687 1396 1534 1924 1779 1619 1353 1431 1622 1744 1813 1728 1733 1501 1837 1567 1615 1615 1661 1826 1529 1543 2069 1701 1636 1513 1861 1569 1672 1911 1595 1749 1612 1475 1612 1671 1425 1765 1663 1501 1584 1994 1845 1611 1713 1584 1725 1636 1556 1738 1752 1680 1484 1709 1801 1547 1555 1736 1348 1814 1701 1743 1460 1511 1880 1797 2037 1828 1578 1553 1726 1794 1585 1851 1640 1701 1350 1635 1804 1799 1611 1597 1736 
1422 1556 1427 1665 1557 1610 1321 1504 1494 1550 1577 1445 1688 1516 1389 1375 1351 1533 1665 1592 1710 1411 1471 1478 1715 1532 1558 1370 1521 1650 1472 1503 1616 1624 1548 1302 1340 1402 1345 1415 1643 1462 1354 1229 1375 1511 1417 1699 1701 1599 1385 1873 1475 1577 1423 1536 1604 1475 1581 1853 1630 1536 1513 1552 1552 1519 1600 1404 1570 1350 1404 1465 1587 1374 1752 1600 1423 1357 1640 1754 1390 1552 1433 1661 1300 1496 1627 1724 1621 1483 1580 1766 1505 1495 1487 1103 1545 1565 1556 1340 1458 1661 1671 1775 1456 1331 1546 1568 1719 1583 1445 1550 1432 1382 1623 1613 1591 1583 1490 1621 
1575 1733 1666 1825 1605 1710 1524 1652 1601 1553 1718 1495 1602 1477 1458 1476 1525 1639 1616 1568 1689 1540 1540 1704 1859 1502 1502 1542 1720 1896 1642 1546 1789 1731 1634 1386 1552 1609 1412 1598 1919 1774 1537 1422 1443 1465 1646 1805 1708 1609 1359 1878 1490 1694 1749 1517 1739 1540 1526 1905 1654 1662 1502 1802 1455 1666 1685 1589 1633 1348 1455 1531 1698 1461 1795 1570 1459 1499 1783 1741 1528 1612 1540 1540 1454 1550 1657 1708 1752 1572 1800 1918 1626 1537 1656 1227 1662 1610 1791 1381 1427 1724 1624 1930 1568 1493 1411 1798 1605 1501 1682 1639 1598 1430 1664 1834 1755 1538 1504 1660 
1556 1820 1667 1791 1633 1864 1404 1847 1723 1707 1648 1554 1676 1582 1539 1444 1671 1737 1731 1667 1965 1629 1570 1787 1752 1519 1643 1616 1671 1942 1813 1704 1813 1768 1606 1716 1706 1456 1543 1535 1875 1905 1630 1252 1582 1530 1767 2060 1668 1848 1438 1811 1636 1910 1643 1685 1837 1685 1661 1955 1683 1766 1613 1863 1711 1618 2030 1712 1596 1433 1491 1725 1818 1690 1749 1759 1488 1635 1759 1701 1636 1581 1535 1624 1471 1682 1723 1965 1754 1658 1721 1831 1837 1657 1784 1453 1899 1859 1679 1515 1577 2035 1870 1903 1733 1474 1567 1974 1613 1743 1764 1646 1500 1615 1734 1723 1866 1723 1713 1769 
1429 1616 1567 1601 1489 1669 1430 1509 1531 1479 1555 1298 1533 1325 1250 1271 1507 1504 1600 1576 1591 1484 1411 1405 1666 1502 1485 1288 1533 1797 1452 1406 1530 1643 1525 1471 1412 1376 1306 1568 1778 1608 1344 1123 1506 1472 1634 1810 1701 1694 1308 1625 1471 1596 1562 1548 1599 1502 1455 1674 1590 1507 1308 1700 1336 1506 1663 1416 1501 1329 1381 1511 1538 1495 1541 1547 1428 1330 1632 1611 1527 1558 1319 1425 1247 1605 1518 1589 1494 1396 1463 1642 1593 1509 1553 1232 1561 1693 1430 1325 1540 1711 1567 1729 1412 1359 1478 1720 1462 1457 1544 1419 1336 1234 1441 1666 1675 1657 1413 1553 
1810 1767 1725 1903 1849 1989 1500 1859 1741 1793 1876 1637 1773 1873 1732 1595 1740 1628 1798 1817 1957 1676 1786 1820 1884 1828 1749 1703 1876 1998 1802 1812 1924 2065 1707 1709 1743 1699 1678 1789 1994 2000 1655 1421 1787 1597 1798 1935 1996 2004 1469 1822 1727 1845 1787 1759 2013 1750 1730 2053 1942 1889 1738 2040 1682 1712 1954 1826 1653 1531 1774 1734 1865 1748 1806 1947 1686 1616 2113 2028 1745 2001 1754 1718 1886 1744 1690 2087 1957 1696 1829 1989 1788 1784 1901 1627 1875 1778 1847 1590 1686 1768 1751 1921 1599 1577 1771 1984 1762 1532 1853 1694 1712 1536 1852 2088 1855 1831 1707 1800 
1532 1702 1386 1657 1594 1860 1382 1502 1475 1665 1652 1415 1559 1553 1519 1391 1431 1479 1671 1595 1850 1394 1531 1704 1773 1438 1559 1623 1654 1809 1659 1673 1756 1762 1642 1485 1525 1484 1401 1594 1809 1623 1395 1287 1345 1346 1550 1810 1735 1739 1453 1832 1510 1509 1480 1445 1683 1543 1590 1743 1501 1595 1447 1641 1460 1561 1767 1629 1602 1335 1560 1567 1631 1428 1666 1653 1461 1463 1872 1762 1538 1539 1675 1727 1468 1505 1794 1832 1663 1592 1781 1795 1481 1486 1623 1328 1647 1473 1666 1362 1455 1714 1548 1781 1600 1497 1545 1711 1566 1506 1676 1631 1433 1394 1641 1613 1744 1583 1358 1584 

Execution Time: 27.604 ms
