10000 20000
0 2 1 9999
1 5 0 2 704 5350 8225
2 6 1 3 3335 9345 9234 4705
3 5 2 4 3198 9463 2766
4 3 3 5 5124
5 6 4 6 3225 2045 5773 8928
6 5 5 7 4017 6159 1582
7 3 6 8 2238
8 3 7 9 4459
9 3 8 10 9537
10 3 9 11 8989
11 3 10 12 4464
12 2 11 13
13 6 12 14 8287 4604 8044 1072
14 5 13 15 3466 5689 6999
15 6 14 16 8022 938 8206 1582
16 4 15 17 5708 994
17 3 16 18 785
18 3 17 19 1408
19 5 18 20 8578 243 3702
20 5 19 21 7885 997 9631
21 5 20 22 4915 877 4481
22 3 21 23 3598
23 5 22 24 2997 175 7917
24 4 23 25 6241 5136
25 3 24 26 2744
26 7 25 27 2317 1789 6503 4656 5772
27 2 26 28
28 5 27 29 74 5362 6815
29 3 28 30 4455
30 4 29 31 6413 8681
31 4 30 32 3873 1225
32 4 31 33 5598 5446
33 2 32 34
34 5 33 35 4128 1525 2030
35 4 34 36 4339 9846
36 3 35 37 2813
37 5 36 38 96 2902 2296
38 4 37 39 9219 6346
39 4 38 40 3936 9397
40 3 39 41 9328
41 3 40 42 3492
42 4 41 43 3312 4888
43 3 42 44 3426
44 5 43 45 4901 8773 1569
45 4 44 46 1310 8522
46 4 45 47 7244 2434
47 3 46 48 9697
48 4 47 49 3052 3110
49 5 48 50 9184 7954 8776
50 3 49 51 1742
51 4 50 52 3512 6019
52 4 51 53 4580 3049
53 2 52 54
54 3 53 55 5132
55 4 54 56 6717 2639
56 5 55 57 72 2485 5634
57 5 56 58 1127 6884 2981
58 5 57 59 8069 630 8509
59 4 58 60 3776 4923
60 2 59 61
61 3 60 62 1508
62 3 61 63 475
63 3 62 64 995
64 3 63 65 2554
65 3 64 66 7628
66 4 65 67 3858 9248
67 6 66 68 5323 8536 833 6214
68 5 67 69 3195 4951 5607
69 4 68 70 1529 1089
70 4 69 71 9287 7436
71 7 70 72 9986 3157 1876 4961 6782
72 4 71 73 5309 56
73 4 72 74 1251 3648
74 4 73 75 8591 28
75 5 74 76 6716 8797 2675
76 2 75 77
77 7 76 78 8121 4960 3202 4845 8361
78 4 77 79 3322 8075
79 3 78 80 6418
80 3 79 81 2131
81 5 80 82 9302 1461 4058
82 3 81 83 5232
83 4 82 84 8974 948
84 5 83 85 8506 9784 9871
85 6 84 86 1458 8888 2428 7010
86 4 85 87 1670 7373
87 3 86 88 1233
88 3 87 89 2197
89 5 88 90 1832 7648 4884
90 2 89 91
91 2 90 92
92 2 91 93
93 4 92 94 7978 1966
94 5 93 95 1835 2762 7397
95 3 94 96 9459
96 7 95 97 1242 9248 4769 37 4737
97 3 96 98 8994
98 5 97 99 583 7565 2241
99 5 98 100 4448 4059 3969
100 5 99 101 5964 9261 8177
101 4 100 102 7322 7992
102 2 101 103
103 6 102 104 9185 1265 4564 3682
104 3 103 105 4565
105 3 104 106 3632
106 4 105 107 2106 309
107 3 106 108 8632
108 3 107 109 8827
109 6 108 110 7601 277 2497 9780
110 2 109 111
111 3 110 112 2947
112 3 111 113 686
113 6 112 114 7984 9610 9046 596
114 3 113 115 5692
115 5 114 116 7472 3508 8935
116 2 115 117
117 4 116 118 1917 8845
118 3 117 119 4289
119 3 118 120 5753
120 3 119 121 1704
121 2 120 122
122 3 121 123 4875
123 4 122 124 9577 4026
124 3 123 125 6957
125 4 124 126 5910 3534
126 3 125 127 5816
127 4 126 128 9255 9148
128 4 127 129 4893 3126
129 6 128 130 4424 2865 9110 8204
130 5 129 131 7872 341 2728
131 3 130 132 4278
132 4 131 133 8767 2995
133 4 132 134 4255 9349
134 5 133 135 3589 4100 8467
135 3 134 136 147
136 6 135 137 7579 1546 3724 6869
137 4 136 138 4481 9693
138 3 137 139 7770
139 3 138 140 9333
140 6 139 141 7190 5668 1790 1512
141 3 140 142 1235
142 3 141 143 9718
143 4 142 144 8784 5194
144 3 143 145 8861
145 5 144 146 5081 5246 2324
146 3 145 147 9722
147 6 146 148 4215 9954 7341 135
148 4 147 149 5724 4339
149 5 148 150 8611 9491 1307
150 2 149 151
151 4 150 152 5652 4954
152 3 151 153 1675
153 4 152 154 656 3543
154 2 153 155
155 4 154 156 4592 7010
156 4 155 157 5969 2938
157 4 156 158 7868 5232
158 4 157 159 9059 499
159 5 158 160 4788 8993 9926
160 2 159 161
161 3 160 162 2550
162 2 161 163
163 4 162 164 6321 7834
164 2 163 165
165 3 164 166 7527
166 2 165 167
167 3 166 168 8128
168 2 167 169
169 3 168 170 5622
170 2 169 171
171 4 170 172 8631 4271
172 4 171 173 3831 7389
173 4 172 174 1366 9037
174 3 173 175 419
175 6 174 176 6930 23 6926 3340
176 3 175 177 4522
177 3 176 178 4773
178 5 177 179 9163 5410 1000
179 6 178 180 6405 1458 1833 3179
180 5 179 181 8259 8514 9259
181 4 180 182 7316 9491
182 2 181 183
183 4 182 184 332 5578
184 3 183 185 2450
185 5 184 186 7710 9234 7722
186 4 185 187 6606 8636
187 2 186 188
188 3 187 189 1287
189 2 188 190
190 5 189 191 5532 2476 7745
191 2 190 192
192 6 191 193 1415 4943 1938 775
193 5 192 194 6719 8851 8041
194 5 193 195 9050 2361 730
195 3 194 196 413
196 3 195 197 795
197 3 196 198 2980
198 4 197 199 6654 8212
199 5 198 200 5572 4551 2093
200 3 199 201 7855
201 5 200 202 9995 1100 3000
202 5 201 203 273 3785 9414
203 4 202 204 6689 4620
204 3 203 205 5719
205 5 204 206 2444 8110 2616
206 4 205 207 1170 2182
207 3 206 208 4464
208 4 207 209 8378 8952
209 3 208 210 2098
210 4 209 211 7611 5798
211 3 210 212 426
212 2 211 213
213 2 212 214
214 5 213 215 9089 2119 9685
215 3 214 216 984
216 7 215 217 5042 3321 3693 1672 6394
217 5 216 218 6289 5266 9512
218 3 217 219 2443
219 4 218 220 5065 4887
220 4 219 221 8733 3602
221 2 220 222
222 4 221 223 7281 1440
223 3 222 224 1709
224 5 223 225 2667 2248 1039
225 5 224 226 8282 1797 5121
226 3 225 227 4743
227 4 226 228 4100 6932
228 3 227 229 2681
229 4 228 230 8687 7043
230 2 229 231
231 6 230 232 8185 6891 1732 8029
232 3 231 233 906
233 5 232 234 9987 9681 2986
234 3 233 235 4931
235 5 234 236 8103 2139 258
236 4 235 237 7734 3511
237 6 236 238 4312 8579 2884 1790
238 4 237 239 769 5338
239 2 238 240
240 3 239 241 4415
241 2 240 242
242 3 241 243 4932
243 5 242 244 3841 19 7033
244 5 243 245 8124 2786 8791
245 4 244 246 739 8371
246 6 245 247 7569 3320 5490 2249
247 3 246 248 9593
248 2 247 249
249 5 248 250 5884 6201 5262
250 5 249 251 464 5634 8524
251 4 250 252 8153 2432
252 2 251 253
253 2 252 254
254 6 253 255 8139 1701 9342 1460
255 3 254 256 9274
256 2 255 257
257 4 256 258 6129 2282
258 5 257 259 4698 235 2063
259 2 258 260
260 4 259 261 7917 9675
261 3 260 262 5341
262 2 261 263
263 3 262 264 7023
264 4 263 265 4642 2076
265 3 264 266 7432
266 3 265 267 508
267 2 266 268
268 3 267 269 3953
269 3 268 270 6725
270 3 269 271 4837
271 2 270 272
272 2 271 273
273 8 272 274 9702 3792 1588 5666 202 1048
274 3 273 275 3021
275 2 274 276
276 4 275 277 5387 7566
277 3 276 278 109
278 4 277 279 1746 9860
279 7 278 280 4331 7907 1448 2314 5557
280 4 279 281 5495 4780
281 2 280 282
282 4 281 283 4439 5758
283 2 282 284
284 2 283 285
285 3 284 286 2682
286 5 285 287 1739 6282 4684
287 3 286 288 8362
288 4 287 289 1208 7378
289 5 288 290 7519 6750 1416
290 4 289 291 6084 770
291 6 290 292 4929 9479 383 300
292 4 291 293 2968 611
293 2 292 294
294 4 293 295 694 8564
295 3 294 296 799
296 3 295 297 7645
297 5 296 298 3357 4390 6724
298 7 297 299 5214 1315 9350 6650 320
299 3 298 300 5080
300 5 299 301 4991 1389 291
301 3 300 302 4529
302 5 301 303 7828 4699 5401
303 3 302 304 5878
304 2 303 305
305 3 304 306 9837
306 5 305 307 8216 8845 1381
307 2 306 308
308 3 307 309 2923
309 6 308 310 1664 3093 1080 106
310 5 309 311 5764 6315 3457
311 2 310 312
312 3 311 313 8910
313 5 312 314 8781 3834 5274
314 6 313 315 1338 3787 4048 7692
315 2 314 316
316 3 315 317 7160
317 5 316 318 7792 7616 7345
318 8 317 319 1066 4084 398 6933 2676 9628
319 3 318 320 2402
320 4 319 321 7524 298
321 6 320 322 5726 1249 8222 1763
322 5 321 323 1616 1554 4324
323 2 322 324
324 5 323 325 8334 4454 5567
325 6 324 326 7249 4855 2916 1729
326 5 325 327 745 2020 3016
327 3 326 328 9127
328 5 327 329 2595 1789 1855
329 3 328 330 3505
330 6 329 331 1508 6945 725 8605
331 3 330 332 9472
332 5 331 333 2923 183 5376
333 3 332 334 4307
334 4 333 335 6443 2252
335 5 334 336 1437 7913 6745
336 5 335 337 2653 9399 730
337 4 336 338 9341 1765
338 4 337 339 3289 3572
339 5 338 340 7397 3345 8284
340 4 339 341 5642 728
341 5 340 342 3812 8156 130
342 5 341 343 8278 1231 6076
343 4 342 344 9022 4273
344 2 343 345
345 5 344 346 760 6632 7252
346 4 345 347 9781 8981
347 2 346 348
348 5 347 349 4884 3501 6365
349 4 348 350 3410 6378
350 3 349 351 1214
351 4 350 352 7710 2236
352 3 351 353 7762
353 4 352 354 8540 9649
354 5 353 355 2133 9087 8101
355 2 354 356
356 4 355 357 9402 9671
357 4 356 358 1057 6301
358 3 357 359 3198
359 5 358 360 7314 1186 6388
360 3 359 361 8252
361 4 360 362 1860 2380
362 4 361 363 6228 8866
363 3 362 364 1282
364 8 363 365 3796 6983 9376 1213 1698 5796
365 2 364 366
366 3 365 367 7849
367 4 366 368 9573 1186
368 5 367 369 1077 5151 7940
369 2 368 370
370 5 369 371 6261 8854 5861
371 5 370 372 504 3239 6587
372 6 371 373 7603 4508 3063 1047
373 3 372 374 6693
374 3 373 375 669
375 3 374 376 5525
376 5 375 377 9119 7866 8213
377 3 376 378 8799
378 3 377 379 5614
379 3 378 380 4634
380 3 379 381 6510
381 3 380 382 7382
382 4 381 383 1492 3289
383 5 382 384 291 6135 2629
384 5 383 385 6861 3870 5278
385 3 384 386 951
386 2 385 387
387 5 386 388 2862 529 1440
388 6 387 389 4853 4597 4617 9695
389 3 388 390 6243
390 6 389 391 9507 1469 6126 8914
391 4 390 392 3655 3643
392 3 391 393 7044
393 3 392 394 914
394 3 393 395 6776
395 3 394 396 6388
396 7 395 397 8005 7350 9082 1580 9905
397 2 396 398
398 5 397 399 318 7086 1832
399 4 398 400 6360 700
400 2 399 401
401 2 400 402
402 3 401 403 5589
403 6 402 404 3442 8284 4342 5394
404 2 403 405
405 5 404 406 1470 7804 6076
406 3 405 407 7230
407 3 406 408 3153
408 3 407 409 487
409 4 408 410 2814 9733
410 2 409 411
411 3 410 412 7529
412 3 411 413 3846
413 8 412 414 3376 5339 195 8480 3805 5827
414 4 413 415 9151 2898
415 5 414 416 3613 1278 1102
416 4 415 417 9097 2633
417 5 416 418 5344 7423 3934
418 2 417 419
419 4 418 420 174 1638
420 2 419 421
421 6 420 422 2790 3670 5182 7438
422 3 421 423 3320
423 2 422 424
424 2 423 425
425 5 424 426 9853 6469 7774
426 7 425 427 9598 8926 6954 211 9755
427 4 426 428 9761 3839
428 3 427 429 9188
429 5 428 430 2681 3952 6192
430 4 429 431 8885 7868
431 3 430 432 4837
432 5 431 433 5625 8762 6371
433 3 432 434 2280
434 6 433 435 8623 7312 540 1403
435 5 434 436 2961 9931 2228
436 2 435 437
437 4 436 438 1773 8578
438 5 437 439 7303 7128 2652
439 2 438 440
440 6 439 441 3023 1779 816 727
441 5 440 442 1866 2729 8502
442 3 441 443 6623
443 7 442 444 4981 3495 997 4861 1970
444 5 443 445 4999 5185 8358
445 6 444 446 9339 8918 7562 9867
446 5 445 447 6298 4993 7877
447 5 446 448 8101 7461 5079
448 4 447 449 6749 4770
449 4 448 450 4070 7626
450 4 449 451 8567 2020
451 5 450 452 7025 1437 6885
452 4 451 453 3238 3703
453 6 452 454 8627 5258 1378 1735
454 4 453 455 4571 1012
455 4 454 456 5450 7838
456 6 455 457 9545 5623 4045 5884
457 2 456 458
458 2 457 459
459 4 458 460 5194 4559
460 2 459 461
461 5 460 462 3895 8600 4198
462 4 461 463 9989 1497
463 6 462 464 2193 8968 1259 5578
464 4 463 465 250 7597
465 4 464 466 6338 978
466 4 465 467 4550 1755
467 5 466 468 2906 8914 3975
468 4 467 469 6119 9714
469 4 468 470 2108 2620
470 3 469 471 1986
471 5 470 472 8271 5562 5394
472 3 471 473 2043
473 6 472 474 7352 9071 4030 2179
474 5 473 475 2291 5245 3820
475 6 474 476 9739 5477 62 918
476 3 475 477 6272
477 3 476 478 4609
478 5 477 479 8818 5599 4950
479 5 478 480 2121 8749 9428
480 2 479 481
481 4 480 482 4919 8392
482 5 481 483 9266 2797 912
483 3 482 484 8644
484 3 483 485 5665
485 5 484 486 1271 3620 3486
486 5 485 487 3173 6021 8003
487 5 486 488 1540 408 6809
488 5 487 489 1292 4387 6293
489 5 488 490 1442 5178 3501
490 5 489 491 7592 3006 5914
491 3 490 492 8867
492 3 491 493 3694
493 4 492 494 7123 3793
494 4 493 495 5185 9461
495 6 494 496 2292 2368 3722 3254
496 6 495 497 5056 1382 6646 7032
497 4 496 498 4739 8403
498 2 497 499
499 5 498 500 5059 158 5796
500 2 499 501
501 6 500 502 6807 7526 2985 1705
502 2 501 503
503 4 502 504 8176 9876
504 4 503 505 371 3508
505 5 504 506 7625 9998 9358
506 3 505 507 5488
507 3 506 508 5739
508 6 507 509 2920 1439 266 7770
509 4 508 510 9069 8456
510 3 509 511 8857
511 4 510 512 2400 9355
512 4 511 513 4099 7619
513 4 512 514 2748 8556
514 3 513 515 6874
515 10 514 516 1763 909 9859 4169 9585 9042 3358 2549
516 3 515 517 4617
517 5 516 518 3708 4532 1242
518 7 517 519 1972 5419 3148 2894 5169
519 5 518 520 4314 9744 3873
520 3 519 521 4755
521 3 520 522 4871
522 4 521 523 5884 5388
523 4 522 524 9185 5022
524 2 523 525
525 3 524 526 2094
526 2 525 527
527 5 526 528 3776 1456 5409
528 5 527 529 5450 4993 8741
529 5 528 530 1518 387 6336
530 5 529 531 2167 3289 8613
531 4 530 532 5848 2673
532 2 531 533
533 2 532 534
534 5 533 535 4098 6316 4238
535 3 534 536 6742
536 6 535 537 8648 8602 946 6180
537 4 536 538 2356 3231
538 3 537 539 7572
539 3 538 540 9437
540 5 539 541 6687 434 8159
541 3 540 542 7910
542 3 541 543 7937
543 3 542 544 7677
544 3 543 545 3151
545 3 544 546 6781
546 3 545 547 9369
547 2 546 548
548 3 547 549 1235
549 2 548 550
550 2 549 551
551 4 550 552 8225 5538
552 2 551 553
553 5 552 554 8432 2186 4507
554 3 553 555 3758
555 2 554 556
556 2 555 557
557 4 556 558 8983 1157
558 5 557 559 7956 7540 9414
559 5 558 560 6513 8048 5155
560 3 559 561 7792
561 4 560 562 4398 2450
562 5 561 563 7770 8492 2527
563 4 562 564 8439 8940
564 5 563 565 1808 4628 2359
565 5 564 566 4453 7737 5794
566 3 565 567 8665
567 6 566 568 9372 6847 7820 5534
568 4 567 569 978 2264
569 2 568 570
570 5 569 571 2389 821 2302
571 2 570 572
572 4 571 573 5065 1075
573 4 572 574 7872 9352
574 3 573 575 4961
575 6 574 576 8522 9772 8624 7858
576 3 575 577 2914
577 4 576 578 7056 6448
578 5 577 579 9307 5269 4738
579 10 578 580 2172 7890 6004 7548 5556 5374 3859 7143
580 5 579 581 8556 7120 1547
581 4 580 582 2499 2608
582 2 581 583
583 6 582 584 98 7393 6215 7395
584 5 583 585 3334 2164 680
585 5 584 586 5793 4708 7562
586 5 585 587 6739 6400 5382
587 3 586 588 1932
588 2 587 589
589 4 588 590 725 8559
590 4 589 591 7026 3919
591 4 590 592 820 2224
592 3 591 593 3754
593 8 592 594 4174 3246 7260 7368 8460 1712
594 4 593 595 7866 8758
595 5 594 596 4778 4041 6711
596 4 595 597 4335 113
597 2 596 598
598 4 597 599 9182 1247
599 4 598 600 3483 4516
600 2 599 601
601 5 600 602 3873 8616 5957
602 6 601 603 7978 5504 8357 7123
603 4 602 604 4414 6542
604 6 603 605 2234 2406 4641 3920
605 4 604 606 1838 6037
606 3 605 607 1074
607 5 606 608 4831 6174 9498
608 6 607 609 9918 7963 7039 5640
609 5 608 610 5531 4681 7472
610 4 609 611 1071 9146
611 3 610 612 292
612 2 611 613
613 5 612 614 2895 5619 3465
614 3 613 615 7049
615 4 614 616 5145 3034
616 3 615 617 3962
617 6 616 618 9377 4640 5297 1799
618 4 617 619 9967 7218
619 3 618 620 8262
620 4 619 621 5712 4142
621 4 620 622 9784 5045
622 3 621 623 957
623 3 622 624 6596
624 6 623 625 656 2886 3827 4808
625 2 624 626
626 5 625 627 654 6360 6982
627 3 626 628 7877
628 4 627 629 4269 5173
629 3 628 630 1549
630 4 629 631 5188 58
631 3 630 632 5905
632 2 631 633
633 4 632 634 6288 7297
634 5 633 635 9787 2843 4929
635 2 634 636
636 4 635 637 1008 3507
637 7 636 638 1479 720 726 6993 2545
638 3 637 639 7434
639 6 638 640 8856 7115 8590 4984
640 5 639 641 9816 2384 9233
641 2 640 642
642 6 641 643 7703 8796 6656 2177
643 4 642 644 4985 7025
644 2 643 645
645 3 644 646 1915
646 3 645 647 875
647 4 646 648 4566 657
648 3 647 649 9600
649 3 648 650 5250
650 5 649 651 7287 3908 5445
651 3 650 652 8959
652 3 651 653 8650
653 2 652 654
654 6 653 655 626 3648 4075 1050
655 2 654 656
656 8 655 657 624 1191 153 3660 8962 5920
657 4 656 658 647 9606
658 5 657 659 6058 8178 6568
659 3 658 660 9585
660 3 659 661 5791
661 5 660 662 5448 8436 4484
662 3 661 663 5741
663 4 662 664 6052 5490
664 2 663 665
665 4 664 666 2226 5736
666 4 665 667 4581 1634
667 5 666 668 8544 5913 4507
668 4 667 669 5363 5614
669 3 668 670 374
670 7 669 671 3586 4258 9432 3940 9952
671 5 670 672 9327 8338 814
672 3 671 673 2984
673 7 672 674 6833 5790 9129 9103 2001
674 3 673 675 728
675 5 674 676 4079 7156 5889
676 3 675 677 3564
677 4 676 678 5102 7409
678 4 677 679 9803 779
679 5 678 680 8860 765 3830
680 3 679 681 584
681 4 680 682 9903 3105
682 7 681 683 7563 7050 1325 9128 7903
683 5 682 684 8833 8741 1128
684 2 683 685
685 4 684 686 2665 7453
686 5 685 687 9273 112 6607
687 3 686 688 3174
688 7 687 689 7169 6547 6337 6078 3397
689 4 688 690 3054 2322
690 3 689 691 7488
691 3 690 692 7008
692 6 691 693 6200 2423 9036 4756
693 2 692 694
694 6 693 695 1643 7475 294 5656
695 4 694 696 8279 8368
696 2 695 697
697 4 696 698 6075 2512
698 3 697 699 5448
699 4 698 700 1889 3875
700 5 699 701 6677 8078 399
701 4 700 702 7608 1119
702 4 701 703 727 6952
703 3 702 704 5777
704 7 703 705 1 3678 1571 5118 6285
705 2 704 706
706 6 705 707 7996 4789 9708 4163
707 6 706 708 6187 7551 4062 7736
708 3 707 709 3745
709 3 708 710 8811
710 2 709 711
711 2 710 712
712 2 711 713
713 5 712 714 8992 7076 2127
714 5 713 715 2175 7124 9653
715 3 714 716 7174
716 5 715 717 7386 4091 7647
717 4 716 718 7959 1189
718 3 717 719 4009
719 5 718 720 8520 8733 4088
720 6 719 721 1148 7103 637 9364
721 5 720 722 3851 2997 8681
722 7 721 723 9474 5980 4479 9828 6715
723 4 722 724 5031 4284
724 3 723 725 3677
725 6 724 726 589 5673 1575 330
726 7 725 727 9667 1722 5598 6811 637
727 4 726 728 702 440
728 6 727 729 2488 674 340 8546
729 6 728 730 3444 9680 7542 2576
730 4 729 731 336 194
731 3 730 732 3462
732 3 731 733 6393
733 4 732 734 9173 3457
734 4 733 735 1258 9153
735 3 734 736 9684
736 5 735 737 1824 6790 4613
737 5 736 738 5338 4113 8924
738 4 737 739 2905 781
739 4 738 740 245 9737
740 4 739 741 2250 4888
741 4 740 742 8848 4804
742 5 741 743 2164 3891 8173
743 3 742 744 7393
744 4 743 745 4579 9641
745 6 744 746 2813 3334 2492 326
746 3 745 747 5798
747 3 746 748 3785
748 4 747 749 7579 2196
749 3 748 750 5407
750 2 749 751
751 4 750 752 3558 2521
752 4 751 753 7747 9072
753 5 752 754 3570 6586 920
754 2 753 755
755 5 754 756 4291 7318 9309
756 3 755 757 761
757 4 756 758 5603 3921
758 3 757 759 6493
759 4 758 760 9054 7779
760 5 759 761 2296 345 5189
761 5 760 762 1731 756 7654
762 3 761 763 6250
763 2 762 764
764 4 763 765 1907 4582
765 6 764 766 679 6042 7517 1814
766 7 765 767 9752 5804 5197 6928 7107
767 3 766 768 8965
768 3 767 769 4761
769 6 768 770 1098 2081 3531 238
770 6 769 771 9714 9445 8192 290
771 6 770 772 7112 8423 2581 1760
772 2 771 773
773 4 772 774 1424 1862
774 3 773 775 1346
775 4 774 776 5936 192
776 2 775 777
777 5 776 778 4883 9793 7038
778 3 777 779 2312
779 5 778 780 8517 678 3425
780 5 779 781 6607 3672 923
781 5 780 782 3283 9162 738
782 2 781 783
783 2 782 784
784 7 783 785 1300 7393 8960 2144 4833
785 4 784 786 2248 17
786 5 785 787 5334 3530 1554
787 5 786 788 5741 4517 8872
788 5 787 789 1139 6654 3719
789 4 788 790 5960 8952
790 3 789 791 2550
791 3 790 792 864
792 4 791 793 3243 4726
793 4 792 794 6131 8254
794 4 793 795 6634 6684
795 5 794 796 196 2684 4020
796 5 795 797 5201 2727 1874
797 3 796 798 9881
798 4 797 799 4161 6479
799 4 798 800 295 5505
800 3 799 801 8889
801 3 800 802 9233
802 4 801 803 8234 1103
803 3 802 804 3028
804 3 803 805 1338
805 5 804 806 7786 2448 9804
806 5 805 807 2851 883 4794
807 3 806 808 7843
808 2 807 809
809 4 808 810 3261 5726
810 5 809 811 4388 6278 2612
811 4 810 812 9705 8747
812 3 811 813 3337
813 3 812 814 9953
814 5 813 815 1610 671 9927
815 3 814 816 9238
816 5 815 817 9790 928 440
817 3 816 818 6326
818 3 817 819 7645
819 3 818 820 5505
820 6 819 821 8250 2064 591 9606
821 4 820 822 3220 570
822 2 821 823
823 4 822 824 6374 9803
824 2 823 825
825 3 824 826 9864
826 2 825 827
827 5 826 828 8115 4723 9940
828 3 827 829 8655
829 2 828 830
830 3 829 831 3443
831 4 830 832 1404 3900
832 3 831 833 1689
833 3 832 834 67
834 3 833 835 7136
835 4 834 836 4488 8261
836 2 835 837
837 5 836 838 1931 8493 6059
838 3 837 839 8077
839 6 838 840 7832 7220 7449 8693
840 3 839 841 9980
841 3 840 842 1013
842 3 841 843 1914
843 6 842 844 5217 1556 6166 1300
844 4 843 845 6827 9764
845 3 844 846 4399
846 5 845 847 8040 2963 8880
847 3 846 848 2311
848 4 847 849 9516 1677
849 6 848 850 8254 8134 2385 8519
850 3 849 851 1920
851 3 850 852 1936
852 2 851 853
853 6 852 854 7019 3279 3302 8099
854 3 853 855 6897
855 5 854 856 8102 4808 9997
856 3 855 857 6906
857 5 856 858 7015 9496 1046
858 4 857 859 6997 5946
859 5 858 860 8632 1256 1723
860 4 859 861 7357 2198
861 4 860 862 2407 4096
862 4 861 863 5519 3091
863 4 862 864 1416 9983
864 3 863 865 791
865 4 864 866 6260 2876
866 4 865 867 3041 3165
867 3 866 868 6049
868 5 867 869 3371 2738 1887
869 5 868 870 2143 5625 9151
870 5 869 871 4193 6365 3214
871 3 870 872 7380
872 3 871 873 9536
873 7 872 874 6651 3769 1352 8988 1505
874 5 873 875 2343 5781 5573
875 4 874 876 9469 646
876 2 875 877
877 4 876 878 21 4846
878 3 877 879 8431
879 4 878 880 7521 1554
880 8 879 881 5897 3070 8354 7804 7397 9803
881 2 880 882
882 6 881 883 5005 5462 1481 2559
883 6 882 884 9912 4247 806 8747
884 5 883 885 5009 1069 9304
885 3 884 886 7310
886 4 885 887 7377 1969
887 7 886 888 4942 9093 3747 3915 8467
888 4 887 889 6169 1027
889 6 888 890 9823 2446 9317 1563
890 4 889 891 2432 997
891 5 890 892 2449 9350 7155
892 5 891 893 8788 9812 1894
893 4 892 894 1737 8776
894 4 893 895 5310 9412
895 6 894 896 1724 5475 6235 3930
896 3 895 897 9917
897 5 896 898 5675 9598 6278
898 3 897 899 8692
899 3 898 900 7566
900 5 899 901 1183 1801 2496
901 2 900 902
902 4 901 903 9391 4130
903 4 902 904 7621 8369
904 2 903 905
905 5 904 906 5911 4467 3886
906 5 905 907 9052 232 6228
907 5 906 908 2159 1953 6490
908 5 907 909 3888 2399 3611
909 5 908 910 3630 515 3637
910 4 909 911 5726 2037
911 2 910 912
912 6 911 913 4260 942 7462 482
913 8 912 914 2656 8700 3214 2296 6549 2264
914 6 913 915 2399 393 3436 7022
915 3 914 916 7924
916 6 915 917 3375 3264 9206 8974
917 4 916 918 3037 4307
918 4 917 919 4835 475
919 4 918 920 1742 5904
920 4 919 921 2881 753
921 4 920 922 1330 4746
922 4 921 923 4945 8375
923 6 922 924 3314 780 2784 9841
924 2 923 925
925 3 924 926 1663
926 5 925 927 6242 7129 8404
927 2 926 928
928 5 927 929 816 9402 8475
929 6 928 930 7071 4849 9664 3337
930 4 929 931 7358 6989
931 3 930 932 3797
932 4 931 933 1699 3537
933 5 932 934 6528 2539 6093
934 4 933 935 6827 1258
935 3 934 936 5307
936 3 935 937 4972
937 4 936 938 3997 2184
938 7 937 939 15 9035 8531 1760 9940
939 2 938 940
940 4 939 941 9152 2681
941 5 940 942 1347 1375 4692
942 5 941 943 912 1089 8193
943 4 942 944 1035 4641
944 4 943 945 8304 5132
945 5 944 946 1222 2977 9161
946 5 945 947 1464 536 2062
947 3 946 948 2091
948 5 947 949 83 6000 4109
949 5 948 950 8290 2608 9142
950 6 949 951 7900 2171 2831 6733
951 5 950 952 385 7378 6845
952 2 951 953
953 3 952 954 3911
954 6 953 955 2660 8133 2368 9937
955 5 954 956 3239 1284 5514
956 5 955 957 3539 7707 1701
957 4 956 958 622 7025
958 8 957 959 7466 4528 974 5760 8855 4316
959 3 958 960 9623
960 2 959 961
961 3 960 962 2057
962 2 961 963
963 3 962 964 3173
964 5 963 965 5413 5166 8687
965 7 964 966 7828 6402 7620 3731 1963
966 4 965 967 7278 5069
967 3 966 968 2172
968 5 967 969 5170 7532 1038
969 2 968 970
970 3 969 971 8901
971 2 970 972
972 5 971 973 6196 9815 3663
973 5 972 974 7964 6180 7368
974 5 973 975 6570 1242 958
975 5 974 976 2002 7100 9219
976 4 975 977 1165 9994
977 3 976 978 1229
978 6 977 979 568 7171 5059 465
979 5 978 980 2595 7106 3101
980 3 979 981 2186
981 5 980 982 4364 9904 4128
982 3 981 983 8361
983 3 982 984 5323
984 4 983 985 9892 215
985 4 984 986 5267 9151
986 5 985 987 7225 7188 5242
987 5 986 988 5739 1179 2537
988 3 987 989 3745
989 3 988 990 9602
990 2 989 991
991 2 990 992
992 5 991 993 4514 9088 2252
993 4 992 994 9665 3242
994 7 993 995 9004 9828 9953 7686 16
995 7 994 996 63 9570 6048 3151 6670
996 5 995 997 8227 6129 7009
997 8 996 998 9006 20 890 443 5037 1082
998 2 997 999
999 2 998 1000
1000 6 999 1001 1472 178 3863 2167
1001 3 1000 1002 1116
1002 4 1001 1003 6977 4699
1003 3 1002 1004 8814
1004 3 1003 1005 9114
1005 3 1004 1006 6855
1006 4 1005 1007 3428 2741
1007 3 1006 1008 9678
1008 6 1007 1009 636 9244 2246 2216
1009 8 1008 1010 6429 1617 7640 5825 3958 7766
1010 5 1009 1011 7383 8652 3186
1011 4 1010 1012 2301 6497
1012 4 1011 1013 2342 454
1013 4 1012 1014 841 3812
1014 3 1013 1015 8223
1015 3 1014 1016 7354
1016 3 1015 1017 4755
1017 5 1016 1018 9223 3708 8612
1018 3 1017 1019 4415
1019 5 1018 1020 6380 9962 5205
1020 5 1019 1021 7697 2647 8079
1021 3 1020 1022 5694
1022 6 1021 1023 5636 3520 9463 3285
1023 5 1022 1024 7014 3963 1477
1024 4 1023 1025 5319 3752
1025 3 1024 1026 1726
1026 4 1025 1027 6259 8903
1027 4 1026 1028 9173 888
1028 4 1027 1029 6251 7674
1029 4 1028 1030 5942 8762
1030 5 1029 1031 6483 1922 7746
1031 5 1030 1032 7039 5037 6677
1032 7 1031 1033 7169 4912 4810 3383 2584
1033 6 1032 1034 4095 6166 3053 2896
1034 4 1033 1035 4654 6747
1035 4 1034 1036 943 7653
1036 4 1035 1037 9294 4503
1037 2 1036 1038
1038 3 1037 1039 968
1039 5 1038 1040 4021 4547 224
1040 2 1039 1041
1041 8 1040 1042 3821 2747 9296 5063 9378 9143
1042 3 1041 1043 4838
1043 4 1042 1044 5278 6468
1044 4 1043 1045 5049 7401
1045 6 1044 1046 2267 3107 1639 2010
1046 4 1045 1047 5235 857
1047 4 1046 1048 8086 372
1048 5 1047 1049 2511 7709 273
1049 7 1048 1050 6843 6857 5577 9897 1530
1050 4 1049 1051 3357 654
1051 5 1050 1052 6612 1138 3488
1052 4 1051 1053 1393 4367
1053 2 1052 1054
1054 4 1053 1055 7835 8716
1055 2 1054 1056
1056 3 1055 1057 2782
1057 5 1056 1058 357 4018 6882
1058 3 1057 1059 2786
1059 3 1058 1060 4569
1060 4 1059 1061 5790 8778
1061 6 1060 1062 1857 4283 1263 8816
1062 5 1061 1063 7010 5285 6920
1063 3 1062 1064 6468
1064 2 1063 1065
1065 3 1064 1066 9343
1066 4 1065 1067 318 1124
1067 4 1066 1068 2476 8799
1068 4 1067 1069 8547 2355
1069 7 1068 1070 6116 1324 1201 884 3224
1070 4 1069 1071 8108 3252
1071 5 1070 1072 610 7805 6862
1072 4 1071 1073 1237 13
1073 4 1072 1074 5517 7938
1074 6 1073 1075 7435 9475 9813 606
1075 5 1074 1076 1670 3576 572
1076 4 1075 1077 5663 7997
1077 3 1076 1078 368
1078 2 1077 1079
1079 5 1078 1080 1937 6606 2813
1080 7 1079 1081 3729 9734 5180 309 2942
1081 6 1080 1082 5363 5198 3512 5638
1082 4 1081 1083 5486 997
1083 6 1082 1084 6523 2709 8205 7146
1084 3 1083 1085 3055
1085 5 1084 1086 2141 6849 3220
1086 3 1085 1087 9625
1087 2 1086 1088
1088 5 1087 1089 7801 5094 7461
1089 8 1088 1090 1728 1320 69 6327 942 7157
1090 5 1089 1091 3439 5199 9496
1091 2 1090 1092
1092 2 1091 1093
1093 5 1092 1094 6438 5598 8083
1094 7 1093 1095 3251 7043 9037 1476 4624
1095 3 1094 1096 2932
1096 4 1095 1097 6426 9049
1097 5 1096 1098 7985 7004 7002
1098 4 1097 1099 769 3721
1099 5 1098 1100 1239 9466 9663
1100 3 1099 1101 201
1101 5 1100 1102 8228 7617 4709
1102 6 1101 1103 5064 415 1257 3290
1103 7 1102 1104 6016 6816 8551 802 5782
1104 6 1103 1105 9060 6622 4100 4443
1105 4 1104 1106 1885 9019
1106 2 1105 1107
1107 7 1106 1108 4186 3391 7062 3228 9497
1108 6 1107 1109 5697 8412 5856 5652
1109 2 1108 1110
1110 2 1109 1111
1111 2 1110 1112
1112 2 1111 1113
1113 3 1112 1114 3025
1114 2 1113 1115
1115 5 1114 1116 2907 1405 8751
1116 8 1115 1117 7240 6489 1001 5346 5751 6913
1117 7 1116 1118 5735 2049 7422 4326 9141
1118 6 1117 1119 1380 3478 4192 9063
1119 4 1118 1120 2122 701
1120 2 1119 1121
1121 3 1120 1122 9021
1122 6 1121 1123 6420 2300 3179 3308
1123 2 1122 1124
1124 5 1123 1125 9940 1505 1066
1125 3 1124 1126 5045
1126 2 1125 1127
1127 5 1126 1128 57 7867 4910
1128 4 1127 1129 7614 683
1129 5 1128 1130 7086 8028 2455
1130 3 1129 1131 8652
1131 3 1130 1132 7911
1132 7 1131 1133 5093 5881 1523 6222 1157
1133 4 1132 1134 5981 4265
1134 4 1133 1135 1771 3477
1135 7 1134 1136 9119 8430 5689 5971 2725
1136 4 1135 1137 9150 3563
1137 3 1136 1138 6420
1138 5 1137 1139 1051 4090 3895
1139 6 1138 1140 788 7212 9098 8300
1140 5 1139 1141 5096 3390 6640
1141 4 1140 1142 9812 6023
1142 3 1141 1143 2019
1143 4 1142 1144 5626 9885
1144 3 1143 1145 2221
1145 3 1144 1146 4487
1146 2 1145 1147
1147 5 1146 1148 6352 6273 8850
1148 5 1147 1149 6451 720 1488
1149 5 1148 1150 9968 6494 3709
1150 4 1149 1151 5187 3201
1151 2 1150 1152
1152 3 1151 1153 8865
1153 2 1152 1154
1154 7 1153 1155 2645 1723 6443 4626 4660
1155 3 1154 1156 5077
1156 3 1155 1157 8815
1157 7 1156 1158 2579 2610 557 1132 4841
1158 4 1157 1159 8236 8655
1159 2 1158 1160
1160 2 1159 1161
1161 3 1160 1162 3983
1162 3 1161 1163 5768
1163 2 1162 1164
1164 2 1163 1165
1165 5 1164 1166 976 3103 3208
1166 3 1165 1167 1917
1167 3 1166 1168 3610
1168 3 1167 1169 4871
1169 6 1168 1170 5702 1602 2003 7894
1170 4 1169 1171 206 8760
1171 3 1170 1172 9976
1172 5 1171 1173 7887 4316 9420
1173 3 1172 1174 8910
1174 3 1173 1175 6383
1175 2 1174 1176
1176 4 1175 1177 6181 7634
1177 3 1176 1178 9937
1178 3 1177 1179 9374
1179 6 1178 1180 1929 987 9932 9892
1180 2 1179 1181
1181 3 1180 1182 7893
1182 3 1181 1183 6436
1183 5 1182 1184 3925 900 8196
1184 2 1183 1185
1185 8 1184 1186 6473 5511 2991 2333 1982 9040
1186 4 1185 1187 359 367
1187 3 1186 1188 3904
1188 7 1187 1189 3366 4041 5839 7685 6829
1189 4 1188 1190 717 2708
1190 2 1189 1191
1191 6 1190 1192 7428 656 6808 2340
1192 4 1191 1193 6484 8215
1193 3 1192 1194 1367
1194 3 1193 1195 8724
1195 2 1194 1196
1196 4 1195 1197 9519 6791
1197 7 1196 1198 6667 8061 2190 2173 4672
1198 3 1197 1199 7186
1199 7 1198 1200 2460 3606 5610 3607 5274
1200 3 1199 1201 4722
1201 3 1200 1202 1069
1202 2 1201 1203
1203 4 1202 1204 6411 1382
1204 2 1203 1205
1205 3 1204 1206 9432
1206 2 1205 1207
1207 2 1206 1208
1208 4 1207 1209 9032 288
1209 4 1208 1210 5394 3269
1210 2 1209 1211
1211 3 1210 1212 7699
1212 3 1211 1213 8925
1213 3 1212 1214 364
1214 7 1213 1215 8424 1597 3711 4264 350
1215 8 1214 1216 8334 8990 5666 1824 2407 4914
1216 3 1215 1217 9045
1217 4 1216 1218 3921 1465
1218 3 1217 1219 7921
1219 2 1218 1220
1220 3 1219 1221 6135
1221 4 1220 1222 2083 5745
1222 4 1221 1223 1829 945
1223 4 1222 1224 1577 2235
1224 2 1223 1225
1225 4 1224 1226 1952 31
1226 3 1225 1227 9845
1227 4 1226 1228 5588 1840
1228 4 1227 1229 1471 6588
1229 3 1228 1230 977
1230 4 1229 1231 9004 6677
1231 7 1230 1232 4647 6902 1546 342 4820
1232 5 1231 1233 8833 8727 3971
1233 4 1232 1234 5677 87
1234 4 1233 1235 2015 3901
1235 5 1234 1236 548 141 2081
1236 2 1235 1237
1237 5 1236 1238 1072 7014 4794
1238 4 1237 1239 3083 6637
1239 8 1238 1240 1099 9959 3951 1668 7079 5488
1240 6 1239 1241 1582 6577 2750 7758
1241 3 1240 1242 8309
1242 6 1241 1243 96 974 517 4352
1243 2 1242 1244
1244 4 1243 1245 7299 8930
1245 3 1244 1246 1664
1246 5 1245 1247 5956 3545 3102
1247 4 1246 1248 2014 598
1248 3 1247 1249 6809
1249 6 1248 1250 321 3534 4538 9664
1250 3 1249 1251 8813
1251 5 1250 1252 73 2477 1499
1252 2 1251 1253
1253 2 1252 1254
1254 5 1253 1255 1412 7856 5339
1255 5 1254 1256 8965 5755 5819
1256 5 1255 1257 3176 859 1378
1257 5 1256 1258 4659 1102 4808
1258 6 1257 1259 734 7719 9533 934
1259 4 1258 1260 3967 463
1260 3 1259 1261 4748
1261 4 1260 1262 1717 4000
1262 2 1261 1263
1263 4 1262 1264 5590 1061
1264 5 1263 1265 5562 8335 6130
1265 5 1264 1266 103 2909 8974
1266 2 1265 1267
1267 3 1266 1268 3878
1268 2 1267 1269
1269 2 1268 1270
1270 4 1269 1271 1394 1947
1271 3 1270 1272 485
1272 4 1271 1273 6602 3412
1273 5 1272 1274 3454 1405 1804
1274 4 1273 1275 7700 2794
1275 3 1274 1276 8182
1276 7 1275 1277 9046 8350 2174 6139 1617
1277 4 1276 1278 1558 3692
1278 4 1277 1279 6597 415
1279 3 1278 1280 4648
1280 5 1279 1281 8278 4912 1821
1281 3 1280 1282 9722
1282 7 1281 1283 6724 363 6514 2512 4557
1283 6 1282 1284 3847 5588 6851 5266
1284 6 1283 1285 8956 955 6512 6386
1285 3 1284 1286 8395
1286 3 1285 1287 7375
1287 4 1286 1288 188 7303
1288 4 1287 1289 5919 7556
1289 3 1288 1290 4897
1290 7 1289 1291 4219 5174 7248 2331 2463
1291 2 1290 1292
1292 5 1291 1293 488 2689 3138
1293 4 1292 1294 2258 7024
1294 3 1293 1295 3159
1295 4 1294 1296 3145 4532
1296 2 1295 1297
1297 5 1296 1298 4605 7547 8006
1298 4 1297 1299 5068 9255
1299 3 1298 1300 7011
1300 5 1299 1301 784 5436 843
1301 3 1300 1302 3068
1302 4 1301 1303 6012 3600
1303 3 1302 1304 6440
1304 4 1303 1305 7861 4891
1305 3 1304 1306 4480
1306 3 1305 1307 9744
1307 6 1306 1308 7392 8551 5015 149
1308 4 1307 1309 9573 2035
1309 4 1308 1310 4285 3861
1310 6 1309 1311 45 3104 7388 6561
1311 3 1310 1312 3709
1312 2 1311 1313
1313 6 1312 1314 3963 6871 9003 7445
1314 5 1313 1315 2824 6330 6490
1315 5 1314 1316 298 1436 3077
1316 5 1315 1317 7594 5175 9621
1317 5 1316 1318 3166 4034 8664
1318 3 1317 1319 5851
1319 4 1318 1320 6774 2663
1320 3 1319 1321 1089
1321 4 1320 1322 2231 9244
1322 4 1321 1323 4757 9541
1323 4 1322 1324 9420 1856
1324 4 1323 1325 1069 7309
1325 5 1324 1326 7138 682 3147
1326 2 1325 1327
1327 4 1326 1328 8691 9343
1328 4 1327 1329 1367 6303
1329 6 1328 1330 3457 3932 2176 7374
1330 4 1329 1331 921 5529
1331 3 1330 1332 4187
1332 3 1331 1333 8208
1333 8 1332 1334 6181 5832 4407 7177 2748 3513
1334 3 1333 1335 7734
1335 3 1334 1336 7643
1336 3 1335 1337 2194
1337 3 1336 1338 7348
1338 6 1337 1339 3031 314 3981 804
1339 3 1338 1340 8025
1340 4 1339 1341 9921 1391
1341 3 1340 1342 7074
1342 3 1341 1343 9577
1343 4 1342 1344 1926 7730
1344 7 1343 1345 1584 3138 4608 3960 3369
1345 2 1344 1346
1346 7 1345 1347 8307 8988 8028 774 4434
1347 4 1346 1348 8620 941
1348 6 1347 1349 1748 1451 6031 2290
1349 4 1348 1350 4961 6076
1350 6 1349 1351 9695 6011 6697 2582
1351 4 1350 1352 9973 6416
1352 5 1351 1353 873 8596 4852
1353 7 1352 1354 3670 6840 5192 1610 8021
1354 2 1353 1355
1355 3 1354 1356 9987
1356 2 1355 1357
1357 3 1356 1358 5707
1358 6 1357 1359 3872 9248 5505 2008
1359 2 1358 1360
1360 5 1359 1361 7479 7169 9279
1361 4 1360 1362 2840 5830
1362 4 1361 1363 8229 1836
1363 5 1362 1364 3820 2786 2655
1364 4 1363 1365 9690 3522
1365 3 1364 1366 6117
1366 4 1365 1367 173 2444
1367 5 1366 1368 1328 1193 7171
1368 4 1367 1369 4783 1773
1369 4 1368 1370 1908 7266
1370 6 1369 1371 6897 6470 7007 3360
1371 2 1370 1372
1372 3 1371 1373 6927
1373 3 1372 1374 2360
1374 6 1373 1375 6596 6307 8752 3441
1375 6 1374 1376 7512 6035 941 7052
1376 3 1375 1377 3208
1377 5 1376 1378 1909 5984 4677
1378 7 1377 1379 453 5285 5486 5846 1256
1379 2 1378 1380
1380 5 1379 1381 7282 1118 4320
1381 3 1380 1382 306
1382 4 1381 1383 496 1203
1383 2 1382 1384
1384 5 1383 1385 9850 6037 5418
1385 3 1384 1386 3224
1386 2 1385 1387
1387 4 1386 1388 5381 2602
1388 4 1387 1389 3970 6662
1389 4 1388 1390 300 5759
1390 2 1389 1391
1391 5 1390 1392 2941 3314 1340
1392 5 1391 1393 1653 9462 7689
1393 4 1392 1394 1052 5454
1394 4 1393 1395 1270 8695
1395 5 1394 1396 1930 7903 7639
1396 3 1395 1397 4296
1397 3 1396 1398 5650
1398 4 1397 1399 9077 3467
1399 2 1398 1400
1400 4 1399 1401 6318 5974
1401 4 1400 1402 8599 8197
1402 2 1401 1403
1403 6 1402 1404 5332 8085 2750 434
1404 3 1403 1405 831
1405 4 1404 1406 1115 1273
1406 3 1405 1407 2806
1407 3 1406 1408 3063
1408 3 1407 1409 18
1409 5 1408 1410 5474 3005 8019
1410 2 1409 1411
1411 5 1410 1412 9129 3082 3496
1412 4 1411 1413 1254 9780
1413 3 1412 1414 2255
1414 3 1413 1415 5536
1415 4 1414 1416 192 5979
1416 5 1415 1417 863 8790 289
1417 6 1416 1418 6991 3368 3487 1851
1418 6 1417 1419 6108 2660 9355 5528
1419 5 1418 1420 2562 9629 4570
1420 3 1419 1421 6511
1421 10 1420 1422 8929 2461 7985 6589 8706 8833 8758 5708
1422 4 1421 1423 1568 8719
1423 3 1422 1424 5274
1424 3 1423 1425 773
1425 4 1424 1426 7541 5882
1426 5 1425 1427 3091 2173 4934
1427 3 1426 1428 8772
1428 3 1427 1429 6287
1429 4 1428 1430 5871 4376
1430 4 1429 1431 1909 7829
1431 2 1430 1432
1432 4 1431 1433 2399 6313
1433 6 1432 1434 1677 4174 2334 8801
1434 3 1433 1435 1559
1435 5 1434 1436 4688 3774 7377
1436 4 1435 1437 6202 1315
1437 7 1436 1438 6804 451 9576 9091 335
1438 4 1437 1439 6909 4538
1439 5 1438 1440 508 7043 5238
1440 6 1439 1441 6850 222 5383 387
1441 2 1440 1442
1442 6 1441 1443 489 5218 7514 4005
1443 5 1442 1444 7575 2059 7646
1444 4 1443 1445 4078 3183
1445 4 1444 1446 4939 4581
1446 5 1445 1447 9085 6667 4815
1447 4 1446 1448 4393 8423
1448 5 1447 1449 5007 279 1897
1449 5 1448 1450 9856 5008 8818
1450 4 1449 1451 6800 1905
1451 4 1450 1452 8677 1348
1452 4 1451 1453 7839 7247
1453 3 1452 1454 7976
1454 6 1453 1455 3073 3258 3580 2498
1455 5 1454 1456 2314 9580 7131
1456 5 1455 1457 2664 527 6442
1457 2 1456 1458
1458 8 1457 1459 1975 85 6046 179 8470 7847
1459 3 1458 1460 2970
1460 3 1459 1461 254
1461 4 1460 1462 2271 81
1462 3 1461 1463 9911
1463 6 1462 1464 9793 2285 6304 9922
1464 7 1463 1465 7812 946 7400 4431 2982
1465 3 1464 1466 1217
1466 4 1465 1467 9088 4784
1467 3 1466 1468 7918
1468 5 1467 1469 3459 5730 3800
1469 4 1468 1470 390 5507
1470 5 1469 1471 405 9455 3857
1471 4 1470 1472 6691 1228
1472 4 1471 1473 3386 1000
1473 3 1472 1474 2150
1474 3 1473 1475 5651
1475 6 1474 1476 6071 7596 3315 3851
1476 4 1475 1477 1094 2387
1477 4 1476 1478 6558 1023
1478 3 1477 1479 7420
1479 3 1478 1480 637
1480 3 1479 1481 5968
1481 6 1480 1482 1915 4968 7402 882
1482 4 1481 1483 8716 8087
1483 5 1482 1484 3295 6767 4473
1484 6 1483 1485 7299 4083 7348 8565
1485 6 1484 1486 4246 5610 4925 6444
1486 3 1485 1487 5222
1487 3 1486 1488 8854
1488 3 1487 1489 1148
1489 4 1488 1490 9192 4060
1490 5 1489 1491 2387 3738 9971
1491 4 1490 1492 5827 9687
1492 7 1491 1493 2667 6320 382 5494 2590
1493 4 1492 1494 9289 2082
1494 4 1493 1495 3415 8634
1495 5 1494 1496 6755 3179 5922
1496 4 1495 1497 9700 6935
1497 5 1496 1498 2732 462 7137
1498 3 1497 1499 2330
1499 5 1498 1500 2918 1251 5036
1500 6 1499 1501 2792 5752 7220 7674
1501 2 1500 1502
1502 6 1501 1503 8714 7736 9698 5358
1503 2 1502 1504
1504 2 1503 1505
1505 5 1504 1506 1124 873 6563
1506 4 1505 1507 7921 1548
1507 2 1506 1508
1508 5 1507 1509 330 61 3081
1509 4 1508 1510 3535 3015
1510 6 1509 1511 4906 7832 5638 5400
1511 3 1510 1512 5816
1512 6 1511 1513 8502 140 5619 7809
1513 3 1512 1514 8274
1514 2 1513 1515
1515 3 1514 1516 9831
1516 8 1515 1517 2275 8988 2572 9849 2138 6318
1517 3 1516 1518 4142
1518 5 1517 1519 2960 6693 529
1519 2 1518 1520
1520 4 1519 1521 6852 1682
1521 4 1520 1522 1925 8710
1522 4 1521 1523 5927 6858
1523 3 1522 1524 1132
1524 5 1523 1525 5514 2805 3046
1525 4 1524 1526 34 3367
1526 2 1525 1527
1527 4 1526 1528 6583 5483
1528 4 1527 1529 3868 8562
1529 4 1528 1530 69 2118
1530 4 1529 1531 1049 2331
1531 6 1530 1532 8467 3300 2558 4184
1532 3 1531 1533 9914
1533 4 1532 1534 8815 4216
1534 3 1533 1535 2587
1535 4 1534 1536 1626 2674
1536 2 1535 1537
1537 6 1536 1538 4402 9778 7430 7997
1538 2 1537 1539
1539 4 1538 1540 3628 3210
1540 4 1539 1541 487 1912
1541 2 1540 1542
1542 4 1541 1543 9941 3946
1543 4 1542 1544 3690 3489
1544 5 1543 1545 7499 4299 7145
1545 4 1544 1546 8348 7387
1546 8 1545 1547 9870 4831 136 1231 2007 8464
1547 4 1546 1548 6198 580
1548 9 1547 1549 5872 1506 8103 1568 9555 4567 2655
1549 7 1548 1550 4948 3374 629 3787 2137
1550 2 1549 1551
1551 3 1550 1552 6189
1552 4 1551 1553 7911 7646
1553 3 1552 1554 3025
1554 6 1553 1555 322 7592 879 786
1555 3 1554 1556 7391
1556 5 1555 1557 843 2209 2941
1557 2 1556 1558
1558 6 1557 1559 2162 1277 2479 3437
1559 4 1558 1560 1434 3591
1560 2 1559 1561
1561 5 1560 1562 2052 6837 9073
1562 4 1561 1563 2596 5358
1563 5 1562 1564 889 3661 9547
1564 4 1563 1565 2215 4317
1565 3 1564 1566 2071
1566 4 1565 1567 2978 9862
1567 4 1566 1568 2584 2145
1568 8 1567 1569 9101 7149 1422 1548 9105 6131
1569 5 1568 1570 4690 44 3470
1570 4 1569 1571 6111 8544
1571 5 1570 1572 4509 2044 704
1572 4 1571 1573 6383 4225
1573 2 1572 1574
1574 3 1573 1575 2473
1575 4 1574 1576 725 3619
1576 4 1575 1577 7547 3956
1577 5 1576 1578 1223 2059 4913
1578 3 1577 1579 3647
1579 5 1578 1580 6305 2658 2486
1580 5 1579 1581 2167 7470 396
1581 3 1580 1582 4990
1582 6 1581 1583 1240 9509 6 15
1583 2 1582 1584
1584 6 1583 1585 1344 3640 1642 7914
1585 3 1584 1586 8128
1586 2 1585 1587
1587 2 1586 1588
1588 4 1587 1589 2378 273
1589 2 1588 1590
1590 4 1589 1591 8261 1975
1591 5 1590 1592 6535 3917 7283
1592 5 1591 1593 9551 4553 8835
1593 3 1592 1594 6819
1594 6 1593 1595 5991 5174 8228 5068
1595 5 1594 1596 2283 7855 6085
1596 3 1595 1597 7745
1597 5 1596 1598 1879 1214 6073
1598 5 1597 1599 5730 6673 3298
1599 4 1598 1600 1852 4996
1600 4 1599 1601 2540 4044
1601 6 1600 1602 4211 2708 9978 6211
1602 7 1601 1603 4057 1169 4389 8300 8777
1603 4 1602 1604 5591 3359
1604 4 1603 1605 1856 8613
1605 4 1604 1606 5921 4656
1606 3 1605 1607 3779
1607 3 1606 1608 4441
1608 3 1607 1609 9708
1609 3 1608 1610 5961
1610 7 1609 1611 2425 1353 814 4640 9876
1611 4 1610 1612 5683 2380
1612 3 1611 1613 9713
1613 4 1612 1614 6869 5621
1614 7 1613 1615 6509 5626 6316 6226 2322
1615 5 1614 1616 6506 2575 8031
1616 5 1615 1617 322 5420 6544
1617 9 1616 1618 1009 2486 7628 7995 2021 2244 1276
1618 4 1617 1619 7035 3958
1619 2 1618 1620
1620 4 1619 1621 6493 5863
1621 2 1620 1622
1622 4 1621 1623 2076 4098
1623 3 1622 1624 7962
1624 5 1623 1625 8060 3414 6480
1625 4 1624 1626 9798 2374
1626 4 1625 1627 6574 1535
1627 2 1626 1628
1628 3 1627 1629 8113
1629 2 1628 1630
1630 4 1629 1631 5772 8551
1631 4 1630 1632 2186 7482
1632 3 1631 1633 9392
1633 3 1632 1634 3937
1634 3 1633 1635 666
1635 8 1634 1636 9555 6711 6095 3296 3964 4561
1636 3 1635 1637 6617
1637 4 1636 1638 9318 2268
1638 4 1637 1639 5898 419
1639 4 1638 1640 5261 1045
1640 2 1639 1641
1641 4 1640 1642 9381 5357
1642 5 1641 1643 1584 5459 5041
1643 3 1642 1644 694
1644 3 1643 1645 6414
1645 6 1644 1646 4134 7264 7311 7078
1646 3 1645 1647 4369
1647 4 1646 1648 9263 6114
1648 3 1647 1649 9288
1649 3 1648 1650 3112
1650 3 1649 1651 4333
1651 5 1650 1652 6639 7347 2245
1652 4 1651 1653 7089 7339
1653 6 1652 1654 1392 9207 2115 7588
1654 4 1653 1655 2155 2479
1655 4 1654 1656 8303 8375
1656 2 1655 1657
1657 4 1656 1658 1867 3705
1658 3 1657 1659 7558
1659 5 1658 1660 7937 7098 5449
1660 6 1659 1661 3809 2383 9101 6835
1661 2 1660 1662
1662 3 1661 1663 4154
1663 6 1662 1664 9507 925 8716 3027
1664 5 1663 1665 309 7483 1245
1665 5 1664 1666 8597 2327 5046
1666 6 1665 1667 4107 6769 8756 5347
1667 5 1666 1668 2147 2745 7501
1668 5 1667 1669 8905 1239 8945
1669 5 1668 1670 9303 3189 4215
1670 7 1669 1671 1075 9575 6716 86 2584
1671 4 1670 1672 7125 2961
1672 6 1671 1673 5564 8973 216 2051
1673 4 1672 1674 3528 4814
1674 3 1673 1675 6931
1675 4 1674 1676 152 7791
1676 5 1675 1677 4704 7393 9060
1677 4 1676 1678 1433 848
1678 5 1677 1679 9731 5766 9710
1679 4 1678 1680 8084 8091
1680 4 1679 1681 9981 9327
1681 3 1680 1682 5651
1682 4 1681 1683 9191 1520
1683 5 1682 1684 7990 4933 2528
1684 4 1683 1685 3025 8255
1685 4 1684 1686 2767 5935
1686 3 1685 1687 2399
1687 4 1686 1688 5842 5538
1688 4 1687 1689 6216 6506
1689 4 1688 1690 832 7466
1690 3 1689 1691 1939
1691 5 1690 1692 9875 3224 7564
1692 3 1691 1693 2625
1693 5 1692 1694 6288 7893 6070
1694 3 1693 1695 3253
1695 3 1694 1696 7956
1696 4 1695 1697 4468 4562
1697 6 1696 1698 6696 5811 9512 4036
1698 5 1697 1699 6995 6611 364
1699 4 1698 1700 932 5077
1700 2 1699 1701
1701 5 1700 1702 7708 254 956
1702 4 1701 1703 8227 3981
1703 6 1702 1704 4720 2257 2932 6266
1704 5 1703 1705 7476 9006 120
1705 5 1704 1706 8901 4701 501
1706 4 1705 1707 8912 6865
1707 3 1706 1708 9649
1708 4 1707 1709 6273 2633
1709 4 1708 1710 223 2629
1710 4 1709 1711 3981 5925
1711 6 1710 1712 5984 6767 8555 3818
1712 6 1711 1713 6851 9456 593 6264
1713 4 1712 1714 4282 4363
1714 3 1713 1715 3834
1715 4 1714 1716 4427 3277
1716 7 1715 1717 7217 8660 2956 8496 8344
1717 3 1716 1718 1261
1718 3 1717 1719 9570
1719 5 1718 1720 5627 2453 1731
1720 2 1719 1721
1721 2 1720 1722
1722 4 1721 1723 4231 726
1723 6 1722 1724 1154 4012 4152 859
1724 3 1723 1725 895
1725 3 1724 1726 4975
1726 4 1725 1727 4916 1025
1727 4 1726 1728 5018 5872
1728 6 1727 1729 1089 3216 7111 7466
1729 5 1728 1730 5618 5460 325
1730 4 1729 1731 8638 2789
1731 5 1730 1732 7174 761 1719
1732 3 1731 1733 231
1733 3 1732 1734 6967
1734 4 1733 1735 5496 8715
1735 3 1734 1736 453
1736 3 1735 1737 6342
1737 3 1736 1738 893
1738 3 1737 1739 4398
1739 3 1738 1740 286
1740 2 1739 1741
1741 2 1740 1742
1742 8 1741 1743 919 7471 50 6373 2792 3929
1743 3 1742 1744 7651
1744 2 1743 1745
1745 3 1744 1746 3365
1746 6 1745 1747 3404 278 7906 7767
1747 2 1746 1748
1748 4 1747 1749 1348 2848
1749 2 1748 1750
1750 3 1749 1751 5210
1751 2 1750 1752
1752 6 1751 1753 8612 7047 3078 1955
1753 3 1752 1754 8558
1754 2 1753 1755
1755 4 1754 1756 6285 466
1756 2 1755 1757
1757 2 1756 1758
1758 3 1757 1759 5143
1759 2 1758 1760
1760 4 1759 1761 938 771
1761 3 1760 1762 6432
1762 4 1761 1763 6573 3579
1763 4 1762 1764 515 321
1764 3 1763 1765 4376
1765 5 1764 1766 8969 337 5169
1766 2 1765 1767
1767 4 1766 1768 6115 2469
1768 5 1767 1769 7619 6924 6062
1769 2 1768 1770
1770 5 1769 1771 1903 4176 7458
1771 5 1770 1772 5689 4652 1134
1772 5 1771 1773 6283 8233 9741
1773 5 1772 1774 2690 437 1368
1774 4 1773 1775 4292 5600
1775 2 1774 1776
1776 4 1775 1777 4236 4208
1777 3 1776 1778 2813
1778 3 1777 1779 7161
1779 4 1778 1780 440 7013
1780 4 1779 1781 8244 5757
1781 3 1780 1782 5920
1782 4 1781 1783 5368 8538
1783 5 1782 1784 9555 3692 1977
1784 2 1783 1785
1785 3 1784 1786 6972
1786 5 1785 1787 2150 7547 3460
1787 5 1786 1788 6170 6558 6549
1788 3 1787 1789 5076
1789 7 1788 1790 328 26 6811 9114 9474
1790 5 1789 1791 3992 140 237
1791 3 1790 1792 6139
1792 2 1791 1793
1793 4 1792 1794 4661 3063
1794 3 1793 1795 3447
1795 5 1794 1796 7271 5562 5670
1796 5 1795 1797 7118 3079 7010
1797 4 1796 1798 225 6730
1798 5 1797 1799 6216 2283 2344
1799 5 1798 1800 2039 617 8179
1800 3 1799 1801 7987
1801 3 1800 1802 900
1802 3 1801 1803 7006
1803 3 1802 1804 2378
1804 4 1803 1805 2468 1273
1805 4 1804 1806 6054 5844
1806 2 1805 1807
1807 4 1806 1808 6822 9732
1808 6 1807 1809 7083 564 8260 3198
1809 3 1808 1810 7290
1810 3 1809 1811 9919
1811 4 1810 1812 2421 9048
1812 3 1811 1813 5839
1813 4 1812 1814 1965 2623
1814 6 1813 1815 4338 2648 765 5008
1815 3 1814 1816 5024
1816 4 1815 1817 7420 7823
1817 2 1816 1818
1818 3 1817 1819 6355
1819 4 1818 1820 4734 3844
1820 4 1819 1821 6062 8904
1821 3 1820 1822 1280
1822 2 1821 1823
1823 5 1822 1824 2637 4214 5629
1824 5 1823 1825 5904 1215 736
1825 3 1824 1826 7815
1826 5 1825 1827 4196 7360 3652
1827 3 1826 1828 2034
1828 4 1827 1829 7981 6246
1829 4 1828 1830 1222 7433
1830 2 1829 1831
1831 2 1830 1832
1832 9 1831 1833 4565 89 5564 5703 6290 398 8546
1833 6 1832 1834 3061 4681 8767 179
1834 3 1833 1835 3901
1835 4 1834 1836 94 3535
1836 4 1835 1837 3635 1362
1837 4 1836 1838 3828 5884
1838 5 1837 1839 7580 605 7383
1839 4 1838 1840 6100 4749
1840 5 1839 1841 4071 1227 4028
1841 2 1840 1842
1842 3 1841 1843 5578
1843 6 1842 1844 5291 6433 5303 7078
1844 4 1843 1845 7201 2795
1845 3 1844 1846 7625
1846 3 1845 1847 7684
1847 5 1846 1848 5935 6919 7539
1848 3 1847 1849 8815
1849 2 1848 1850
1850 2 1849 1851
1851 3 1850 1852 1417
1852 4 1851 1853 8388 1599
1853 3 1852 1854 6116
1854 3 1853 1855 9561
1855 4 1854 1856 328 2389
1856 5 1855 1857 4980 1323 1604
1857 4 1856 1858 8289 1061
1858 4 1857 1859 9729 5499
1859 3 1858 1860 6466
1860 4 1859 1861 361 6251
1861 3 1860 1862 4466
1862 4 1861 1863 7315 773
1863 2 1862 1864
1864 2 1863 1865
1865 3 1864 1866 9385
1866 3 1865 1867 441
1867 4 1866 1868 1657 3250
1868 6 1867 1869 7898 4482 6116 9828
1869 4 1868 1870 7534 5623
1870 4 1869 1871 6788 2720
1871 4 1870 1872 9433 7729
1872 3 1871 1873 4333
1873 6 1872 1874 8092 5953 7326 2888
1874 6 1873 1875 4207 3200 4163 796
1875 4 1874 1876 4433 5844
1876 5 1875 1877 5180 71 5555
1877 4 1876 1878 6015 4831
1878 4 1877 1879 9776 2903
1879 3 1878 1880 1597
1880 3 1879 1881 9166
1881 3 1880 1882 7649
1882 4 1881 1883 2071 8430
1883 5 1882 1884 9585 6175 3200
1884 2 1883 1885
1885 6 1884 1886 3691 1105 2669 3842
1886 2 1885 1887
1887 5 1886 1888 5522 5483 868
1888 2 1887 1889
1889 6 1888 1890 3887 5192 699 7561
1890 2 1889 1891
1891 2 1890 1892
1892 4 1891 1893 7487 9701
1893 3 1892 1894 3425
1894 3 1893 1895 892
1895 2 1894 1896
1896 4 1895 1897 7979 8686
1897 6 1896 1898 4536 3408 8441 1448
1898 2 1897 1899
1899 6 1898 1900 5811 3766 3313 7078
1900 3 1899 1901 7055
1901 3 1900 1902 4913
1902 3 1901 1903 8389
1903 5 1902 1904 1770 5192 8742
1904 7 1903 1905 3155 4715 2576 8088 8308
1905 6 1904 1906 7502 6467 1450 8175
1906 4 1905 1907 9694 4185
1907 5 1906 1908 764 7297 4920
1908 5 1907 1909 1369 2021 9046
1909 5 1908 1910 1377 2628 1430
1910 2 1909 1911
1911 3 1910 1912 9892
1912 4 1911 1913 1540 8891
1913 2 1912 1914
1914 4 1913 1915 842 5130
1915 4 1914 1916 1481 645
1916 4 1915 1917 3131 6585
1917 5 1916 1918 117 1166 4519
1918 2 1917 1919
1919 6 1918 1920 7041 4742 4952 2802
1920 3 1919 1921 850
1921 6 1920 1922 6870 4628 2478 3134
1922 3 1921 1923 1030
1923 2 1922 1924
1924 3 1923 1925 6527
1925 4 1924 1926 1521 4026
1926 4 1925 1927 2554 1343
1927 4 1926 1928 7682 8085
1928 4 1927 1929 9734 4699
1929 7 1928 1930 4140 1179 2727 4949 5864
1930 3 1929 1931 1395
1931 3 1930 1932 837
1932 3 1931 1933 587
1933 3 1932 1934 5967
1934 2 1933 1935
1935 5 1934 1936 7944 9579 2163
1936 3 1935 1937 851
1937 5 1936 1938 1079 6906 2114
1938 7 1937 1939 8125 192 9082 8846 4578
1939 7 1938 1940 9018 7602 2011 1690 6534
1940 2 1939 1941
1941 3 1940 1942 6318
1942 2 1941 1943
1943 3 1942 1944 3000
1944 3 1943 1945 8540
1945 4 1944 1946 2339 6423
1946 3 1945 1947 6613
1947 4 1946 1948 3747 1270
1948 3 1947 1949 9082
1949 3 1948 1950 4329
1950 2 1949 1951
1951 3 1950 1952 2011
1952 6 1951 1953 4996 5053 1225 8625
1953 5 1952 1954 9764 907 5933
1954 6 1953 1955 6123 2604 7949 8322
1955 5 1954 1956 4855 8270 1752
1956 2 1955 1957
1957 3 1956 1958 4394
1958 3 1957 1959 7888
1959 6 1958 1960 6848 8792 4282 8019
1960 5 1959 1961 8700 5104 5394
1961 2 1960 1962
1962 4 1961 1963 8541 4976
1963 6 1962 1964 5393 8242 9360 965
1964 3 1963 1965 4393
1965 6 1964 1966 2778 1813 5172 4580
1966 6 1965 1967 8959 9831 93 7951
1967 5 1966 1968 9730 2134 6256
1968 3 1967 1969 2500
1969 7 1968 1970 9284 886 2683 7690 9446
1970 5 1969 1971 1990 2853 443
1971 3 1970 1972 8153
1972 5 1971 1973 518 5780 6532
1973 3 1972 1974 7454
1974 3 1973 1975 9247
1975 5 1974 1976 1458 9460 1590
1976 2 1975 1977
1977 3 1976 1978 1783
1978 4 1977 1979 7101 9229
1979 3 1978 1980 2423
1980 5 1979 1981 2476 7622 8908
1981 2 1980 1982
1982 6 1981 1983 8989 7023 1185 5706
1983 4 1982 1984 7523 4905
1984 2 1983 1985
1985 4 1984 1986 7200 4343
1986 4 1985 1987 470 8396
1987 5 1986 1988 7679 9987 7527
1988 4 1987 1989 2700 5526
1989 4 1988 1990 7953 6523
1990 4 1989 1991 1970 4381
1991 4 1990 1992 6090 4718
1992 6 1991 1993 5151 2864 8271 3074
1993 5 1992 1994 6135 8913 5334
1994 6 1993 1995 3109 8396 6256 2819
1995 3 1994 1996 6725
1996 2 1995 1997
1997 6 1996 1998 6487 7480 7918 2959
1998 5 1997 1999 5170 5001 4502
1999 4 1998 2000 2115 7752
2000 3 1999 2001 9261
2001 4 2000 2002 7475 673
2002 5 2001 2003 975 7634 3122
2003 4 2002 2004 1169 3038
2004 3 2003 2005 2638
2005 2 2004 2006
2006 4 2005 2007 7234 2285
2007 3 2006 2008 1546
2008 3 2007 2009 1358
2009 3 2008 2010 3488
2010 4 2009 2011 9166 1045
2011 5 2010 2012 1951 1939 8711
2012 7 2011 2013 8197 3630 3256 3127 9652
2013 4 2012 2014 7940 6192
2014 4 2013 2015 4172 1247
2015 5 2014 2016 7572 1234 5834
2016 3 2015 2017 9124
2017 4 2016 2018 3358 9241
2018 5 2017 2019 5375 3267 3473
2019 5 2018 2020 6482 1142 5929
2020 7 2019 2021 9295 5424 5186 326 450
2021 6 2020 2022 6837 1908 1617 7700
2022 6 2021 2023 8601 2351 9941 2910
2023 5 2022 2024 8816 2041 4584
2024 4 2023 2025 8067 9950
2025 4 2024 2026 7371 5038
2026 3 2025 2027 6913
2027 5 2026 2028 8250 2280 7031
2028 3 2027 2029 5892
2029 2 2028 2030
2030 5 2029 2031 3719 3998 34
2031 3 2030 2032 9680
2032 3 2031 2033 5250
2033 2 2032 2034
2034 4 2033 2035 3668 1827
2035 4 2034 2036 5725 1308
2036 3 2035 2037 7622
2037 4 2036 2038 7353 910
2038 3 2037 2039 9674
2039 4 2038 2040 1799 7121
2040 5 2039 2041 5822 7731 4484
2041 5 2040 2042 7839 2023 3873
2042 4 2041 2043 5237 8057
2043 4 2042 2044 472 9590
2044 3 2043 2045 1571
2045 5 2044 2046 5 2159 4922
2046 3 2045 2047 4772
2047 6 2046 2048 9805 7963 2400 6317
2048 5 2047 2049 6444 6143 5246
2049 5 2048 2050 6602 1117 9457
2050 4 2049 2051 9004 4744
2051 5 2050 2052 8592 4619 1672
2052 5 2051 2053 1561 2775 4855
2053 2 2052 2054
2054 3 2053 2055 2463
2055 2 2054 2056
2056 2 2055 2057
2057 5 2056 2058 9291 961 3030
2058 3 2057 2059 9616
2059 5 2058 2060 1577 1443 4406
2060 3 2059 2061 6126
2061 5 2060 2062 7513 2735 7435
2062 4 2061 2063 946 9324
2063 4 2062 2064 8134 258
2064 6 2063 2065 5338 9487 820 3597
2065 3 2064 2066 2074
2066 2 2065 2067
2067 5 2066 2068 6340 4586 4947
2068 3 2067 2069 7574
2069 2 2068 2070
2070 5 2069 2071 6471 5128 2264
2071 5 2070 2072 1565 2108 1882
2072 4 2071 2073 7311 2965
2073 4 2072 2074 4446 9019
2074 7 2073 2075 7024 4150 4768 6970 2065
2075 5 2074 2076 8567 8061 5217
2076 5 2075 2077 264 5724 1622
2077 6 2076 2078 7454 5276 3491 4739
2078 3 2077 2079 4694
2079 3 2078 2080 8847
2080 4 2079 2081 8595 2712
2081 4 2080 2082 769 1235
2082 3 2081 2083 1493
2083 5 2082 2084 2970 1221 4895
2084 3 2083 2085 5559
2085 6 2084 2086 6413 6356 9336 7331
2086 6 2085 2087 2460 9911 4133 6860
2087 3 2086 2088 5783
2088 7 2087 2089 2734 8643 9079 2208 6088
2089 4 2088 2090 8263 3769
2090 5 2089 2091 8651 6548 9028
2091 5 2090 2092 947 6369 3074
2092 3 2091 2093 7085
2093 5 2092 2094 5282 7537 199
2094 6 2093 2095 5678 5407 525 7482
2095 2 2094 2096
2096 3 2095 2097 9397
2097 3 2096 2098 3807
2098 3 2097 2099 209
2099 4 2098 2100 7369 6912
2100 2 2099 2101
2101 3 2100 2102 2226
2102 3 2101 2103 5221
2103 3 2102 2104 4825
2104 2 2103 2105
2105 6 2104 2106 2418 2617 2977 5236
2106 5 2105 2107 7037 2803 106
2107 2 2106 2108
2108 5 2107 2109 2071 6431 469
2109 5 2108 2110 6772 4547 5668
2110 3 2109 2111 8553
2111 6 2110 2112 8771 4104 3309 9145
2112 3 2111 2113 7135
2113 4 2112 2114 8114 9655
2114 6 2113 2115 1937 9141 5107 7558
2115 6 2114 2116 6683 7430 1999 1653
2116 6 2115 2117 7478 5951 2733 3885
2117 5 2116 2118 3573 7807 5348
2118 3 2117 2119 1529
2119 5 2118 2120 214 2179 4503
2120 4 2119 2121 8681 4362
2121 5 2120 2122 2670 479 8465
2122 4 2121 2123 3951 1119
2123 3 2122 2124 3209
2124 6 2123 2125 9001 6024 4848 5581
2125 3 2124 2126 4711
2126 5 2125 2127 5276 9994 7346
2127 4 2126 2128 8960 713
2128 4 2127 2129 8641 7962
2129 5 2128 2130 9906 2132 2739
2130 4 2129 2131 5293 8172
2131 3 2130 2132 80
2132 3 2131 2133 2129
2133 6 2132 2134 6458 354 7234 8292
2134 5 2133 2135 1967 3238 6629
2135 4 2134 2136 9865 4973
2136 4 2135 2137 4386 8726
2137 3 2136 2138 1549
2138 6 2137 2139 3123 3050 6675 1516
2139 6 2138 2140 9185 235 7007 7383
2140 3 2139 2141 4073
2141 4 2140 2142 2941 1085
2142 2 2141 2143
2143 6 2142 2144 8210 869 9387 6046
2144 4 2143 2145 7142 784
2145 6 2144 2146 2207 4079 6956 1567
2146 3 2145 2147 3016
2147 6 2146 2148 6439 3741 2306 1667
2148 3 2147 2149 5034
2149 4 2148 2150 7741 7910
2150 6 2149 2151 1786 2288 8406 1473
2151 4 2150 2152 5594 5766
2152 2 2151 2153
2153 6 2152 2154 3802 8822 5780 3904
2154 4 2153 2155 3036 5026
2155 7 2154 2156 1654 7118 5381 5515 2578
2156 2 2155 2157
2157 4 2156 2158 4484 5269
2158 5 2157 2159 8811 4050 5639
2159 6 2158 2160 907 7949 2045 2176
2160 4 2159 2161 5819 7502
2161 4 2160 2162 5470 8349
2162 5 2161 2163 6627 4443 1558
2163 3 2162 2164 1935
2164 8 2163 2165 7474 742 8650 7331 9187 584
2165 2 2164 2166
2166 5 2165 2167 8626 4620 8020
2167 7 2166 2168 530 1580 2319 5644 1000
2168 3 2167 2169 8023
2169 2 2168 2170
2170 2 2169 2171
2171 3 2170 2172 950
2172 7 2171 2173 579 4554 967 2469 6208
2173 4 2172 2174 1426 1197
2174 4 2173 2175 1276 5487
2175 3 2174 2176 714
2176 6 2175 2177 5124 1329 2637 2159
2177 3 2176 2178 642
2178 2 2177 2179
2179 8 2178 2180 2119 4070 7488 473 7050 6117
2180 3 2179 2181 4541
2181 2 2180 2182
2182 4 2181 2183 6688 206
2183 5 2182 2184 3371 9512 5392
2184 4 2183 2185 937 3594
2185 3 2184 2186 5469
2186 5 2185 2187 553 980 1631
2187 4 2186 2188 3746 3899
2188 4 2187 2189 6646 7101
2189 5 2188 2190 9335 4625 6599
2190 5 2189 2191 9681 4053 1197
2191 2 2190 2192
2192 4 2191 2193 3253 5433
2193 7 2192 2194 463 4653 8191 2799 6766
2194 3 2193 2195 1336
2195 3 2194 2196 7497
2196 3 2195 2197 748
2197 5 2196 2198 88 4457 6138
2198 3 2197 2199 860
2199 3 2198 2200 8772
2200 4 2199 2201 9985 7776
2201 3 2200 2202 7450
2202 3 2201 2203 7357
2203 4 2202 2204 6081 8802
2204 2 2203 2205
2205 6 2204 2206 9011 4093 4867 8856
2206 3 2205 2207 3043
2207 5 2206 2208 8158 2145 3424
2208 4 2207 2209 8607 2088
2209 5 2208 2210 2730 1556 2793
2210 5 2209 2211 4814 4180 6348
2211 4 2210 2212 2236 7917
2212 4 2211 2213 6767 5530
2213 5 2212 2214 8473 5617 9193
2214 3 2213 2215 8008
2215 7 2214 2216 8652 4482 1564 6532 7508
2216 5 2215 2217 6553 8579 1008
2217 3 2216 2218 5372
2218 3 2217 2219 4032
2219 3 2218 2220 6965
2220 3 2219 2221 7076
2221 4 2220 2222 8659 1144
2222 3 2221 2223 8159
2223 2 2222 2224
2224 6 2223 2225 9118 4226 591 7195
2225 3 2224 2226 8055
2226 6 2225 2227 2101 665 9743 3327
2227 4 2226 2228 9201 5031
2228 8 2227 2229 3311 8138 6169 4651 6152 435
2229 4 2228 2230 7624 3978
2230 4 2229 2231 7152 6329
2231 5 2230 2232 1321 3306 8637
2232 3 2231 2233 7412
2233 4 2232 2234 5387 9082
2234 3 2233 2235 604
2235 3 2234 2236 1223
2236 6 2235 2237 4099 2211 351 5213
2237 4 2236 2238 3746 7264
2238 5 2237 2239 2373 9770 7
2239 3 2238 2240 8657
2240 4 2239 2241 9500 3902
2241 4 2240 2242 3864 98
2242 2 2241 2243
2243 7 2242 2244 9632 7874 6035 3290 3445
2244 5 2243 2245 5217 1617 9699
2245 6 2244 2246 3263 4896 1651 4653
2246 7 2245 2247 4872 4134 1008 7243 5934
2247 2 2246 2248
2248 6 2247 2249 785 4956 224 5021
2249 8 2248 2250 6673 9892 3546 7331 246 8883
2250 8 2249 2251 6720 740 8476 6800 9815 2813
2251 2 2250 2252
2252 8 2251 2253 7719 9698 8136 334 5242 992
2253 2 2252 2254
2254 4 2253 2255 2974 3595
2255 3 2254 2256 1413
2256 4 2255 2257 6205 8676
2257 7 2256 2258 8435 4177 9820 1703 5046
2258 7 2257 2259 3721 1293 8352 7999 6212
2259 2 2258 2260
2260 4 2259 2261 6688 8542
2261 8 2260 2262 9406 9615 8377 3431 9505 3389
2262 4 2261 2263 9747 6630
2263 5 2262 2264 4039 9231 8466
2264 6 2263 2265 568 8408 913 2070
2265 3 2264 2266 3655
2266 2 2265 2267
2267 3 2266 2268 1045
2268 4 2267 2269 8523 1637
2269 3 2268 2270 4487
2270 3 2269 2271 9288
2271 3 2270 2272 1461
2272 3 2271 2273 5517
2273 3 2272 2274 8465
2274 3 2273 2275 6783
2275 4 2274 2276 1516 8706
2276 4 2275 2277 9709 9245
2277 3 2276 2278 6277
2278 3 2277 2279 2363
2279 2 2278 2280
2280 5 2279 2281 433 2027 6533
2281 4 2280 2282 9063 7873
2282 3 2281 2283 257
2283 5 2282 2284 1595 1798 6876
2284 5 2283 2285 7959 5319 8380
2285 9 2284 2286 4196 9991 6586 6375 1463 5165 2006
2286 2 2285 2287
2287 6 2286 2288 4371 6122 6031 4006
2288 4 2287 2289 2150 3640
2289 4 2288 2290 3569 6521
2290 6 2289 2291 7419 1348 6525 7775
2291 3 2290 2292 474
2292 4 2291 2293 495 4842
2293 4 2292 2294 4276 3838
2294 2 2293 2295
2295 2 2294 2296
2296 8 2295 2297 760 5543 8426 37 3756 913
2297 7 2296 2298 5338 2393 4206 8648 8096
2298 2 2297 2299
2299 5 2298 2300 8847 5848 5866
2300 6 2299 2301 2624 4178 1122 5915
2301 6 2300 2302 3204 2487 1011 6536
2302 4 2301 2303 9187 570
2303 3 2302 2304 3169
2304 2 2303 2305
2305 5 2304 2306 2682 2581 4785
2306 6 2305 2307 7515 6595 5868 2147
2307 2 2306 2308
2308 6 2307 2309 4719 8628 6473 4515
2309 4 2308 2310 7802 8074
2310 3 2309 2311 5321
2311 5 2310 2312 7089 847 2331
2312 6 2311 2313 4906 5411 778 7859
2313 3 2312 2314 4020
2314 9 2313 2315 1455 8151 8153 8130 4752 279 5551
2315 4 2314 2316 9094 4959
2316 2 2315 2317
2317 4 2316 2318 26 5372
2318 3 2317 2319 5481
2319 4 2318 2320 6028 2167
2320 3 2319 2321 4568
2321 5 2320 2322 7155 5787 4623
2322 5 2321 2323 1614 5563 689
2323 5 2322 2324 4954 4651 6184
2324 3 2323 2325 145
2325 4 2324 2326 5850 5393
2326 5 2325 2327 9369 4411 4930
2327 4 2326 2328 1665 4638
2328 3 2327 2329 7508
2329 6 2328 2330 6940 6000 7075 9526
2330 3 2329 2331 1498
2331 6 2330 2332 1290 1530 4305 2311
2332 3 2331 2333 8191
2333 4 2332 2334 3233 1185
2334 5 2333 2335 6701 1433 9445
2335 5 2334 2336 5156 7640 3392
2336 4 2335 2337 2979 5940
2337 3 2336 2338 7506
2338 5 2337 2339 4921 8220 3658
2339 4 2338 2340 4650 1945
2340 4 2339 2341 4760 1191
2341 4 2340 2342 4934 5479
2342 4 2341 2343 1012 7982
2343 3 2342 2344 874
2344 4 2343 2345 1798 9667
2345 4 2344 2346 7264 8806
2346 3 2345 2347 5847
2347 4 2346 2348 9119 4837
2348 9 2347 2349 5779 9924 3367 8990 8888 9296 2863
2349 3 2348 2350 7652
2350 3 2349 2351 4361
2351 5 2350 2352 2022 8256 3282
2352 2 2351 2353
2353 4 2352 2354 4423 8443
2354 5 2353 2355 6296 8880 5689
2355 3 2354 2356 1068
2356 7 2355 2357 6138 537 5726 9546 8688
2357 4 2356 2358 3850 8352
2358 2 2357 2359
2359 6 2358 2360 5192 4540 564 7248
2360 4 2359 2361 1373 8546
2361 5 2360 2362 4474 5653 194
2362 2 2361 2363
2363 5 2362 2364 2278 5533 7261
2364 3 2363 2365 5546
2365 3 2364 2366 4044
2366 3 2365 2367 4496
2367 2 2366 2368
2368 7 2367 2369 5820 9698 954 495 5762
2369 4 2368 2370 7552 4607
2370 4 2369 2371 9676 7140
2371 5 2370 2372 7442 4733 5950
2372 4 2371 2373 4242 8321
2373 4 2372 2374 2238 7790
2374 5 2373 2375 1625 2377 5184
2375 3 2374 2376 4707
2376 5 2375 2377 9925 2621 2487
2377 4 2376 2378 4354 2374
2378 5 2377 2379 1588 6059 1803
2379 2 2378 2380
2380 9 2379 2381 5739 3118 1611 3250 9448 361 9612
2381 3 2380 2382 2705
2382 6 2381 2383 3615 5529 9964 8097
2383 4 2382 2384 8589 1660
2384 4 2383 2385 640 5569
2385 3 2384 2386 849
2386 4 2385 2387 4002 7956
2387 5 2386 2388 1490 2712 1476
2388 2 2387 2389
2389 5 2388 2390 570 3769 1855
2390 3 2389 2391 8809
2391 6 2390 2392 4796 8810 3515 7839
2392 4 2391 2393 5342 2618
2393 4 2392 2394 2297 9230
2394 4 2393 2395 8798 3171
2395 2 2394 2396
2396 3 2395 2397 9980
2397 3 2396 2398 7643
2398 4 2397 2399 8616 6117
2399 8 2398 2400 2674 1686 908 914 1432 3704
2400 5 2399 2401 4509 511 2047
2401 6 2400 2402 6416 4058 9607 6855
2402 4 2401 2403 319 5812
2403 4 2402 2404 4260 9282
2404 3 2403 2405 4712
2405 6 2404 2406 9143 8076 5146 9639
2406 5 2405 2407 604 4425 4543
2407 4 2406 2408 861 1215
2408 6 2407 2409 2611 8760 8266 7415
2409 5 2408 2410 6819 5658 6665
2410 4 2409 2411 5837 3796
2411 6 2410 2412 6276 9045 8465 8639
2412 4 2411 2413 8026 9288
2413 3 2412 2414 5423
2414 4 2413 2415 3026 8147
2415 2 2414 2416
2416 3 2415 2417 5611
2417 4 2416 2418 8406 7771
2418 3 2417 2419 2105
2419 5 2418 2420 6665 9060 3460
2420 6 2419 2421 8822 6380 7177 8083
2421 4 2420 2422 1811 7332
2422 4 2421 2423 9292 5078
2423 5 2422 2424 692 6684 1979
2424 3 2423 2425 2877
2425 3 2424 2426 1610
2426 5 2425 2427 6172 2546 3857
2427 3 2426 2428 6131
2428 4 2427 2429 85 5272
2429 2 2428 2430
2430 2 2429 2431
2431 5 2430 2432 9342 5820 5955
2432 9 2431 2433 890 4616 3770 9071 251 8453 3273
2433 3 2432 2434 5468
2434 4 2433 2435 46 3820
2435 4 2434 2436 8909 7023
2436 3 2435 2437 3167
2437 4 2436 2438 9478 8116
2438 6 2437 2439 5430 2964 9405 3994
2439 4 2438 2440 8042 7917
2440 3 2439 2441 6617
2441 4 2440 2442 6293 4115
2442 5 2441 2443 7732 5654 5267
2443 3 2442 2444 218
2444 6 2443 2445 205 4723 9145 1366
2445 4 2444 2446 7430 5971
2446 8 2445 2447 889 3375 4534 8742 2851 3885
2447 4 2446 2448 7519 7933
2448 6 2447 2449 5432 805 7654 9156
2449 5 2448 2450 5358 3781 891
2450 5 2449 2451 8538 561 184
2451 3 2450 2452 6681
2452 4 2451 2453 2851 5997
2453 4 2452 2454 9146 1719
2454 3 2453 2455 5708
2455 4 2454 2456 8923 1129
2456 4 2455 2457 6980 2735
2457 4 2456 2458 7999 6095
2458 4 2457 2459 9546 2580
2459 3 2458 2460 3971
2460 4 2459 2461 2086 1199
2461 6 2460 2462 3364 1421 3833 9143
2462 3 2461 2463 5937
2463 5 2462 2464 5492 2054 1290
2464 2 2463 2465
2465 4 2464 2466 3983 6241
2466 5 2465 2467 7694 5736 7917
2467 4 2466 2468 3502 9303
2468 3 2467 2469 1804
2469 4 2468 2470 2172 1767
2470 3 2469 2471 3144
2471 3 2470 2472 8819
2472 3 2471 2473 9489
2473 5 2472 2474 2625 1574 5020
2474 3 2473 2475 9510
2475 2 2474 2476
2476 7 2475 2477 1980 190 3267 1067 8258
2477 5 2476 2478 1251 8946 8954
2478 3 2477 2479 1921
2479 4 2478 2480 1558 1654
2480 4 2479 2481 7593 6234
2481 8 2480 2482 9554 4382 5001 3696 7953 6613
2482 2 2481 2483
2483 4 2482 2484 3857 9310
2484 3 2483 2485 4640
2485 3 2484 2486 56
2486 5 2485 2487 1617 7742 1579
2487 6 2486 2488 2376 2301 3846 8870
2488 3 2487 2489 728
2489 3 2488 2490 5928
2490 2 2489 2491
2491 3 2490 2492 5263
2492 4 2491 2493 745 5807
2493 3 2492 2494 7996
2494 4 2493 2495 9791 6011
2495 3 2494 2496 7670
2496 3 2495 2497 900
2497 6 2496 2498 5311 3532 109 7016
2498 3 2497 2499 1454
2499 6 2498 2500 581 3830 8679 4594
2500 3 2499 2501 1968
2501 5 2500 2502 8124 7666 6392
2502 2 2501 2503
2503 5 2502 2504 4907 6723 7480
2504 4 2503 2505 5583 6990
2505 6 2504 2506 3423 9252 4801 5977
2506 2 2505 2507
2507 3 2506 2508 4760
2508 4 2507 2509 5309 4617
2509 3 2508 2510 5109
2510 4 2509 2511 7659 6524
2511 4 2510 2512 1048 7752
2512 7 2511 2513 9184 6172 7995 1282 697
2513 3 2512 2514 2715
2514 3 2513 2515 5337
2515 5 2514 2516 7898 9718 4015
2516 4 2515 2517 2991 4456
2517 4 2516 2518 4500 5271
2518 2 2517 2519
2519 4 2518 2520 7830 4692
2520 4 2519 2521 2683 3535
2521 4 2520 2522 751 7496
2522 4 2521 2523 8086 9796
2523 4 2522 2524 9682 3855
2524 5 2523 2525 9260 8159 9567
2525 5 2524 2526 3934 3716 6061
2526 5 2525 2527 2989 8341 9253
2527 7 2526 2528 2901 4414 8974 3918 562
2528 3 2527 2529 1683
2529 7 2528 2530 5170 5693 4126 4067 4527
2530 3 2529 2531 5656
2531 4 2530 2532 8910 7840
2532 3 2531 2533 6912
2533 3 2532 2534 8776
2534 4 2533 2535 9509 8953
2535 4 2534 2536 8320 8119
2536 7 2535 2537 4379 7832 6325 8075 2993
2537 6 2536 2538 8704 8617 8555 987
2538 3 2537 2539 5571
2539 4 2538 2540 933 7292
2540 5 2539 2541 3584 1600 4197
2541 5 2540 2542 6303 4323 6246
2542 2 2541 2543
2543 2 2542 2544
2544 2 2543 2545
2545 7 2544 2546 4381 7218 9683 637 8371
2546 5 2545 2547 5818 2426 3473
2547 3 2546 2548 5936
2548 4 2547 2549 6879 4432
2549 5 2548 2550 3672 515 3805
2550 4 2549 2551 161 790
2551 6 2550 2552 8878 7802 5369 8733
2552 4 2551 2553 6585 3575
2553 3 2552 2554 3756
2554 5 2553 2555 1926 64 6740
2555 2 2554 2556
2556 4 2555 2557 3467 5963
2557 3 2556 2558 7389
2558 3 2557 2559 1531
2559 4 2558 2560 8230 882
2560 3 2559 2561 5259
2561 2 2560 2562
2562 3 2561 2563 1419
2563 4 2562 2564 4307 6249
2564 4 2563 2565 4138 3228
2565 3 2564 2566 7263
2566 2 2565 2567
2567 3 2566 2568 9143
2568 5 2567 2569 7743 9149 5682
2569 3 2568 2570 3017
2570 5 2569 2571 7380 8846 9963
2571 2 2570 2572
2572 5 2571 2573 3127 1516 3496
2573 3 2572 2574 7691
2574 2 2573 2575
2575 7 2574 2576 1615 7651 6210 3260 4958
2576 6 2575 2577 1904 4591 8818 729
2577 2 2576 2578
2578 7 2577 2579 4659 7646 9784 8805 2155
2579 6 2578 2580 4351 1157 5502 8965
2580 3 2579 2581 2458
2581 4 2580 2582 2305 771
2582 4 2581 2583 8191 1350
2583 5 2582 2584 9466 6180 9443
2584 7 2583 2585 4562 2980 1567 1670 1032
2585 2 2584 2586
2586 5 2585 2587 7521 6510 7300
2587 3 2586 2588 1534
2588 3 2587 2589 9616
2589 3 2588 2590 7542
2590 3 2589 2591 1492
2591 2 2590 2592
2592 5 2591 2593 8207 2710 4180
2593 4 2592 2594 5121 8108
2594 4 2593 2595 7896 5851
2595 5 2594 2596 328 979 4109
2596 3 2595 2597 1562
2597 2 2596 2598
2598 3 2597 2599 9935
2599 4 2598 2600 4629 4184
2600 6 2599 2601 9235 7274 5690 6407
2601 4 2600 2602 8681 3488
2602 4 2601 2603 3030 1387
2603 4 2602 2604 6725 6330
2604 3 2603 2605 1954
2605 4 2604 2606 6267 6188
2606 2 2605 2607
2607 3 2606 2608 4671
2608 7 2607 2609 581 7727 949 7361 4720
2609 3 2608 2610 6578
2610 4 2609 2611 4676 1157
2611 4 2610 2612 2408 9174
2612 6 2611 2613 3552 6213 8355 810
2613 2 2612 2614
2614 4 2613 2615 3974 5667
2615 3 2614 2616 4478
2616 6 2615 2617 5504 9974 3133 205
2617 5 2616 2618 2105 5905 3264
2618 3 2617 2619 2392
2619 3 2618 2620 5510
2620 4 2619 2621 469 9387
2621 3 2620 2622 2376
2622 2 2621 2623
2623 6 2622 2624 2861 3794 1813 7275
2624 3 2623 2625 2300
2625 6 2624 2626 2473 7744 6977 1692
2626 3 2625 2627 8288
2627 3 2626 2628 7825
2628 4 2627 2629 1909 9519
2629 7 2628 2630 1709 5557 8222 383 6642
2630 3 2629 2631 3554
2631 3 2630 2632 6229
2632 4 2631 2633 6988 7071
2633 6 2632 2634 3617 5248 1708 416
2634 4 2633 2635 4175 9851
2635 4 2634 2636 4893 7257
2636 2 2635 2637
2637 5 2636 2638 4796 1823 2176
2638 3 2637 2639 2004
2639 4 2638 2640 8753 55
2640 3 2639 2641 8854
2641 2 2640 2642
2642 4 2641 2643 4745 3915
2643 5 2642 2644 6764 7459 7829
2644 4 2643 2645 4807 4199
2645 3 2644 2646 1154
2646 6 2645 2647 7603 3391 2718 3302
2647 4 2646 2648 8332 1020
2648 4 2647 2649 1814 4625
2649 3 2648 2650 4852
2650 2 2649 2651
2651 4 2650 2652 5307 5960
2652 3 2651 2653 438
2653 4 2652 2654 336 4932
2654 4 2653 2655 8847 5468
2655 6 2654 2656 3353 8266 1363 1548
2656 6 2655 2657 7726 913 4610 9555
2657 3 2656 2658 4836
2658 6 2657 2659 9537 6036 1579 9520
2659 6 2658 2660 6035 8156 4465 7375
2660 6 2659 2661 954 6612 1418 3149
2661 2 2660 2662
2662 2 2661 2663
2663 3 2662 2664 1319
2664 5 2663 2665 7016 1456 6397
2665 5 2664 2666 685 6929 4313
2666 7 2665 2667 7095 6703 4483 6056 2929
2667 5 2666 2668 6752 1492 224
2668 3 2667 2669 9324
2669 4 2668 2670 4953 1885
2670 6 2669 2671 9038 6307 2121 7218
2671 4 2670 2672 4470 3882
2672 3 2671 2673 3565
2673 4 2672 2674 5244 531
2674 5 2673 2675 2399 1535 4374
2675 3 2674 2676 75
2676 3 2675 2677 318
2677 4 2676 2678 2912 9580
2678 3 2677 2679 8545
2679 3 2678 2680 9140
2680 2 2679 2681
2681 8 2680 2682 429 8381 228 5158 940 6431
2682 5 2681 2683 2305 9642 285
2683 6 2682 2684 2520 1969 5998 4866
2684 6 2683 2685 7788 3496 795 4211
2685 2 2684 2686
2686 3 2685 2687 8733
2687 4 2686 2688 5157 4653
2688 3 2687 2689 8475
2689 4 2688 2690 1292 3583
2690 3 2689 2691 1773
2691 4 2690 2692 4132 7011
2692 3 2691 2693 3443
2693 4 2692 2694 9866 7303
2694 2 2693 2695
2695 4 2694 2696 3959 6062
2696 2 2695 2697
2697 4 2696 2698 3490 5564
2698 3 2697 2699 7355
2699 4 2698 2700 8363 4762
2700 3 2699 2701 1988
2701 4 2700 2702 5522 5487
2702 3 2701 2703 6447
2703 5 2702 2704 8099 5421 9582
2704 5 2703 2705 4420 9297 7338
2705 6 2704 2706 8724 6576 4074 2381
2706 3 2705 2707 7194
2707 3 2706 2708 6409
2708 6 2707 2709 1601 3304 4870 1189
2709 4 2708 2710 7079 1083
2710 5 2709 2711 2592 4179 3004
2711 3 2710 2712 3222
2712 5 2711 2713 7811 2387 2080
2713 4 2712 2714 7639 5372
2714 3 2713 2715 5915
2715 3 2714 2716 2513
2716 4 2715 2717 6293 2800
2717 3 2716 2718 5536
2718 3 2717 2719 2646
2719 4 2718 2720 3897 9820
2720 4 2719 2721 1870 3918
2721 3 2720 2722 9495
2722 3 2721 2723 2964
2723 4 2722 2724 7119 8273
2724 3 2723 2725 4525
2725 5 2724 2726 7132 7972 1135
2726 2 2725 2727
2727 6 2726 2728 5471 796 1929 2843
2728 5 2727 2729 8731 7182 130
2729 5 2728 2730 8931 3992 441
2730 4 2729 2731 2209 9883
2731 4 2730 2732 9347 3034
2732 4 2731 2733 3019 1497
2733 5 2732 2734 5570 7538 2116
2734 4 2733 2735 2088 3386
2735 5 2734 2736 2061 2456 7738
2736 2 2735 2737
2737 2 2736 2738
2738 6 2737 2739 8456 868 6306 3549
2739 6 2738 2740 3113 5893 9193 2129
2740 4 2739 2741 6848 8422
2741 3 2740 2742 1006
2742 3 2741 2743 9185
2743 3 2742 2744 3981
2744 3 2743 2745 25
2745 4 2744 2746 1667 3317
2746 3 2745 2747 5597
2747 6 2746 2748 1041 5129 5844 7340
2748 5 2747 2749 6298 513 1333
2749 2 2748 2750
2750 6 2749 2751 1240 4068 1403 3437
2751 5 2750 2752 8834 7117 8946
2752 2 2751 2753
2753 3 2752 2754 2839
2754 2 2753 2755
2755 4 2754 2756 6273 7847
2756 5 2755 2757 3194 3289 6053
2757 5 2756 2758 5073 6814 4913
2758 3 2757 2759 7294
2759 3 2758 2760 6347
2760 6 2759 2761 9786 5876 8892 6828
2761 3 2760 2762 3658
2762 4 2761 2763 5132 94
2763 3 2762 2764 3016
2764 2 2763 2765
2765 3 2764 2766 9621
2766 4 2765 2767 8071 3
2767 5 2766 2768 1685 5032 5652
2768 2 2767 2769
2769 7 2768 2770 5458 8550 5415 7018 5231
2770 5 2769 2771 6169 8228 5760
2771 5 2770 2772 9561 2821 4054
2772 3 2771 2773 8024
2773 4 2772 2774 3616 4816
2774 2 2773 2775
2775 6 2774 2776 9502 9999 2052 7323
2776 5 2775 2777 8633 9309 5199
2777 4 2776 2778 9496 8087
2778 4 2777 2779 1965 6337
2779 2 2778 2780
2780 4 2779 2781 3480 6202
2781 3 2780 2782 6358
2782 4 2781 2783 1056 9992
2783 5 2782 2784 4780 8374 9790
2784 8 2783 2785 6008 4353 923 6872 8234 9157
2785 3 2784 2786 6590
2786 6 2785 2787 1363 1058 7856 244
2787 3 2786 2788 7212
2788 4 2787 2789 6308 8862
2789 4 2788 2790 1730 6172
2790 5 2789 2791 421 5981 5030
2791 4 2790 2792 6466 4832
2792 4 2791 2793 1500 1742
2793 5 2792 2794 7920 2209 6985
2794 6 2793 2795 5600 6335 3807 1274
2795 4 2794 2796 1844 3188
2796 2 2795 2797
2797 4 2796 2798 482 7347
2798 3 2797 2799 5610
2799 5 2798 2800 8862 2193 4945
2800 6 2799 2801 2716 6749 7722 4908
2801 2 2800 2802
2802 4 2801 2803 3605 1919
2803 3 2802 2804 2106
2804 3 2803 2805 3599
2805 5 2804 2806 4644 4672 1524
2806 5 2805 2807 7077 1406 3691
2807 5 2806 2808 9671 4884 4375
2808 2 2807 2809
2809 3 2808 2810 9446
2810 4 2809 2811 9641 5423
2811 6 2810 2812 4431 7598 8935 3031
2812 4 2811 2813 7424 3754
2813 10 2812 2814 6825 1777 745 1079 36 9958 9040 2250
2814 5 2813 2815 6125 409 3831
2815 3 2814 2816 8999
2816 3 2815 2817 9095
2817 3 2816 2818 9279
2818 4 2817 2819 9820 8733
2819 4 2818 2820 6101 1994
2820 3 2819 2821 5200
2821 6 2820 2822 6923 9839 6376 2771
2822 4 2821 2823 5322 6440
2823 2 2822 2824
2824 7 2823 2825 3734 1314 5751 7845 7727
2825 2 2824 2826
2826 4 2825 2827 4960 5708
2827 3 2826 2828 3929
2828 3 2827 2829 8603
2829 5 2828 2830 8538 6860 7071
2830 4 2829 2831 9087 3717
2831 4 2830 2832 6021 950
2832 3 2831 2833 5549
2833 3 2832 2834 8580
2834 2 2833 2835
2835 6 2834 2836 7838 3270 6486 4697
2836 4 2835 2837 6778 4485
2837 2 2836 2838
2838 5 2837 2839 5438 4601 8656
2839 4 2838 2840 2753 5244
2840 4 2839 2841 1361 3132
2841 2 2840 2842
2842 3 2841 2843 5798
2843 5 2842 2844 6884 634 2727
2844 3 2843 2845 7341
2845 4 2844 2846 3443 8253
2846 2 2845 2847
2847 5 2846 2848 5993 6225 5315
2848 4 2847 2849 1748 7364
2849 3 2848 2850 5648
2850 4 2849 2851 4889 9898
2851 6 2850 2852 2452 806 8159 2446
2852 3 2851 2853 6760
2853 4 2852 2854 9795 1970
2854 3 2853 2855 5083
2855 2 2854 2856
2856 5 2855 2857 4721 3898 7446
2857 3 2856 2858 5984
2858 2 2857 2859
2859 3 2858 2860 4583
2860 3 2859 2861 3800
2861 4 2860 2862 2623 6477
2862 6 2861 2863 387 4848 5186 5710
2863 6 2862 2864 7853 7609 3657 2348
2864 4 2863 2865 1992 4938
2865 4 2864 2866 7113 129
2866 4 2865 2867 6845 6449
2867 4 2866 2868 7603 6865
2868 4 2867 2869 6971 7613
2869 3 2868 2870 8873
2870 5 2869 2871 9822 3974 5218
2871 3 2870 2872 6798
2872 5 2871 2873 8089 4955 8616
2873 3 2872 2874 5962
2874 3 2873 2875 6869
2875 2 2874 2876
2876 5 2875 2877 5809 865 8044
2877 4 2876 2878 2424 4660
2878 4 2877 2879 6372 3232
2879 2 2878 2880
2880 4 2879 2881 5625 6210
2881 6 2880 2882 5901 8170 6826 920
2882 3 2881 2883 9107
2883 2 2882 2884
2884 6 2883 2885 5673 5895 237 6893
2885 4 2884 2886 6790 3437
2886 6 2885 2887 7091 624 9503 4312
2887 6 2886 2888 6610 7173 5548 8813
2888 4 2887 2889 1873 5505
2889 3 2888 2890 7176
2890 3 2889 2891 2989
2891 4 2890 2892 5359 8159
2892 4 2891 2893 3938 9860
2893 2 2892 2894
2894 5 2893 2895 518 6222 7257
2895 4 2894 2896 613 7364
2896 8 2895 2897 7507 4157 7092 5079 7049 1033
2897 3 2896 2898 6127
2898 5 2897 2899 6369 7658 414
2899 4 2898 2900 4636 8988
2900 2 2899 2901
2901 8 2900 2902 8424 2527 9639 8955 5899 5425
2902 4 2901 2903 6599 37
2903 4 2902 2904 5921 1878
2904 3 2903 2905 4945
2905 3 2904 2906 738
2906 5 2905 2907 9564 467 4866
2907 3 2906 2908 1115
2908 3 2907 2909 6864
2909 4 2908 2910 1265 3843
2910 6 2909 2911 5977 4457 2022 5921
2911 3 2910 2912 7964
2912 4 2911 2913 6288 2677
2913 4 2912 2914 5764 4082
2914 4 2913 2915 5446 576
2915 2 2914 2916
2916 6 2915 2917 7056 8958 6970 325
2917 4 2916 2918 6531 5882
2918 4 2917 2919 1499 8110
2919 3 2918 2920 5438
2920 4 2919 2921 508 7739
2921 4 2920 2922 8873 6325
2922 2 2921 2923
2923 5 2922 2924 7083 332 308
2924 2 2923 2925
2925 6 2924 2926 3253 8917 3244 4136
2926 3 2925 2927 9798
2927 3 2926 2928 6276
2928 3 2927 2929 3509
2929 5 2928 2930 9980 3292 2666
2930 4 2929 2931 5134 9353
2931 5 2930 2932 8633 4528 7218
2932 6 2931 2933 1095 6813 8426 1703
2933 2 2932 2934
2934 4 2933 2935 7182 8572
2935 3 2934 2936 3306
2936 3 2935 2937 4435
2937 2 2936 2938
2938 3 2937 2939 156
2939 3 2938 2940 9816
2940 3 2939 2941 3702
2941 6 2940 2942 5775 2141 1391 1556
2942 4 2941 2943 9441 1080
2943 4 2942 2944 3112 3621
2944 2 2943 2945
2945 2 2944 2946
2946 4 2945 2947 4270 4071
2947 3 2946 2948 111
2948 3 2947 2949 5369
2949 6 2948 2950 7709 9308 4077 8797
2950 2 2949 2951
2951 3 2950 2952 7767
2952 3 2951 2953 3441
2953 6 2952 2954 9267 8153 7457 7572
2954 4 2953 2955 5419 6946
2955 4 2954 2956 6006 7091
2956 5 2955 2957 5310 1716 4306
2957 2 2956 2958
2958 2 2957 2959
2959 4 2958 2960 1997 6823
2960 5 2959 2961 1518 3513 3260
2961 4 2960 2962 435 1671
2962 5 2961 2963 9409 3699 5836
2963 6 2962 2964 846 9492 3715 3403
2964 5 2963 2965 2722 6323 2438
2965 4 2964 2966 7471 2072
2966 4 2965 2967 3798 6105
2967 2 2966 2968
2968 4 2967 2969 5863 292
2969 3 2968 2970 8169
2970 9 2969 2971 1459 9796 2083 4305 7581 3826 9074
2971 6 2970 2972 8427 4531 7145 3858
2972 5 2971 2973 4140 5946 4967
2973 2 2972 2974
2974 3 2973 2975 2254
2975 3 2974 2976 6408
2976 3 2975 2977 8941
2977 6 2976 2978 9695 945 2105 6298
2978 7 2977 2979 5153 3193 1566 8349 6919
2979 4 2978 2980 2336 9839
2980 9 2979 2981 5381 8390 6479 2584 7710 197 9798
2981 5 2980 2982 57 3892 3498
2982 6 2981 2983 9292 3252 8834 1464
2983 4 2982 2984 8210 8543
2984 4 2983 2985 9696 672
2985 3 2984 2986 501
2986 3 2985 2987 233
2987 2 2986 2988
2988 3 2987 2989 3792
2989 6 2988 2990 2526 5030 2890 3567
2990 3 2989 2991 4354
2991 4 2990 2992 1185 2516
2992 3 2991 2993 4710
2993 3 2992 2994 2536
2994 5 2993 2995 7387 7438 3039
2995 6 2994 2996 8216 9530 132 8366
2996 2 2995 2997
2997 4 2996 2998 721 23
2998 3 2997 2999 6485
2999 3 2998 3000 6002
3000 6 2999 3001 9307 1943 201 9689
3001 3 3000 3002 9936
3002 2 3001 3003
3003 4 3002 3004 5298 5313
3004 6 3003 3005 2710 5739 3222 4224
3005 6 3004 3006 5440 6783 1409 7381
3006 5 3005 3007 3958 490 7532
3007 5 3006 3008 7434 3789 4632
3008 5 3007 3009 8070 8099 5060
3009 2 3008 3010
3010 3 3009 3011 5172
3011 6 3010 3012 5449 4831 6621 8250
3012 4 3011 3013 9810 8410
3013 4 3012 3014 6254 6615
3014 2 3013 3015
3015 5 3014 3016 7213 1509 9415
3016 6 3015 3017 2763 6447 2146 326
3017 7 3016 3018 6512 2569 7190 9129 6095
3018 5 3017 3019 8092 4166 6097
3019 4 3018 3020 2732 3947
3020 4 3019 3021 4218 5316
3021 5 3020 3022 3967 6196 274
3022 2 3021 3023
3023 5 3022 3024 440 7104 9223
3024 5 3023 3025 4774 9630 5600
3025 6 3024 3026 8793 1684 1553 1113
3026 3 3025 3027 2414
3027 3 3026 3028 1663
3028 6 3027 3029 803 8885 6546 7246
3029 2 3028 3030
3030 4 3029 3031 2057 2602
3031 5 3030 3032 9303 1338 2811
3032 3 3031 3033 5596
3033 3 3032 3034 9443
3034 5 3033 3035 615 2731 6521
3035 3 3034 3036 7110
3036 3 3035 3037 2154
3037 3 3036 3038 917
3038 5 3037 3039 2003 8318 7940
3039 5 3038 3040 2994 8666 7122
3040 3 3039 3041 6075
3041 5 3040 3042 6399 9156 866
3042 3 3041 3043 8187
3043 4 3042 3044 5215 2206
3044 3 3043 3045 9597
3045 3 3044 3046 4386
3046 5 3045 3047 5274 8280 1524
3047 4 3046 3048 4989 9181
3048 5 3047 3049 7536 8665 3966
3049 4 3048 3050 7015 52
3050 3 3049 3051 2138
3051 2 3050 3052
3052 5 3051 3053 5039 48 4459
3053 6 3052 3054 4376 1033 4267 3520
3054 7 3053 3055 6250 689 5154 3172 9061
3055 5 3054 3056 3526 8716 1084
3056 4 3055 3057 6283 3439
3057 3 3056 3058 3911
3058 2 3057 3059
3059 2 3058 3060
3060 4 3059 3061 8159 6750
3061 5 3060 3062 1833 4596 5802
3062 4 3061 3063 5170 5526
3063 6 3062 3064 7519 372 1407 1793
3064 2 3063 3065
3065 3 3064 3066 9558
3066 2 3065 3067
3067 2 3066 3068
3068 5 3067 3069 1301 6791 9598
3069 4 3068 3070 8957 3320
3070 3 3069 3071 880
3071 4 3070 3072 8513 9959
3072 2 3071 3073
3073 4 3072 3074 1454 6841
3074 4 3073 3075 2091 1992
3075 2 3074 3076
3076 3 3075 3077 5218
3077 6 3076 3078 8146 9563 1315 6563
3078 3 3077 3079 1752
3079 4 3078 3080 1796 5770
3080 6 3079 3081 3533 6841 4714 6143
3081 5 3080 3082 3209 6229 1508
3082 4 3081 3083 8972 1411
3083 4 3082 3084 1238 5224
3084 3 3083 3085 7376
3085 4 3084 3086 7121 8115
3086 4 3085 3087 8278 6907
3087 2 3086 3088
3088 4 3087 3089 8172 9788
3089 2 3088 3090
3090 3 3089 3091 4203
3091 4 3090 3092 1426 862
3092 4 3091 3093 9916 6452
3093 5 3092 3094 5495 7871 309
3094 3 3093 3095 7679
3095 2 3094 3096
3096 3 3095 3097 8200
3097 6 3096 3098 3653 6152 3169 8145
3098 4 3097 3099 6528 8962
3099 3 3098 3100 5717
3100 5 3099 3101 8140 4013 8894
3101 3 3100 3102 979
3102 5 3101 3103 8712 4029 1246
3103 4 3102 3104 1165 6484
3104 6 3103 3105 9919 3849 1310 7024
3105 6 3104 3106 7503 681 7124 7465
3106 6 3105 3107 6228 6234 8512 3287
3107 6 3106 3108 5977 4699 1045 4724
3108 2 3107 3109
3109 5 3108 3110 5384 1994 8209
3110 5 3109 3111 6149 3202 48
3111 3 3110 3112 5663
3112 5 3111 3113 5460 2943 1649
3113 4 3112 3114 3265 2739
3114 3 3113 3115 7498
3115 3 3114 3116 8288
3116 3 3115 3117 7967
3117 4 3116 3118 5412 9094
3118 3 3117 3119 2380
3119 3 3118 3120 9975
3120 3 3119 3121 4425
3121 2 3120 3122
3122 3 3121 3123 2002
3123 5 3122 3124 4172 2138 8344
3124 5 3123 3125 3692 7473 4731
3125 3 3124 3126 3392
3126 4 3125 3127 128 8893
3127 5 3126 3128 4673 2012 2572
3128 3 3127 3129 7178
3129 2 3128 3130
3130 3 3129 3131 5389
3131 5 3130 3132 8760 1916 3632
3132 5 3131 3133 5671 3575 2840
3133 4 3132 3134 2616 8085
3134 5 3133 3135 7402 4822 1921
3135 5 3134 3136 6732 9818 8431
3136 3 3135 3137 7222
3137 2 3136 3138
3138 6 3137 3139 1344 1292 9170 5062
3139 2 3138 3140
3140 4 3139 3141 5659 5093
3141 3 3140 3142 5159
3142 2 3141 3143
3143 4 3142 3144 3268 3719
3144 7 3143 3145 4923 2470 4829 7720 9519
3145 3 3144 3146 1295
3146 5 3145 3147 5187 3206 3190
3147 3 3146 3148 1325
3148 4 3147 3149 518 3552
3149 3 3148 3150 2660
3150 3 3149 3151 6459
3151 7 3150 3152 8142 9067 544 995 4473
3152 4 3151 3153 5448 6141
3153 3 3152 3154 407
3154 3 3153 3155 5930
3155 5 3154 3156 1904 6924 4434
3156 4 3155 3157 9742 8465
3157 4 3156 3158 3498 71
3158 3 3157 3159 8820
3159 5 3158 3160 6704 1294 3252
3160 4 3159 3161 8656 4311
3161 2 3160 3162
3162 6 3161 3163 7220 4470 7591 8721
3163 5 3162 3164 6588 6978 5699
3164 4 3163 3165 7014 4544
3165 3 3164 3166 866
3166 4 3165 3167 8273 1317
3167 7 3166 3168 2436 9792 9977 7278 8642
3168 4 3167 3169 7879 5390
3169 4 3168 3170 3097 2303
3170 3 3169 3171 3456
3171 3 3170 3172 2394
3172 4 3171 3173 3054 7504
3173 4 3172 3174 486 963
3174 5 3173 3175 5250 687 5561
3175 6 3174 3176 4741 4303 6502 7346
3176 5 3175 3177 1256 3888 4783
3177 2 3176 3178
3178 5 3177 3179 7911 7368 7503
3179 5 3178 3180 1495 179 1122
3180 4 3179 3181 8164 4222
3181 6 3180 3182 3826 9680 5819 8726
3182 3 3181 3183 5306
3183 4 3182 3184 9340 1444
3184 4 3183 3185 4651 6681
3185 3 3184 3186 5237
3186 3 3185 3187 1010
3187 4 3186 3188 4372 8534
3188 4 3187 3189 9284 2795
3189 3 3188 3190 1669
3190 4 3189 3191 3146 4785
3191 3 3190 3192 3616
3192 3 3191 3193 9661
3193 4 3192 3194 2978 4151
3194 3 3193 3195 2756
3195 4 3194 3196 3474 68
3196 2 3195 3197
3197 3 3196 3198 4779
3198 6 3197 3199 3 4957 1808 358
3199 6 3198 3200 8926 5159 3907 5753
3200 6 3199 3201 1874 6940 8913 1883
3201 4 3200 3202 9288 1150
3202 5 3201 3203 77 7515 3110
3203 5 3202 3204 9228 5612 8559
3204 3 3203 3205 2301
3205 2 3204 3206
3206 4 3205 3207 3146 9734
3207 5 3206 3208 4387 5591 4416
3208 5 3207 3209 5454 1376 1165
3209 4 3208 3210 3081 2123
3210 3 3209 3211 1539
3211 3 3210 3212 7214
3212 5 3211 3213 4234 9257 9195
3213 5 3212 3214 5447 5211 4370
3214 4 3213 3215 913 870
3215 4 3214 3216 9593 6057
3216 6 3215 3217 8992 6357 1728 9518
3217 3 3216 3218 4923
3218 2 3217 3219
3219 5 3218 3220 9054 4621 6032
3220 5 3219 3221 7187 821 1085
3221 3 3220 3222 9105
3222 6 3221 3223 2711 9904 3004 9321
3223 4 3222 3224 7636 9170
3224 6 3223 3225 8786 1385 1691 1069
3225 5 3224 3226 5 4026 8026
3226 2 3225 3227
3227 3 3226 3228 8040
3228 6 3227 3229 6606 1107 2564 4114
3229 4 3228 3230 6454 9747
3230 6 3229 3231 7142 6679 9310 3254
3231 4 3230 3232 4484 537
3232 4 3231 3233 2878 5696
3233 6 3232 3234 2333 3253 6751 9054
3234 5 3233 3235 8465 6666 5577
3235 3 3234 3236 3996
3236 2 3235 3237
3237 4 3236 3238 5751 5066
3238 4 3237 3239 2134 452
3239 6 3238 3240 955 6875 371 7906
3240 4 3239 3241 8208 8141
3241 4 3240 3242 4924 4132
3242 5 3241 3243 9216 4395 993
3243 3 3242 3244 792
3244 4 3243 3245 7103 2925
3245 3 3244 3246 4924
3246 3 3245 3247 593
3247 5 3246 3248 6603 4181 5107
3248 3 3247 3249 7385
3249 2 3248 3250
3250 5 3249 3251 2380 7254 1867
3251 4 3250 3252 1094 9353
3252 6 3251 3253 1070 6631 2982 3159
3253 6 3252 3254 2925 2192 3233 1694
3254 6 3253 3255 6165 495 3230 8879
3255 7 3254 3256 6194 9530 9940 7348 7526
3256 4 3255 3257 7321 2012
3257 5 3256 3258 6547 7791 6399
3258 5 3257 3259 1454 5970 4558
3259 4 3258 3260 9228 6223
3260 5 3259 3261 2960 2575 3601
3261 4 3260 3262 809 6383
3262 2 3261 3263
3263 4 3262 3264 2245 3558
3264 4 3263 3265 916 2617
3265 4 3264 3266 7818 3113
3266 5 3265 3267 7048 5785 7372
3267 6 3266 3268 2476 7708 2018 7492
3268 4 3267 3269 7727 3143
3269 3 3268 3270 1209
3270 3 3269 3271 2835
3271 2 3270 3272
3272 4 3271 3273 5175 6277
3273 4 3272 3274 3881 2432
3274 2 3273 3275
3275 3 3274 3276 8455
3276 5 3275 3277 7822 6155 3858
3277 8 3276 3278 5377 1715 7955 4757 5134 5100
3278 5 3277 3279 4478 3577 6384
3279 4 3278 3280 853 4372
3280 2 3279 3281
3281 2 3280 3282
3282 4 3281 3283 8168 2351
3283 5 3282 3284 6293 781 9956
3284 5 3283 3285 8378 8061 6577
3285 3 3284 3286 1022
3286 3 3285 3287 4241
3287 4 3286 3288 6783 3106
3288 4 3287 3289 9511 7550
3289 8 3288 3290 338 530 8152 2756 382 5862
3290 5 3289 3291 2243 1102 6848
3291 4 3290 3292 3950 6332
3292 5 3291 3293 3603 6595 2929
3293 3 3292 3294 9571
3294 2 3293 3295
3295 4 3294 3296 1483 9402
3296 3 3295 3297 1635
3297 2 3296 3298
3298 3 3297 3299 1598
3299 3 3298 3300 7645
3300 7 3299 3301 9356 5088 1531 9497 7469
3301 3 3300 3302 6160
3302 5 3301 3303 9250 853 2646
3303 5 3302 3304 5708 8588 9491
3304 7 3303 3305 4381 6971 2708 5184 6458
3305 3 3304 3306 4367
3306 7 3305 3307 7338 7522 2231 2935 9328
3307 5 3306 3308 7007 7616 8003
3308 3 3307 3309 1122
3309 4 3308 3310 6174 2111
3310 3 3309 3311 5133
3311 7 3310 3312 2228 9581 6553 5945 8153
3312 4 3311 3313 42 3905
3313 4 3312 3314 7511 1899
3314 5 3313 3315 923 8046 1391
3315 4 3314 3316 1475 9418
3316 3 3315 3317 7223
3317 5 3316 3318 2745 4916 3655
3318 2 3317 3319
3319 2 3318 3320
3320 8 3319 3321 8742 3069 3356 246 7792 422
3321 5 3320 3322 3803 216 9693
3322 4 3321 3323 5800 78
3323 4 3322 3324 8025 5449
3324 4 3323 3325 9149 5428
3325 4 3324 3326 5224 3782
3326 4 3325 3327 5631 6312
3327 6 3326 3328 5998 6362 9099 2226
3328 5 3327 3329 5936 6424 4081
3329 3 3328 3330 4847
3330 6 3329 3331 5990 7568 7342 8329
3331 4 3330 3332 3483 9789
3332 2 3331 3333
3333 2 3332 3334
3334 7 3333 3335 4698 3471 3598 584 745
3335 4 3334 3336 2 8712
3336 3 3335 3337 8916
3337 5 3336 3338 9397 812 929
3338 5 3337 3339 4938 6653 7580
3339 4 3338 3340 5604 7937
3340 3 3339 3341 175
3341 5 3340 3342 4740 8709 5140
3342 6 3341 3343 8877 3574 9587 9053
3343 3 3342 3344 7395
3344 4 3343 3345 7556 3379
3345 6 3344 3346 8381 4456 5774 339
3346 5 3345 3347 5681 3426 5922
3347 3 3346 3348 7506
3348 2 3347 3349
3349 4 3348 3350 7757 6986
3350 3 3349 3351 6374
3351 3 3350 3352 3974
3352 2 3351 3353
3353 4 3352 3354 2655 6555
3354 2 3353 3355
3355 2 3354 3356
3356 6 3355 3357 5719 6712 3320 8368
3357 5 3356 3358 297 8538 1050
3358 5 3357 3359 5096 2017 515
3359 5 3358 3360 3974 1603 8458
3360 5 3359 3361 4457 6863 1370
3361 2 3360 3362
3362 3 3361 3363 3418
3363 4 3362 3364 8507 6997
3364 4 3363 3365 2461 8078
3365 3 3364 3366 1745
3366 5 3365 3367 1188 4466 6620
3367 6 3366 3368 2348 9813 7212 1525
3368 3 3367 3369 1417
3369 3 3368 3370 1344
3370 3 3369 3371 6376
3371 5 3370 3372 2183 868 5365
3372 5 3371 3373 5602 3634 3917
3373 3 3372 3374 9736
3374 6 3373 3375 1549 7830 5435 5285
3375 4 3374 3376 916 2446
3376 4 3375 3377 413 8841
3377 5 3376 3378 4481 9532 9099
3378 2 3377 3379
3379 3 3378 3380 3344
3380 2 3379 3381
3381 4 3380 3382 7871 6893
3382 3 3381 3383 7843
3383 4 3382 3384 7781 1032
3384 3 3383 3385 7346
3385 3 3384 3386 7105
3386 4 3385 3387 1472 2734
3387 4 3386 3388 3710 4157
3388 3 3387 3389 5344
3389 4 3388 3390 3924 2261
3390 4 3389 3391 6577 1140
3391 5 3390 3392 8689 2646 1107
3392 5 3391 3393 6721 2335 3125
3393 2 3392 3394
3394 2 3393 3395
3395 2 3394 3396
3396 4 3395 3397 7301 6908
3397 5 3396 3398 9333 5803 688
3398 4 3397 3399 8186 7617
3399 5 3398 3400 4571 9606 8903
3400 3 3399 3401 4608
3401 2 3400 3402
3402 3 3401 3403 6847
3403 5 3402 3404 6107 5267 2963
3404 3 3403 3405 1746
3405 5 3404 3406 7585 9468 8414
3406 2 3405 3407
3407 3 3406 3408 4290
3408 4 3407 3409 1897 3424
3409 3 3408 3410 8172
3410 5 3409 3411 4367 349 6232
3411 2 3410 3412
3412 3 3411 3413 1272
3413 5 3412 3414 8738 6191 5720
3414 4 3413 3415 1624 7583
3415 5 3414 3416 1494 7496 4404
3416 4 3415 3417 6388 9606
3417 3 3416 3418 4292
3418 5 3417 3419 6518 3362 5527
3419 3 3418 3420 7930
3420 4 3419 3421 6390 5057
3421 2 3420 3422
3422 2 3421 3423
3423 3 3422 3424 2505
3424 4 3423 3425 2207 3408
3425 4 3424 3426 1893 779
3426 5 3425 3427 43 4672 3346
3427 3 3426 3428 6470
3428 3 3427 3429 1006
3429 2 3428 3430
3430 3 3429 3431 5404
3431 4 3430 3432 7454 2261
3432 3 3431 3433 6583
3433 2 3432 3434
3434 5 3433 3435 5342 5649 6880
3435 2 3434 3436
3436 4 3435 3437 5238 914
3437 6 3436 3438 4621 1558 2885 2750
3438 3 3437 3439 4053
3439 6 3438 3440 4107 4845 1090 3056
3440 5 3439 3441 4853 4558 7630
3441 5 3440 3442 2952 8026 1374
3442 8 3441 3443 7922 403 4705 3986 6255 9597
3443 5 3442 3444 2845 830 2692
3444 4 3443 3445 729 6427
3445 6 3444 3446 8949 6410 3796 2243
3446 3 3445 3447 5315
3447 4 3446 3448 5700 1794
3448 5 3447 3449 9655 8182 9043
3449 5 3448 3450 7955 8354 6969
3450 5 3449 3451 4593 8112 4530
3451 6 3450 3452 7391 9923 8640 6943
3452 2 3451 3453
3453 5 3452 3454 3940 7218 8820
3454 4 3453 3455 1273 7178
3455 4 3454 3456 5787 8842
3456 4 3455 3457 9320 3170
3457 7 3456 3458 1329 8884 8712 733 310
3458 2 3457 3459
3459 4 3458 3460 1468 3677
3460 6 3459 3461 2419 1786 8723 6291
3461 2 3460 3462
3462 4 3461 3463 4547 731
3463 2 3462 3464
3464 3 3463 3465 6803
3465 4 3464 3466 9120 613
3466 7 3465 3467 6242 4661 14 8358 8781
3467 5 3466 3468 4090 2556 1398
3468 3 3467 3469 7897
3469 4 3468 3470 8252 4371
3470 4 3469 3471 3961 1569
3471 5 3470 3472 3334 7873 9123
3472 6 3471 3473 9340 4447 8132 9774
3473 6 3472 3474 5336 2546 3617 2018
3474 7 3473 3475 3195 4312 9437 7542 4360
3475 3 3474 3476 9529
3476 5 3475 3477 4303 8434 8644
3477 4 3476 3478 5595 1134
3478 3 3477 3479 1118
3479 3 3478 3480 9320
3480 3 3479 3481 2780
3481 4 3480 3482 9197 9049
3482 4 3481 3483 4447 7536
3483 7 3482 3484 3331 599 9949 4523 9595
3484 2 3483 3485
3485 2 3484 3486
3486 4 3485 3487 7546 485
3487 3 3486 3488 1417
3488 6 3487 3489 2009 6736 2601 1051
3489 5 3488 3490 6141 7306 1543
3490 6 3489 3491 2697 5665 6973 7670
3491 3 3490 3492 2077
3492 4 3491 3493 5190 41
3493 2 3492 3494
3494 4 3493 3495 5179 5364
3495 4 3494 3496 443 8343
3496 5 3495 3497 2684 2572 1411
3497 5 3496 3498 3708 3628 7314
3498 6 3497 3499 5390 8721 3157 2981
3499 2 3498 3500
3500 2 3499 3501
3501 4 3500 3502 489 348
3502 4 3501 3503 2467 5829
3503 3 3502 3504 5989
3504 3 3503 3505 7153
3505 5 3504 3506 9100 329 5902
3506 7 3505 3507 3626 7002 7080 4627 4356
3507 5 3506 3508 636 7040 6279
3508 4 3507 3509 115 504
3509 4 3508 3510 8310 2928
3510 3 3509 3511 9160
3511 5 3510 3512 9906 236 9781
3512 4 3511 3513 1081 51
3513 8 3512 3514 2960 4997 7847 4521 9604 1333
3514 2 3513 3515
3515 5 3514 3516 4382 5040 2391
3516 4 3515 3517 9157 5353
3517 4 3516 3518 9163 4755
3518 4 3517 3519 4851 8626
3519 3 3518 3520 5927
3520 4 3519 3521 1022 3053
3521 2 3520 3522
3522 4 3521 3523 9990 1364
3523 2 3522 3524
3524 3 3523 3525 9243
3525 4 3524 3526 6961 8303
3526 4 3525 3527 3055 8210
3527 3 3526 3528 5737
3528 4 3527 3529 1673 5462
3529 2 3528 3530
3530 3 3529 3531 786
3531 5 3530 3532 4643 769 5893
3532 3 3531 3533 2497
3533 5 3532 3534 3080 3732 3867
3534 4 3533 3535 1249 125
3535 8 3534 3536 2520 5592 4026 1509 6707 1835
3536 3 3535 3537 5354
3537 4 3536 3538 8602 932
3538 3 3537 3539 5269
3539 3 3538 3540 956
3540 4 3539 3541 9021 5668
3541 2 3540 3542
3542 5 3541 3543 6388 4067 4487
3543 6 3542 3544 8000 153 9064 6720
3544 2 3543 3545
3545 7 3544 3546 1246 3842 9111 5112 9541
3546 3 3545 3547 2249
3547 3 3546 3548 8352
3548 2 3547 3549
3549 4 3548 3550 2738 9736
3550 3 3549 3551 4420
3551 4 3550 3552 5413 7811
3552 5 3551 3553 2612 4999 3148
3553 2 3552 3554
3554 5 3553 3555 2630 7161 9779
3555 4 3554 3556 5798 3966
3556 2 3555 3557
3557 3 3556 3558 9358
3558 5 3557 3559 751 8436 3263
3559 2 3558 3560
3560 4 3559 3561 6585 5773
3561 4 3560 3562 5347 7951
3562 2 3561 3563
3563 3 3562 3564 1136
3564 4 3563 3565 676 5103
3565 4 3564 3566 7936 2672
3566 3 3565 3567 4375
3567 3 3566 3568 2989
3568 3 3567 3569 6042
3569 3 3568 3570 2289
3570 4 3569 3571 5274 753
3571 4 3570 3572 6396 8940
3572 3 3571 3573 338
3573 6 3572 3574 9823 9321 2117 5291
3574 4 3573 3575 3342 5369
3575 6 3574 3576 3132 6544 2552 8611
3576 4 3575 3577 1075 5871
3577 3 3576 3578 3278
3578 2 3577 3579
3579 3 3578 3580 1762
3580 3 3579 3581 1454
3581 2 3580 3582
3582 3 3581 3583 5902
3583 3 3582 3584 2689
3584 5 3583 3585 4436 2540 5401
3585 2 3584 3586
3586 5 3585 3587 670 9032 8407
3587 2 3586 3588
3588 2 3587 3589
3589 3 3588 3590 134
3590 4 3589 3591 5046 6729
3591 3 3590 3592 1559
3592 3 3591 3593 6771
3593 3 3592 3594 8359
3594 3 3593 3595 2184
3595 3 3594 3596 2254
3596 4 3595 3597 9935 3782
3597 6 3596 3598 8099 8013 7365 2064
3598 4 3597 3599 3334 22
3599 4 3598 3600 4229 2804
3600 4 3599 3601 7253 1302
3601 3 3600 3602 3260
3602 4 3601 3603 3725 220
3603 3 3602 3604 3292
3604 3 3603 3605 8751
3605 3 3604 3606 2802
3606 3 3605 3607 1199
3607 4 3606 3608 8682 1199
3608 2 3607 3609
3609 3 3608 3610 4143
3610 4 3609 3611 1167 5712
3611 4 3610 3612 908 4319
3612 2 3611 3613
3613 5 3612 3614 415 9946 6443
3614 3 3613 3615 8417
3615 3 3614 3616 2382
3616 5 3615 3617 3191 2773 5656
3617 6 3616 3618 2633 5493 4308 3473
3618 3 3617 3619 3704
3619 3 3618 3620 1575
3620 7 3619 3621 6165 4834 5018 485 4971
3621 3 3620 3622 2943
3622 2 3621 3623
3623 3 3622 3624 6734
3624 5 3623 3625 8745 5494 6796
3625 5 3624 3626 9402 4719 4205
3626 6 3625 3627 5071 9864 3506 9335
3627 5 3626 3628 6227 9065 9302
3628 4 3627 3629 1539 3497
3629 5 3628 3630 7361 8174 7206
3630 7 3629 3631 8042 909 7981 2012 3856
3631 3 3630 3632 9321
3632 4 3631 3633 3131 105
3633 3 3632 3634 6014
3634 3 3633 3635 3372
3635 6 3634 3636 1836 5548 8604 5870
3636 4 3635 3637 4563 9269
3637 5 3636 3638 8532 909 6376
3638 2 3637 3639
3639 6 3638 3640 5085 8936 9607 6305
3640 5 3639 3641 1584 5425 2288
3641 4 3640 3642 6165 3763
3642 3 3641 3643 5454
3643 4 3642 3644 6014 391
3644 6 3643 3645 6636 9712 9295 4029
3645 2 3644 3646
3646 3 3645 3647 6372
3647 3 3646 3648 1578
3648 4 3647 3649 654 73
3649 6 3648 3650 6935 4170 6004 6236
3650 3 3649 3651 5477
3651 2 3650 3652
3652 3 3651 3653 1826
3653 3 3652 3654 3097
3654 8 3653 3655 8519 6634 6003 6513 4467 9581
3655 5 3654 3656 2265 391 3317
3656 4 3655 3657 4068 5731
3657 3 3656 3658 2863
3658 7 3657 3659 2761 7308 4242 2338 8985
3659 3 3658 3660 5016
3660 4 3659 3661 656 4567
3661 4 3660 3662 7882 1563
3662 3 3661 3663 6395
3663 7 3662 3664 9471 7203 6919 972 7936
3664 2 3663 3665
3665 2 3664 3666
3666 2 3665 3667
3667 2 3666 3668
3668 5 3667 3669 8903 8329 2034
3669 3 3668 3670 7513
3670 5 3669 3671 1353 421 6944
3671 3 3670 3672 8461
3672 7 3671 3673 8257 780 2549 4232 6042
3673 4 3672 3674 4472 5910
3674 3 3673 3675 6921
3675 5 3674 3676 5151 5611 6918
3676 4 3675 3677 8235 7254
3677 5 3676 3678 4763 724 3459
3678 5 3677 3679 5382 704 8371
3679 2 3678 3680
3680 3 3679 3681 8360
3681 3 3680 3682 8854
3682 5 3681 3683 8732 103 5706
3683 5 3682 3684 6125 9461 8993
3684 2 3683 3685
3685 2 3684 3686
3686 4 3685 3687 7968 5195
3687 4 3686 3688 4199 6149
3688 4 3687 3689 9007 6528
3689 2 3688 3690
3690 3 3689 3691 1543
3691 7 3690 3692 1885 5051 8435 2806 7063
3692 6 3691 3693 1277 1783 3124 3788
3693 5 3692 3694 6306 4984 216
3694 4 3693 3695 8182 492
3695 3 3694 3696 4747
3696 3 3695 3697 2481
3697 4 3696 3698 9342 5613
3698 6 3697 3699 7331 6113 8798 8407
3699 3 3698 3700 2962
3700 3 3699 3701 8463
3701 5 3700 3702 6136 5660 5041
3702 5 3701 3703 2940 6963 19
3703 5 3702 3704 4292 5621 452
3704 7 3703 3705 5128 9821 2399 6280 3618
3705 4 3704 3706 1657 4737
3706 3 3705 3707 4951
3707 2 3706 3708
3708 7 3707 3709 517 7869 3497 1017 3863
3709 6 3708 3710 8509 1311 4110 1149
3710 5 3709 3711 3387 6486 9713
3711 3 3710 3712 1214
3712 2 3711 3713
3713 3 3712 3714 5905
3714 4 3713 3715 4754 8971
3715 4 3714 3716 7852 2963
3716 3 3715 3717 2525
3717 5 3716 3718 3736 7036 2830
3718 3 3717 3719 5590
3719 7 3718 3720 8780 2030 7893 3143 788
3720 5 3719 3721 7549 6894 7605
3721 6 3720 3722 2258 6320 5985 1098
3722 7 3721 3723 5248 4855 7101 6697 495
3723 3 3722 3724 6570
3724 4 3723 3725 4837 136
3725 5 3724 3726 5878 3602 4404
3726 3 3725 3727 9149
3727 5 3726 3728 4460 8589 8515
3728 3 3727 3729 3738
3729 3 3728 3730 1080
3730 3 3729 3731 6328
3731 4 3730 3732 8863 965
3732 5 3731 3733 4348 3533 6129
3733 6 3732 3734 5394 8326 8143 5723
3734 8 3733 3735 2824 6585 6399 4850 9754 7151
3735 4 3734 3736 5952 7993
3736 5 3735 3737 4815 3717 4162
3737 4 3736 3738 6814 6012
3738 5 3737 3739 3728 1490 3851
3739 3 3738 3740 4550
3740 3 3739 3741 9700
3741 4 3740 3742 2147 7384
3742 2 3741 3743
3743 3 3742 3744 5386
3744 5 3743 3745 9904 4300 4917
3745 4 3744 3746 708 988
3746 5 3745 3747 2187 2237 8427
3747 4 3746 3748 1947 887
3748 2 3747 3749
3749 2 3748 3750
3750 3 3749 3751 7738
3751 3 3750 3752 4599
3752 6 3751 3753 1024 7412 5051 5992
3753 2 3752 3754
3754 5 3753 3755 592 5481 2812
3755 2 3754 3756
3756 4 3755 3757 2553 2296
3757 3 3756 3758 8831
3758 6 3757 3759 554 6428 9351 3892
3759 4 3758 3760 6369 4082
3760 2 3759 3761
3761 3 3760 3762 9211
3762 3 3761 3763 9224
3763 6 3762 3764 8137 3641 6533 7732
3764 2 3763 3765
3765 5 3764 3766 3793 5090 6625
3766 4 3765 3767 4686 1899
3767 3 3766 3768 4654
3768 6 3767 3769 8700 8773 5978 4606
3769 6 3768 3770 873 5719 2389 2089
3770 5 3769 3771 2432 3894 3911
3771 5 3770 3772 9454 7845 4032
3772 6 3771 3773 4971 4737 8743 5604
3773 3 3772 3774 4208
3774 3 3773 3775 1435
3775 3 3774 3776 9694
3776 6 3775 3777 527 6244 59 5594
3777 7 3776 3778 7265 6054 9709 8627 4806
3778 3 3777 3779 9956
3779 4 3778 3780 1606 9617
3780 2 3779 3781
3781 4 3780 3782 2449 4765
3782 5 3781 3783 3325 3596 4072
3783 7 3782 3784 9495 9323 4048 6374 9322
3784 3 3783 3785 4873
3785 5 3784 3786 5642 202 747
3786 2 3785 3787
3787 6 3786 3788 9598 314 1549 5493
3788 4 3787 3789 9182 3692
3789 5 3788 3790 8199 3007 8176
3790 3 3789 3791 6793
3791 3 3790 3792 7686
3792 4 3791 3793 273 2988
3793 5 3792 3794 3765 493 4226
3794 4 3793 3795 8581 2623
3795 2 3794 3796
3796 8 3795 3797 364 6948 6128 3445 5807 2410
3797 4 3796 3798 931 7250
3798 5 3797 3799 9557 2966 5390
3799 5 3798 3800 7065 4734 6083
3800 5 3799 3801 2860 1468 6531
3801 5 3800 3802 4614 7570 4942
3802 4 3801 3803 2153 4442
3803 3 3802 3804 3321
3804 2 3803 3805
3805 7 3804 3806 7866 2549 413 4017 4882
3806 4 3805 3807 9481 9894
3807 9 3806 3808 5387 8788 5041 2794 2097 7944 5694
3808 5 3807 3809 7490 3916 6115
3809 4 3808 3810 1660 9267
3810 3 3809 3811 5170
3811 4 3810 3812 5498 5448
3812 5 3811 3813 341 1013 5915
3813 5 3812 3814 8730 6876 6116
3814 2 3813 3815
3815 2 3814 3816
3816 3 3815 3817 8840
3817 3 3816 3818 8255
3818 4 3817 3819 5300 1711
3819 2 3818 3820
3820 5 3819 3821 1363 474 2434
3821 7 3820 3822 1041 8444 9252 8156 9115
3822 4 3821 3823 7561 5077
3823 2 3822 3824
3824 3 3823 3825 8886
3825 4 3824 3826 3937 4356
3826 6 3825 3827 9161 5654 3181 2970
3827 4 3826 3828 6115 624
3828 4 3827 3829 8332 1837
3829 2 3828 3830
3830 6 3829 3831 6228 6032 679 2499
3831 5 3830 3832 2814 172 3850
3832 3 3831 3833 9195
3833 4 3832 3834 7507 2461
3834 4 3833 3835 1714 313
3835 2 3834 3836
3836 3 3835 3837 8182
3837 4 3836 3838 7806 6251
3838 3 3837 3839 2293
3839 5 3838 3840 427 3987 4646
3840 3 3839 3841 9898
3841 4 3840 3842 5930 243
3842 5 3841 3843 6221 3545 1885
3843 4 3842 3844 5705 2909
3844 6 3843 3845 4348 7557 1819 7745
3845 4 3844 3846 5434 6847
3846 6 3845 3847 4421 412 6603 2487
3847 4 3846 3848 1283 7842
3848 3 3847 3849 9070
3849 6 3848 3850 7431 8760 3104 4019
3850 6 3849 3851 5632 2357 3831 6502
3851 5 3850 3852 721 1475 3738
3852 2 3851 3853
3853 4 3852 3854 4722 8910
3854 2 3853 3855
3855 4 3854 3856 8256 2523
3856 3 3855 3857 3630
3857 6 3856 3858 2426 2483 1470 7048
3858 6 3857 3859 66 7435 3276 2971
3859 3 3858 3860 579
3860 7 3859 3861 9507 9612 9641 4806 5587
3861 8 3860 3862 8771 5654 6044 3982 1309 8380
3862 2 3861 3863
3863 7 3862 3864 3708 6317 1000 9704 6530
3864 4 3863 3865 2241 8633
3865 3 3864 3866 4918
3866 2 3865 3867
3867 3 3866 3868 3533
3868 6 3867 3869 1528 8937 6197 5026
3869 4 3868 3870 7677 6935
3870 3 3869 3871 384
3871 3 3870 3872 6576
3872 3 3871 3873 1358
3873 6 3872 3874 601 31 519 2041
3874 3 3873 3875 9002
3875 4 3874 3876 8948 699
3876 4 3875 3877 8412 4329
3877 5 3876 3878 6595 7101 9632
3878 3 3877 3879 1267
3879 3 3878 3880 4286
3880 2 3879 3881
3881 3 3880 3882 3273
3882 5 3881 3883 8912 5336 2671
3883 2 3882 3884
3884 4 3883 3885 6947 8162
3885 9 3884 3886 9336 4869 6866 2116 8114 2446 6776
3886 5 3885 3887 905 6272 5297
3887 6 3886 3888 5571 1889 8125 9731
3888 6 3887 3889 5783 908 3176 4624
3889 2 3888 3890
3890 2 3889 3891
3891 3 3890 3892 742
3892 5 3891 3893 2981 3758 5029
3893 2 3892 3894
3894 5 3893 3895 7499 7194 3770
3895 4 3894 3896 461 1138
3896 4 3895 3897 7982 7815
3897 3 3896 3898 2719
3898 4 3897 3899 2856 7276
3899 4 3898 3900 8968 2187
3900 3 3899 3901 831
3901 7 3900 3902 8123 1834 1234 9272 5721
3902 6 3901 3903 5254 5709 2240 7190
3903 3 3902 3904 4505
3904 5 3903 3905 9855 1187 2153
3905 3 3904 3906 3312
3906 2 3905 3907
3907 6 3906 3908 8281 3199 7564 9652
3908 3 3907 3909 650
3909 3 3908 3910 6279
3910 4 3909 3911 5788 4123
3911 5 3910 3912 953 3057 3770
3912 3 3911 3913 8861
3913 2 3912 3914
3914 3 3913 3915 5093
3915 4 3914 3916 887 2642
3916 8 3915 3917 5672 5448 5166 5446 3808 5578
3917 4 3916 3918 1591 3372
3918 5 3917 3919 7744 2527 2720
3919 5 3918 3920 9202 7030 590
3920 4 3919 3921 5468 604
3921 5 3920 3922 1217 757 8750
3922 2 3921 3923
3923 4 3922 3924 8731 4698
3924 3 3923 3925 3389
3925 4 3924 3926 1183 9140
3926 3 3925 3927 7251
3927 4 3926 3928 4759 8141
3928 2 3927 3929
3929 6 3928 3930 6642 8860 2827 1742
3930 5 3929 3931 8449 895 5799
3931 4 3930 3932 7292 7645
3932 4 3931 3933 8494 1329
3933 2 3932 3934
3934 5 3933 3935 4833 417 2525
3935 4 3934 3936 6880 6078
3936 4 3935 3937 8363 39
3937 7 3936 3938 4436 3825 7672 4896 1633
3938 6 3937 3939 6441 2892 4255 8278
3939 4 3938 3940 5888 6764
3940 6 3939 3941 3453 670 6491 6340
3941 5 3940 3942 8642 4610 6733
3942 2 3941 3943
3943 4 3942 3944 7831 6701
3944 4 3943 3945 8098 8519
3945 6 3944 3946 4092 6694 7989 4150
3946 3 3945 3947 1542
3947 3 3946 3948 3019
3948 2 3947 3949
3949 3 3948 3950 4542
3950 6 3949 3951 6691 9975 3291 6636
3951 4 3950 3952 2122 1239
3952 3 3951 3953 429
3953 7 3952 3954 4307 268 9362 7738 4758
3954 2 3953 3955
3955 2 3954 3956
3956 5 3955 3957 5104 6822 1576
3957 2 3956 3958
3958 5 3957 3959 3006 1009 1618
3959 4 3958 3960 6141 2695
3960 4 3959 3961 9303 1344
3961 6 3960 3962 3470 7109 5289 9048
3962 5 3961 3963 9001 616 8279
3963 6 3962 3964 1313 1023 5004 8365
3964 4 3963 3965 9545 1635
3965 6 3964 3966 8454 8494 6471 8360
3966 4 3965 3967 3555 3048
3967 6 3966 3968 1259 3021 7329 8365
3968 4 3967 3969 6365 6387
3969 3 3968 3970 99
3970 3 3969 3971 1388
3971 5 3970 3972 5367 2459 1232
3972 3 3971 3973 8449
3973 2 3972 3974
3974 7 3973 3975 3359 7000 2614 2870 3351
3975 8 3974 3976 5485 467 4600 4141 4208 9545
3976 3 3975 3977 5902
3977 3 3976 3978 6000
3978 3 3977 3979 2229
3979 2 3978 3980
3980 3 3979 3981 7082
3981 8 3980 3982 1710 1702 2743 1338 7020 6085
3982 3 3981 3983 3861
3983 6 3982 3984 4104 2465 1161 7001
3984 4 3983 3985 8339 9498
3985 3 3984 3986 4380
3986 3 3985 3987 3442
3987 5 3986 3988 9242 9354 3839
3988 5 3987 3989 8426 4498 8103
3989 2 3988 3990
3990 2 3989 3991
3991 4 3990 3992 5222 6575
3992 5 3991 3993 1790 2729 9162
3993 5 3992 3994 7031 7542 9798
3994 3 3993 3995 2438
3995 3 3994 3996 8491
3996 4 3995 3997 3235 7813
3997 3 3996 3998 937
3998 3 3997 3999 2030
3999 3 3998 4000 9640
4000 6 3999 4001 4092 9647 4071 1261
4001 2 4000 4002
4002 3 4001 4003 2386
4003 5 4002 4004 5670 5897 8829
4004 2 4003 4005
4005 5 4004 4006 9434 7918 1442
4006 5 4005 4007 7742 9047 2287
4007 3 4006 4008 7545
4008 3 4007 4009 6689
4009 5 4008 4010 8360 718 4605
4010 3 4009 4011 8372
4011 2 4010 4012
4012 3 4011 4013 1723
4013 4 4012 4014 3100 4149
4014 2 4013 4015
4015 3 4014 4016 2515
4016 3 4015 4017 6261
4017 7 4016 4018 6 4879 4499 5531 3805
4018 4 4017 4019 7816 1057
4019 3 4018 4020 3849
4020 5 4019 4021 2313 5965 795
4021 6 4020 4022 6172 1039 6318 9861
4022 2 4021 4023
4023 4 4022 4024 7014 9968
4024 2 4023 4025
4025 5 4024 4026 9916 5562 8719
4026 6 4025 4027 3225 3535 123 1925
4027 5 4026 4028 6327 9210 7509
4028 4 4027 4029 7857 1840
4029 5 4028 4030 5633 3102 3644
4030 6 4029 4031 4138 8064 473 5316
4031 2 4030 4032
4032 5 4031 4033 2218 3771 9484
4033 3 4032 4034 9752
4034 4 4033 4035 9519 1317
4035 3 4034 4036 7233
4036 3 4035 4037 1697
4037 2 4036 4038
4038 5 4037 4039 7705 9036 8143
4039 5 4038 4040 6942 2263 4583
4040 3 4039 4041 5917
4041 7 4040 4042 1188 595 9019 5802 9384
4042 3 4041 4043 7531
4043 3 4042 4044 9471
4044 4 4043 4045 2365 1600
4045 3 4044 4046 456
4046 3 4045 4047 8740
4047 2 4046 4048
4048 5 4047 4049 6413 3783 314
4049 4 4048 4050 5825 7302
4050 4 4049 4051 2158 9182
4051 5 4050 4052 6796 7562 7021
4052 2 4051 4053
4053 5 4052 4054 3438 2190 9151
4054 5 4053 4055 2771 4149 4181
4055 2 4054 4056
4056 2 4055 4057
4057 4 4056 4058 1602 9060
4058 4 4057 4059 2401 81
4059 3 4058 4060 99
4060 3 4059 4061 1489
4061 4 4060 4062 4945 8891
4062 3 4061 4063 707
4063 2 4062 4064
4064 5 4063 4065 8452 8022 6838
4065 4 4064 4066 5988 5565
4066 4 4065 4067 4143 7042
4067 4 4066 4068 2529 3542
4068 5 4067 4069 3656 7127 2750
4069 4 4068 4070 8864 6925
4070 4 4069 4071 449 2179
4071 7 4070 4072 1840 9493 4000 8105 2946
4072 4 4071 4073 9089 3782
4073 4 4072 4074 5240 2140
4074 3 4073 4075 2705
4075 4 4074 4076 654 6137
4076 4 4075 4077 8458 4200
4077 5 4076 4078 8721 7356 2949
4078 4 4077 4079 1444 9152
4079 4 4078 4080 675 2145
4080 2 4079 4081
4081 5 4080 4082 6476 3328 5448
4082 5 4081 4083 3759 2913 5203
4083 4 4082 4084 1484 5351
4084 3 4083 4085 318
4085 4 4084 4086 9876 5390
4086 3 4085 4087 7451
4087 2 4086 4088
4088 5 4087 4089 6976 719 5179
4089 2 4088 4090
4090 6 4089 4091 8480 3467 8198 1138
4091 5 4090 4092 716 9719 7795
4092 4 4091 4093 4000 3945
4093 3 4092 4094 2205
4094 4 4093 4095 5412 8239
4095 3 4094 4096 1033
4096 7 4095 4097 4428 9829 861 4288 7056
4097 3 4096 4098 7559
4098 6 4097 4099 5253 5660 534 1622
4099 5 4098 4100 512 9877 2236
4100 5 4099 4101 134 227 1104
4101 5 4100 4102 6014 7947 4338
4102 3 4101 4103 6857
4103 3 4102 4104 8990
4104 4 4103 4105 3983 2111
4105 4 4104 4106 8879 4884
4106 3 4105 4107 6515
4107 4 4106 4108 1666 3439
4108 5 4107 4109 5103 6820 9505
4109 6 4108 4110 7215 4206 2595 948
4110 5 4109 4111 3709 7861 6144
4111 4 4110 4112 6836 5645
4112 2 4111 4113
4113 3 4112 4114 737
4114 3 4113 4115 3228
4115 4 4114 4116 6251 2441
4116 3 4115 4117 6203
4117 3 4116 4118 5165
4118 3 4117 4119 7320
4119 5 4118 4120 9922 6586 4458
4120 4 4119 4121 9364 6681
4121 3 4120 4122 5176
4122 5 4121 4123 8660 4676 7016
4123 3 4122 4124 3910
4124 4 4123 4125 8612 6481
4125 6 4124 4126 7465 5567 9118 4209
4126 5 4125 4127 2529 9654 4379
4127 2 4126 4128
4128 6 4127 4129 9233 34 6824 981
4129 3 4128 4130 4797
4130 3 4129 4131 902
4131 2 4130 4132
4132 6 4131 4133 3241 2691 7112 7738
4133 5 4132 4134 7427 8645 2086
4134 4 4133 4135 1645 2246
4135 3 4134 4136 4710
4136 3 4135 4137 2925
4137 3 4136 4138 6675
4138 5 4137 4139 4030 2564 9822
4139 3 4138 4140 9046
4140 4 4139 4141 1929 2972
4141 5 4140 4142 7083 9615 3975
4142 5 4141 4143 8277 1517 620
4143 6 4142 4144 4066 3609 8306 8859
4144 3 4143 4145 9793
4145 2 4144 4146
4146 2 4145 4147
4147 4 4146 4148 5010 9094
4148 2 4147 4149
4149 5 4148 4150 4013 5895 4054
4150 5 4149 4151 2074 8662 3945
4151 3 4150 4152 3193
4152 4 4151 4153 7574 1723
4153 4 4152 4154 6508 7471
4154 4 4153 4155 6201 1662
4155 4 4154 4156 6737 5224
4156 3 4155 4157 8228
4157 5 4156 4158 2896 3387 4320
4158 3 4157 4159 5762
4159 2 4158 4160
4160 4 4159 4161 6258 6054
4161 4 4160 4162 7096 798
4162 4 4161 4163 5492 3736
4163 6 4162 4164 9629 1874 706 6015
4164 3 4163 4165 4293
4165 2 4164 4166
4166 6 4165 4167 9155 3018 6806 7801
4167 3 4166 4168 8219
4168 5 4167 4169 7175 7462 6205
4169 3 4168 4170 515
4170 3 4169 4171 3649
4171 3 4170 4172 6558
4172 7 4171 4173 3123 8325 8377 2014 9213
4173 3 4172 4174 6584
4174 6 4173 4175 593 1433 4509 4604
4175 3 4174 4176 2634
4176 3 4175 4177 1770
4177 5 4176 4178 4876 2257 6227
4178 3 4177 4179 2300
4179 3 4178 4180 2710
4180 5 4179 4181 2592 8625 2210
4181 5 4180 4182 4855 3247 4054
4182 3 4181 4183 9357
4183 9 4182 4184 8979 8377 8272 5494 6389 6897 8632
4184 5 4183 4185 9739 1531 2599
4185 5 4184 4186 1906 6547 8809
4186 4 4185 4187 1107 8809
4187 3 4186 4188 1331
4188 3 4187 4189 4699
4189 2 4188 4190
4190 3 4189 4191 7636
4191 5 4190 4192 9162 8798 9091
4192 3 4191 4193 1118
4193 5 4192 4194 6836 7991 870
4194 4 4193 4195 6230 9948
4195 3 4194 4196 8648
4196 5 4195 4197 2285 1826 5930
4197 4 4196 4198 9165 2540
4198 4 4197 4199 6710 461
4199 6 4198 4200 6200 2644 3687 6647
4200 3 4199 4201 4076
4201 6 4200 4202 4735 9925 6534 7407
4202 2 4201 4203
4203 6 4202 4204 3090 8339 6137 6151
4204 4 4203 4205 5750 6492
4205 5 4204 4206 3625 6179 9028
4206 7 4205 4207 7429 7811 2297 7571 4109
4207 3 4206 4208 1874
4208 6 4207 4209 3773 1776 9319 3975
4209 3 4208 4210 4125
4210 2 4209 4211
4211 5 4210 4212 1601 8066 2684
4212 2 4211 4213
4213 3 4212 4214 7227
4214 3 4213 4215 1823
4215 7 4214 4216 147 8344 7680 5816 1669
4216 4 4215 4217 8922 1533
4217 3 4216 4218 8291
4218 3 4217 4219 3020
4219 4 4218 4220 1290 9060
4220 2 4219 4221
4221 3 4220 4222 5721
4222 4 4221 4223 4726 3180
4223 3 4222 4224 4455
4224 3 4223 4225 3004
4225 4 4224 4226 9226 1572
4226 6 4225 4227 9272 2224 6861 3793
4227 2 4226 4228
4228 4 4227 4229 9807 4752
4229 6 4228 4230 3599 9068 5740 5348
4230 5 4229 4231 6803 8254 7660
4231 3 4230 4232 1722
4232 3 4231 4233 3672
4233 3 4232 4234 9072
4234 4 4233 4235 8584 3212
4235 2 4234 4236
4236 6 4235 4237 5725 1776 7000 4984
4237 3 4236 4238 6831
4238 5 4237 4239 9637 534 6018
4239 5 4238 4240 5835 4869 5909
4240 6 4239 4241 7968 8408 9307 6507
4241 3 4240 4242 3286
4242 7 4241 4243 2372 6367 3658 4610 6111
4243 3 4242 4244 8606
4244 3 4243 4245 6543
4245 3 4244 4246 8893
4246 5 4245 4247 6264 5324 1485
4247 3 4246 4248 883
4248 4 4247 4249 8206 4515
4249 2 4248 4250
4250 2 4249 4251
4251 3 4250 4252 7066
4252 3 4251 4253 7607
4253 3 4252 4254 6314
4254 2 4253 4255
4255 5 4254 4256 8789 133 3938
4256 2 4255 4257
4257 2 4256 4258
4258 4 4257 4259 670 4871
4259 4 4258 4260 5122 8137
4260 6 4259 4261 912 7661 2403 5231
4261 2 4260 4262
4262 4 4261 4263 7023 7265
4263 4 4262 4264 6919 8741
4264 4 4263 4265 8501 1214
4265 3 4264 4266 1133
4266 4 4265 4267 5625 6034
4267 5 4266 4268 6345 3053 5683
4268 3 4267 4269 8669
4269 5 4268 4270 9247 628 6268
4270 3 4269 4271 2946
4271 3 4270 4272 171
4272 2 4271 4273
4273 4 4272 4274 343 5939
4274 2 4273 4275
4275 3 4274 4276 8164
4276 4 4275 4277 6507 2293
4277 6 4276 4278 9561 9046 8532 7356
4278 6 4277 4279 4563 6968 131 4641
4279 2 4278 4280
4280 2 4279 4281
4281 2 4280 4282
4282 6 4281 4283 8443 5070 1713 1959
4283 5 4282 4284 6963 7207 1061
4284 5 4283 4285 8019 723 9630
4285 3 4284 4286 1309
4286 3 4285 4287 3879
4287 4 4286 4288 7427 9274
4288 5 4287 4289 6594 4096 7845
4289 4 4288 4290 118 6656
4290 3 4289 4291 3407
4291 6 4290 4292 755 7621 8752 5555
4292 5 4291 4293 3417 3703 1774
4293 5 4292 4294 4164 5570 7286
4294 3 4293 4295 9052
4295 3 4294 4296 9401
4296 5 4295 4297 1396 9774 8957
4297 3 4296 4298 6781
4298 3 4297 4299 9184
4299 4 4298 4300 9500 1544
4300 3 4299 4301 3744
4301 2 4300 4302
4302 3 4301 4303 4834
4303 4 4302 4304 3476 3175
4304 2 4303 4305
4305 7 4304 4306 2970 9317 4709 2331 8838
4306 5 4305 4307 8669 2956 5117
4307 8 4306 4308 3953 2563 6505 917 333 8095
4308 3 4307 4309 3617
4309 3 4308 4310 7654
4310 4 4309 4311 7372 8372
4311 3 4310 4312 3160
4312 7 4311 4313 8755 237 3474 7028 2886
4313 4 4312 4314 4718 2665
4314 3 4313 4315 519
4315 3 4314 4316 9510
4316 6 4315 4317 1172 5972 7070 958
4317 6 4316 4318 9006 7850 1564 8646
4318 4 4317 4319 5626 7618
4319 6 4318 4320 8036 7986 3611 6245
4320 5 4319 4321 1380 4157 5258
4321 3 4320 4322 7782
4322 4 4321 4323 5210 7054
4323 7 4322 4324 8904 2541 8618 6200 9608
4324 4 4323 4325 9378 322
4325 3 4324 4326 6396
4326 4 4325 4327 9397 1117
4327 4 4326 4328 6330 6247
4328 4 4327 4329 8221 7468
4329 5 4328 4330 1949 8820 3876
4330 3 4329 4331 4732
4331 3 4330 4332 279
4332 2 4331 4333
4333 7 4332 4334 4394 5879 1650 1872 6172
4334 6 4333 4335 5679 5893 8431 5314
4335 6 4334 4336 5232 7434 596 4816
4336 2 4335 4337
4337 2 4336 4338
4338 5 4337 4339 1814 9587 4101
4339 6 4338 4340 7765 148 35 7932
4340 4 4339 4341 4799 4699
4341 2 4340 4342
4342 3 4341 4343 403
4343 4 4342 4344 1985 5654
4344 3 4343 4345 7150
4345 3 4344 4346 7457
4346 4 4345 4347 8842 7225
4347 2 4346 4348
4348 5 4347 4349 3732 3844 8962
4349 5 4348 4350 6241 8907 6856
4350 4 4349 4351 4611 5891
4351 4 4350 4352 2579 5493
4352 4 4351 4353 7581 1242
4353 4 4352 4354 2784 9830
4354 4 4353 4355 2377 2990
4355 5 4354 4356 5251 5534 7452
4356 5 4355 4357 3825 9500 3506
4357 3 4356 4358 9953
4358 2 4357 4359
4359 2 4358 4360
4360 4 4359 4361 7645 3474
4361 8 4360 4362 9500 7092 5629 5114 2350 6649
4362 5 4361 4363 5822 5486 2120
4363 4 4362 4364 6692 1713
4364 4 4363 4365 8634 981
4365 4 4364 4366 5105 9071
4366 2 4365 4367
4367 7 4366 4368 3410 3305 6137 8820 1052
4368 4 4367 4369 6816 6624
4369 3 4368 4370 1646
4370 5 4369 4371 6770 6499 3213
4371 4 4370 4372 2287 3469
4372 5 4371 4373 3187 3279 5185
4373 3 4372 4374 5736
4374 4 4373 4375 2674 5835
4375 7 4374 4376 4647 5379 2807 3566 7274
4376 7 4375 4377 3053 8297 1764 6657 1429
4377 3 4376 4378 6490
4378 2 4377 4379
4379 6 4378 4380 2536 8205 4126 5959
4380 3 4379 4381 3985
4381 8 4380 4382 6995 3304 1990 9225 5445 2545
4382 7 4381 4383 5661 5277 3515 2481 8411
4383 3 4382 4384 8399
4384 3 4383 4385 5507
4385 4 4384 4386 5368 4782
4386 5 4385 4387 2136 9515 3045
4387 5 4386 4388 3207 488 9484
4388 4 4387 4389 810 6652
4389 8 4388 4390 9984 6715 5105 6521 1602 5965
4390 4 4389 4391 6408 297
4391 3 4390 4392 5887
4392 3 4391 4393 6682
4393 6 4392 4394 1447 1964 7362 7576
4394 5 4393 4395 4333 8601 1957
4395 3 4394 4396 3242
4396 2 4395 4397
4397 4 4396 4398 7063 5745
4398 4 4397 4399 1738 561
4399 4 4398 4400 4887 845
4400 2 4399 4401
4401 4 4400 4402 9228 7517
4402 4 4401 4403 1537 7306
4403 2 4402 4404
4404 6 4403 4405 7202 3725 9997 3415
4405 2 4404 4406
4406 3 4405 4407 2059
4407 3 4406 4408 1333
4408 2 4407 4409
4409 2 4408 4410
4410 3 4409 4411 5967
4411 8 4410 4412 8884 5023 5170 2326 6030 9252
4412 2 4411 4413
4413 2 4412 4414
4414 5 4413 4415 9207 2527 603
4415 6 4414 4416 5002 1018 240 6838
4416 4 4415 4417 3207 7732
4417 4 4416 4418 5115 7897
4418 4 4417 4419 7072 6357
4419 2 4418 4420
4420 5 4419 4421 7840 2704 3550
4421 4 4420 4422 3846 8691
4422 3 4421 4423 5302
4423 3 4422 4424 2353
4424 3 4423 4425 129
4425 6 4424 4426 6592 5938 3120 2406
4426 2 4425 4427
4427 3 4426 4428 1715
4428 5 4427 4429 4096 4973 4762
4429 3 4428 4430 9571
4430 4 4429 4431 8521 5636
4431 5 4430 4432 2811 7442 1464
4432 4 4431 4433 7049 2548
4433 3 4432 4434 1875
4434 8 4433 4435 6403 9217 8945 1346 3155 6788
4435 4 4434 4436 2936 6147
4436 5 4435 4437 3584 3937 9106
4437 3 4436 4438 9787
4438 2 4437 4439
4439 4 4438 4440 282 9831
4440 4 4439 4441 8566 9112
4441 3 4440 4442 1607
4442 4 4441 4443 7963 3802
4443 6 4442 4444 2162 9726 1104 5773
4444 3 4443 4445 7094
4445 3 4444 4446 4494
4446 4 4445 4447 2073 4690
4447 5 4446 4448 3472 3482 4807
4448 4 4447 4449 5698 99
4449 2 4448 4450
4450 2 4449 4451
4451 3 4450 4452 9676
4452 4 4451 4453 6596 9985
4453 3 4452 4454 565
4454 5 4453 4455 4825 324 8241
4455 5 4454 4456 29 5589 4223
4456 4 4455 4457 3345 2516
4457 7 4456 4458 5396 3360 9369 2910 2197
4458 4 4457 4459 4119 7156
4459 4 4458 4460 3052 8
4460 3 4459 4461 3727
4461 5 4460 4462 8349 5393 6182
4462 2 4461 4463
4463 2 4462 4464
4464 6 4463 4465 207 11 5841 7543
4465 3 4464 4466 2659
4466 5 4465 4467 4657 3366 1861
4467 4 4466 4468 905 3654
4468 4 4467 4469 1696 4516
4469 3 4468 4470 4909
4470 4 4469 4471 2671 3162
4471 2 4470 4472
4472 4 4471 4473 3673 5345
4473 4 4472 4474 1483 3151
4474 4 4473 4475 2361 8905
4475 3 4474 4476 8291
4476 3 4475 4477 8620
4477 4 4476 4478 7389 7353
4478 5 4477 4479 2615 3278 8725
4479 3 4478 4480 722
4480 4 4479 4481 1305 6289
4481 8 4480 4482 137 6663 9780 3377 21 9237
4482 6 4481 4483 2215 1868 8210 5325
4483 7 4482 4484 7736 6731 2666 6219 8142
4484 6 4483 4485 3231 2157 2040 661
4485 4 4484 4486 2836 8573
4486 2 4485 4487
4487 5 4486 4488 2269 1145 3542
4488 5 4487 4489 4564 6577 835
4489 2 4488 4490
4490 4 4489 4491 7165 8121
4491 4 4490 4492 9391 6501
4492 2 4491 4493
4493 2 4492 4494
4494 5 4493 4495 8351 4445 5891
4495 2 4494 4496
4496 3 4495 4497 2366
4497 3 4496 4498 6765
4498 5 4497 4499 3988 7735 8789
4499 4 4498 4500 8777 4017
4500 4 4499 4501 5853 2517
4501 2 4500 4502
4502 5 4501 4503 1998 8012 6860
4503 7 4502 4504 5764 6838 6678 2119 1036
4504 3 4503 4505 9814
4505 6 4504 4506 9833 5331 3903 5900
4506 4 4505 4507 6680 5062
4507 5 4506 4508 4710 553 667
4508 5 4507 4509 372 8980 4625
4509 9 4508 4510 1571 4696 2400 5178 5924 4174 4779
4510 3 4509 4511 5593
4511 3 4510 4512 5182
4512 2 4511 4513
4513 3 4512 4514 9888
4514 4 4513 4515 992 8590
4515 6 4514 4516 4248 8160 7146 2308
4516 4 4515 4517 4468 599
4517 3 4516 4518 787
4518 2 4517 4519
4519 3 4518 4520 1917
4520 2 4519 4521
4521 4 4520 4522 8272 3513
4522 3 4521 4523 176
4523 5 4522 4524 7662 6167 3483
4524 4 4523 4525 8242 8080
4525 3 4524 4526 2724
4526 3 4525 4527 9090
4527 5 4526 4528 2529 6841 9216
4528 4 4527 4529 2931 958
4529 6 4528 4530 301 8143 7480 8876
4530 4 4529 4531 3450 5021
4531 3 4530 4532 2971
4532 6 4531 4533 8991 517 1295 5200
4533 3 4532 4534 8124
4534 6 4533 4535 8578 2446 6265 7886
4535 3 4534 4536 6863
4536 4 4535 4537 1897 9300
4537 4 4536 4538 8023 5232
4538 6 4537 4539 8899 8570 1438 1249
4539 3 4538 4540 7492
4540 5 4539 4541 2359 6674 6960
4541 4 4540 4542 9183 2180
4542 3 4541 4543 3949
4543 5 4542 4544 5327 6055 2406
4544 5 4543 4545 3164 8380 9921
4545 4 4544 4546 9563 9891
4546 7 4545 4547 9693 9542 9160 5101 9771
4547 5 4546 4548 2109 3462 1039
4548 3 4547 4549 6172
4549 2 4548 4550
4550 6 4549 4551 466 7230 7691 3739
4551 5 4550 4552 6815 199 7120
4552 3 4551 4553 5137
4553 4 4552 4554 4908 1592
4554 6 4553 4555 2172 8438 7618 7225
4555 4 4554 4556 6453 5294
4556 4 4555 4557 8185 7127
4557 3 4556 4558 1282
4558 8 4557 4559 8891 9791 3440 3258 8192 7038
4559 3 4558 4560 459
4560 3 4559 4561 9179
4561 5 4560 4562 4827 5690 1635
4562 5 4561 4563 2584 1696 8384
4563 5 4562 4564 4278 3636 6122
4564 4 4563 4565 4488 103
4565 5 4564 4566 1832 104 5777
4566 6 4565 4567 647 9926 4805 5641
4567 5 4566 4568 5470 1548 3660
4568 3 4567 4569 2320
4569 4 4568 4570 1059 9316
4570 3 4569 4571 1419
4571 5 4570 4572 3399 8209 454
4572 2 4571 4573
4573 3 4572 4574 9349
4574 3 4573 4575 6165
4575 2 4574 4576
4576 3 4575 4577 7830
4577 2 4576 4578
4578 3 4577 4579 1938
4579 3 4578 4580 744
4580 5 4579 4581 5353 52 1965
4581 4 4580 4582 666 1445
4582 3 4581 4583 764
4583 4 4582 4584 2859 4039
4584 4 4583 4585 6690 2023
4585 2 4584 4586
4586 5 4585 4587 6855 9521 2067
4587 2 4586 4588
4588 2 4587 4589
4589 3 4588 4590 9240
4590 3 4589 4591 7585
4591 6 4590 4592 5856 8173 2576 8834
4592 4 4591 4593 155 9052
4593 3 4592 4594 3450
4594 3 4593 4595 2499
4595 3 4594 4596 8779
4596 5 4595 4597 8374 7703 3061
4597 4 4596 4598 4660 388
4598 3 4597 4599 4650
4599 5 4598 4600 3751 5444 5012
4600 5 4599 4601 8119 8097 3975
4601 4 4600 4602 4651 2838
4602 2 4601 4603
4603 4 4602 4604 9927 6776
4604 6 4603 4605 5122 9529 13 4174
4605 5 4604 4606 1297 4009 9674
4606 4 4605 4607 9861 3768
4607 5 4606 4608 5802 7802 2369
4608 4 4607 4609 1344 3400
4609 4 4608 4610 8816 477
4610 7 4609 4611 2656 3941 9507 4242 7762
4611 4 4610 4612 4350 4744
4612 5 4611 4613 5941 7762 5589
4613 6 4612 4614 7997 6740 7441 736
4614 3 4613 4615 3801
4615 4 4614 4616 8061 8798
4616 3 4615 4617 2432
4617 5 4616 4618 2508 516 388
4618 3 4617 4619 9508
4619 4 4618 4620 9233 2051
4620 6 4619 4621 9628 2166 9809 203
4621 4 4620 4622 3437 3219
4622 3 4621 4623 9124
4623 3 4622 4624 2321
4624 4 4623 4625 1094 3888
4625 7 4624 4626 8758 2189 4508 2648 7511
4626 4 4625 4627 7507 1154
4627 4 4626 4628 8356 3506
4628 5 4627 4629 5571 564 1921
4629 4 4628 4630 9814 2599
4630 4 4629 4631 6216 4912
4631 3 4630 4632 8840
4632 3 4631 4633 3007
4633 5 4632 4634 7346 9621 6748
4634 3 4633 4635 379
4635 3 4634 4636 6100
4636 4 4635 4637 2899 9060
4637 4 4636 4638 6572 6482
4638 3 4637 4639 2327
4639 2 4638 4640
4640 7 4639 4641 617 5636 2484 6982 1610
4641 5 4640 4642 604 943 4278
4642 4 4641 4643 264 9812
4643 4 4642 4644 6283 3531
4644 4 4643 4645 2805 7650
4645 3 4644 4646 8546
4646 3 4645 4647 3839
4647 6 4646 4648 4375 1231 6314 9456
4648 4 4647 4649 1279 4971
4649 4 4648 4650 4978 9792
4650 4 4649 4651 2339 4598
4651 6 4650 4652 4601 3184 2228 2323
4652 4 4651 4653 5150 1771
4653 6 4652 4654 2193 5589 2687 2245
4654 5 4653 4655 1034 5802 3767
4655 4 4654 4656 9371 5418
4656 5 4655 4657 1605 26 6205
4657 3 4656 4658 4466
4658 4 4657 4659 7514 9386
4659 5 4658 4660 2578 1257 6047
4660 5 4659 4661 2877 4597 1154
4661 6 4660 4662 3466 1793 9622 9306
4662 2 4661 4663
4663 3 4662 4664 9720
4664 3 4663 4665 4799
4665 2 4664 4666
4666 3 4665 4667 7532
4667 2 4666 4668
4668 2 4667 4669
4669 4 4668 4670 9652 9247
4670 4 4669 4671 7734 5056
4671 3 4670 4672 2607
4672 7 4671 4673 5695 2805 8716 3426 1197
4673 3 4672 4674 3127
4674 2 4673 4675
4675 2 4674 4676
4676 4 4675 4677 2610 4122
4677 6 4676 4678 8986 9719 1377 7922
4678 4 4677 4679 4795 5963
4679 4 4678 4680 5214 5774
4680 4 4679 4681 9621 6195
4681 4 4680 4682 1833 609
4682 5 4681 4683 7580 5204 6452
4683 4 4682 4684 5264 9519
4684 4 4683 4685 6773 286
4685 4 4684 4686 7947 6813
4686 4 4685 4687 3766 8104
4687 4 4686 4688 9582 9378
4688 4 4687 4689 4822 1435
4689 3 4688 4690 4755
4690 5 4689 4691 1569 9170 4446
4691 2 4690 4692
4692 7 4691 4693 8567 5231 4938 2519 941
4693 4 4692 4694 8779 7189
4694 4 4693 4695 9815 2078
4695 4 4694 4696 6208 9864
4696 4 4695 4697 4509 9307
4697 3 4696 4698 2835
4698 7 4697 4699 3334 258 7705 3923 6103
4699 9 4698 4700 4340 302 3107 4188 1928 7508 1002
4700 3 4699 4701 6329
4701 3 4700 4702 1705
4702 2 4701 4703
4703 2 4702 4704
4704 4 4703 4705 1676 4944
4705 4 4704 4706 3442 2
4706 3 4705 4707 6223
4707 5 4706 4708 4915 9763 2375
4708 4 4707 4709 585 5685
4709 4 4708 4710 4305 1101
4710 7 4709 4711 2992 9100 4507 4135 8552
4711 3 4710 4712 2125
4712 4 4711 4713 5917 2404
4713 3 4712 4714 8225
4714 6 4713 4715 8100 7391 3080 5595
4715 3 4714 4716 1904
4716 2 4715 4717
4717 2 4716 4718
4718 5 4717 4719 7511 1991 4313
4719 4 4718 4720 2308 3625
4720 6 4719 4721 1703 2608 8714 9946
4721 3 4720 4722 2856
4722 5 4721 4723 3853 1200 5453
4723 5 4722 4724 5968 2444 827
4724 4 4723 4725 8129 3107
4725 3 4724 4726 9626
4726 4 4725 4727 4222 792
4727 4 4726 4728 9445 8088
4728 2 4727 4729
4729 2 4728 4730
4730 4 4729 4731 5785 8120
4731 3 4730 4732 3124
4732 5 4731 4733 4330 4948 5185
4733 4 4732 4734 2371 8860
4734 5 4733 4735 7565 3799 1819
4735 3 4734 4736 4201
4736 2 4735 4737
4737 5 4736 4738 96 3772 3705
4738 3 4737 4739 578
4739 5 4738 4740 497 5446 2077
4740 4 4739 4741 3341 5633
4741 4 4740 4742 3175 8179
4742 5 4741 4743 7215 1919 5787
4743 4 4742 4744 226 7432
4744 5 4743 4745 8110 2050 4611
4745 3 4744 4746 2642
4746 3 4745 4747 921
4747 4 4746 4748 5818 3695
4748 5 4747 4749 1260 6771 5575
4749 5 4748 4750 1839 7446 9868
4750 4 4749 4751 7252 7236
4751 3 4750 4752 8013
4752 5 4751 4753 6954 4228 2314
4753 4 4752 4754 5598 5734
4754 4 4753 4755 3714 5574
4755 7 4754 4756 1016 3517 4689 6273 520
4756 4 4755 4757 7185 692
4757 6 4756 4758 6608 7715 3277 1322
4758 4 4757 4759 8964 3953
4759 4 4758 4760 3927 8268
4760 5 4759 4761 9903 2340 2507
4761 6 4760 4762 7491 768 4786 5271
4762 5 4761 4763 7551 4428 2699
4763 3 4762 4764 3677
4764 2 4763 4765
4765 4 4764 4766 3781 9105
4766 2 4765 4767
4767 4 4766 4768 7606 7086
4768 3 4767 4769 2074
4769 4 4768 4770 96 5627
4770 4 4769 4771 448 5551
4771 4 4770 4772 6374 8567
4772 6 4771 4773 2046 5023 8918 8113
4773 4 4772 4774 177 4954
4774 4 4773 4775 4856 3024
4775 2 4774 4776
4776 4 4775 4777 7266 4811
4777 4 4776 4778 8124 8696
4778 3 4777 4779 595
4779 5 4778 4780 6461 4509 3197
4780 4 4779 4781 2783 280
4781 6 4780 4782 8827 8049 5393 7203
4782 6 4781 4783 8782 4385 6849 9454
4783 6 4782 4784 1368 8323 6715 3176
4784 3 4783 4785 1466
4785 7 4784 4786 9801 4871 7285 3190 2305
4786 4 4785 4787 4761 9342
4787 4 4786 4788 9241 8427
4788 5 4787 4789 159 4830 8097
4789 3 4788 4790 706
4790 3 4789 4791 8838
4791 2 4790 4792
4792 3 4791 4793 9092
4793 3 4792 4794 9589
4794 5 4793 4795 6958 1237 806
4795 5 4794 4796 4678 5378 6632
4796 6 4795 4797 2637 9683 8031 2391
4797 3 4796 4798 4129
4798 4 4797 4799 5309 5631
4799 5 4798 4800 4664 4340 8780
4800 3 4799 4801 8119
4801 4 4800 4802 9583 2505
4802 2 4801 4803
4803 4 4802 4804 7347 7750
4804 3 4803 4805 741
4805 5 4804 4806 8737 6669 4566
4806 5 4805 4807 5057 3777 3860
4807 6 4806 4808 2644 8900 5493 4447
4808 5 4807 4809 855 1257 624
4809 3 4808 4810 9196
4810 4 4809 4811 1032 7140
4811 4 4810 4812 8482 4776
4812 2 4811 4813
4813 4 4812 4814 9207 8998
4814 4 4813 4815 2210 1673
4815 4 4814 4816 3736 1446
4816 6 4815 4817 9010 8853 4335 2773
4817 4 4816 4818 7732 5175
4818 3 4817 4819 8336
4819 4 4818 4820 9414 5405
4820 4 4819 4821 9174 1231
4821 3 4820 4822 8909
4822 7 4821 4823 5862 4688 6448 3134 5059
4823 2 4822 4824
4824 3 4823 4825 7495
4825 6 4824 4826 4454 9001 4905 2103
4826 3 4825 4827 8661
4827 4 4826 4828 4561 5509
4828 3 4827 4829 5657
4829 6 4828 4830 8781 8397 3144 6884
4830 3 4829 4831 4788
4831 6 4830 4832 607 1546 3011 1877
4832 3 4831 4833 2791
4833 6 4832 4834 5496 6277 3934 784
4834 4 4833 4835 3620 4302
4835 4 4834 4836 9038 918
4836 5 4835 4837 2657 5300 6606
4837 7 4836 4838 3724 2347 431 8170 270
4838 4 4837 4839 1042 8608
4839 3 4838 4840 8001
4840 2 4839 4841
4841 4 4840 4842 5433 1157
4842 4 4841 4843 2292 8262
4843 3 4842 4844 7691
4844 3 4843 4845 7722
4845 4 4844 4846 3439 77
4846 4 4845 4847 5780 877
4847 4 4846 4848 8471 3329
4848 5 4847 4849 2862 5157 2124
4849 5 4848 4850 8569 929 6065
4850 6 4849 4851 3734 8152 9833 9745
4851 3 4850 4852 3518
4852 4 4851 4853 2649 1352
4853 6 4852 4854 5329 3440 6714 388
4854 2 4853 4855
4855 8 4854 4856 4181 3722 1955 325 9539 2052
4856 5 4855 4857 5543 7258 4774
4857 4 4856 4858 6524 6235
4858 2 4857 4859
4859 5 4858 4860 5344 7954 9798
4860 5 4859 4861 9276 9499 6681
4861 3 4860 4862 443
4862 4 4861 4863 7464 7235
4863 3 4862 4864 6604
4864 4 4863 4865 6443 5607
4865 2 4864 4866
4866 5 4865 4867 5937 2906 2683
4867 3 4866 4868 2205
4868 3 4867 4869 8135
4869 4 4868 4870 3885 4239
4870 4 4869 4871 8271 2708
4871 8 4870 4872 1168 4785 5681 9066 521 4258
4872 4 4871 4873 2246 9636
4873 3 4872 4874 3784
4874 3 4873 4875 7905
4875 5 4874 4876 8542 6368 122
4876 4 4875 4877 4177 7601
4877 2 4876 4878
4878 3 4877 4879 8529
4879 3 4878 4880 4017
4880 4 4879 4881 5584 7671
4881 3 4880 4882 6017
4882 6 4881 4883 7986 5915 9629 3805
4883 4 4882 4884 777 9884
4884 6 4883 4885 4105 2807 348 89
4885 3 4884 4886 6105
4886 3 4885 4887 8736
4887 4 4886 4888 4399 219
4888 4 4887 4889 42 740
4889 4 4888 4890 9374 2850
4890 2 4889 4891
4891 3 4890 4892 1304
4892 2 4891 4893
4893 6 4892 4894 6425 128 2635 7922
4894 2 4893 4895
4895 5 4894 4896 7304 7291 2083
4896 6 4895 4897 2245 5396 9910 3937
4897 3 4896 4898 1289
4898 3 4897 4899 7073
4899 3 4898 4900 5830
4900 2 4899 4901
4901 3 4900 4902 44
4902 3 4901 4903 5576
4903 2 4902 4904
4904 4 4903 4905 9531 6314
4905 6 4904 4906 7545 4825 1983 6173
4906 4 4905 4907 2312 1510
4907 4 4906 4908 2503 9001
4908 5 4907 4909 4553 7796 2800
4909 4 4908 4910 6343 4469
4910 5 4909 4911 9875 7959 1127
4911 3 4910 4912 5742
4912 6 4911 4913 6752 1280 1032 4630
4913 5 4912 4914 1577 2757 1901
4914 4 4913 4915 7319 1215
4915 8 4914 4916 7987 21 4707 7735 9459 6991
4916 4 4915 4917 1726 3317
4917 7 4916 4918 8657 9683 8524 7248 3744
4918 5 4917 4919 3865 7504 9080
4919 4 4918 4920 481 7415
4920 4 4919 4921 1907 5071
4921 4 4920 4922 2338 6702
4922 3 4921 4923 2045
4923 8 4922 4924 3144 7369 3217 6010 5918 59
4924 4 4923 4925 3241 3245
4925 3 4924 4926 1485
4926 2 4925 4927
4927 2 4926 4928
4928 3 4927 4929 8658
4929 6 4928 4930 7239 9054 291 634
4930 3 4929 4931 2326
4931 3 4930 4932 234
4932 5 4931 4933 242 2653 5920
4933 5 4932 4934 9908 1683 9118
4934 4 4933 4935 2341 1426
4935 2 4934 4936
4936 3 4935 4937 8787
4937 2 4936 4938
4938 7 4937 4939 3338 7845 5085 4692 2864
4939 4 4938 4940 1445 6912
4940 4 4939 4941 5686 7605
4941 4 4940 4942 6454 8674
4942 5 4941 4943 7144 887 3801
4943 3 4942 4944 192
4944 3 4943 4945 4704
4945 8 4944 4946 922 8886 2904 4061 6548 2799
4946 3 4945 4947 5273
4947 5 4946 4948 5748 9806 2067
4948 4 4947 4949 1549 4732
4949 4 4948 4950 5677 1929
4950 3 4949 4951 478
4951 4 4950 4952 3706 68
4952 5 4951 4953 6893 9307 1919
4953 4 4952 4954 2669 9989
4954 5 4953 4955 2323 151 4773
4955 5 4954 4956 5522 6578 2872
4956 4 4955 4957 8553 2248
4957 5 4956 4958 5931 3198 9999
4958 4 4957 4959 7009 2575
4959 3 4958 4960 2315
4960 4 4959 4961 2826 77
4961 8 4960 4962 574 5792 9334 7324 71 1349
4962 3 4961 4963 8559
4963 4 4962 4964 7862 6357
4964 2 4963 4965
4965 4 4964 4966 8672 6061
4966 3 4965 4967 5765
4967 3 4966 4968 2972
4968 4 4967 4969 9320 1481
4969 3 4968 4970 7887
4970 3 4969 4971 9407
4971 5 4970 4972 3772 4648 3620
4972 3 4971 4973 936
4973 4 4972 4974 4428 2135
4974 4 4973 4975 7775 6440
4975 3 4974 4976 1725
4976 4 4975 4977 5032 1962
4977 6 4976 4978 6227 8327 7899 5365
4978 5 4977 4979 4649 5619 6380
4979 2 4978 4980
4980 4 4979 4981 7045 1856
4981 6 4980 4982 6127 443 7032 8531
4982 2 4981 4983
4983 3 4982 4984 6704
4984 8 4983 4985 5291 8477 3693 4236 639 6590
4985 5 4984 4986 643 7106 5502
4986 3 4985 4987 5322
4987 3 4986 4988 7905
4988 5 4987 4989 7391 6024 5206
4989 4 4988 4990 3047 7090
4990 4 4989 4991 5225 1581
4991 4 4990 4992 300 6818
4992 3 4991 4993 6309
4993 4 4992 4994 528 446
4994 4 4993 4995 6808 6184
4995 6 4994 4996 6581 5309 6506 9819
4996 4 4995 4997 1952 1599
4997 6 4996 4998 6808 3513 6196 6396
4998 2 4997 4999
4999 5 4998 5000 444 8705 3552
5000 2 4999 5001
5001 6 5000 5002 5837 1998 9464 2481
5002 4 5001 5003 4415 8122
5003 3 5002 5004 6609
5004 4 5003 5005 6925 3963
5005 4 5004 5006 882 8166
5006 2 5005 5007
5007 4 5006 5008 1448 5602
5008 5 5007 5009 6363 1449 1814
5009 4 5008 5010 884 7767
5010 3 5009 5011 4147
5011 3 5010 5012 8635
5012 3 5011 5013 4599
5013 4 5012 5014 7077 8532
5014 4 5013 5015 5884 7047
5015 4 5014 5016 7525 1307
5016 4 5015 5017 3659 9068
5017 3 5016 5018 6639
5018 6 5017 5019 6574 9707 3620 1727
5019 2 5018 5020
5020 3 5019 5021 2473
5021 4 5020 5022 2248 4530
5022 3 5021 5023 523
5023 4 5022 5024 4411 4772
5024 7 5023 5025 8191 9815 7847 1815 8235
5025 2 5024 5026
5026 4 5025 5027 3868 2154
5027 4 5026 5028 9398 6390
5028 2 5027 5029
5029 5 5028 5030 6170 8442 3892
5030 5 5029 5031 2989 2790 5677
5031 6 5030 5032 723 6858 7488 2227
5032 4 5031 5033 4976 2767
5033 4 5032 5034 8167 5966
5034 3 5033 5035 2148
5035 3 5034 5036 5508
5036 3 5035 5037 1499
5037 5 5036 5038 9597 1031 997
5038 6 5037 5039 2025 8901 9266 5312
5039 4 5038 5040 9333 3052
5040 4 5039 5041 3515 5876
5041 7 5040 5042 3807 7855 1642 8478 3701
5042 5 5041 5043 216 5229 9222
5043 3 5042 5044 9371
5044 2 5043 5045
5045 4 5044 5046 1125 621
5046 5 5045 5047 3590 2257 1665
5047 4 5046 5048 8889 7822
5048 4 5047 5049 5542 5480
5049 3 5048 5050 1044
5050 2 5049 5051
5051 5 5050 5052 7394 3691 3752
5052 4 5051 5053 9595 5568
5053 5 5052 5054 9181 1952 5213
5054 3 5053 5055 5545
5055 3 5054 5056 7964
5056 5 5055 5057 496 4670 9568
5057 5 5056 5058 8304 4806 3420
5058 3 5057 5059 5396
5059 6 5058 5060 978 499 4822 9417
5060 4 5059 5061 5115 3008
5061 2 5060 5062
5062 5 5061 5063 7769 3138 4506
5063 5 5062 5064 6864 8133 1041
5064 5 5063 5065 1102 6609 8509
5065 4 5064 5066 219 572
5066 3 5065 5067 3237
5067 2 5066 5068
5068 4 5067 5069 1298 1594
5069 7 5068 5070 9564 7101 966 7325 9487
5070 3 5069 5071 4282
5071 4 5070 5072 3626 4920
5072 2 5071 5073
5073 5 5072 5074 2757 8702 6408
5074 3 5073 5075 8540
5075 3 5074 5076 5848
5076 6 5075 5077 9937 7098 5576 1788
5077 6 5076 5078 1699 1155 3822 9413
5078 3 5077 5079 2422
5079 4 5078 5080 447 2896
5080 5 5079 5081 299 9510 9388
5081 5 5080 5082 8042 145 6979
5082 5 5081 5083 8965 5633 7864
5083 6 5082 5084 9348 7178 2854 8291
5084 2 5083 5085
5085 5 5084 5086 8088 3639 4938
5086 3 5085 5087 5765
5087 3 5086 5088 5351
5088 4 5087 5089 6799 3300
5089 3 5088 5090 5660
5090 3 5089 5091 3765
5091 2 5090 5092
5092 2 5091 5093
5093 7 5092 5094 1132 7630 3914 3140 9583
5094 3 5093 5095 1088
5095 4 5094 5096 9344 6713
5096 7 5095 5097 3358 5215 1140 6482 9368
5097 3 5096 5098 6624
5098 4 5097 5099 9326 8115
5099 2 5098 5100
5100 3 5099 5101 3277
5101 7 5100 5102 8317 8232 9428 4546 8091
5102 3 5101 5103 677
5103 6 5102 5104 7966 3564 4108 5272
5104 5 5103 5105 5299 3956 1960
5105 4 5104 5106 4365 4389
5106 3 5105 5107 6932
5107 4 5106 5108 2114 3247
5108 3 5107 5109 7148
5109 4 5108 5110 6049 2509
5110 3 5109 5111 8408
5111 2 5110 5112
5112 4 5111 5113 3545 9144
5113 3 5112 5114 5229
5114 5 5113 5115 8969 6195 4361
5115 4 5114 5116 4417 5060
5116 2 5115 5117
5117 3 5116 5118 4306
5118 4 5117 5119 704 6458
5119 3 5118 5120 5781
5120 4 5119 5121 8496 9095
5121 5 5120 5122 2593 8508 225
5122 4 5121 5123 4604 4259
5123 4 5122 5124 9610 8255
5124 5 5123 5125 4 2176 5558
5125 3 5124 5126 9900
5126 2 5125 5127
5127 2 5126 5128
5128 6 5127 5129 3704 6473 2070 7986
5129 4 5128 5130 7723 2747
5130 4 5129 5131 7423 1914
5131 2 5130 5132
5132 6 5131 5133 54 2762 5432 944
5133 3 5132 5134 3310
5134 5 5133 5135 5763 3277 2930
5135 2 5134 5136
5136 3 5135 5137 24
5137 4 5136 5138 7217 4552
5138 2 5137 5139
5139 3 5138 5140 7959
5140 3 5139 5141 3341
5141 4 5140 5142 6689 8615
5142 2 5141 5143
5143 4 5142 5144 9226 1758
5144 4 5143 5145 7924 8889
5145 3 5144 5146 615
5146 4 5145 5147 2405 6484
5147 2 5146 5148
5148 3 5147 5149 9352
5149 2 5148 5150
5150 3 5149 5151 4652
5151 5 5150 5152 3675 1992 368
5152 4 5151 5153 9455 9653
5153 4 5152 5154 9815 2978
5154 4 5153 5155 3054 8375
5155 4 5154 5156 5503 559
5156 4 5155 5157 2335 9840
5157 4 5156 5158 2687 4848
5158 6 5157 5159 6432 7757 2681 9967
5159 5 5158 5160 3199 8684 3141
5160 3 5159 5161 9837
5161 2 5160 5162
5162 4 5161 5163 5587 9303
5163 3 5162 5164 6848
5164 3 5163 5165 8264
5165 6 5164 5166 7752 2285 4117 7545
5166 5 5165 5167 8375 3916 964
5167 4 5166 5168 7456 8419
5168 3 5167 5169 6395
5169 5 5168 5170 6160 518 1765
5170 10 5169 5171 2529 9032 1998 968 3062 4411 6852 3810
5171 3 5170 5172 5874
5172 5 5171 5173 9879 3010 1965
5173 3 5172 5174 628
5174 7 5173 5175 1290 8517 1594 7761 7707
5175 7 5174 5176 8281 1316 7671 4817 3272
5176 3 5175 5177 4121
5177 2 5176 5178
5178 4 5177 5179 489 4509
5179 4 5178 5180 3494 4088
5180 4 5179 5181 1080 1876
5181 2 5180 5182
5182 4 5181 5183 421 4511
5183 3 5182 5184 6558
5184 5 5183 5185 2374 3304 6810
5185 7 5184 5186 8890 494 444 4732 4372
5186 5 5185 5187 2862 2020 8552
5187 6 5186 5188 3146 9048 1150 6533
5188 3 5187 5189 630
5189 4 5188 5190 760 7216
5190 4 5189 5191 3492 8726
5191 2 5190 5192
5192 7 5191 5193 2359 1889 1353 7840 1903
5193 3 5192 5194 5297
5194 8 5193 5195 9626 8218 9785 459 143 5367
5195 3 5194 5196 3686
5196 2 5195 5197
5197 4 5196 5198 766 6627
5198 4 5197 5199 1081 8197
5199 4 5198 5200 1090 2776
5200 6 5199 5201 8387 6494 2820 4532
5201 3 5200 5202 796
5202 3 5201 5203 7989
5203 4 5202 5204 8481 4082
5204 5 5203 5205 7708 4682 7085
5205 5 5204 5206 6247 1019 9872
5206 4 5205 5207 9788 4988
5207 4 5206 5208 7319 9010
5208 2 5207 5209
5209 4 5208 5210 7549 5400
5210 5 5209 5211 4322 6428 1750
5211 3 5210 5212 3213
5212 3 5211 5213 9031
5213 4 5212 5214 5053 2236
5214 5 5213 5215 298 7847 4679
5215 4 5214 5216 5096 3043
5216 5 5215 5217 8273 5576 7212
5217 5 5216 5218 2244 843 2075
5218 5 5217 5219 1442 3076 2870
5219 2 5218 5220
5220 4 5219 5221 9496 7512
5221 4 5220 5222 8856 2102
5222 5 5221 5223 7041 1486 3991
5223 4 5222 5224 9064 8691
5224 6 5223 5225 9732 3325 3083 4155
5225 5 5224 5226 7919 4990 6259
5226 2 5225 5227
5227 4 5226 5228 9586 7442
5228 2 5227 5229
5229 5 5228 5230 7040 5042 5113
5230 6 5229 5231 6728 7968 5501 9144
5231 6 5230 5232 4260 4692 9542 2769
5232 7 5231 5233 4335 6720 4537 82 157
5233 3 5232 5234 5926
5234 5 5233 5235 5304 7979 8653
5235 6 5234 5236 8954 1046 8957 8030
5236 3 5235 5237 2105
5237 8 5236 5238 2042 8388 6145 3185 9758 9700
5238 5 5237 5239 7613 3436 1439
5239 2 5238 5240
5240 3 5239 5241 4073
5241 2 5240 5242
5242 4 5241 5243 2252 986
5243 3 5242 5244 6877
5244 5 5243 5245 2673 2839 6887
5245 5 5244 5246 5584 5701 474
5246 4 5245 5247 145 2048
5247 2 5246 5248
5248 4 5247 5249 3722 2633
5249 2 5248 5250
5250 5 5249 5251 3174 2032 649
5251 5 5250 5252 4355 7671 9151
5252 5 5251 5253 9298 7606 6758
5253 3 5252 5254 4098
5254 5 5253 5255 3902 5671 6751
5255 4 5254 5256 6895 7339
5256 3 5255 5257 5789
5257 4 5256 5258 7872 8993
5258 4 5257 5259 453 4320
5259 5 5258 5260 6916 2560 8573
5260 3 5259 5261 6521
5261 3 5260 5262 1639
5262 5 5261 5263 9972 9812 249
5263 6 5262 5264 9706 8901 2491 9061
5264 5 5263 5265 9964 4683 9781
5265 2 5264 5266
5266 6 5265 5267 217 7457 1283 7411
5267 5 5266 5268 985 2442 3403
5268 2 5267 5269
5269 7 5268 5270 2157 578 6718 9083 3538
5270 2 5269 5271
5271 5 5270 5272 8235 4761 2517
5272 4 5271 5273 5103 2428
5273 4 5272 5274 4946 7745
5274 7 5273 5275 3570 3046 1199 1423 313
5275 3 5274 5276 5533
5276 5 5275 5277 2077 7360 2126
5277 3 5276 5278 4382
5278 7 5277 5279 5474 1043 6426 384 9738
5279 4 5278 5280 9013 5335
5280 2 5279 5281
5281 5 5280 5282 6527 8328 7149
5282 3 5281 5283 2093
5283 3 5282 5284 7331
5284 2 5283 5285
5285 5 5284 5286 1378 3374 1062
5286 2 5285 5287
5287 2 5286 5288
5288 4 5287 5289 5471 6448
5289 5 5288 5290 3961 8160 8775
5290 3 5289 5291 5779
5291 5 5290 5292 4984 1843 3573
5292 5 5291 5293 5563 6205 5989
5293 4 5292 5294 2130 7954
5294 4 5293 5295 4555 8077
5295 3 5294 5296 8855
5296 2 5295 5297
5297 9 5296 5298 8981 617 7785 8831 7230 3886 5193
5298 3 5297 5299 3003
5299 3 5298 5300 5104
5300 4 5299 5301 4836 3818
5301 2 5300 5302
5302 5 5301 5303 4422 9016 8107
5303 3 5302 5304 1843
5304 6 5303 5305 7495 5234 8845 8090
5305 2 5304 5306
5306 3 5305 5307 3182
5307 4 5306 5308 2651 935
5308 2 5307 5309
5309 6 5308 5310 2508 4995 4798 72
5310 6 5309 5311 2956 7004 6502 894
5311 4 5310 5312 2497 8390
5312 5 5311 5313 8791 8274 5038
5313 3 5312 5314 3003
5314 5 5313 5315 9242 9271 4334
5315 5 5314 5316 9452 2847 3446
5316 6 5315 5317 3020 8687 4030 8310
5317 2 5316 5318
5318 3 5317 5319 7418
5319 5 5318 5320 6808 1024 2284
5320 4 5319 5321 6386 9497
5321 3 5320 5322 2310
5322 5 5321 5323 2822 8301 4986
5323 4 5322 5324 67 983
5324 4 5323 5325 4246 9005
5325 3 5324 5326 4482
5326 4 5325 5327 6363 7219
5327 4 5326 5328 4543 8699
5328 3 5327 5329 7245
5329 4 5328 5330 4853 9154
5330 3 5329 5331 9506
5331 3 5330 5332 4505
5332 5 5331 5333 8212 1403 5656
5333 2 5332 5334
5334 6 5333 5335 8286 786 1993 7517
5335 6 5334 5336 6175 5963 7862 5279
5336 4 5335 5337 3473 3882
5337 3 5336 5338 2514
5338 6 5337 5339 2064 737 2297 238
5339 7 5338 5340 413 5966 7016 5719 1254
5340 2 5339 5341
5341 4 5340 5342 261 9021
5342 4 5341 5343 3434 2392
5343 2 5342 5344
5344 5 5343 5345 417 4859 3388
5345 4 5344 5346 6935 4472
5346 4 5345 5347 5964 1116
5347 6 5346 5348 9615 3561 5816 1666
5348 4 5347 5349 4229 2117
5349 3 5348 5350 6907
5350 5 5349 5351 8812 6067 1
5351 6 5350 5352 9024 7601 4083 5087
5352 2 5351 5353
5353 4 5352 5354 4580 3516
5354 6 5353 5355 7402 6661 5390 3536
5355 2 5354 5356
5356 2 5355 5357
5357 3 5356 5358 1641
5358 6 5357 5359 2449 1562 9768 1502
5359 4 5358 5360 2891 9528
5360 3 5359 5361 9370
5361 2 5360 5362
5362 3 5361 5363 28
5363 5 5362 5364 668 1081 8396
5364 3 5363 5365 3494
5365 5 5364 5366 4977 5792 3371
5366 4 5365 5367 5775 7815
5367 4 5366 5368 3971 5194
5368 7 5367 5369 4385 1782 8680 7364 9783
5369 6 5368 5370 2948 2551 5414 3574
5370 2 5369 5371
5371 3 5370 5372 6072
5372 7 5371 5373 7482 2713 7114 2317 2217
5373 3 5372 5374 8189
5374 3 5373 5375 579
5375 5 5374 5376 6793 2018 9499
5376 3 5375 5377 332
5377 3 5376 5378 3277
5378 4 5377 5379 4795 8303
5379 3 5378 5380 4375
5380 2 5379 5381
5381 5 5380 5382 2980 2155 1387
5382 4 5381 5383 3678 586
5383 3 5382 5384 1440
5384 6 5383 5385 3109 5411 7067 5945
5385 3 5384 5386 6277
5386 3 5385 5387 3743
5387 6 5386 5388 2233 3807 276 9193
5388 5 5387 5389 6614 6471 522
5389 3 5388 5390 3130
5390 7 5389 5391 3498 5354 3168 4085 3798
5391 2 5390 5392
5392 5 5391 5393 6589 2183 6459
5393 7 5392 5394 1963 5626 4461 2325 4781
5394 8 5393 5395 8234 1209 3733 403 471 1960
5395 2 5394 5396
5396 6 5395 5397 4457 4896 5058 5534
5397 4 5396 5398 8426 6954
5398 3 5397 5399 9986
5399 3 5398 5400 6503
5400 5 5399 5401 5209 8404 1510
5401 5 5400 5402 7524 3584 302
5402 2 5401 5403
5403 3 5402 5404 5823
5404 4 5403 5405 3430 6142
5405 4 5404 5406 7749 4819
5406 3 5405 5407 5426
5407 6 5406 5408 5808 749 2094 8659
5408 2 5407 5409
5409 4 5408 5410 9978 527
5410 3 5409 5411 178
5411 7 5410 5412 9554 6006 5384 2312 5705
5412 4 5411 5413 4094 3117
5413 4 5412 5414 3551 964
5414 3 5413 5415 5369
5415 3 5414 5416 2769
5416 4 5415 5417 6525 9143
5417 2 5416 5418
5418 6 5417 5419 6105 1384 9434 4655
5419 4 5418 5420 518 2954
5420 5 5419 5421 5471 6652 1616
5421 4 5420 5422 7194 2703
5422 3 5421 5423 9861
5423 4 5422 5424 2810 2413
5424 3 5423 5425 2020
5425 6 5424 5426 3640 6464 8855 2901
5426 5 5425 5427 5406 9691 7672
5427 5 5426 5428 7031 6495 6226
5428 5 5427 5429 9316 9833 3324
5429 3 5428 5430 7676
5430 5 5429 5431 2438 6834 6606
5431 2 5430 5432
5432 6 5431 5433 2448 5132 7752 6891
5433 6 5432 5434 4841 8161 2192 5528
5434 5 5433 5435 6576 7692 3845
5435 4 5434 5436 3374 7072
5436 3 5435 5437 1300
5437 2 5436 5438
5438 5 5437 5439 2838 9524 2919
5439 2 5438 5440
5440 5 5439 5441 3005 7589 7294
5441 2 5440 5442
5442 2 5441 5443
5443 4 5442 5444 8707 8437
5444 4 5443 5445 8427 4599
5445 6 5444 5446 4381 8216 7960 650
5446 7 5445 5447 2914 3916 7078 4739 32
5447 4 5446 5448 3213 7681
5448 9 5447 5449 3916 661 3811 4081 3152 698 9789
5449 6 5448 5450 3011 3323 6960 1659
5450 4 5449 5451 528 455
5451 4 5450 5452 7916 9064
5452 2 5451 5453
5453 3 5452 5454 4722
5454 5 5453 5455 3208 1393 3642
5455 3 5454 5456 6801
5456 3 5455 5457 8856
5457 2 5456 5458
5458 7 5457 5459 5914 2769 6545 7018 9083
5459 3 5458 5460 1642
5460 4 5459 5461 3112 1729
5461 3 5460 5462 6523
5462 5 5461 5463 3528 882 6936
5463 3 5462 5464 9242
5464 2 5463 5465
5465 4 5464 5466 6549 5554
5466 4 5465 5467 9693 7279
5467 2 5466 5468
5468 5 5467 5469 2433 3920 2654
5469 3 5468 5470 2185
5470 6 5469 5471 4567 2161 9345 8030
5471 6 5470 5472 5288 2727 5420 5621
5472 2 5471 5473
5473 3 5472 5474 6985
5474 5 5473 5475 1409 5278 6675
5475 3 5474 5476 895
5476 2 5475 5477
5477 4 5476 5478 475 3650
5478 3 5477 5479 8987
5479 3 5478 5480 2341
5480 3 5479 5481 5048
5481 4 5480 5482 2318 3754
5482 3 5481 5483 7259
5483 5 5482 5484 1887 8116 1527
5484 4 5483 5485 6846 8226
5485 3 5484 5486 3975
5486 6 5485 5487 7932 1378 4362 1082
5487 5 5486 5488 2701 8376 2174
5488 5 5487 5489 7434 506 1239
5489 4 5488 5490 8537 9438
5490 4 5489 5491 663 246
5491 3 5490 5492 7043
5492 5 5491 5493 4162 2463 7648
5493 7 5492 5494 7952 3617 4351 3787 4807
5494 5 5493 5495 1492 3624 4183
5495 5 5494 5496 3093 6050 280
5496 5 5495 5497 4833 1734 9366
5497 2 5496 5498
5498 5 5497 5499 3811 5544 8309
5499 4 5498 5500 1858 8606
5500 4 5499 5501 8636 9686
5501 3 5500 5502 5230
5502 4 5501 5503 2579 4985
5503 3 5502 5504 5155
5504 5 5503 5505 2616 602 7106
5505 7 5504 5506 6779 1358 819 2888 799
5506 3 5505 5507 6204
5507 4 5506 5508 4384 1469
5508 3 5507 5509 5035
5509 3 5508 5510 4827
5510 3 5509 5511 2619
5511 4 5510 5512 1185 5879
5512 3 5511 5513 8984
5513 3 5512 5514 9730
5514 4 5513 5515 1524 955
5515 3 5514 5516 2155
5516 3 5515 5517 9418
5517 5 5516 5518 1073 2272 7313
5518 2 5517 5519
5519 3 5518 5520 862
5520 2 5519 5521
5521 4 5520 5522 9075 8694
5522 6 5521 5523 1887 2701 6451 4955
5523 3 5522 5524 8562
5524 3 5523 5525 5615
5525 3 5524 5526 375
5526 5 5525 5527 3062 1988 9996
5527 4 5526 5528 3418 7160
5528 7 5527 5529 7556 7908 9166 5433 1418
5529 6 5528 5530 7093 2382 6871 1330
5530 5 5529 5531 7769 2212 6889
5531 4 5530 5532 609 4017
5532 3 5531 5533 190
5533 5 5532 5534 5275 5890 2363
5534 7 5533 5535 4355 9490 567 5562 5396
5535 4 5534 5536 7161 6869
5536 6 5535 5537 7136 2717 1414 8416
5537 2 5536 5538
5538 5 5537 5539 551 6516 1687
5539 2 5538 5540
5540 2 5539 5541
5541 2 5540 5542
5542 3 5541 5543 5048
5543 5 5542 5544 4856 2296 6780
5544 5 5543 5545 8637 7493 5498
5545 3 5544 5546 5054
5546 4 5545 5547 2364 7788
5547 2 5546 5548
5548 4 5547 5549 3635 2887
5549 4 5548 5550 2832 8873
5550 2 5549 5551
5551 8 5550 5552 8939 8629 6078 5585 4770 2314
5552 2 5551 5553
5553 4 5552 5554 9455 7402
5554 4 5553 5555 5465 9398
5555 4 5554 5556 1876 4291
5556 4 5555 5557 579 9269
5557 5 5556 5558 2629 279 8442
5558 4 5557 5559 8634 5124
5559 4 5558 5560 2084 9796
5560 2 5559 5561
5561 4 5560 5562 3174 5892
5562 9 5561 5563 1264 7715 6145 471 1795 5534 4025
5563 5 5562 5564 9586 5292 2322
5564 7 5563 5565 1672 1832 7496 2697 5984
5565 4 5564 5566 9167 4065
5566 3 5565 5567 6971
5567 4 5566 5568 4125 324
5568 4 5567 5569 9778 5052
5569 4 5568 5570 8794 2384
5570 4 5569 5571 2733 4293
5571 6 5570 5572 4628 3887 8892 2538
5572 3 5571 5573 199
5573 4 5572 5574 9208 874
5574 3 5573 5575 4754
5575 4 5574 5576 7976 4748
5576 7 5575 5577 8559 5216 4902 5076 5600
5577 5 5576 5578 1049 3234 7532
5578 7 5577 5579 1842 8586 3916 463 183
5579 4 5578 5580 8013 7654
5580 2 5579 5581
5581 4 5580 5582 8269 2124
5582 3 5581 5583 6735
5583 5 5582 5584 2504 9822 8889
5584 5 5583 5585 4880 5245 9282
5585 3 5584 5586 5551
5586 2 5585 5587
5587 4 5586 5588 5162 3860
5588 5 5587 5589 1227 1283 9340
5589 7 5588 5590 402 4455 6818 4653 4612
5590 6 5589 5591 1263 7143 3718 6897
5591 4 5590 5592 3207 1603
5592 3 5591 5593 3535
5593 4 5592 5594 4510 7260
5594 5 5593 5595 2151 5889 3776
5595 4 5594 5596 4714 3477
5596 3 5595 5597 3032
5597 3 5596 5598 2746
5598 7 5597 5599 1093 7342 4753 726 32
5599 3 5598 5600 478
5600 7 5599 5601 2794 1774 7668 5576 3024
5601 2 5600 5602
5602 8 5601 5603 3372 6812 7518 5007 6562 7531
5603 3 5602 5604 757
5604 4 5603 5605 3339 3772
5605 6 5604 5606 5949 9140 8478 7917
5606 5 5605 5607 6749 6517 7230
5607 4 5606 5608 68 4864
5608 2 5607 5609
5609 2 5608 5610
5610 6 5609 5611 7843 1199 1485 2798
5611 4 5610 5612 2416 3675
5612 3 5611 5613 3203
5613 6 5612 5614 7063 5640 8663 3697
5614 7 5613 5615 9499 9305 668 9298 378
5615 3 5614 5616 5524
5616 4 5615 5617 6835 8112
5617 4 5616 5618 5800 2213
5618 4 5617 5619 1729 9458
5619 5 5618 5620 613 4978 1512
5620 5 5619 5621 9843 7395 6906
5621 8 5620 5622 7934 8658 1613 5471 3703 6917
5622 4 5621 5623 6659 169
5623 5 5622 5624 9220 456 1869
5624 4 5623 5625 6024 8742
5625 9 5624 5626 8650 2880 432 4266 7699 869 9422
5626 6 5625 5627 4318 1143 1614 5393
5627 4 5626 5628 4769 1719
5628 3 5627 5629 8454
5629 6 5628 5630 5728 9509 4361 1823
5630 2 5629 5631
5631 4 5630 5632 3326 4798
5632 4 5631 5633 3850 7379
5633 6 5632 5634 4029 5082 4740 8961
5634 4 5633 5635 250 56
5635 5 5634 5636 9656 6334 7442
5636 5 5635 5637 1022 4640 4430
5637 2 5636 5638
5638 4 5637 5639 1510 1081
5639 4 5638 5640 9166 2158
5640 4 5639 5641 5613 608
5641 4 5640 5642 6692 4566
5642 4 5641 5643 3785 340
5643 4 5642 5644 8085 8675
5644 4 5643 5645 2167 9982
5645 4 5644 5646 8713 4111
5646 2 5645 5647
5647 3 5646 5648 8936
5648 3 5647 5649 2849
5649 3 5648 5650 3434
5650 3 5649 5651 1397
5651 4 5650 5652 1681 1474
5652 6 5651 5653 151 7550 2767 1108
5653 4 5652 5654 2361 8341
5654 6 5653 5655 3826 2442 3861 4343
5655 4 5654 5656 8588 7240
5656 6 5655 5657 2530 5332 694 3616
5657 3 5656 5658 4828
5658 3 5657 5659 2409
5659 5 5658 5660 3140 7561 9304
5660 6 5659 5661 4098 9424 5089 3701
5661 5 5660 5662 4382 6071 8942
5662 2 5661 5663
5663 5 5662 5664 3111 1076 9419
5664 5 5663 5665 6187 9207 6880
5665 4 5664 5666 3490 484
5666 5 5665 5667 7009 273 1215
5667 3 5666 5668 2614
5668 6 5667 5669 140 3540 6567 2109
5669 3 5668 5670 6491
5670 5 5669 5671 4003 1795 7534
5671 5 5670 5672 3132 9704 5254
5672 5 5671 5673 3916 8190 5943
5673 4 5672 5674 2884 725
5674 4 5673 5675 6148 5803
5675 4 5674 5676 897 7133
5676 2 5675 5677
5677 5 5676 5678 1233 4949 5030
5678 3 5677 5679 2094
5679 3 5678 5680 4334
5680 5 5679 5681 7654 6628 9263
5681 4 5680 5682 3346 4871
5682 7 5681 5683 6739 2568 6010 7996 7321
5683 4 5682 5684 1611 4267
5684 2 5683 5685
5685 6 5684 5686 8069 5847 9726 4708
5686 4 5685 5687 5910 4940
5687 4 5686 5688 8535 8420
5688 4 5687 5689 8161 6080
5689 6 5688 5690 1771 1135 14 2354
5690 5 5689 5691 4561 8165 2600
5691 6 5690 5692 7584 8862 7129 7341
5692 5 5691 5693 114 9860 9551
5693 4 5692 5694 2529 8405
5694 4 5693 5695 1021 3807
5695 3 5694 5696 4672
5696 5 5695 5697 5775 8690 3232
5697 4 5696 5698 7865 1108
5698 5 5697 5699 4448 8626 9066
5699 4 5698 5700 3163 6857
5700 3 5699 5701 3447
5701 5 5700 5702 6547 5245 6280
5702 6 5701 5703 1169 6126 8898 8078
5703 5 5702 5704 9298 1832 8593
5704 2 5703 5705
5705 4 5704 5706 3843 5411
5706 5 5705 5707 6726 1982 3682
5707 7 5706 5708 8631 1357 9065 7670 6307
5708 7 5707 5709 2826 2454 16 3303 1421
5709 5 5708 5710 3902 5804 9258
5710 5 5709 5711 9413 2862 7228
5711 3 5710 5712 9126
5712 4 5711 5713 3610 620
5713 2 5712 5714
5714 3 5713 5715 7436
5715 3 5714 5716 8587
5716 2 5715 5717
5717 3 5716 5718 3099
5718 3 5717 5719 8144
5719 6 5718 5720 204 3356 3769 5339
5720 3 5719 5721 3413
5721 4 5720 5722 4221 3901
5722 3 5721 5723 9805
5723 3 5722 5724 3733
5724 4 5723 5725 148 2076
5725 4 5724 5726 4236 2035
5726 6 5725 5727 321 910 2356 809
5727 2 5726 5728
5728 3 5727 5729 5629
5729 3 5728 5730 6976
5730 4 5729 5731 1598 1468
5731 4 5730 5732 3656 5873
5732 4 5731 5733 6643 7978
5733 2 5732 5734
5734 4 5733 5735 7454 4753
5735 3 5734 5736 1117
5736 7 5735 5737 665 8221 9247 2466 4373
5737 4 5736 5738 7034 3527
5738 3 5737 5739 6027
5739 8 5738 5740 2380 987 507 6100 3004 9217
5740 4 5739 5741 4229 7050
5741 5 5740 5742 662 8296 787
5742 3 5741 5743 4911
5743 4 5742 5744 6044 6396
5744 2 5743 5745
5745 4 5744 5746 1221 4397
5746 5 5745 5747 9790 6720 9996
5747 3 5746 5748 8517
5748 5 5747 5749 4947 8276 9181
5749 2 5748 5750
5750 4 5749 5751 7448 4204
5751 6 5750 5752 3237 2824 1116 9584
5752 4 5751 5753 1500 6985
5753 4 5752 5754 119 3199
5754 3 5753 5755 8584
5755 4 5754 5756 8348 1255
5756 3 5755 5757 7052
5757 4 5756 5758 9407 1780
5758 4 5757 5759 6145 282
5759 5 5758 5760 9576 8284 1389
5760 5 5759 5761 9212 958 2770
5761 2 5760 5762
5762 4 5761 5763 4158 2368
5763 5 5762 5764 5134 8234 7910
5764 6 5763 5765 4503 310 9230 2913
5765 4 5764 5766 4966 5086
5766 5 5765 5767 2151 6699 1678
5767 2 5766 5768
5768 3 5767 5769 1162
5769 2 5768 5770
5770 4 5769 5771 9475 3079
5771 2 5770 5772
5772 5 5771 5773 1630 26 7816
5773 6 5772 5774 5 3560 9523 4443
5774 6 5773 5775 3345 8822 4679 6070
5775 6 5774 5776 2941 5696 5366 8884
5776 3 5775 5777 6149
5777 5 5776 5778 7265 703 4565
5778 3 5777 5779 8391
5779 5 5778 5780 2348 5290 8053
5780 5 5779 5781 1972 2153 4846
5781 5 5780 5782 9555 874 5119
5782 4 5781 5783 6439 1103
5783 5 5782 5784 3888 6802 2087
5784 2 5783 5785
5785 4 5784 5786 3266 4730
5786 4 5785 5787 7524 9422
5787 7 5786 5788 3455 6723 2321 4742 9186
5788 4 5787 5789 3910 6862
5789 5 5788 5790 8369 5256 6483
5790 4 5789 5791 1060 673
5791 3 5790 5792 660
5792 8 5791 5793 7169 8819 4961 6452 8937 5365
5793 3 5792 5794 585
5794 5 5793 5795 9310 6161 565
5795 5 5794 5796 7457 9062 8144
5796 4 5795 5797 364 499
5797 3 5796 5798 5917
5798 6 5797 5799 3555 2842 210 746
5799 5 5798 5800 9430 8434 3930
5800 6 5799 5801 5617 7838 7452 3322
5801 4 5800 5802 7804 7132
5802 6 5801 5803 4041 4654 4607 3061
5803 4 5802 5804 5674 3397
5804 4 5803 5805 5709 766
5805 3 5804 5806 6204
5806 5 5805 5807 9595 9561 8840
5807 4 5806 5808 2492 3796
5808 4 5807 5809 5407 7068
5809 4 5808 5810 2876 9719
5810 4 5809 5811 8223 8764
5811 4 5810 5812 1899 1697
5812 3 5811 5813 2402
5813 2 5812 5814
5814 4 5813 5815 6735 9703
5815 3 5814 5816 8204
5816 7 5815 5817 126 7038 5347 4215 1511
5817 2 5816 5818
5818 4 5817 5819 4747 2546
5819 7 5818 5820 7529 3181 1255 7885 2160
5820 5 5819 5821 2368 7922 2431
5821 3 5820 5822 6587
5822 4 5821 5823 4362 2040
5823 4 5822 5824 5893 5403
5824 3 5823 5825 8574
5825 5 5824 5826 1009 4049 7676
5826 4 5825 5827 7045 8580
5827 5 5826 5828 1491 8059 413
5828 3 5827 5829 8731
5829 4 5828 5830 3502 5944
5830 5 5829 5831 8205 4899 1361
5831 2 5830 5832
5832 3 5831 5833 1333
5833 3 5832 5834 6577
5834 3 5833 5835 2015
5835 5 5834 5836 9761 4239 4374
5836 3 5835 5837 2962
5837 6 5836 5838 5001 8584 2410 8049
5838 4 5837 5839 9884 8880
5839 4 5838 5840 1812 1188
5840 5 5839 5841 6349 8669 8308
5841 4 5840 5842 4464 6136
5842 5 5841 5843 9457 6389 1687
5843 2 5842 5844
5844 7 5843 5845 6137 1875 7506 2747 1805
5845 2 5844 5846
5846 3 5845 5847 1378
5847 5 5846 5848 5685 2346 7566
5848 6 5847 5849 2299 5075 531 8413
5849 4 5848 5850 8616 8330
5850 4 5849 5851 2325 9979
5851 5 5850 5852 9205 1318 2594
5852 3 5851 5853 6769
5853 3 5852 5854 4500
5854 2 5853 5855
5855 2 5854 5856
5856 8 5855 5857 8897 4591 5987 9651 1108 6228
5857 3 5856 5858 6205
5858 2 5857 5859
5859 4 5858 5860 6520 8009
5860 4 5859 5861 8349 7086
5861 4 5860 5862 370 8377
5862 4 5861 5863 4822 3289
5863 4 5862 5864 2968 1620
5864 3 5863 5865 1929
5865 2 5864 5866
5866 3 5865 5867 2299
5867 3 5866 5868 9780
5868 3 5867 5869 2306
5869 2 5868 5870
5870 5 5869 5871 6641 3635 7312
5871 5 5870 5872 3576 7613 1429
5872 6 5871 5873 1548 7124 1727 7217
5873 3 5872 5874 5731
5874 3 5873 5875 5171
5875 4 5874 5876 9828 8939
5876 4 5875 5877 2760 5040
5877 2 5876 5878
5878 6 5877 5879 3725 8270 303 6942
5879 4 5878 5880 5511 4333
5880 4 5879 5881 8417 6265
5881 5 5880 5882 1132 7342 8620
5882 6 5881 5883 6766 8077 2917 1425
5883 2 5882 5884
5884 7 5883 5885 522 249 5014 1837 456
5885 3 5884 5886 9110
5886 3 5885 5887 8693
5887 4 5886 5888 9364 4391
5888 5 5887 5889 9892 8153 3939
5889 4 5888 5890 5594 675
5890 4 5889 5891 9188 5533
5891 4 5890 5892 4350 4494
5892 4 5891 5893 2028 5561
5893 7 5892 5894 5823 4334 2739 3531 9968
5894 4 5893 5895 8166 8778
5895 4 5894 5896 2884 4149
5896 2 5895 5897
5897 6 5896 5898 6675 880 4003 9083
5898 3 5897 5899 1638
5899 4 5898 5900 2901 8328
5900 3 5899 5901 4505
5901 4 5900 5902 9947 2881
5902 6 5901 5903 7861 3582 3976 3505
5903 2 5902 5904
5904 5 5903 5905 6574 919 1824
5905 5 5904 5906 631 2617 3713
5906 2 5905 5907
5907 2 5906 5908
5908 3 5907 5909 6898
5909 5 5908 5910 7817 7911 4239
5910 5 5909 5911 5686 125 3673
5911 4 5910 5912 905 9367
5912 4 5911 5913 6953 8473
5913 3 5912 5914 667
5914 5 5913 5915 5458 490 8608
5915 7 5914 5916 4882 8535 2300 3812 2714
5916 2 5915 5917
5917 5 5916 5918 4712 5797 4040
5918 3 5917 5919 4923
5919 3 5918 5920 1288
5920 5 5919 5921 1781 656 4932
5921 6 5920 5922 2903 1605 9624 2910
5922 6 5921 5923 6517 8037 1495 3346
5923 2 5922 5924
5924 3 5923 5925 4509
5925 3 5924 5926 1710
5926 3 5925 5927 5233
5927 5 5926 5928 1522 7143 3519
5928 4 5927 5929 8250 2489
5929 5 5928 5930 9123 9948 2019
5930 5 5929 5931 3841 3154 4196
5931 4 5930 5932 4957 8563
5932 2 5931 5933
5933 3 5932 5934 1953
5934 4 5933 5935 9451 2246
5935 4 5934 5936 1847 1685
5936 6 5935 5937 3328 2547 775 8953
5937 5 5936 5938 4866 2462 7433
5938 4 5937 5939 6485 4425
5939 3 5938 5940 4273
5940 4 5939 5941 2336 8164
5941 5 5940 5942 4612 5971 6540
5942 4 5941 5943 6237 1029
5943 3 5942 5944 5672
5944 3 5943 5945 5829
5945 5 5944 5946 8657 5384 3311
5946 4 5945 5947 2972 858
5947 3 5946 5948 8884
5948 3 5947 5949 8806
5949 4 5948 5950 5605 9340
5950 3 5949 5951 2371
5951 4 5950 5952 8542 2116
5952 3 5951 5953 3735
5953 4 5952 5954 6522 1873
5954 4 5953 5955 9380 7937
5955 4 5954 5956 2431 8500
5956 4 5955 5957 1246 8078
5957 3 5956 5958 601
5958 2 5957 5959
5959 3 5958 5960 4379
5960 5 5959 5961 789 2651 6650
5961 3 5960 5962 1609
5962 5 5961 5963 6922 2873 7048
5963 7 5962 5964 5335 4678 6097 2556 7145
5964 4 5963 5965 100 5346
5965 4 5964 5966 4020 4389
5966 5 5965 5967 5339 6328 5033
5967 4 5966 5968 1933 4410
5968 5 5967 5969 4723 1480 9178
5969 4 5968 5970 156 8735
5970 3 5969 5971 3258
5971 5 5970 5972 5941 1135 2445
5972 3 5971 5973 4316
5973 4 5972 5974 8204 9931
5974 4 5973 5975 7812 1400
5975 3 5974 5976 6637
5976 2 5975 5977
5977 7 5976 5978 3107 9700 2910 8472 2505
5978 4 5977 5979 8505 3768
5979 4 5978 5980 6661 1415
5980 3 5979 5981 722
5981 7 5980 5982 1133 2790 6002 8687 6164
5982 4 5981 5983 7204 8635
5983 2 5982 5984
5984 7 5983 5985 1377 2857 1711 7000 5564
5985 4 5984 5986 9699 3721
5986 2 5985 5987
5987 3 5986 5988 5856
5988 3 5987 5989 4065
5989 5 5988 5990 9439 5292 3503
5990 4 5989 5991 3330 9334
5991 4 5990 5992 1594 9403
5992 4 5991 5993 8159 3752
5993 3 5992 5994 2847
5994 2 5993 5995
5995 3 5994 5996 8138
5996 2 5995 5997
5997 5 5996 5998 6313 2452 6123
5998 4 5997 5999 3327 2683
5999 3 5998 6000 6218
6000 6 5999 6001 6711 3977 2329 948
6001 2 6000 6002
6002 5 6001 6003 5981 2999 8512
6003 5 6002 6004 3654 9495 6742
6004 5 6003 6005 579 3649 6629
6005 4 6004 6006 7847 7289
6006 5 6005 6007 8998 2955 5411
6007 2 6006 6008
6008 5 6007 6009 7715 2784 6312
6009 3 6008 6010 9180
6010 4 6009 6011 5682 4923
6011 4 6010 6012 1350 2494
6012 4 6011 6013 3737 1302
6013 2 6012 6014
6014 6 6013 6015 3643 4101 7716 3633
6015 5 6014 6016 7907 1877 4163
6016 3 6015 6017 1103
6017 3 6016 6018 4881
6018 4 6017 6019 4238 9244
6019 5 6018 6020 9186 6161 51
6020 2 6019 6021
6021 7 6020 6022 2831 486 9142 6477 7851
6022 3 6021 6023 7458
6023 4 6022 6024 7016 1141
6024 5 6023 6025 5624 2124 4988
6025 2 6024 6026
6026 3 6025 6027 9302
6027 3 6026 6028 5738
6028 3 6027 6029 2319
6029 2 6028 6030
6030 4 6029 6031 9922 4411
6031 4 6030 6032 2287 1348
6032 5 6031 6033 3830 3219 7284
6033 4 6032 6034 6721 9518
6034 5 6033 6035 7092 4266 7538
6035 5 6034 6036 2659 2243 1375
6036 3 6035 6037 2658
6037 7 6036 6038 1384 6204 6546 9860 605
6038 2 6037 6039
6039 3 6038 6040 9224
6040 2 6039 6041
6041 3 6040 6042 6153
6042 7 6041 6043 765 3568 3672 8428 7472
6043 2 6042 6044
6044 4 6043 6045 3861 5743
6045 3 6044 6046 6962
6046 8 6045 6047 9945 8601 1458 2143 6405 7675
6047 4 6046 6048 8589 4659
6048 3 6047 6049 995
6049 4 6048 6050 5109 867
6050 6 6049 6051 7366 7159 5495 7661
6051 3 6050 6052 8203
6052 4 6051 6053 663 6296
6053 4 6052 6054 6329 2756
6054 5 6053 6055 3777 1805 4160
6055 4 6054 6056 4543 6368
6056 3 6055 6057 2666
6057 5 6056 6058 6772 3215 9629
6058 4 6057 6059 658 7395
6059 5 6058 6060 2378 9244 837
6060 3 6059 6061 7739
6061 5 6060 6062 6527 2525 4965
6062 5 6061 6063 1820 1768 2695
6063 2 6062 6064
6064 2 6063 6065
6065 3 6064 6066 4849
6066 4 6065 6067 6214 8857
6067 3 6066 6068 5350
6068 3 6067 6069 6305
6069 2 6068 6070
6070 5 6069 6071 8440 5774 1693
6071 5 6070 6072 1475 8967 5661
6072 3 6071 6073 5371
6073 3 6072 6074 1597
6074 2 6073 6075
6075 5 6074 6076 697 3040 9677
6076 5 6075 6077 405 342 1349
6077 3 6076 6078 6602
6078 6 6077 6079 6575 5551 688 3935
6079 3 6078 6080 9029
6080 6 6079 6081 7074 9922 8700 5688
6081 3 6080 6082 2203
6082 2 6081 6083
6083 4 6082 6084 3799 8665
6084 3 6083 6085 290
6085 4 6084 6086 1595 3981
6086 2 6085 6087
6087 2 6086 6088
6088 4 6087 6089 2088 6607
6089 2 6088 6090
6090 5 6089 6091 9057 8627 1991
6091 2 6090 6092
6092 2 6091 6093
6093 4 6092 6094 933 6894
6094 3 6093 6095 7671
6095 6 6094 6096 1635 2457 7903 3017
6096 3 6095 6097 9309
6097 4 6096 6098 5963 3018
6098 2 6097 6099
6099 2 6098 6100
6100 5 6099 6101 1839 4635 5739
6101 4 6100 6102 2819 7941
6102 2 6101 6103
6103 4 6102 6104 8206 4698
6104 3 6103 6105 6796
6105 6 6104 6106 4885 6664 5418 2966
6106 2 6105 6107
6107 5 6106 6108 9763 3403 7303
6108 3 6107 6109 1418
6109 4 6108 6110 8872 7762
6110 2 6109 6111
6111 6 6110 6112 8414 1570 8159 4242
6112 2 6111 6113
6113 5 6112 6114 6594 9834 3698
6114 3 6113 6115 1647
6115 5 6114 6116 1767 3827 3808
6116 7 6115 6117 1069 1868 3813 8804 1853
6117 5 6116 6118 1365 2398 2179
6118 2 6117 6119
6119 4 6118 6120 8402 468
6120 2 6119 6121
6121 2 6120 6122
6122 6 6121 6123 2287 7364 8757 4563
6123 4 6122 6124 1954 5997
6124 3 6123 6125 6784
6125 4 6124 6126 2814 3683
6126 7 6125 6127 5702 9610 390 6726 2060
6127 6 6126 6128 4981 7468 9560 2897
6128 3 6127 6129 3796
6129 7 6128 6130 6248 257 8536 996 3732
6130 5 6129 6131 6795 1264 7042
6131 5 6130 6132 793 2427 1568
6132 3 6131 6133 6288
6133 2 6132 6134
6134 3 6133 6135 7504
6135 7 6134 6136 1993 1220 7560 7715 383
6136 4 6135 6137 5841 3701
6137 8 6136 6138 5844 4367 8133 4203 4075 8419
6138 4 6137 6139 2356 2197
6139 5 6138 6140 1791 6812 1276
6140 2 6139 6141
6141 6 6140 6142 3959 3489 8358 3152
6142 5 6141 6143 9930 9341 5404
6143 5 6142 6144 2048 3080 8661
6144 3 6143 6145 4110
6145 6 6144 6146 5562 5758 5237 8190
6146 3 6145 6147 8196
6147 3 6146 6148 4435
6148 3 6147 6149 5674
6149 6 6148 6150 3110 3687 5776 8305
6150 2 6149 6151
6151 3 6150 6152 4203
6152 4 6151 6153 2228 3097
6153 4 6152 6154 7175 6041
6154 3 6153 6155 6566
6155 4 6154 6156 3276 6898
6156 4 6155 6157 9300 7834
6157 2 6156 6158
6158 2 6157 6159
6159 3 6158 6160 6
6160 5 6159 6161 7857 5169 3301
6161 4 6160 6162 5794 6019
6162 3 6161 6163 6215
6163 3 6162 6164 9169
6164 4 6163 6165 8049 5981
6165 7 6164 6166 3641 3620 3254 7679 4574
6166 5 6165 6167 1033 843 7908
6167 4 6166 6168 6975 4523
6168 4 6167 6169 6694 8266
6169 5 6168 6170 2770 888 2228
6170 4 6169 6171 5029 1787
6171 2 6170 6172
6172 9 6171 6173 4548 2426 4021 2789 2512 4333 9184
6173 3 6172 6174 4905
6174 4 6173 6175 607 3309
6175 5 6174 6176 5335 1883 8793
6176 3 6175 6177 7314
6177 2 6176 6178
6178 3 6177 6179 8866
6179 4 6178 6180 4205 8982
6180 5 6179 6181 973 2583 536
6181 5 6180 6182 1333 1176 6867
6182 4 6181 6183 4461 8815
6183 4 6182 6184 9713 9150
6184 4 6183 6185 2323 4994
6185 3 6184 6186 8197
6186 3 6185 6187 8607
6187 5 6186 6188 5664 9377 707
6188 5 6187 6189 9326 2605 9529
6189 5 6188 6190 1551 9501 8820
6190 3 6189 6191 8317
6191 3 6190 6192 3413
6192 5 6191 6193 7743 429 2013
6193 2 6192 6194
6194 4 6193 6195 3255 7271
6195 5 6194 6196 7285 5114 4680
6196 6 6195 6197 972 3021 4997 7483
6197 4 6196 6198 3868 7939
6198 4 6197 6199 1547 9389
6199 2 6198 6200
6200 6 6199 6201 692 4199 4323 7121
6201 5 6200 6202 4154 249 7066
6202 4 6201 6203 2780 1436
6203 4 6202 6204 4116 7058
6204 5 6203 6205 6037 5506 5805
6205 7 6204 6206 2256 5292 5857 4168 4656
6206 2 6205 6207
6207 3 6206 6208 9993
6208 4 6207 6209 4695 2172
6209 3 6208 6210 9437
6210 5 6209 6211 2575 2880 8458
6211 4 6210 6212 6956 1601
6212 4 6211 6213 8861 2258
6213 6 6212 6214 8103 2612 8423 7978
6214 6 6213 6215 6066 7407 67 8123
6215 6 6214 6216 583 8474 7276 6162
6216 6 6215 6217 1688 1798 8724 4630
6217 2 6216 6218
6218 4 6217 6219 5999 6656
6219 4 6218 6220 4483 6423
6220 2 6219 6221
6221 3 6220 6222 3842
6222 4 6221 6223 1132 2894
6223 4 6222 6224 4706 3259
6224 2 6223 6225
6225 4 6224 6226 2847 8671
6226 5 6225 6227 7192 5427 1614
6227 5 6226 6228 4977 4177 3627
6228 7 6227 6229 362 3830 3106 5856 906
6229 6 6228 6230 3081 6431 2631 9508
6230 3 6229 6231 4194
6231 2 6230 6232
6232 4 6231 6233 6642 3410
6233 3 6232 6234 7509
6234 6 6233 6235 9930 2480 3106 8707
6235 6 6234 6236 8996 895 4857 6858
6236 3 6235 6237 3649
6237 3 6236 6238 5942
6238 3 6237 6239 6655
6239 3 6238 6240 7801
6240 2 6239 6241
6241 7 6240 6242 24 2465 9463 4349 6796
6242 4 6241 6243 3466 926
6243 3 6242 6244 389
6244 3 6243 6245 3776
6245 3 6244 6246 4319
6246 4 6245 6247 1828 2541
6247 4 6246 6248 5205 4327
6248 4 6247 6249 8845 6129
6249 3 6248 6250 2563
6250 5 6249 6251 3054 9690 762
6251 6 6250 6252 4115 1028 3837 1860
6252 4 6251 6253 7799 8879
6253 2 6252 6254
6254 4 6253 6255 3013 7825
6255 3 6254 6256 3442
6256 4 6255 6257 1967 1994
6257 3 6256 6258 8207
6258 3 6257 6259 4160
6259 5 6258 6260 7294 1026 5225
6260 4 6259 6261 865 6807
6261 4 6260 6262 370 4016
6262 2 6261 6263
6263 3 6262 6264 7593
6264 4 6263 6265 4246 1712
6265 5 6264 6266 4534 6475 5880
6266 3 6265 6267 1703
6267 4 6266 6268 2605 7776
6268 3 6267 6269 4269
6269 4 6268 6270 9861 7621
6270 4 6269 6271 7634 6421
6271 2 6270 6272
6272 5 6271 6273 7415 476 3886
6273 7 6272 6274 1147 2755 4755 1708 9426
6274 3 6273 6275 9529
6275 3 6274 6276 9318
6276 5 6275 6277 2411 2927 9776
6277 7 6276 6278 4833 5385 2277 6724 3272
6278 4 6277 6279 897 810
6279 5 6278 6280 9981 3507 3909
6280 5 6279 6281 6631 5701 3704
6281 3 6280 6282 7582
6282 5 6281 6283 8538 286 9132
6283 7 6282 6284 4643 1772 3056 9593 9074
6284 2 6283 6285
6285 4 6284 6286 1755 704
6286 3 6285 6287 6797
6287 3 6286 6288 1428
6288 8 6287 6289 9807 633 2912 1693 6308 6132
6289 7 6288 6290 217 8487 6647 9642 4480
6290 4 6289 6291 1832 9648
6291 5 6290 6292 7220 8804 3460
6292 2 6291 6293
6293 6 6292 6294 3283 2716 2441 488
6294 2 6293 6295
6295 2 6294 6296
6296 5 6295 6297 2354 6406 6052
6297 5 6296 6298 6548 8588 7847
6298 6 6297 6299 446 2748 7143 2977
6299 3 6298 6300 7598
6300 3 6299 6301 9219
6301 4 6300 6302 357 9432
6302 3 6301 6303 7910
6303 4 6302 6304 2541 1328
6304 4 6303 6305 9469 1463
6305 6 6304 6306 1579 7575 6068 3639
6306 5 6305 6307 7531 3693 2738
6307 7 6306 6308 9785 2670 1374 8072 5707
6308 5 6307 6309 7061 2788 6288
6309 4 6308 6310 8539 4992
6310 2 6309 6311
6311 2 6310 6312
6312 4 6311 6313 3326 6008
6313 4 6312 6314 5997 1432
6314 5 6313 6315 4647 4253 4904
6315 3 6314 6316 310
6316 4 6315 6317 1614 534
6317 4 6316 6318 3863 2047
6318 7 6317 6319 1941 6622 4021 1400 1516
6319 2 6318 6320
6320 5 6319 6321 6586 1492 3721
6321 3 6320 6322 163
6322 3 6321 6323 9624
6323 3 6322 6324 2964
6324 3 6323 6325 8529
6325 4 6324 6326 2921 2536
6326 5 6325 6327 6943 8603 817
6327 5 6326 6328 4027 9046 1089
6328 5 6327 6329 5966 3730 9607
6329 6 6328 6330 4700 2230 6053 6469
6330 6 6329 6331 1314 4327 7362 2603
6331 3 6330 6332 8439
6332 5 6331 6333 8000 3291 6548
6333 3 6332 6334 7656
6334 4 6333 6335 5635 9383
6335 4 6334 6336 2794 7032
6336 3 6335 6337 529
6337 7 6336 6338 9543 8662 7733 688 2778
6338 3 6337 6339 465
6339 2 6338 6340
6340 4 6339 6341 2067 3940
6341 2 6340 6342
6342 3 6341 6343 1736
6343 3 6342 6344 4909
6344 3 6343 6345 8560
6345 4 6344 6346 6674 4267
6346 3 6345 6347 38
6347 3 6346 6348 2759
6348 3 6347 6349 2210
6349 4 6348 6350 5840 8242
6350 2 6349 6351
6351 4 6350 6352 8536 9188
6352 3 6351 6353 1147
6353 2 6352 6354
6354 6 6353 6355 8691 9681 7309 7843
6355 3 6354 6356 1818
6356 3 6355 6357 2085
6357 5 6356 6358 3216 4418 4963
6358 3 6357 6359 2781
6359 3 6358 6360 7833
6360 4 6359 6361 626 399
6361 3 6360 6362 8601
6362 4 6361 6363 3327 9776
6363 4 6362 6364 5008 5326
6364 4 6363 6365 7663 8548
6365 5 6364 6366 3968 870 348
6366 3 6365 6367 9085
6367 5 6366 6368 4242 9546 9887
6368 4 6367 6369 6055 4875
6369 7 6368 6370 3759 2091 9295 2898 9580
6370 2 6369 6371
6371 4 6370 6372 432 9343
6372 4 6371 6373 2878 3646
6373 4 6372 6374 9787 1742
6374 6 6373 6375 823 3350 3783 4771
6375 3 6374 6376 2285
6376 6 6375 6377 7330 2821 3637 3370
6377 3 6376 6378 8888
6378 4 6377 6379 349 9503
6379 2 6378 6380
6380 6 6379 6381 1019 7915 2420 4978
6381 3 6380 6382 7994
6382 2 6381 6383
6383 5 6382 6384 1572 3261 1174
6384 6 6383 6385 7684 9710 7271 3278
6385 3 6384 6386 9140
6386 6 6385 6387 7049 7219 5320 1284
6387 3 6386 6388 3968
6388 7 6387 6389 3416 3542 7673 395 359
6389 4 6388 6390 5842 4183
6390 5 6389 6391 5027 3420 7533
6391 2 6390 6392
6392 3 6391 6393 2501
6393 3 6392 6394 732
6394 4 6393 6395 9272 216
6395 4 6394 6396 3662 5168
6396 7 6395 6397 8949 4325 3571 5743 4997
6397 3 6396 6398 2664
6398 3 6397 6399 8471
6399 5 6398 6400 3734 3041 3257
6400 3 6399 6401 586
6401 3 6400 6402 9226
6402 4 6401 6403 965 7461
6403 4 6402 6404 4434 7628
6404 2 6403 6405
6405 5 6404 6406 8838 179 6046
6406 4 6405 6407 8950 6296
6407 5 6406 6408 8421 8543 2600
6408 5 6407 6409 4390 2975 5073
6409 3 6408 6410 2707
6410 4 6409 6411 8425 3445
6411 3 6410 6412 1203
6412 3 6411 6413 7752
6413 6 6412 6414 2085 4048 7823 30
6414 3 6413 6415 1644
6415 3 6414 6416 8775
6416 5 6415 6417 2401 1351 9831
6417 4 6416 6418 9873 9817
6418 5 6417 6419 9356 6673 79
6419 2 6418 6420
6420 5 6419 6421 1122 6773 1137
6421 3 6420 6422 6270
6422 2 6421 6423
6423 4 6422 6424 1945 6219
6424 5 6423 6425 8601 3328 6476
6425 3 6424 6426 4893
6426 8 6425 6427 1096 5278 9041 7181 6999 8210
6427 4 6426 6428 7355 3444
6428 4 6427 6429 3758 5210
6429 4 6428 6430 1009 6651
6430 2 6429 6431
6431 6 6430 6432 2108 6229 8807 2681
6432 5 6431 6433 1761 5158 9729
6433 4 6432 6434 1843 9824
6434 2 6433 6435
6435 3 6434 6436 8960
6436 3 6435 6437 1182
6437 3 6436 6438 9241
6438 4 6437 6439 1093 6595
6439 4 6438 6440 5782 2147
6440 8 6439 6441 1303 8146 2822 8486 4974 6515
6441 3 6440 6442 3938
6442 3 6441 6443 1456
6443 6 6442 6444 334 1154 4864 3613
6444 6 6443 6445 2048 9737 6637 1485
6445 2 6444 6446
6446 2 6445 6447
6447 5 6446 6448 3016 2702 9462
6448 5 6447 6449 5288 4822 577
6449 4 6448 6450 8604 2866
6450 3 6449 6451 9829
6451 4 6450 6452 1148 5522
6452 6 6451 6453 4682 5792 3092 6864
6453 5 6452 6454 9523 4555 9108
6454 6 6453 6455 3229 7434 4941 7889
6455 2 6454 6456
6456 2 6455 6457
6457 3 6456 6458 9662
6458 7 6457 6459 2133 8018 8912 3304 5118
6459 5 6458 6460 3150 6476 5392
6460 3 6459 6461 7359
6461 3 6460 6462 4779
6462 5 6461 6463 9300 9107 9777
6463 2 6462 6464
6464 4 6463 6465 5425 9458
6465 3 6464 6466 6751
6466 5 6465 6467 2791 7210 1859
6467 4 6466 6468 1905 8551
6468 5 6467 6469 1063 7436 1043
6469 6 6468 6470 425 7156 6329 8309
6470 6 6469 6471 8236 1370 3427 9087
6471 5 6470 6472 2070 3965 5388
6472 2 6471 6473
6473 5 6472 6474 1185 5128 2308
6474 3 6473 6475 8880
6475 3 6474 6476 6265
6476 5 6475 6477 4081 6459 6424
6477 5 6476 6478 9611 2861 6021
6478 4 6477 6479 7582 8398
6479 4 6478 6480 2980 798
6480 3 6479 6481 1624
6481 4 6480 6482 6909 4124
6482 6 6481 6483 2019 7537 5096 4637
6483 5 6482 6484 1030 7848 5789
6484 8 6483 6485 1192 3103 9631 5146 7395 9325
6485 5 6484 6486 5938 2998 9171
6486 5 6485 6487 3710 8914 2835
6487 3 6486 6488 1997
6488 4 6487 6489 6690 8229
6489 3 6488 6490 1116
6490 5 6489 6491 4377 1314 907
6491 5 6490 6492 5669 6817 3940
6492 3 6491 6493 4204
6493 4 6492 6494 758 1620
6494 4 6493 6495 5200 1149
6495 4 6494 6496 8519 5427
6496 2 6495 6497
6497 3 6496 6498 1011
6498 2 6497 6499
6499 4 6498 6500 4370 9110
6500 2 6499 6501
6501 3 6500 6502 4491
6502 7 6501 6503 3175 5310 8532 8997 3850
6503 5 6502 6504 9422 26 5399
6504 3 6503 6505 9751
6505 4 6504 6506 8120 4307
6506 5 6505 6507 1615 4995 1688
6507 6 6506 6508 8920 4276 8094 4240
6508 3 6507 6509 4153
6509 3 6508 6510 1614
6510 5 6509 6511 9717 380 2586
6511 3 6510 6512 1420
6512 7 6511 6513 7896 3017 9623 1284 7781
6513 5 6512 6514 559 9227 3654
6514 4 6513 6515 6634 1282
6515 6 6514 6516 8793 4106 6440 8650
6516 4 6515 6517 8734 5538
6517 5 6516 6518 5922 7727 5606
6518 3 6517 6519 3418
6519 5 6518 6520 9205 8946 7966
6520 4 6519 6521 5859 9670
6521 6 6520 6522 5260 4389 2289 3034
6522 4 6521 6523 5953 7640
6523 5 6522 6524 1083 1989 5461
6524 4 6523 6525 4857 2510
6525 5 6524 6526 9792 2290 5416
6526 3 6525 6527 9590
6527 5 6526 6528 5281 1924 6061
6528 5 6527 6529 933 3098 3688
6529 3 6528 6530 8218
6530 4 6529 6531 9547 3863
6531 5 6530 6532 7661 2917 3800
6532 5 6531 6533 7311 1972 2215
6533 6 6532 6534 3763 9732 5187 2280
6534 5 6533 6535 4201 9864 1939
6535 3 6534 6536 1591
6536 4 6535 6537 7625 2301
6537 2 6536 6538
6538 3 6537 6539 8861
6539 3 6538 6540 7616
6540 5 6539 6541 7394 5941 9776
6541 3 6540 6542 7018
6542 3 6541 6543 603
6543 3 6542 6544 4244
6544 4 6543 6545 3575 1616
6545 4 6544 6546 5458 7340
6546 6 6545 6547 8541 6037 3028 9779
6547 6 6546 6548 3257 5701 688 4185
6548 9 6547 6549 6297 2090 7234 4945 7224 6332 7286
6549 6 6548 6550 9033 5465 913 1787
6550 2 6549 6551
6551 3 6550 6552 9608
6552 3 6551 6553 9059
6553 4 6552 6554 2216 3311
6554 3 6553 6555 6825
6555 4 6554 6556 9563 3353
6556 2 6555 6557
6557 2 6556 6558
6558 6 6557 6559 4171 1477 5183 1787
6559 2 6558 6560
6560 3 6559 6561 7812
6561 3 6560 6562 1310
6562 6 6561 6563 8419 6788 7934 5602
6563 5 6562 6564 7240 1505 3077
6564 4 6563 6565 7889 6641
6565 2 6564 6566
6566 3 6565 6567 6154
6567 3 6566 6568 5668
6568 4 6567 6569 7557 658
6569 4 6568 6570 9586 8536
6570 5 6569 6571 974 8968 3723
6571 3 6570 6572 7509
6572 6 6571 6573 6712 8244 4637 9999
6573 3 6572 6574 1762
6574 6 6573 6575 5018 1626 5904 8129
6575 4 6574 6576 6078 3991
6576 6 6575 6577 5434 7376 2705 3871
6577 8 6576 6578 1240 3390 4488 5833 8812 3284
6578 4 6577 6579 4955 2609
6579 4 6578 6580 9094 9250
6580 2 6579 6581
6581 3 6580 6582 4995
6582 2 6581 6583
6583 5 6582 6584 1527 8492 3432
6584 3 6583 6585 4173
6585 7 6584 6586 2552 8438 3734 3560 1916
6586 8 6585 6587 6320 9206 2285 753 4119 7292
6587 4 6586 6588 5821 371
6588 5 6587 6589 3163 8346 1228
6589 4 6588 6590 1421 5392
6590 4 6589 6591 2785 4984
6591 2 6590 6592
6592 4 6591 6593 4425 7576
6593 5 6592 6594 7662 7502 7734
6594 5 6593 6595 4288 6113 7519
6595 7 6594 6596 3292 6625 3877 2306 6438
6596 5 6595 6597 4452 1374 623
6597 4 6596 6598 1278 9280
6598 2 6597 6599
6599 4 6598 6600 2902 2189
6600 3 6599 6601 7567
6601 2 6600 6602
6602 5 6601 6603 2049 6077 1272
6603 5 6602 6604 3247 3846 8371
6604 4 6603 6605 4863 6840
6605 2 6604 6606
6606 8 6605 6607 7341 1079 186 3228 4836 5430
6607 6 6606 6608 780 6713 6088 686
6608 6 6607 6609 4757 6947 8178 6704
6609 5 6608 6610 6725 5003 5064
6610 5 6609 6611 2887 7695 8626
6611 5 6610 6612 9196 7155 1698
6612 5 6611 6613 2660 8964 1051
6613 4 6612 6614 1946 2481
6614 4 6613 6615 5388 7255
6615 3 6614 6616 3013
6616 3 6615 6617 9100
6617 4 6616 6618 2440 1636
6618 3 6617 6619 9508
6619 2 6618 6620
6620 5 6619 6621 6987 7392 3366
6621 5 6620 6622 7783 8061 3011
6622 4 6621 6623 6318 1104
6623 3 6622 6624 442
6624 5 6623 6625 5097 8221 4368
6625 4 6624 6626 6595 3765
6626 2 6625 6627
6627 4 6626 6628 2162 5197
6628 4 6627 6629 5680 8848
6629 5 6628 6630 9528 6004 2134
6630 4 6629 6631 9432 2262
6631 5 6630 6632 6280 3252 8987
6632 4 6631 6633 345 4795
6633 2 6632 6634
6634 6 6633 6635 6514 3654 9201 794
6635 2 6634 6636
6636 5 6635 6637 3644 3950 7002
6637 7 6636 6638 8426 5975 7852 6444 1238
6638 2 6637 6639
6639 4 6638 6640 1651 5017
6640 4 6639 6641 7281 1140
6641 5 6640 6642 5870 7375 6564
6642 5 6641 6643 3929 6232 2629
6643 3 6642 6644 5732
6644 2 6643 6645
6645 3 6644 6646 9958
6646 5 6645 6647 2188 7358 496
6647 6 6646 6648 6289 8228 8339 4199
6648 2 6647 6649
6649 5 6648 6650 6865 8544 4361
6650 5 6649 6651 5960 298 9086
6651 5 6650 6652 873 9796 6429
6652 5 6651 6653 8501 5420 4388
6653 5 6652 6654 8008 3338 8007
6654 4 6653 6655 788 198
6655 5 6654 6656 8448 6238 9759
6656 5 6655 6657 4289 6218 642
6657 3 6656 6658 4376
6658 3 6657 6659 8427
6659 5 6658 6660 6974 9739 5622
6660 3 6659 6661 9186
6661 5 6660 6662 5979 5354 9784
6662 3 6661 6663 1388
6663 3 6662 6664 4481
6664 3 6663 6665 6105
6665 5 6664 6666 2419 8941 2409
6666 3 6665 6667 3234
6667 4 6666 6668 1197 1446
6668 2 6667 6669
6669 3 6668 6670 4805
6670 3 6669 6671 995
6671 2 6670 6672
6672 3 6671 6673 9888
6673 6 6672 6674 1598 7682 2249 6418
6674 5 6673 6675 6345 8501 4540
6675 6 6674 6676 5897 4137 2138 5474
6676 3 6675 6677 7226
6677 5 6676 6678 1230 700 1031
6678 4 6677 6679 9988 4503
6679 4 6678 6680 7218 3230
6680 3 6679 6681 4506
6681 6 6680 6682 2451 3184 4860 4120
6682 3 6681 6683 4392
6683 4 6682 6684 2115 7046
6684 4 6683 6685 2423 794
6685 2 6684 6686
6686 2 6685 6687
6687 3 6686 6688 540
6688 4 6687 6689 2182 2260
6689 7 6688 6690 8661 5141 203 6783 4008
6690 4 6689 6691 6488 4584
6691 5 6690 6692 3950 1471 7286
6692 6 6691 6693 7768 9298 5641 4363
6693 5 6692 6694 1518 6711 373
6694 6 6693 6695 6168 9985 8319 3945
6695 2 6694 6696
6696 5 6695 6697 1697 7877 9884
6697 4 6696 6698 1350 3722
6698 2 6697 6699
6699 3 6698 6700 5766
6700 3 6699 6701 7674
6701 4 6700 6702 2334 3943
6702 3 6701 6703 4921
6703 3 6702 6704 2666
6704 6 6703 6705 4983 3159 7095 6608
6705 2 6704 6706
6706 3 6705 6707 8436
6707 4 6706 6708 8030 3535
6708 2 6707 6709
6709 3 6708 6710 7231
6710 3 6709 6711 4198
6711 7 6710 6712 6693 7885 1635 6000 595
6712 4 6711 6713 6572 3356
6713 5 6712 6714 6607 5095 9660
6714 4 6713 6715 4853 9913
6715 5 6714 6716 4389 4783 722
6716 4 6715 6717 1670 75
6717 4 6716 6718 55 7400
6718 4 6717 6719 8691 5269
6719 4 6718 6720 193 6828
6720 6 6719 6721 2250 5232 5746 3543
6721 4 6720 6722 3392 6033
6722 2 6721 6723
6723 4 6722 6724 5787 2503
6724 5 6723 6725 1282 297 6277
6725 7 6724 6726 2603 6609 1995 7088 269
6726 4 6725 6727 6126 5706
6727 2 6726 6728
6728 3 6727 6729 5230
6729 3 6728 6730 3590
6730 3 6729 6731 1797
6731 3 6730 6732 4483
6732 3 6731 6733 3135
6733 4 6732 6734 950 3941
6734 6 6733 6735 3623 8063 9801 7280
6735 4 6734 6736 5582 5814
6736 3 6735 6737 3488
6737 4 6736 6738 4155 9599
6738 2 6737 6739
6739 4 6738 6740 586 5682
6740 6 6739 6741 9984 4613 2554 7265
6741 2 6740 6742
6742 5 6741 6743 7341 6003 535
6743 3 6742 6744 6796
6744 2 6743 6745
6745 3 6744 6746 335
6746 2 6745 6747
6747 4 6746 6748 8694 1034
6748 3 6747 6749 4633
6749 5 6748 6750 448 5606 2800
6750 5 6749 6751 3060 9880 289
6751 5 6750 6752 6465 3233 5254
6752 4 6751 6753 2667 4912
6753 2 6752 6754
6754 3 6753 6755 7918
6755 3 6754 6756 1495
6756 2 6755 6757
6757 2 6756 6758
6758 4 6757 6759 8070 5252
6759 2 6758 6760
6760 3 6759 6761 2852
6761 4 6760 6762 8645 8905
6762 2 6761 6763
6763 2 6762 6764
6764 4 6763 6765 2643 3939
6765 3 6764 6766 4497
6766 4 6765 6767 5882 2193
6767 5 6766 6768 2212 1483 1711
6768 2 6767 6769
6769 5 6768 6770 8705 1666 5852
6770 4 6769 6771 9270 4370
6771 6 6770 6772 4748 3592 7983 7337
6772 4 6771 6773 6057 2109
6773 4 6772 6774 4684 6420
6774 5 6773 6775 1319 7738 8274
6775 2 6774 6776
6776 6 6775 6777 394 4603 8350 3885
6777 3 6776 6778 8220
6778 3 6777 6779 2836
6779 3 6778 6780 5505
6780 5 6779 6781 9014 8454 5543
6781 4 6780 6782 4297 545
6782 3 6781 6783 71
6783 6 6782 6784 3005 2274 3287 6689
6784 4 6783 6785 6124 7379
6785 2 6784 6786
6786 2 6785 6787
6787 2 6786 6788
6788 6 6787 6789 6562 8649 1870 4434
6789 2 6788 6790
6790 4 6789 6791 2885 736
6791 5 6790 6792 9543 1196 3068
6792 2 6791 6793
6793 4 6792 6794 3790 5375
6794 2 6793 6795
6795 3 6794 6796 6130
6796 7 6795 6797 4051 6743 6104 6241 3624
6797 4 6796 6798 7233 6286
6798 3 6797 6799 2871
6799 3 6798 6800 5088
6800 4 6799 6801 1450 2250
6801 4 6800 6802 8095 5455
6802 6 6801 6803 9700 5783 7707 9354
6803 5 6802 6804 7000 4230 3464
6804 4 6803 6805 1437 9329
6805 2 6804 6806
6806 3 6805 6807 4166
6807 4 6806 6808 501 6260
6808 7 6807 6809 5319 1191 4997 4994 9061
6809 6 6808 6810 1248 9815 9496 487
6810 3 6809 6811 5184
6811 4 6810 6812 1789 726
6812 4 6811 6813 5602 6139
6813 4 6812 6814 2932 4685
6814 4 6813 6815 3737 2757
6815 5 6814 6816 4551 8098 28
6816 4 6815 6817 4368 1103
6817 5 6816 6818 9793 6491 8281
6818 4 6817 6819 5589 4991
6819 4 6818 6820 1593 2409
6820 4 6819 6821 4108 9319
6821 4 6820 6822 7137 8469
6822 4 6821 6823 1807 3956
6823 4 6822 6824 9377 2959
6824 3 6823 6825 4128
6825 4 6824 6826 2813 6554
6826 5 6825 6827 8017 7580 2881
6827 4 6826 6828 844 934
6828 5 6827 6829 8194 2760 6719
6829 3 6828 6830 1188
6830 4 6829 6831 8254 8814
6831 4 6830 6832 7844 4237
6832 2 6831 6833
6833 4 6832 6834 673 9717
6834 4 6833 6835 9491 5430
6835 5 6834 6836 5616 7481 1660
6836 4 6835 6837 4111 4193
6837 4 6836 6838 2021 1561
6838 5 6837 6839 4503 4064 4415
6839 3 6838 6840 9467
6840 6 6839 6841 1353 9883 9315 6604
6841 7 6840 6842 3080 7639 4527 9441 3073
6842 4 6841 6843 9107 8245
6843 4 6842 6844 1049 7289
6844 2 6843 6845
6845 5 6844 6846 2866 8342 951
6846 4 6845 6847 5484 9382
6847 5 6846 6848 567 3402 3845
6848 6 6847 6849 1959 2740 5163 3290
6849 4 6848 6850 4782 1085
6850 3 6849 6851 1440
6851 5 6850 6852 8691 1712 1283
6852 4 6851 6853 1520 5170
6853 3 6852 6854 7453
6854 3 6853 6855 9554
6855 6 6854 6856 4586 9622 1005 2401
6856 3 6855 6857 4349
6857 6 6856 6858 1049 4102 7651 5699
6858 6 6857 6859 1522 5031 9552 6235
6859 3 6858 6860 8170
6860 6 6859 6861 9151 2829 2086 4502
6861 4 6860 6862 384 4226
6862 5 6861 6863 1071 5788 8049
6863 7 6862 6864 9323 8537 3360 8202 4535
6864 5 6863 6865 2908 5063 6452
6865 6 6864 6866 6649 1706 8494 2867
6866 7 6865 6867 8061 9285 3885 8496 9157
6867 3 6866 6868 6181
6868 2 6867 6869
6869 6 6868 6870 1613 2874 136 5535
6870 3 6869 6871 1921
6871 6 6870 6872 9089 1313 9248 5529
6872 3 6871 6873 2784
6873 4 6872 6874 8956 9459
6874 3 6873 6875 514
6875 3 6874 6876 3239
6876 4 6875 6877 2283 3813
6877 3 6876 6878 5243
6878 2 6877 6879
6879 4 6878 6880 9173 2548
6880 5 6879 6881 3434 3935 5664
6881 3 6880 6882 7233
6882 4 6881 6883 9029 1057
6883 2 6882 6884
6884 6 6883 6885 2843 57 9033 4829
6885 5 6884 6886 8422 7618 451
6886 3 6885 6887 7023
6887 3 6886 6888 5244
6888 3 6887 6889 9451
6889 4 6888 6890 9588 5530
6890 2 6889 6891
6891 5 6890 6892 9496 231 5432
6892 2 6891 6893
6893 8 6892 6894 4952 7776 8872 2884 9997 3381
6894 5 6893 6895 8705 6093 3720
6895 3 6894 6896 5255
6896 2 6895 6897
6897 6 6896 6898 1370 854 5590 4183
6898 4 6897 6899 5908 6155
6899 2 6898 6900
6900 4 6899 6901 7387 9075
6901 5 6900 6902 9741 9480 8313
6902 4 6901 6903 8681 1231
6903 2 6902 6904
6904 3 6903 6905 7638
6905 2 6904 6906
6906 5 6905 6907 1937 856 5620
6907 5 6906 6908 9983 5349 3086
6908 3 6907 6909 3396
6909 4 6908 6910 6481 1438
6910 3 6909 6911 6932
6911 2 6910 6912
6912 6 6911 6913 4939 8909 2532 2099
6913 4 6912 6914 2026 1116
6914 2 6913 6915
6915 3 6914 6916 7283
6916 3 6915 6917 5259
6917 3 6916 6918 5621
6918 5 6917 6919 9753 9128 3675
6919 6 6918 6920 4263 1847 3663 2978
6920 3 6919 6921 1062
6921 3 6920 6922 3674
6922 7 6921 6923 5962 8480 8371 9703 8592
6923 3 6922 6924 2821
6924 5 6923 6925 3155 1768 9921
6925 4 6924 6926 5004 4069
6926 3 6925 6927 175
6927 4 6926 6928 1372 9267
6928 5 6927 6929 9354 8207 766
6929 4 6928 6930 9800 2665
6930 3 6929 6931 175
6931 5 6930 6932 7972 1674 7389
6932 5 6931 6933 5106 6910 227
6933 3 6932 6934 318
6934 2 6933 6935
6935 7 6934 6936 3649 5345 7897 1496 3869
6936 3 6935 6937 5462
6937 2 6936 6938
6938 2 6937 6939
6939 4 6938 6940 8559 8713
6940 4 6939 6941 2329 3200
6941 2 6940 6942
6942 5 6941 6943 4039 5878 9654
6943 5 6942 6944 6326 3451 7708
6944 4 6943 6945 3670 9957
6945 3 6944 6946 330
6946 4 6945 6947 2954 7216
6947 4 6946 6948 6608 3884
6948 3 6947 6949 3796
6949 2 6948 6950
6950 4 6949 6951 9929 8953
6951 2 6950 6952
6952 3 6951 6953 702
6953 4 6952 6954 5912 7262
6954 6 6953 6955 5397 4752 426 7293
6955 2 6954 6956
6956 5 6955 6957 9812 2145 6211
6957 3 6956 6958 124
6958 5 6957 6959 4794 9052 7331
6959 3 6958 6960 8505
6960 4 6959 6961 5449 4540
6961 4 6960 6962 3525 7085
6962 4 6961 6963 8227 6045
6963 4 6962 6964 4283 3702
6964 4 6963 6965 7632 7819
6965 3 6964 6966 2219
6966 4 6965 6967 7425 7862
6967 3 6966 6968 1733
6968 4 6967 6969 4278 8224
6969 4 6968 6970 8455 3449
6970 6 6969 6971 8715 2916 8372 2074
6971 6 6970 6972 2868 3304 9686 5566
6972 3 6971 6973 1785
6973 3 6972 6974 3490
6974 3 6973 6975 6659
6975 3 6974 6976 6167
6976 4 6975 6977 4088 5729
6977 4 6976 6978 1002 2625
6978 3 6977 6979 3163
6979 4 6978 6980 7546 5081
6980 4 6979 6981 2456 7113
6981 3 6980 6982 7871
6982 4 6981 6983 626 4640
6983 4 6982 6984 364 8570
6984 4 6983 6985 8647 9679
6985 5 6984 6986 5473 5752 2793
6986 3 6985 6987 3349
6987 4 6986 6988 6620 7099
6988 3 6987 6989 2632
6989 3 6988 6990 930
6990 4 6989 6991 2504 7234
6991 4 6990 6992 1417 4915
6992 2 6991 6993
6993 3 6992 6994 637
6994 2 6993 6995
6995 4 6994 6996 4381 1698
6996 3 6995 6997 7199
6997 4 6996 6998 858 3363
6998 2 6997 6999
6999 4 6998 7000 6426 14
7000 7 6999 7001 7477 6803 3974 4236 5984
7001 4 7000 7002 3983 7207
7002 5 7001 7003 6636 3506 1097
7003 2 7002 7004
7004 4 7003 7005 1097 5310
7005 2 7004 7006
7006 3 7005 7007 1802
7007 5 7006 7008 3307 1370 2139
7008 3 7007 7009 691
7009 6 7008 7010 5666 7678 4958 996
7010 6 7009 7011 1062 85 155 1796
7011 5 7010 7012 2691 7364 1299
7012 2 7011 7013
7013 3 7012 7014 1779
7014 7 7013 7015 1023 3164 1237 4023 7479
7015 4 7014 7016 857 3049
7016 8 7015 7017 8721 2664 5339 6023 4122 2497
7017 2 7016 7018
7018 5 7017 7019 6541 5458 2769
7019 3 7018 7020 853
7020 3 7019 7021 3981
7021 3 7020 7022 4051
7022 4 7021 7023 8490 914
7023 7 7022 7024 4262 6886 263 2435 1982
7024 5 7023 7025 2074 1293 3104
7025 5 7024 7026 957 451 643
7026 3 7025 7027 590
7027 2 7026 7028
7028 3 7027 7029 4312
7029 3 7028 7030 9334
7030 3 7029 7031 3919
7031 6 7030 7032 5427 8708 3993 2027
7032 5 7031 7033 6335 4981 496
7033 3 7032 7034 243
7034 3 7033 7035 5737
7035 4 7034 7036 1618 8611
7036 3 7035 7037 3717
7037 3 7036 7038 2106
7038 7 7037 7039 7149 7719 5816 777 4558
7039 5 7038 7040 1031 608 8185
7040 4 7039 7041 3507 5229
7041 5 7040 7042 5222 1919 7246
7042 5 7041 7043 4066 8707 6130
7043 6 7042 7044 1094 229 1439 5491
7044 5 7043 7045 392 7327 9348
7045 4 7044 7046 4980 5826
7046 3 7045 7047 6683
7047 4 7046 7048 5014 1752
7048 5 7047 7049 3266 3857 5962
7049 7 7048 7050 6386 614 4432 9919 2896
7050 5 7049 7051 682 2179 5740
7051 3 7050 7052 9253
7052 4 7051 7053 5756 1375
7053 3 7052 7054 8088
7054 3 7053 7055 4322
7055 4 7054 7056 8321 1900
7056 5 7055 7057 2916 577 4096
7057 2 7056 7058
7058 3 7057 7059 6203
7059 2 7058 7060
7060 2 7059 7061
7061 3 7060 7062 6308
7062 3 7061 7063 1107
7063 6 7062 7064 5613 4397 7768 3691
7064 2 7063 7065
7065 4 7064 7066 3799 9899
7066 4 7065 7067 4251 6201
7067 4 7066 7068 8744 5384
7068 4 7067 7069 8445 5808
7069 2 7068 7070
7070 3 7069 7071 4316
7071 6 7070 7072 929 7767 2632 2829
7072 4 7071 7073 4418 5435
7073 3 7072 7074 4898
7074 4 7073 7075 6080 1341
7075 3 7074 7076 2329
7076 4 7075 7077 713 2220
7077 4 7076 7078 5013 2806
7078 6 7077 7079 5446 1899 1843 1645
7079 5 7078 7080 2709 8665 1239
7080 4 7079 7081 7775 3506
7081 3 7080 7082 7281
7082 3 7081 7083 3980
7083 5 7082 7084 4141 1808 2923
7084 3 7083 7085 8094
7085 5 7084 7086 2092 5204 6961
7086 6 7085 7087 1129 4767 398 5860
7087 2 7086 7088
7088 3 7087 7089 6725
7089 4 7088 7090 1652 2311
7090 3 7089 7091 4989
7091 5 7090 7092 2886 2955 9345
7092 6 7091 7093 4361 6034 2896 8312
7093 3 7092 7094 5529
7094 3 7093 7095 4444
7095 4 7094 7096 2666 6704
7096 3 7095 7097 4161
7097 2 7096 7098
7098 4 7097 7099 1659 5076
7099 3 7098 7100 6987
7100 4 7099 7101 7418 975
7101 8 7100 7102 1978 3877 9419 5069 2188 3722
7102 2 7101 7103
7103 4 7102 7104 720 3244
7104 4 7103 7105 8590 3023
7105 3 7104 7106 3385
7106 6 7105 7107 5504 4985 8710 979
7107 3 7106 7108 766
7108 2 7107 7109
7109 4 7108 7110 7754 3961
7110 3 7109 7111 3035
7111 4 7110 7112 9233 1728
7112 4 7111 7113 771 4132
7113 5 7112 7114 2865 9978 6980
7114 4 7113 7115 7631 5372
7115 5 7114 7116 8709 639 9231
7116 2 7115 7117
7117 4 7116 7118 2751 8429
7118 4 7117 7119 2155 1796
7119 3 7118 7120 2723
7120 5 7119 7121 580 9159 4551
7121 5 7120 7122 3085 2039 6200
7122 3 7121 7123 3039
7123 5 7122 7124 493 7791 602
7124 5 7123 7125 714 3105 5872
7125 3 7124 7126 1671
7126 2 7125 7127
7127 4 7126 7128 4068 4556
7128 4 7127 7129 7422 438
7129 5 7128 7130 8934 926 5691
7130 3 7129 7131 9484
7131 3 7130 7132 1455
7132 4 7131 7133 2725 5801
7133 4 7132 7134 5675 8852
7134 3 7133 7135 8196
7135 3 7134 7136 2112
7136 4 7135 7137 834 5536
7137 7 7136 7138 7825 8901 6821 7516 1497
7138 3 7137 7139 1325
7139 2 7138 7140
7140 4 7139 7141 2370 4810
7141 4 7140 7142 7250 8337
7142 4 7141 7143 2144 3230
7143 7 7142 7144 5927 5590 6298 8456 579
7144 4 7143 7145 4942 7593
7145 5 7144 7146 5963 2971 1544
7146 4 7145 7147 4515 1083
7147 2 7146 7148
7148 5 7147 7149 9108 7712 5108
7149 6 7148 7150 7038 1568 7368 5281
7150 3 7149 7151 4344
7151 3 7150 7152 3734
7152 3 7151 7153 2230
7153 3 7152 7154 3504
7154 3 7153 7155 7750
7155 6 7154 7156 7745 6611 2321 891
7156 6 7155 7157 6469 7343 675 4458
7157 3 7156 7158 1089
7158 3 7157 7159 7923
7159 3 7158 7160 6050
7160 4 7159 7161 5527 316
7161 5 7160 7162 3554 5535 1778
7162 2 7161 7163
7163 3 7162 7164 9315
7164 2 7163 7165
7165 5 7164 7166 4490 9660 8639
7166 3 7165 7167 7894
7167 3 7166 7168 9916
7168 2 7167 7169
7169 6 7168 7170 5792 1032 688 1360
7170 2 7169 7171
7171 5 7170 7172 9936 978 1367
7172 2 7171 7173
7173 5 7172 7174 8245 7762 2887
7174 5 7173 7175 1731 9613 715
7175 5 7174 7176 6153 4168 8085
7176 4 7175 7177 2889 9401
7177 7 7176 7178 8770 1333 7225 7228 2420
7178 5 7177 7179 5083 3128 3454
7179 2 7178 7180
7180 3 7179 7181 8764
7181 4 7180 7182 6426 9156
7182 4 7181 7183 2728 2934
7183 4 7182 7184 9857 8793
7184 4 7183 7185 8101 8515
7185 3 7184 7186 4756
7186 4 7185 7187 1198 9656
7187 3 7186 7188 3220
7188 4 7187 7189 986 8975
7189 4 7188 7190 7775 4693
7190 5 7189 7191 140 3017 3902
7191 3 7190 7192 7899
7192 3 7191 7193 6226
7193 2 7192 7194
7194 5 7193 7195 2706 5421 3894
7195 4 7194 7196 7860 2224
7196 3 7195 7197 7758
7197 3 7196 7198 8968
7198 2 7197 7199
7199 3 7198 7200 6996
7200 3 7199 7201 1985
7201 3 7200 7202 1844
7202 3 7201 7203 4404
7203 6 7202 7204 8057 9567 3663 4781
7204 4 7203 7205 8111 5982
7205 3 7204 7206 7739
7206 3 7205 7207 3629
7207 4 7206 7208 4283 7001
7208 2 7207 7209
7209 2 7208 7210
7210 3 7209 7211 6466
7211 3 7210 7212 8398
7212 6 7211 7213 1139 2787 5216 3367
7213 3 7212 7214 3015
7214 4 7213 7215 3211 9911
7215 4 7214 7216 4109 4742
7216 4 7215 7217 5189 6946
7217 5 7216 7218 1716 5137 5872
7218 8 7217 7219 6679 2670 618 3453 2931 2545
7219 5 7218 7220 6386 9813 5326
7220 8 7219 7221 3162 6291 8998 839 1500 7487
7221 3 7220 7222 7880
7222 3 7221 7223 3136
7223 4 7222 7224 9711 3316
7224 3 7223 7225 6548
7225 7 7224 7226 986 7768 7177 4346 4554
7226 3 7225 7227 6676
7227 3 7226 7228 4213
7228 4 7227 7229 7177 5710
7229 3 7228 7230 7419
7230 6 7229 7231 4550 406 5297 5606
7231 3 7230 7232 6709
7232 2 7231 7233
7233 5 7232 7234 6797 4035 6881
7234 6 7233 7235 2006 6990 2133 6548
7235 3 7234 7236 4862
7236 3 7235 7237 4750
7237 5 7236 7238 9051 8936 9171
7238 2 7237 7239
7239 3 7238 7240 4929
7240 5 7239 7241 1116 6563 5655
7241 2 7240 7242
7242 2 7241 7243
7243 5 7242 7244 9326 8635 2246
7244 3 7243 7245 46
7245 3 7244 7246 5328
7246 4 7245 7247 7041 3028
7247 3 7246 7248 1452
7248 5 7247 7249 4917 1290 2359
7249 5 7248 7250 9153 325 9882
7250 5 7249 7251 7141 3797 7434
7251 5 7250 7252 3926 8142 7829
7252 5 7251 7253 4750 7423 345
7253 4 7252 7254 3600 7428
7254 5 7253 7255 3250 7547 3676
7255 3 7254 7256 6614
7256 2 7255 7257
7257 4 7256 7258 2635 2894
7258 3 7257 7259 4856
7259 4 7258 7260 7628 5482
7260 5 7259 7261 593 7983 5593
7261 3 7260 7262 2363
7262 3 7261 7263 6953
7263 3 7262 7264 2565
7264 6 7263 7265 2345 1645 2237 7589
7265 7 7264 7266 3777 4262 5777 9191 6740
7266 4 7265 7267 1369 4776
7267 4 7266 7268 8378 9642
7268 2 7267 7269
7269 2 7268 7270
7270 2 7269 7271
7271 6 7270 7272 1795 7848 6194 6384
7272 2 7271 7273
7273 2 7272 7274
7274 4 7273 7275 2600 4375
7275 4 7274 7276 8186 2623
7276 4 7275 7277 3898 6215
7277 2 7276 7278
7278 4 7277 7279 966 3167
7279 3 7278 7280 5466
7280 5 7279 7281 8112 8398 6734
7281 5 7280 7282 6640 222 7081
7282 4 7281 7283 1380 7831
7283 6 7282 7284 6915 1591 9189 9509
7284 3 7283 7285 6032
7285 4 7284 7286 6195 4785
7286 5 7285 7287 6691 6548 4293
7287 3 7286 7288 650
7288 2 7287 7289
7289 4 7288 7290 6843 6005
7290 3 7289 7291 1809
7291 4 7290 7292 4895 7438
7292 5 7291 7293 6586 2539 3931
7293 3 7292 7294 6954
7294 5 7293 7295 6259 2758 5440
7295 3 7294 7296 8242
7296 3 7295 7297 7628
7297 6 7296 7298 9884 1907 7673 633
7298 3 7297 7299 9586
7299 8 7298 7300 1244 7355 1484 9924 8832 7811
7300 4 7299 7301 8749 2586
7301 3 7300 7302 3396
7302 3 7301 7303 4049
7303 6 7302 7304 438 2693 6107 1287
7304 3 7303 7305 4895
7305 2 7304 7306
7306 5 7305 7307 4402 3489 8362
7307 3 7306 7308 8841
7308 3 7307 7309 3658
7309 4 7308 7310 6354 1324
7310 3 7309 7311 885
7311 5 7310 7312 6532 2072 1645
7312 4 7311 7313 434 5870
7313 4 7312 7314 5517 9183
7314 6 7313 7315 359 8338 3497 6176
7315 3 7314 7316 1862
7316 6 7315 7317 8120 181 8883 9887
7317 2 7316 7318
7318 5 7317 7319 8825 755 8453
7319 4 7318 7320 4914 5207
7320 3 7319 7321 4118
7321 4 7320 7322 3256 5682
7322 4 7321 7323 101 8788
7323 3 7322 7324 2775
7324 3 7323 7325 4961
7325 5 7324 7326 9206 5069 9131
7326 3 7325 7327 1873
7327 4 7326 7328 7887 7044
7328 2 7327 7329
7329 4 7328 7330 3967 8150
7330 3 7329 7331 6376
7331 8 7330 7332 3698 2164 2249 5283 6958 2085
7332 4 7331 7333 8279 2421
7333 2 7332 7334
7334 3 7333 7335 9636
7335 3 7334 7336 9214
7336 3 7335 7337 7435
7337 3 7336 7338 6771
7338 4 7337 7339 3306 2704
7339 4 7338 7340 1652 5255
7340 5 7339 7341 8598 6545 2747
7341 7 7340 7342 6606 2844 6742 147 5691
7342 6 7341 7343 7787 5598 5881 3330
7343 4 7342 7344 7156 7740
7344 3 7343 7345 7665
7345 3 7344 7346 317
7346 6 7345 7347 4633 3175 3384 2126
7347 5 7346 7348 4803 1651 2797
7348 7 7347 7349 1484 1337 7711 8816 3255
7349 2 7348 7350
7350 4 7349 7351 8029 396
7351 2 7350 7352
7352 4 7351 7353 8160 473
7353 4 7352 7354 4477 2037
7354 3 7353 7355 1015
7355 5 7354 7356 6427 7299 2698
7356 5 7355 7357 4077 9671 4277
7357 7 7356 7358 2202 860 8252 8251 8427
7358 5 7357 7359 6646 930 9670
7359 4 7358 7360 8789 6460
7360 4 7359 7361 5276 1826
7361 5 7360 7362 3629 8307 2608
7362 4 7361 7363 6330 4393
7363 2 7362 7364
7364 8 7363 7365 6122 9306 2848 7011 5368 2895
7365 3 7364 7366 3597
7366 3 7365 7367 6050
7367 2 7366 7368
7368 6 7367 7369 3178 593 7149 973
7369 4 7368 7370 4923 2099
7370 2 7369 7371
7371 3 7370 7372 2025
7372 4 7371 7373 4310 3266
7373 4 7372 7374 8323 86
7374 4 7373 7375 1329 9862
7375 5 7374 7376 1286 2659 6641
7376 4 7375 7377 6576 3084
7377 4 7376 7378 886 1435
7378 4 7377 7379 288 951
7379 4 7378 7380 6784 5632
7380 4 7379 7381 2570 871
7381 4 7380 7382 3005 9912
7382 4 7381 7383 8487 381
7383 6 7382 7384 7649 1838 1010 2139
7384 3 7383 7385 3741
7385 3 7384 7386 3248
7386 3 7385 7387 716
7387 5 7386 7388 2994 6900 1545
7388 3 7387 7389 1310
7389 6 7388 7390 2557 4477 6931 172
7390 3 7389 7391 8107
7391 6 7390 7392 3451 4714 4988 1555
7392 5 7391 7393 1307 9412 6620
7393 8 7392 7394 743 784 583 1676 8637 8734
7394 6 7393 7395 7777 5051 6540 9475
7395 7 7394 7396 6058 3343 6484 5620 583
7396 2 7395 7397
7397 5 7396 7398 339 94 880
7398 2 7397 7399
7399 3 7398 7400 8679
7400 5 7399 7401 6717 1464 8245
7401 5 7400 7402 7748 9558 1044
7402 6 7401 7403 5354 3134 5553 1481
7403 2 7402 7404
7404 2 7403 7405
7405 3 7404 7406 8325
7406 2 7405 7407
7407 4 7406 7408 6214 4201
7408 3 7407 7409 8992
7409 3 7408 7410 677
7410 2 7409 7411
7411 4 7410 7412 7662 5266
7412 4 7411 7413 3752 2232
7413 2 7412 7414
7414 3 7413 7415 8466
7415 5 7414 7416 6272 4919 2408
7416 2 7415 7417
7417 2 7416 7418
7418 4 7417 7419 7100 5318
7419 4 7418 7420 2290 7229
7420 5 7419 7421 1816 1478 9815
7421 2 7420 7422
7422 5 7421 7423 7128 9245 1117
7423 5 7422 7424 5130 7252 417
7424 6 7423 7425 8940 9576 2812 8340
7425 4 7424 7426 7967 6966
7426 2 7425 7427
7427 5 7426 7428 7786 4287 4133
7428 4 7427 7429 1191 7253
7429 4 7428 7430 4206 8300
7430 5 7429 7431 2445 2115 1537
7431 3 7430 7432 3849
7432 4 7431 7433 265 4743
7433 5 7432 7434 7494 1829 5937
7434 8 7433 7435 5488 6454 4335 3007 638 7250
7435 6 7434 7436 1074 7336 3858 2061
7436 5 7435 7437 6468 5714 70
7437 5 7436 7438 7680 8621 9993
7438 5 7437 7439 2994 421 7291
7439 3 7438 7440 8947
7440 2 7439 7441
7441 4 7440 7442 8021 4613
7442 7 7441 7443 8438 5635 2371 4431 5227
7443 3 7442 7444 8854
7444 3 7443 7445 9518
7445 3 7444 7446 1313
7446 5 7445 7447 9014 4749 2856
7447 2 7446 7448
7448 3 7447 7449 5750
7449 4 7448 7450 9281 839
7450 3 7449 7451 2201
7451 3 7450 7452 4086
7452 4 7451 7453 5800 4355
7453 5 7452 7454 8194 6853 685
7454 7 7453 7455 2077 1973 5734 8323 3431
7455 4 7454 7456 7506 9263
7456 5 7455 7457 8955 5167 7617
7457 7 7456 7458 5795 4345 5266 9352 2953
7458 6 7457 7459 8360 6022 9301 1770
7459 4 7458 7460 2643 7665
7460 3 7459 7461 7857
7461 5 7460 7462 447 1088 6402
7462 5 7461 7463 4168 912 7679
7463 4 7462 7464 9451 8733
7464 5 7463 7465 8563 4862 8513
7465 5 7464 7466 9819 4125 3105
7466 5 7465 7467 958 1689 1728
7467 5 7466 7468 9341 9905 8578
7468 5 7467 7469 6127 8539 4328
7469 5 7468 7470 9570 3300 8890
7470 3 7469 7471 1580
7471 5 7470 7472 1742 2965 4153
7472 5 7471 7473 115 609 6042
7473 4 7472 7474 7552 3124
7474 3 7473 7475 2164
7475 7 7474 7476 8268 9228 2001 694 9053
7476 5 7475 7477 8129 1704 7978
7477 4 7476 7478 7000 9691
7478 5 7477 7479 2116 9527 9457
7479 5 7478 7480 7893 1360 7014
7480 5 7479 7481 1997 4529 2503
7481 3 7480 7482 6835
7482 7 7481 7483 8190 5372 8470 2094 1631
7483 4 7482 7484 1664 6196
7484 3 7483 7485 9149
7485 3 7484 7486 9373
7486 2 7485 7487
7487 4 7486 7488 1892 7220
7488 5 7487 7489 5031 2179 690
7489 2 7488 7490
7490 3 7489 7491 3808
7491 4 7490 7492 4761 7724
7492 5 7491 7493 4539 8535 3267
7493 4 7492 7494 8071 5544
7494 4 7493 7495 7433 8402
7495 4 7494 7496 5304 4824
7496 5 7495 7497 3415 2521 5564
7497 4 7496 7498 8751 2195
7498 4 7497 7499 3114 8736
7499 6 7498 7500 3894 1544 9177 8737
7500 3 7499 7501 8657
7501 5 7500 7502 9863 9419 1667
7502 5 7501 7503 1905 6593 2160
7503 4 7502 7504 3105 3178
7504 5 7503 7505 4918 6134 3172
7505 2 7504 7506
7506 6 7505 7507 3347 7455 5844 2337
7507 6 7506 7508 2896 3833 4626 9379
7508 5 7507 7509 2328 4699 2215
7509 5 7508 7510 6571 4027 6233
7510 2 7509 7511
7511 5 7510 7512 3313 4718 4625
7512 5 7511 7513 9156 1375 5220
7513 4 7512 7514 2061 3669
7514 4 7513 7515 4658 1442
7515 5 7514 7516 2306 7750 3202
7516 5 7515 7517 8471 8082 7137
7517 6 7516 7518 765 8519 4401 5334
7518 4 7517 7519 5602 8404
7519 6 7518 7520 3063 6594 289 2447
7520 2 7519 7521
7521 4 7520 7522 2586 879
7522 4 7521 7523 3306 9421
7523 4 7522 7524 1983 8636
7524 6 7523 7525 5401 5786 320 8478
7525 3 7524 7526 5015
7526 5 7525 7527 501 8314 3255
7527 4 7526 7528 165 1987
7528 3 7527 7529 8089
7529 4 7528 7530 5819 411
7530 2 7529 7531
7531 5 7530 7532 6306 4042 5602
7532 7 7531 7533 7803 4666 968 5577 3006
7533 4 7532 7534 8990 6390
7534 5 7533 7535 1869 7803 5670
7535 2 7534 7536
7536 4 7535 7537 3048 3482
7537 5 7536 7538 8170 6482 2093
7538 5 7537 7539 7803 2733 6034
7539 4 7538 7540 9720 1847
7540 3 7539 7541 558
7541 5 7540 7542 1425 7778 8131
7542 7 7541 7543 2589 729 3993 9036 3474
7543 3 7542 7544 4464
7544 2 7543 7545
7545 5 7544 7546 4905 4007 5165
7546 4 7545 7547 6979 3486
7547 8 7546 7548 1786 1576 1297 9010 7254 9482
7548 3 7547 7549 579
7549 5 7548 7550 5209 3720 8157
7550 5 7549 7551 3288 5652 9305
7551 4 7550 7552 4762 707
7552 4 7551 7553 2369 7473
7553 2 7552 7554
7554 2 7553 7555
7555 3 7554 7556 9121
7556 5 7555 7557 5528 3344 1288
7557 4 7556 7558 6568 3844
7558 5 7557 7559 2114 8158 1658
7559 4 7558 7560 4097 8777
7560 3 7559 7561 6135
7561 5 7560 7562 3822 5659 1889
7562 6 7561 7563 4051 445 7626 585
7563 3 7562 7564 682
7564 5 7563 7565 3907 8421 1691
7565 4 7564 7566 98 4734
7566 6 7565 7567 8796 899 276 5847
7567 4 7566 7568 6600 9818
7568 3 7567 7569 3330
7569 4 7568 7570 246 9776
7570 3 7569 7571 3801
7571 4 7570 7572 4206 9691
7572 5 7571 7573 2015 538 2953
7573 2 7572 7574
7574 4 7573 7575 2068 4152
7575 6 7574 7576 1443 9933 6305 9819
7576 5 7575 7577 6592 8297 4393
7577 2 7576 7578
7578 3 7577 7579 7974
7579 4 7578 7580 136 748
7580 8 7579 7581 1838 6826 4682 7722 3338 8186
7581 5 7580 7582 4352 2970 8971
7582 4 7581 7583 6478 6281
7583 3 7582 7584 3414
7584 4 7583 7585 5691 8172
7585 4 7584 7586 3405 4590
7586 2 7585 7587
7587 2 7586 7588
7588 3 7587 7589 1653
7589 4 7588 7590 5440 7264
7590 2 7589 7591
7591 3 7590 7592 3162
7592 4 7591 7593 490 1554
7593 5 7592 7594 2480 6263 7144
7594 4 7593 7595 1316 9808
7595 2 7594 7596
7596 4 7595 7597 8565 1475
7597 4 7596 7598 464 8924
7598 5 7597 7599 9259 2811 6299
7599 2 7598 7600
7600 2 7599 7601
7601 5 7600 7602 109 5351 4876
7602 3 7601 7603 1939
7603 5 7602 7604 372 2646 2867
7604 2 7603 7605
7605 4 7604 7606 4940 3720
7606 5 7605 7607 4767 5252 9603
7607 3 7606 7608 4252
7608 3 7607 7609 701
7609 4 7608 7610 8021 2863
7610 3 7609 7611 7650
7611 3 7610 7612 210
7612 2 7611 7613
7613 6 7612 7614 5238 2868 9572 5871
7614 3 7613 7615 1128
7615 2 7614 7616
7616 6 7615 7617 6539 9713 3307 317
7617 5 7616 7618 3398 7456 1101
7618 5 7617 7619 4318 4554 6885
7619 4 7618 7620 512 1768
7620 4 7619 7621 965 9160
7621 5 7620 7622 903 6269 4291
7622 4 7621 7623 1980 2036
7623 3 7622 7624 8807
7624 3 7623 7625 2229
7625 5 7624 7626 505 6536 1845
7626 5 7625 7627 449 7562 9185
7627 3 7626 7628 8314
7628 9 7627 7629 9689 7259 1617 6403 7296 8032 65
7629 2 7628 7630
7630 4 7629 7631 5093 3440
7631 4 7630 7632 7114 8122
7632 3 7631 7633 6964
7633 2 7632 7634
7634 6 7633 7635 6270 2002 1176 8864
7635 3 7634 7636 9709
7636 4 7635 7637 4190 3223
7637 3 7636 7638 8105
7638 3 7637 7639 6904
7639 5 7638 7640 2713 6841 1395
7640 5 7639 7641 2335 1009 6522
7641 2 7640 7642
7642 2 7641 7643
7643 4 7642 7644 1335 2397
7644 2 7643 7645
7645 7 7644 7646 818 296 4360 3931 3299
7646 5 7645 7647 2578 1552 1443
7647 4 7646 7648 8953 716
7648 4 7647 7649 89 5492
7649 4 7648 7650 7383 1881
7650 5 7649 7651 7610 9573 4644
7651 5 7650 7652 2575 1743 6857
7652 5 7651 7653 2349 8565 7726
7653 4 7652 7654 9237 1035
7654 8 7653 7655 5680 9250 4309 2448 761 5579
7655 2 7654 7656
7656 3 7655 7657 6333
7657 2 7656 7658
7658 4 7657 7659 2898 8128
7659 3 7658 7660 2510
7660 4 7659 7661 9705 4230
7661 6 7660 7662 6531 4260 6050 8110
7662 6 7661 7663 4523 6593 8520 7411
7663 4 7662 7664 8568 6364
7664 2 7663 7665
7665 4 7664 7666 7459 7344
7666 3 7665 7667 2501
7667 2 7666 7668
7668 3 7667 7669 5600
7669 3 7668 7670 8432
7670 5 7669 7671 2495 5707 3490
7671 7 7670 7672 5251 4880 5175 6094 8640
7672 4 7671 7673 3937 5426
7673 4 7672 7674 7297 6388
7674 5 7673 7675 6700 1028 1500
7675 3 7674 7676 6046
7676 4 7675 7677 5429 5825
7677 5 7676 7678 3869 8211 543
7678 3 7677 7679 7009
7679 7 7678 7680 1987 3094 6165 9358 7462
7680 4 7679 7681 7437 4215
7681 3 7680 7682 5447
7682 4 7681 7683 1927 6673
7683 2 7682 7684
7684 4 7683 7685 6384 1846
7685 3 7684 7686 1188
7686 4 7685 7687 3791 994
7687 2 7686 7688
7688 2 7687 7689
7689 3 7688 7690 1392
7690 3 7689 7691 1969
7691 5 7690 7692 4843 2573 4550
7692 5 7691 7693 5434 9490 314
7693 3 7692 7694 7858
7694 3 7693 7695 2466
7695 3 7694 7696 6610
7696 4 7695 7697 8709 9817
7697 3 7696 7698 1020
7698 2 7697 7699
7699 4 7698 7700 5625 1211
7700 4 7699 7701 1274 2021
7701 3 7700 7702 8706
7702 2 7701 7703
7703 4 7702 7704 642 4596
7704 3 7703 7705 7868
7705 4 7704 7706 4038 4698
7706 2 7705 7707
7707 6 7706 7708 6802 956 8009 5174
7708 6 7707 7709 1701 5204 3267 6943
7709 4 7708 7710 2949 1048
7710 6 7709 7711 9967 185 351 2980
7711 4 7710 7712 9626 7348
7712 3 7711 7713 7148
7713 2 7712 7714
7714 2 7713 7715
7715 6 7714 7716 6008 5562 4757 6135
7716 3 7715 7717 6014
7717 2 7716 7718
7718 2 7717 7719
7719 6 7718 7720 2252 8241 1258 7038
7720 3 7719 7721 3144
7721 3 7720 7722 7740
7722 7 7721 7723 8561 7580 185 4844 2800
7723 3 7722 7724 5129
7724 3 7723 7725 7491
7725 2 7724 7726
7726 4 7725 7727 2656 7652
7727 7 7726 7728 2608 3268 6517 9334 2824
7728 3 7727 7729 9650
7729 5 7728 7730 8506 1871 7978
7730 3 7729 7731 1343
7731 4 7730 7732 8256 2040
7732 6 7731 7733 4817 2442 4416 3763
7733 3 7732 7734 6337
7734 7 7733 7735 4670 8517 236 1334 6593
7735 4 7734 7736 4915 4498
7736 5 7735 7737 4483 1502 707
7737 4 7736 7738 8570 565
7738 7 7737 7739 6774 2735 3750 4132 3953
7739 5 7738 7740 6060 2920 7205
7740 4 7739 7741 7721 7343
7741 4 7740 7742 8861 2149
7742 4 7741 7743 4006 2486
7743 4 7742 7744 2568 6192
7744 5 7743 7745 2625 9119 3918
7745 8 7744 7746 7155 8464 5273 1596 190 3844
7746 3 7745 7747 1030
7747 3 7746 7748 752
7748 4 7747 7749 7401 8527
7749 3 7748 7750 5405
7750 5 7749 7751 7154 7515 4803
7751 2 7750 7752
7752 7 7751 7753 5165 6412 2511 5432 1999
7753 2 7752 7754
7754 3 7753 7755 7109
7755 2 7754 7756
7756 2 7755 7757
7757 4 7756 7758 3349 5158
7758 5 7757 7759 8084 7196 1240
7759 3 7758 7760 9070
7760 3 7759 7761 9641
7761 3 7760 7762 5174
7762 8 7761 7763 9586 4612 352 7173 6109 4610
7763 2 7762 7764
7764 2 7763 7765
7765 3 7764 7766 4339
7766 3 7765 7767 1009
7767 8 7766 7768 8604 7071 5009 2951 8512 1746
7768 5 7767 7769 6692 7225 7063
7769 4 7768 7770 5530 5062
7770 5 7769 7771 138 562 508
7771 3 7770 7772 2417
7772 2 7771 7773
7773 2 7772 7774
7774 3 7773 7775 425
7775 6 7774 7776 4974 7189 7080 2290
7776 5 7775 7777 2200 6893 6267
7777 3 7776 7778 7394
7778 3 7777 7779 7541
7779 4 7778 7780 759 8804
7780 3 7779 7781 7871
7781 4 7780 7782 3383 6512
7782 3 7781 7783 4321
7783 4 7782 7784 8357 6621
7784 2 7783 7785
7785 4 7784 7786 8766 5297
7786 4 7785 7787 7427 805
7787 3 7786 7788 7342
7788 4 7787 7789 2684 5546
7789 2 7788 7790
7790 4 7789 7791 2373 8369
7791 6 7790 7792 3257 7123 9612 1675
7792 5 7791 7793 317 560 3320
7793 2 7792 7794
7794 3 7793 7795 9131
7795 3 7794 7796 4091
7796 3 7795 7797 4908
7797 3 7796 7798 9495
7798 2 7797 7799
7799 5 7798 7800 6252 8146 9954
7800 2 7799 7801
7801 5 7800 7802 1088 6239 4166
7802 6 7801 7803 2551 2309 4607 8079
7803 7 7802 7804 7534 7538 7532 8403 8665
7804 7 7803 7805 9069 405 880 5801 9860
7805 4 7804 7806 1071 8495
7806 3 7805 7807 3837
7807 4 7806 7808 2117 9561
7808 2 7807 7809
7809 3 7808 7810 1512
7810 2 7809 7811
7811 7 7810 7812 9886 4206 2712 3551 7299
7812 5 7811 7813 1464 6560 5974
7813 4 7812 7814 3996 9978
7814 2 7813 7815
7815 6 7814 7816 1825 3896 5366 8982
7816 4 7815 7817 4018 5772
7817 4 7816 7818 5909 8048
7818 4 7817 7819 3265 8617
7819 3 7818 7820 6964
7820 3 7819 7821 567
7821 2 7820 7822
7822 5 7821 7823 3276 8826 5047
7823 4 7822 7824 1816 6413
7824 2 7823 7825
7825 5 7824 7826 7137 2627 6254
7826 2 7825 7827
7827 4 7826 7828 8751 9806
7828 5 7827 7829 965 302 9122
7829 5 7828 7830 2643 7251 1430
7830 5 7829 7831 3374 2519 4576
7831 5 7830 7832 3943 8673 7282
7832 6 7831 7833 9925 839 1510 2536
7833 3 7832 7834 6359
7834 4 7833 7835 163 6156
7835 3 7834 7836 1054
7836 3 7835 7837 8588
7837 2 7836 7838
7838 5 7837 7839 5800 2835 455
7839 6 7838 7840 1452 2041 9808 2391
7840 5 7839 7841 4420 2531 5192
7841 3 7840 7842 8820
7842 3 7841 7843 3847
7843 6 7842 7844 5610 3382 807 6354
7844 3 7843 7845 6831
7845 6 7844 7846 4938 3771 2824 4288
7846 2 7845 7847
7847 10 7846 7848 5214 6005 6297 5024 3513 2755 8923 1458
7848 4 7847 7849 7271 6483
7849 3 7848 7850 366
7850 3 7849 7851 4317
7851 3 7850 7852 6021
7852 4 7851 7853 6637 3715
7853 3 7852 7854 2863
7854 2 7853 7855
7855 5 7854 7856 200 5041 1595
7856 4 7855 7857 2786 1254
7857 6 7856 7858 6160 7460 4028 7864
7858 4 7857 7859 7693 575
7859 3 7858 7860 2312
7860 3 7859 7861 7195
7861 5 7860 7862 5902 4110 1304
7862 6 7861 7863 4963 8576 5335 6966
7863 2 7862 7864
7864 6 7863 7865 9470 7896 5082 7857
7865 4 7864 7866 5697 9671
7866 5 7865 7867 594 3805 376
7867 3 7866 7868 1127
7868 6 7867 7869 430 7704 9228 157
7869 4 7868 7870 3708 9331
7870 2 7869 7871
7871 6 7870 7872 3093 7780 3381 6981
7872 5 7871 7873 5257 573 130
7873 4 7872 7874 2281 3471
7874 5 7873 7875 2243 9598 9634
7875 3 7874 7876 8913
7876 2 7875 7877
7877 5 7876 7878 446 627 6696
7878 2 7877 7879
7879 4 7878 7880 8703 3168
7880 3 7879 7881 7221
7881 2 7880 7882
7882 3 7881 7883 3661
7883 2 7882 7884
7884 3 7883 7885 9949
7885 5 7884 7886 20 6711 5819
7886 3 7885 7887 4534
7887 8 7886 7888 1172 7327 9085 9293 4969 9262
7888 3 7887 7889 1958
7889 4 7888 7890 6564 6454
7890 3 7889 7891 579
7891 3 7890 7892 8866
7892 2 7891 7893
7893 6 7892 7894 1181 7479 3719 1693
7894 4 7893 7895 7166 1169
7895 4 7894 7896 8811 8061
7896 5 7895 7897 7864 6512 2594
7897 5 7896 7898 6935 3468 4417
7898 7 7897 7899 9693 2515 1868 8232 8032
7899 5 7898 7900 8884 4977 7191
7900 3 7899 7901 950
7901 3 7900 7902 9623
7902 2 7901 7903
7903 5 7902 7904 6095 1395 682
7904 3 7903 7905 9487
7905 4 7904 7906 4874 4987
7906 4 7905 7907 1746 3239
7907 5 7906 7908 6015 8267 279
7908 5 7907 7909 5528 6166 9599
7909 2 7908 7910
7910 6 7909 7911 6302 541 2149 5763
7911 6 7910 7912 1552 3178 1131 5909
7912 4 7911 7913 7946 9850
7913 3 7912 7914 335
7914 3 7913 7915 1584
7915 3 7914 7916 6380
7916 3 7915 7917 5451
7917 8 7916 7918 260 2439 23 5605 2466 2211
7918 6 7917 7919 1997 4005 6754 1467
7919 6 7918 7920 8176 9937 5225 8596
7920 3 7919 7921 2793
7921 5 7920 7922 1506 1218 9086
7922 6 7921 7923 3442 5820 4677 4893
7923 4 7922 7924 8569 7158
7924 4 7923 7925 915 5144
7925 2 7924 7926
7926 2 7925 7927
7927 2 7926 7928
7928 3 7927 7929 8460
7929 3 7928 7930 8752
7930 3 7929 7931 3419
7931 3 7930 7932 9386
7932 4 7931 7933 5486 4339
7933 3 7932 7934 2447
7934 5 7933 7935 8092 5621 6562
7935 3 7934 7936 9968
7936 5 7935 7937 3565 3663 8444
7937 7 7936 7938 542 1659 3339 8561 5954
7938 4 7937 7939 9050 1073
7939 4 7938 7940 9212 6197
7940 6 7939 7941 8189 2013 368 3038
7941 3 7940 7942 6101
7942 3 7941 7943 8390
7943 2 7942 7944
7944 4 7943 7945 1935 3807
7945 2 7944 7946
7946 4 7945 7947 7912 9608
7947 4 7946 7948 4685 4101
7948 3 7947 7949 8527
7949 4 7948 7950 2159 1954
7950 2 7949 7951
7951 4 7950 7952 1966 3561
7952 3 7951 7953 5493
7953 4 7952 7954 1989 2481
7954 5 7953 7955 5293 4859 49
7955 4 7954 7956 3277 3449
7956 5 7955 7957 558 1695 2386
7957 2 7956 7958
7958 2 7957 7959
7959 7 7958 7960 717 5139 4910 2284 9337
7960 3 7959 7961 5445
7961 2 7960 7962
7962 4 7961 7963 1623 2128
7963 5 7962 7964 4442 608 2047
7964 6 7963 7965 973 2911 5055 8097
7965 2 7964 7966
7966 4 7965 7967 5103 6519
7967 4 7966 7968 3116 7425
7968 5 7967 7969 4240 3686 5230
7969 2 7968 7970
7970 4 7969 7971 8204 9189
7971 2 7970 7972
7972 4 7971 7973 6931 2725
7973 2 7972 7974
7974 3 7973 7975 7578
7975 2 7974 7976
7976 4 7975 7977 1453 5575
7977 3 7976 7978 8792
7978 8 7977 7979 602 7476 93 5732 6213 7729
7979 4 7978 7980 1896 5234
7980 2 7979 7981
7981 4 7980 7982 1828 3630
7982 5 7981 7983 3896 9187 2342
7983 4 7982 7984 7260 6771
7984 3 7983 7985 113
7985 4 7984 7986 1421 1097
7986 5 7985 7987 4882 4319 5128
7987 4 7986 7988 4915 1800
7988 2 7987 7989
7989 5 7988 7990 3945 5202 8538
7990 4 7989 7991 1683 9867
7991 3 7990 7992 4193
7992 3 7991 7993 101
7993 3 7992 7994 3735
7994 3 7993 7995 6381
7995 4 7994 7996 1617 2512
7996 5 7995 7997 706 5682 2493
7997 5 7996 7998 4613 1076 1537
7998 2 7997 7999
7999 4 7998 8000 2457 2258
8000 4 7999 8001 6332 3543
8001 3 8000 8002 4839
8002 3 8001 8003 8101
8003 5 8002 8004 3307 8221 486
8004 2 8003 8005
8005 3 8004 8006 396
8006 3 8005 8007 1297
8007 3 8006 8008 6653
8008 4 8007 8009 2214 6653
8009 4 8008 8010 7707 5859
8010 5 8009 8011 8216 8206 8476
8011 2 8010 8012
8012 3 8011 8013 4502
8013 6 8012 8014 4751 8479 5579 3597
8014 4 8013 8015 9915 9613
8015 2 8014 8016
8016 3 8015 8017 8290
8017 5 8016 8018 6826 8310 8567
8018 3 8017 8019 6458
8019 5 8018 8020 4284 1409 1959
8020 3 8019 8021 2166
8021 7 8020 8022 7609 9387 7441 8140 1353
8022 5 8021 8023 15 9900 4064
8023 4 8022 8024 4537 2168
8024 3 8023 8025 2772
8025 4 8024 8026 3323 1339
8026 5 8025 8027 3441 2412 3225
8027 3 8026 8028 9675
8028 5 8027 8029 1346 1129 9127
8029 4 8028 8030 7350 231
8030 6 8029 8031 8695 6707 5470 5235
8031 4 8030 8032 1615 4796
8032 5 8031 8033 7628 7898 9437
8033 3 8032 8034 8837
8034 3 8033 8035 9366
8035 2 8034 8036
8036 3 8035 8037 4319
8037 3 8036 8038 5922
8038 2 8037 8039
8039 2 8038 8040
8040 4 8039 8041 846 3227
8041 3 8040 8042 193
8042 6 8041 8043 3630 5081 2439 8743
8043 2 8042 8044
8044 4 8043 8045 2876 13
8045 2 8044 8046
8046 3 8045 8047 3314
8047 3 8046 8048 9583
8048 4 8047 8049 7817 559
8049 6 8048 8050 6164 4781 6862 5837
8050 2 8049 8051
8051 2 8050 8052
8052 2 8051 8053
8053 4 8052 8054 8560 5779
8054 2 8053 8055
8055 4 8054 8056 9801 2225
8056 2 8055 8057
8057 5 8056 8058 7203 8707 2042
8058 2 8057 8059
8059 5 8058 8060 9566 5827 8158
8060 3 8059 8061 1624
8061 10 8060 8062 9992 6866 6621 1197 3284 2075 7895 4615
8062 2 8061 8063
8063 3 8062 8064 6734
8064 4 8063 8065 4030 9987
8065 2 8064 8066
8066 3 8065 8067 4211
8067 4 8066 8068 2024 9875
8068 4 8067 8069 9764 9274
8069 5 8068 8070 58 5685 8549
8070 5 8069 8071 6758 3008 9522
8071 5 8070 8072 7493 8391 2766
8072 3 8071 8073 6307
8073 4 8072 8074 8170 9128
8074 4 8073 8075 8912 2309
8075 4 8074 8076 78 2536
8076 4 8075 8077 2405 8728
8077 5 8076 8078 838 5882 5294
8078 6 8077 8079 700 5956 3364 5702
8079 5 8078 8080 9886 1020 7802
8080 4 8079 8081 4524 8509
8081 2 8080 8082
8082 4 8081 8083 7516 9937
8083 4 8082 8084 1093 2420
8084 4 8083 8085 7758 1679
8085 7 8084 8086 7175 5643 1927 3133 1403
8086 4 8085 8087 2522 1047
8087 4 8086 8088 2777 1482
8088 6 8087 8089 5085 4727 1904 7053
8089 4 8088 8090 7528 2872
8090 3 8089 8091 5304
8091 5 8090 8092 1679 9289 5101
8092 6 8091 8093 7934 3018 1873 8733
8093 2 8092 8094
8094 4 8093 8095 6507 7084
8095 4 8094 8096 6801 4307
8096 3 8095 8097 2297
8097 6 8096 8098 4600 2382 7964 4788
8098 4 8097 8099 6815 3944
8099 6 8098 8100 3008 3597 2703 853
8100 4 8099 8101 4714 9693
8101 6 8100 8102 447 8002 354 7184
8102 4 8101 8103 855 9036
8103 6 8102 8104 235 6213 1548 3988
8104 3 8103 8105 4686
8105 5 8104 8106 9955 4071 7637
8106 2 8105 8107
8107 4 8106 8108 7390 5302
8108 4 8107 8109 1070 2593
8109 3 8108 8110 9318
8110 6 8109 8111 4744 205 7661 2918
8111 4 8110 8112 7204 9445
8112 5 8111 8113 3450 7280 5616
8113 4 8112 8114 1628 4772
8114 4 8113 8115 2113 3885
8115 5 8114 8116 827 5098 3085
8116 5 8115 8117 9412 5483 2437
8117 2 8116 8118
8118 3 8117 8119 8557
8119 5 8118 8120 4600 2535 4800
8120 5 8119 8121 7316 6505 4730
8121 4 8120 8122 77 4490
8122 4 8121 8123 7631 5002
8123 4 8122 8124 3901 6214
8124 6 8123 8125 4777 4533 2501 244
8125 4 8124 8126 1938 3887
8126 2 8125 8127
8127 3 8126 8128 8751
8128 6 8127 8129 167 7658 8966 1585
8129 5 8128 8130 7476 6574 4724
8130 4 8129 8131 2314 9946
8131 3 8130 8132 7541
8132 6 8131 8133 9422 3472 8705 9998
8133 5 8132 8134 954 6137 5063
8134 5 8133 8135 9595 2063 849
8135 3 8134 8136 4868
8136 3 8135 8137 2252
8137 5 8136 8138 3763 9533 4259
8138 4 8137 8139 5995 2228
8139 4 8138 8140 254 8713
8140 4 8139 8141 3100 8021
8141 4 8140 8142 3927 3240
8142 5 8141 8143 3151 7251 4483
8143 5 8142 8144 4038 4529 3733
8144 4 8143 8145 5718 5795
8145 4 8144 8146 9830 3097
8146 5 8145 8147 6440 3077 7799
8147 3 8146 8148 2414
8148 2 8147 8149
8149 3 8148 8150 8582
8150 3 8149 8151 7329
8151 4 8150 8152 2314 9498
8152 6 8151 8153 8705 4850 8709 3289
8153 8 8152 8154 5888 2314 251 2953 1971 3311
8154 2 8153 8155
8155 2 8154 8156
8156 5 8155 8157 2659 341 3821
8157 3 8156 8158 7549
8158 5 8157 8159 2207 7558 8059
8159 11 8158 8160 3060 2222 2524 2851 6111 5992 2891 8378 540
8160 5 8159 8161 7352 4515 5289
8161 5 8160 8162 5688 5433 8795
8162 3 8161 8163 3884
8163 2 8162 8164
8164 5 8163 8165 3180 4275 5940
8165 3 8164 8166 5690
8166 6 8165 8167 5894 9337 8936 5005
8167 3 8166 8168 5033
8168 3 8167 8169 3282
8169 3 8168 8170 2969
8170 8 8169 8171 7537 9853 8073 2881 6859 4837
8171 2 8170 8172
8172 6 8171 8173 3088 2130 3409 7584
8173 5 8172 8174 8608 4591 742
8174 4 8173 8175 9359 3629
8175 3 8174 8176 1905
8176 5 8175 8177 503 7919 3789
8177 3 8176 8178 100
8178 4 8177 8179 658 6608
8179 4 8178 8180 4741 1799
8180 2 8179 8181
8181 2 8180 8182
8182 7 8181 8183 3694 9776 3448 1275 3836
8183 2 8182 8184
8184 2 8183 8185
8185 5 8184 8186 231 4556 7039
8186 5 8185 8187 3398 7275 7580
8187 3 8186 8188 3042
8188 2 8187 8189
8189 4 8188 8190 5373 7940
8190 5 8189 8191 7482 5672 6145
8191 6 8190 8192 2332 5024 2582 2193
8192 5 8191 8193 8214 770 4558
8193 3 8192 8194 942
8194 5 8193 8195 7453 6828 9925
8195 3 8194 8196 9765
8196 5 8195 8197 7134 6146 1183
8197 6 8196 8198 2012 6185 5198 1401
8198 5 8197 8199 8456 9026 4090
8199 3 8198 8200 3789
8200 3 8199 8201 3096
8201 4 8200 8202 9286 9005
8202 4 8201 8203 8406 6863
8203 4 8202 8204 6051 9417
8204 6 8203 8205 5973 7970 5815 129
8205 5 8204 8206 4379 5830 1083
8206 7 8205 8207 6103 4248 8010 15 8982
8207 5 8206 8208 2592 6928 6257
8208 4 8207 8209 3240 1332
8209 4 8208 8210 4571 3109
8210 8 8209 8211 4482 3526 2983 2143 9413 6426
8211 4 8210 8212 9424 7677
8212 6 8211 8213 9457 5332 198 8878
8213 3 8212 8214 376
8214 3 8213 8215 8192
8215 4 8214 8216 8856 1192
8216 6 8215 8217 2995 306 8010 5445
8217 2 8216 8218
8218 4 8217 8219 6529 5194
8219 3 8218 8220 4167
8220 5 8219 8221 9884 2338 6777
8221 6 8220 8222 4328 5736 8003 6624
8222 4 8221 8223 321 2629
8223 4 8222 8224 1014 5810
8224 4 8223 8225 9781 6968
8225 5 8224 8226 4713 551 1
8226 4 8225 8227 9968 5484
8227 6 8226 8228 6962 9893 996 1702
8228 7 8227 8229 4156 6647 2770 1101 1594
8229 5 8228 8230 1362 9483 6488
8230 3 8229 8231 2559
8231 2 8230 8232
8232 5 8231 8233 5101 7898 8900
8233 4 8232 8234 1772 9945
8234 6 8233 8235 802 5394 2784 5763
8235 5 8234 8236 5271 5024 3676
8236 5 8235 8237 6470 1158 9054
8237 2 8236 8238
8238 2 8237 8239
8239 3 8238 8240 4094
8240 2 8239 8241
8241 4 8240 8242 7719 4454
8242 6 8241 8243 4524 7295 1963 6349
8243 2 8242 8244
8244 5 8243 8245 1780 6572 9689
8245 6 8244 8246 7173 7400 9482 6842
8246 4 8245 8247 8840 9611
8247 2 8246 8248
8248 2 8247 8249
8249 2 8248 8250
8250 6 8249 8251 5928 820 2027 3011
8251 3 8250 8252 7357
8252 6 8251 8253 9334 360 3469 7357
8253 3 8252 8254 2845
8254 7 8253 8255 849 8760 4230 6830 793
8255 6 8254 8256 8927 3817 5123 1684
8256 5 8255 8257 7731 3855 2351
8257 3 8256 8258 3672
8258 5 8257 8259 9286 9475 2476
8259 3 8258 8260 180
8260 4 8259 8261 9485 1808
8261 5 8260 8262 1590 8880 835
8262 4 8261 8263 4842 619
8263 3 8262 8264 2089
8264 3 8263 8265 5164
8265 2 8264 8266
8266 5 8265 8267 6168 2655 2408
8267 5 8266 8268 7907 8509 8459
8268 4 8267 8269 7475 4759
8269 3 8268 8270 5581
8270 4 8269 8271 5878 1955
8271 5 8270 8272 471 4870 1992
8272 5 8271 8273 4521 8394 4183
8273 5 8272 8274 3166 5216 2723
8274 6 8273 8275 9503 5312 1513 6774
8275 2 8274 8276
8276 3 8275 8277 5748
8277 4 8276 8278 4142 8695
8278 6 8277 8279 1280 3086 342 3938
8279 5 8278 8280 695 7332 3962
8280 3 8279 8281 3046
8281 5 8280 8282 5175 3907 6817
8282 5 8281 8283 9481 225 9466
8283 2 8282 8284
8284 6 8283 8285 403 8639 5759 339
8285 2 8284 8286
8286 6 8285 8287 5334 8373 9717 8806
8287 3 8286 8288 13
8288 4 8287 8289 3115 2626
8289 3 8288 8290 1857
8290 4 8289 8291 949 8016
8291 7 8290 8292 4217 9950 4475 5083 8761
8292 3 8291 8293 2133
8293 2 8292 8294
8294 2 8293 8295
8295 4 8294 8296 9120 9112
8296 4 8295 8297 9689 5741
8297 4 8296 8298 4376 7576
8298 2 8297 8299
8299 2 8298 8300
8300 5 8299 8301 7429 1602 1139
8301 3 8300 8302 5322
8302 2 8301 8303
8303 5 8302 8304 1655 3525 5378
8304 4 8303 8305 5057 944
8305 4 8304 8306 8511 6149
8306 4 8305 8307 4143 9055
8307 4 8306 8308 1346 7361
8308 4 8307 8309 1904 5840
8309 5 8308 8310 6469 1241 5498
8310 5 8309 8311 3509 8017 5316
8311 2 8310 8312
8312 3 8311 8313 7092
8313 4 8312 8314 8608 6901
8314 5 8313 8315 7627 7526 9546
8315 2 8314 8316
8316 2 8315 8317
8317 4 8316 8318 5101 6190
8318 3 8317 8319 3038
8319 3 8318 8320 6694
8320 3 8319 8321 2535
8321 6 8320 8322 7055 9432 2372 8878
8322 3 8321 8323 1954
8323 5 8322 8324 4783 7454 7373
8324 3 8323 8325 8519
8325 4 8324 8326 4172 7405
8326 3 8325 8327 3733
8327 3 8326 8328 4977
8328 5 8327 8329 8953 5281 5899
8329 4 8328 8330 3668 3330
8330 3 8329 8331 5849
8331 2 8330 8332
8332 4 8331 8333 2647 3828
8333 2 8332 8334
8334 4 8333 8335 1215 324
8335 4 8334 8336 1264 8430
8336 4 8335 8337 8899 4818
8337 3 8336 8338 7141
8338 4 8337 8339 7314 671
8339 5 8338 8340 4203 3984 6647
8340 3 8339 8341 7424
8341 5 8340 8342 9023 5653 2526
8342 3 8341 8343 6845
8343 3 8342 8344 3495
8344 5 8343 8345 3123 4215 1716
8345 2 8344 8346
8346 4 8345 8347 6588 9970
8347 2 8346 8348
8348 5 8347 8349 5755 1545 8880
8349 6 8348 8350 4461 5860 2161 2978
8350 5 8349 8351 1276 9375 6776
8351 3 8350 8352 4494
8352 5 8351 8353 3547 2258 2357
8353 2 8352 8354
8354 4 8353 8355 880 3449
8355 3 8354 8356 2612
8356 3 8355 8357 4627
8357 5 8356 8358 8881 7783 602
8358 5 8357 8359 3466 444 6141
8359 3 8358 8360 3593
8360 6 8359 8361 7458 4009 3680 3965
8361 4 8360 8362 982 77
8362 4 8361 8363 287 7306
8363 7 8362 8364 2699 8596 3936 9721 8558
8364 2 8363 8365
8365 4 8364 8366 3963 3967
8366 4 8365 8367 9708 2995
8367 2 8366 8368
8368 4 8367 8369 3356 695
8369 6 8368 8370 903 8978 5789 7790
8370 3 8369 8371 9366
8371 7 8370 8372 6922 3678 245 2545 6603
8372 6 8371 8373 9231 4010 6970 4310
8373 4 8372 8374 8286 9632
8374 5 8373 8375 4596 8916 2783
8375 6 8374 8376 5166 1655 922 5154
8376 3 8375 8377 5487
8377 7 8376 8378 4183 2261 5861 4172 9876
8378 7 8377 8379 9238 3284 7267 208 8159
8379 2 8378 8380
8380 5 8379 8381 4544 3861 2284
8381 4 8380 8382 3345 2681
8382 3 8381 8383 8651
8383 2 8382 8384
8384 3 8383 8385 4562
8385 2 8384 8386
8386 3 8385 8387 9391
8387 4 8386 8388 5200 9012
8388 4 8387 8389 1852 5237
8389 3 8388 8390 1902
8390 5 8389 8391 2980 5311 7942
8391 4 8390 8392 8071 5778
8392 4 8391 8393 9238 481
8393 2 8392 8394
8394 3 8393 8395 8272
8395 3 8394 8396 1285
8396 5 8395 8397 1994 1986 5363
8397 4 8396 8398 9311 4829
8398 5 8397 8399 7211 7280 6478
8399 3 8398 8400 4383
8400 2 8399 8401
8401 2 8400 8402
8402 4 8401 8403 6119 7494
8403 5 8402 8404 8425 497 7803
8404 5 8403 8405 5400 926 7518
8405 4 8404 8406 9642 5693
8406 5 8405 8407 2150 8202 2417
8407 4 8406 8408 3586 3698
8408 5 8407 8409 5110 2264 4240
8409 3 8408 8410 9403
8410 3 8409 8411 3012
8411 3 8410 8412 4382
8412 4 8411 8413 3876 1108
8413 4 8412 8414 9924 5848
8414 5 8413 8415 3405 8511 6111
8415 2 8414 8416
8416 3 8415 8417 5536
8417 5 8416 8418 3614 5880 9672
8418 2 8417 8419
8419 5 8418 8420 6562 5167 6137
8420 3 8419 8421 5687
8421 4 8420 8422 6407 7564
8422 5 8421 8423 9622 6885 2740
8423 5 8422 8424 1447 6213 771
8424 4 8423 8425 1214 2901
8425 4 8424 8426 6410 8403
8426 8 8425 8427 6637 5397 3988 2296 2932 9122
8427 9 8426 8428 5444 8625 2971 3746 4787 7357 6658
8428 3 8427 8429 6042
8429 3 8428 8430 7117
8430 5 8429 8431 1135 8335 1882
8431 7 8430 8432 8434 4334 9080 878 3135
8432 4 8431 8433 553 7669
8433 2 8432 8434
8434 6 8433 8435 8431 9861 3476 5799
8435 5 8434 8436 2257 9462 3691
8436 5 8435 8437 3558 6706 661
8437 3 8436 8438 5443
8438 6 8437 8439 9373 6585 4554 7442
8439 4 8438 8440 563 6331
8440 3 8439 8441 6070
8441 3 8440 8442 1897
8442 4 8441 8443 5029 5557
8443 4 8442 8444 4282 2353
8444 4 8443 8445 3821 7936
8445 3 8444 8446 7068
8446 3 8445 8447 9218
8447 2 8446 8448
8448 3 8447 8449 6655
8449 6 8448 8450 3930 8948 9826 3972
8450 2 8449 8451
8451 2 8450 8452
8452 3 8451 8453 4064
8453 4 8452 8454 7318 2432
8454 5 8453 8455 3965 5628 6780
8455 5 8454 8456 9269 6969 3275
8456 6 8455 8457 2738 8198 7143 509
8457 2 8456 8458
8458 6 8457 8459 4076 9977 6210 3359
8459 3 8458 8460 8267
8460 4 8459 8461 593 7928
8461 3 8460 8462 3671
8462 3 8461 8463 8672
8463 3 8462 8464 3700
8464 4 8463 8465 7745 1546
8465 7 8464 8466 3234 2273 2411 2121 3156
8466 4 8465 8467 7414 2263
8467 5 8466 8468 1531 887 134
8468 2 8467 8469
8469 3 8468 8470 6821
8470 4 8469 8471 7482 1458
8471 5 8470 8472 7516 6398 4847
8472 3 8471 8473 5977
8473 6 8472 8474 2213 9114 8605 5912
8474 3 8473 8475 6215
8475 4 8474 8476 928 2688
8476 4 8475 8477 2250 8010
8477 3 8476 8478 4984
8478 5 8477 8479 5605 7524 5041
8479 3 8478 8480 8013
8480 6 8479 8481 6922 4090 8906 413
8481 3 8480 8482 5203
8482 3 8481 8483 4811
8483 2 8482 8484
8484 2 8483 8485
8485 2 8484 8486
8486 3 8485 8487 6440
8487 4 8486 8488 7382 6289
8488 2 8487 8489
8489 2 8488 8490
8490 4 8489 8491 7022 9765
8491 3 8490 8492 3995
8492 4 8491 8493 6583 562
8493 3 8492 8494 837
8494 5 8493 8495 3932 3965 6865
8495 3 8494 8496 7805
8496 6 8495 8497 5120 9894 6866 1716
8497 2 8496 8498
8498 2 8497 8499
8499 3 8498 8500 9669
8500 3 8499 8501 5955
8501 5 8500 8502 6652 4264 6674
8502 4 8501 8503 1512 441
8503 3 8502 8504 9964
8504 3 8503 8505 9848
8505 4 8504 8506 6959 5978
8506 4 8505 8507 7729 84
8507 4 8506 8508 9661 3363
8508 3 8507 8509 5121
8509 7 8508 8510 3709 8080 8267 5064 58
8510 3 8509 8511 9326
8511 5 8510 8512 8414 8904 8305
8512 6 8511 8513 6002 8554 7767 3106
8513 5 8512 8514 9204 3071 7464
8514 4 8513 8515 180 9081
8515 4 8514 8516 3727 7184
8516 2 8515 8517
8517 6 8516 8518 5174 779 7734 5747
8518 2 8517 8519
8519 8 8518 8520 3654 8324 6495 7517 849 3944
8520 5 8519 8521 719 7662 8600
8521 3 8520 8522 4430
8522 4 8521 8523 575 45
8523 3 8522 8524 2268
8524 4 8523 8525 4917 250
8525 2 8524 8526
8526 3 8525 8527 8872
8527 4 8526 8528 7748 7948
8528 3 8527 8529 9625
8529 5 8528 8530 6324 8991 4878
8530 2 8529 8531
8531 4 8530 8532 938 4981
8532 6 8531 8533 3637 4277 6502 5013
8533 2 8532 8534
8534 3 8533 8535 3187
8535 5 8534 8536 5687 5915 7492
8536 7 8535 8537 6351 8590 67 6569 6129
8537 4 8536 8538 6863 5489
8538 8 8537 8539 2829 3357 6282 2450 7989 1782
8539 4 8538 8540 7468 6309
8540 5 8539 8541 353 1944 5074
8541 4 8540 8542 1962 6546
8542 5 8541 8543 4875 5951 2260
8543 5 8542 8544 6407 2983 9279
8544 5 8543 8545 667 6649 1570
8545 3 8544 8546 2678
8546 6 8545 8547 4645 728 1832 2360
8547 4 8546 8548 1068 9064
8548 3 8547 8549 6364
8549 3 8548 8550 8069
8550 3 8549 8551 2769
8551 7 8550 8552 9022 1307 6467 1630 1103
8552 4 8551 8553 4710 5186
8553 5 8552 8554 4956 9723 2110
8554 3 8553 8555 8512
8555 4 8554 8556 2537 1711
8556 4 8555 8557 580 513
8557 4 8556 8558 8778 8118
8558 5 8557 8559 1753 8648 8363
8559 7 8558 8560 6939 5576 4962 589 3203
8560 4 8559 8561 8053 6344
8561 5 8560 8562 7722 9037 7937
8562 5 8561 8563 1528 5523 9184
8563 4 8562 8564 7464 5931
8564 3 8563 8565 294
8565 5 8564 8566 7596 7652 1484
8566 3 8565 8567 4440
8567 7 8566 8568 2075 4692 450 4771 8017
8568 3 8567 8569 7663
8569 4 8568 8570 4849 7923
8570 6 8569 8571 9426 7737 4538 6983
8571 2 8570 8572
8572 3 8571 8573 2934
8573 4 8572 8574 5259 4485
8574 3 8573 8575 5824
8575 2 8574 8576
8576 3 8575 8577 7862
8577 2 8576 8578
8578 7 8577 8579 4534 19 9536 437 7467
8579 4 8578 8580 237 2216
8580 4 8579 8581 2833 5826
8581 3 8580 8582 3794
8582 3 8581 8583 8149
8583 3 8582 8584 9052
8584 5 8583 8585 5837 4234 5754
8585 3 8584 8586 9206
8586 4 8585 8587 5578 9293
8587 4 8586 8588 8951 5715
8588 6 8587 8589 6297 5655 7836 3303
8589 5 8588 8590 6047 2383 3727
8590 7 8589 8591 9668 7104 8536 4514 639
8591 3 8590 8592 74
8592 4 8591 8593 2051 6922
8593 3 8592 8594 5703
8594 2 8593 8595
8595 3 8594 8596 2080
8596 6 8595 8597 9796 8363 1352 7919
8597 4 8596 8598 1665 9389
8598 3 8597 8599 7340
8599 4 8598 8600 1401 9710
8600 4 8599 8601 461 8520
8601 7 8600 8602 6424 2022 4394 6361 6046
8602 4 8601 8603 3537 536
8603 4 8602 8604 6326 2828
8604 5 8603 8605 3635 7767 6449
8605 4 8604 8606 330 8473
8606 4 8605 8607 4243 5499
8607 4 8606 8608 2208 6186
8608 6 8607 8609 8173 8313 4838 5914
8609 2 8608 8610
8610 2 8609 8611
8611 5 8610 8612 149 7035 3575
8612 5 8611 8613 1752 4124 1017
8613 4 8612 8614 530 1604
8614 2 8613 8615
8615 4 8614 8616 9403 5141
8616 6 8615 8617 2398 5849 601 2872
8617 6 8616 8618 7818 9545 2537 9408
8618 3 8617 8619 4323
8619 2 8618 8620
8620 5 8619 8621 1347 4476 5881
8621 3 8620 8622 7437
8622 2 8621 8623
8623 3 8622 8624 434
8624 3 8623 8625 575
8625 6 8624 8626 8427 4180 1952 8819
8626 7 8625 8627 9765 2166 5698 3518 6610
8627 5 8626 8628 453 6090 3777
8628 4 8627 8629 2308 9564
8629 3 8628 8630 5551
8630 2 8629 8631
8631 4 8630 8632 5707 171
8632 5 8631 8633 107 859 4183
8633 5 8632 8634 2931 2776 3864
8634 5 8633 8635 5558 4364 1494
8635 5 8634 8636 5011 7243 5982
8636 5 8635 8637 5500 7523 186
8637 5 8636 8638 5544 7393 2231
8638 3 8637 8639 1730
8639 5 8638 8640 8284 7165 2411
8640 4 8639 8641 3451 7671
8641 3 8640 8642 2128
8642 4 8641 8643 3941 3167
8643 3 8642 8644 2088
8644 6 8643 8645 9101 483 8679 3476
8645 4 8644 8646 4133 6761
8646 3 8645 8647 4317
8647 3 8646 8648 6984
8648 6 8647 8649 536 8558 4195 2297
8649 3 8648 8650 6788
8650 6 8649 8651 5625 2164 652 6515
8651 4 8650 8652 2090 8382
8652 6 8651 8653 2215 9735 1010 1130
8653 3 8652 8654 5234
8654 2 8653 8655
8655 4 8654 8656 1158 828
8656 4 8655 8657 3160 2838
8657 6 8656 8658 5945 4917 7500 2239
8658 4 8657 8659 5621 4928
8659 5 8658 8660 2221 8898 5407
8660 4 8659 8661 1716 4122
8661 5 8660 8662 6689 6143 4826
8662 5 8661 8663 6337 4150 9963
8663 3 8662 8664 5613
8664 3 8663 8665 1317
8665 9 8664 8666 7079 8872 9090 3048 566 7803 6083
8666 7 8665 8667 3039 9535 9836 9151 9251
8667 2 8666 8668
8668 2 8667 8669
8669 5 8668 8670 4306 4268 5840
8670 2 8669 8671
8671 3 8670 8672 6225
8672 5 8671 8673 8462 4965 9670
8673 3 8672 8674 7831
8674 5 8673 8675 9309 4941 9640
8675 3 8674 8676 5643
8676 3 8675 8677 2256
8677 3 8676 8678 1451
8678 2 8677 8679
8679 5 8678 8680 8644 2499 7399
8680 3 8679 8681 5368
8681 8 8680 8682 2601 6902 721 2120 30 9569
8682 3 8681 8683 3607
8683 2 8682 8684
8684 3 8683 8685 5159
8685 2 8684 8686
8686 3 8685 8687 1896
8687 6 8686 8688 229 5981 5316 964
8688 4 8687 8689 9726 2356
8689 3 8688 8690 3391
8690 3 8689 8691 5696
8691 8 8690 8692 6718 6851 4421 1327 6354 5223
8692 3 8691 8693 898
8693 4 8692 8694 5886 839
8694 4 8693 8695 6747 5521
8695 5 8694 8696 8030 1394 8277
8696 3 8695 8697 4777
8697 2 8696 8698
8698 4 8697 8699 9615 9303
8699 4 8698 8700 5327 9571
8700 6 8699 8701 3768 913 1960 6080
8701 2 8700 8702
8702 3 8701 8703 5073
8703 4 8702 8704 7879 9506
8704 3 8703 8705 2537
8705 7 8704 8706 8152 6769 4999 6894 8132
8706 5 8705 8707 7701 1421 2275
8707 6 8706 8708 5443 8057 7042 6234
8708 4 8707 8709 7031 9113
8709 6 8708 8710 7696 3341 7115 8152
8710 5 8709 8711 9652 7106 1521
8711 3 8710 8712 2011
8712 5 8711 8713 3457 3102 3335
8713 6 8712 8714 6939 8778 8139 5645
8714 4 8713 8715 1502 4720
8715 4 8714 8716 6970 1734
8716 7 8715 8717 1482 1663 4672 1054 3055
8717 2 8716 8718
8718 2 8717 8719
8719 5 8718 8720 1422 9136 4025
8720 3 8719 8721 9864
8721 7 8720 8722 4077 7016 3498 9945 3162
8722 2 8721 8723
8723 3 8722 8724 3460
8724 5 8723 8725 1194 2705 6216
8725 3 8724 8726 4478
8726 5 8725 8727 3181 2136 5190
8727 3 8726 8728 1232
8728 3 8727 8729 8076
8729 2 8728 8730
8730 3 8729 8731 3813
8731 5 8730 8732 5828 2728 3923
8732 3 8731 8733 3682
8733 10 8732 8734 719 220 2686 7463 2818 2551 9833 8092
8734 4 8733 8735 6516 7393
8735 4 8734 8736 5969 9063
8736 4 8735 8737 4886 7498
8737 4 8736 8738 4805 7499
8738 3 8737 8739 3413
8739 2 8738 8740
8740 3 8739 8741 4046
8741 6 8740 8742 9233 683 4263 528
8742 6 8741 8743 3320 2446 5624 1903
8743 4 8742 8744 8042 3772
8744 3 8743 8745 7067
8745 4 8744 8746 3624 9672
8746 3 8745 8747 9465
8747 4 8746 8748 811 883
8748 2 8747 8749
8749 4 8748 8750 479 7300
8750 3 8749 8751 3921
8751 7 8750 8752 7827 7497 8127 3604 1115
8752 5 8751 8753 7929 1374 4291
8753 3 8752 8754 2639
8754 2 8753 8755
8755 3 8754 8756 4312
8756 3 8755 8757 1666
8757 3 8756 8758 6122
8758 6 8757 8759 4625 9446 594 1421
8759 2 8758 8760
8760 7 8759 8761 8254 3131 3849 1170 2408
8761 3 8760 8762 8291
8762 4 8761 8763 432 1029
8763 2 8762 8764
8764 5 8763 8765 7180 8815 5810
8765 3 8764 8766 9247
8766 3 8765 8767 7785
8767 4 8766 8768 132 1833
8768 2 8767 8769
8769 2 8768 8770
8770 4 8769 8771 9726 7177
8771 5 8770 8772 9312 3861 2111
8772 5 8771 8773 1427 2199 9816
8773 5 8772 8774 3768 44 9878
8774 4 8773 8775 9451 9354
8775 4 8774 8776 5289 6415
8776 6 8775 8777 2533 49 893 9284
8777 5 8776 8778 4499 1602 7559
8778 7 8777 8779 8557 8713 1060 9871 5894
8779 6 8778 8780 4693 9912 4595 9788
8780 4 8779 8781 3719 4799
8781 5 8780 8782 4829 313 3466
8782 3 8781 8783 4782
8783 2 8782 8784
8784 4 8783 8785 143 9745
8785 2 8784 8786
8786 3 8785 8787 3224
8787 3 8786 8788 4936
8788 6 8787 8789 892 3807 7322 9541
8789 5 8788 8790 4255 7359 4498
8790 3 8789 8791 1416
8791 4 8790 8792 5312 244
8792 4 8791 8793 7977 1959
8793 6 8792 8794 3025 7183 6515 6175
8794 4 8793 8795 5569 8835
8795 4 8794 8796 9093 8161
8796 4 8795 8797 7566 642
8797 4 8796 8798 75 2949
8798 6 8797 8799 2394 4191 3698 4615
8799 6 8798 8800 9691 377 8958 1067
8800 2 8799 8801
8801 3 8800 8802 1433
8802 4 8801 8803 9948 2203
8803 3 8802 8804 9338
8804 5 8803 8805 6291 7779 6116
8805 3 8804 8806 2578
8806 5 8805 8807 2345 5948 8286
8807 5 8806 8808 7623 6431 9483
8808 2 8807 8809
8809 5 8808 8810 2390 4186 4185
8810 3 8809 8811 2391
8811 5 8810 8812 7895 2158 709
8812 4 8811 8813 5350 6577
8813 4 8812 8814 1250 2887
8814 4 8813 8815 1003 6830
8815 7 8814 8816 1848 1533 6182 1156 8764
8816 7 8815 8817 4609 2023 1061 9567 7348
8817 2 8816 8818
8818 5 8817 8819 478 2576 1449
8819 5 8818 8820 2471 5792 8625
8820 8 8819 8821 3158 7841 4367 6189 4329 3453
8821 2 8820 8822
8822 5 8821 8823 2420 5774 2153
8823 2 8822 8824
8824 2 8823 8825
8825 3 8824 8826 7318
8826 3 8825 8827 7822
8827 5 8826 8828 108 4781 8975
8828 3 8827 8829 9121
8829 3 8828 8830 4003
8830 3 8829 8831 8853
8831 4 8830 8832 5297 3757
8832 4 8831 8833 9165 7299
8833 5 8832 8834 1232 683 1421
8834 5 8833 8835 2751 2982 4591
8835 4 8834 8836 8794 1592
8836 2 8835 8837
8837 3 8836 8838 8033
8838 5 8837 8839 4790 6405 4305
8839 3 8838 8840 9003
8840 6 8839 8841 4631 8246 5806 3816
8841 4 8840 8842 3376 7307
8842 4 8841 8843 4346 3455
8843 2 8842 8844
8844 2 8843 8845
8845 6 8844 8846 6248 5304 117 306
8846 4 8845 8847 2570 1938
8847 5 8846 8848 2299 2654 2079
8848 4 8847 8849 741 6628
8849 4 8848 8850 9906 9912
8850 3 8849 8851 1147
8851 3 8850 8852 193
8852 3 8851 8853 7133
8853 5 8852 8854 4816 9617 8830
8854 7 8853 8855 2640 7443 370 1487 3681
8855 5 8854 8856 5425 5295 958
8856 9 8855 8857 639 8215 5221 9249 9678 5456 2205
8857 4 8856 8858 510 6066
8858 2 8857 8859
8859 4 8858 8860 4143 9228
8860 6 8859 8861 679 9745 3929 4733
8861 8 8860 8862 7741 3912 9827 6212 6538 144
8862 6 8861 8863 2799 2788 5691 9939
8863 3 8862 8864 3731
8864 4 8863 8865 4069 7634
8865 3 8864 8866 1152
8866 5 8865 8867 362 6178 7891
8867 3 8866 8868 491
8868 2 8867 8869
8869 2 8868 8870
8870 3 8869 8871 2487
8871 2 8870 8872
8872 7 8871 8873 6109 6893 8665 8526 787
8873 5 8872 8874 2921 5549 2869
8874 2 8873 8875
8875 3 8874 8876 9632
8876 4 8875 8877 9476 4529
8877 3 8876 8878 3342
8878 5 8877 8879 2551 8212 8321
8879 5 8878 8880 4105 6252 3254
8880 8 8879 8881 2354 846 5838 8261 6474 8348
8881 3 8880 8882 8357
8882 2 8881 8883
8883 5 8882 8884 7316 9217 2249
8884 7 8883 8885 3457 4411 7899 5775 5947
8885 4 8884 8886 3028 430
8886 4 8885 8887 4945 3824
8887 2 8886 8888
8888 5 8887 8889 6377 85 2348
8889 6 8888 8890 5047 5583 800 5144
8890 5 8889 8891 5185 9505 7469
8891 5 8890 8892 4558 4061 1912
8892 4 8891 8893 5571 2760
8893 4 8892 8894 4245 3126
8894 3 8893 8895 3100
8895 2 8894 8896
8896 2 8895 8897
8897 3 8896 8898 5856
8898 4 8897 8899 8659 5702
8899 4 8898 8900 8336 4538
8900 4 8899 8901 4807 8232
8901 7 8900 8902 1705 5038 5263 7137 970
8902 2 8901 8903
8903 5 8902 8904 3668 1026 3399
8904 5 8903 8905 4323 1820 8511
8905 5 8904 8906 4474 1668 6761
8906 3 8905 8907 8480
8907 3 8906 8908 4349
8908 4 8907 8909 1980 9845
8909 5 8908 8910 2435 4821 6912
8910 6 8909 8911 2531 1173 312 3853
8911 2 8910 8912
8912 6 8911 8913 3882 1706 8074 6458
8913 5 8912 8914 1993 7875 3200
8914 6 8913 8915 9913 467 390 6486
8915 2 8914 8916
8916 5 8915 8917 8374 3336 9777
8917 3 8916 8918 2925
8918 5 8917 8919 9724 4772 445
8919 2 8918 8920
8920 3 8919 8921 6507
8921 3 8920 8922 9511
8922 3 8921 8923 4216
8923 4 8922 8924 2455 7847
8924 4 8923 8925 7597 737
8925 3 8924 8926 1212
8926 5 8925 8927 3199 426 8998
8927 3 8926 8928 8255
8928 3 8927 8929 5
8929 3 8928 8930 1421
8930 3 8929 8931 1244
8931 4 8930 8932 2729 9715
8932 2 8931 8933
8933 2 8932 8934
8934 3 8933 8935 7129
8935 5 8934 8936 115 9441 2811
8936 6 8935 8937 5647 8166 3639 7237
8937 5 8936 8938 3868 5792 9050
8938 3 8937 8939 9334
8939 4 8938 8940 5551 5875
8940 5 8939 8941 7424 3571 563
8941 4 8940 8942 6665 2976
8942 3 8941 8943 5661
8943 2 8942 8944
8944 3 8943 8945 9071
8945 4 8944 8946 1668 4434
8946 5 8945 8947 6519 2477 2751
8947 3 8946 8948 7439
8948 4 8947 8949 3875 8449
8949 4 8948 8950 6396 3445
8950 3 8949 8951 6406
8951 3 8950 8952 8587
8952 4 8951 8953 789 208
8953 8 8952 8954 7647 8328 2534 6950 5936 9784
8954 4 8953 8955 5235 2477
8955 4 8954 8956 7456 2901
8956 4 8955 8957 1284 6873
8957 5 8956 8958 3069 5235 4296
8958 4 8957 8959 2916 8799
8959 6 8958 8960 1966 651 9658 9498
8960 5 8959 8961 2127 6435 784
8961 3 8960 8962 5633
8962 5 8961 8963 4348 656 3098
8963 2 8962 8964
8964 4 8963 8965 6612 4758
8965 6 8964 8966 5082 767 1255 2579
8966 3 8965 8967 8128
8967 3 8966 8968 6071
8968 6 8967 8969 3899 6570 463 7197
8969 4 8968 8970 5114 1765
8970 2 8969 8971
8971 4 8970 8972 3714 7581
8972 4 8971 8973 3082 9938
8973 3 8972 8974 1672
8974 6 8973 8975 83 916 1265 2527
8975 4 8974 8976 7188 8827
8976 3 8975 8977 9375
8977 2 8976 8978
8978 3 8977 8979 8369
8979 3 8978 8980 4183
8980 3 8979 8981 4508
8981 4 8980 8982 5297 346
8982 5 8981 8983 6179 8206 7815
8983 3 8982 8984 557
8984 3 8983 8985 5512
8985 3 8984 8986 3658
8986 3 8985 8987 4677
8987 4 8986 8988 5478 6631
8988 6 8987 8989 2899 873 1346 1516
8989 5 8988 8990 1982 9820 10
8990 7 8989 8991 2348 7533 9640 1215 4103
8991 4 8990 8992 4532 8529
8992 5 8991 8993 713 3216 7408
8993 5 8992 8994 159 5257 3683
8994 3 8993 8995 97
8995 2 8994 8996
8996 3 8995 8997 6235
8997 3 8996 8998 6502
8998 6 8997 8999 6006 7220 4813 8926
8999 3 8998 9000 2815
9000 2 8999 9001
9001 6 9000 9002 2124 4825 3962 4907
9002 3 9001 9003 3874
9003 4 9002 9004 8839 1313
9004 6 9003 9005 1230 994 2050 9790
9005 4 9004 9006 5324 8201
9006 6 9005 9007 4317 997 1704 9099
9007 3 9006 9008 3688
9008 2 9007 9009
9009 2 9008 9010
9010 5 9009 9011 4816 5207 7547
9011 3 9010 9012 2205
9012 3 9011 9013 8387
9013 3 9012 9014 5279
9014 4 9013 9015 7446 6780
9015 2 9014 9016
9016 3 9015 9017 5302
9017 2 9016 9018
9018 3 9017 9019 1939
9019 7 9018 9020 9663 9258 4041 2073 1105
9020 3 9019 9021 9761
9021 5 9020 9022 3540 1121 5341
9022 5 9021 9023 9707 8551 343
9023 3 9022 9024 8341
9024 3 9023 9025 5351
9025 2 9024 9026
9026 3 9025 9027 8198
9027 2 9026 9028
9028 4 9027 9029 4205 2090
9029 4 9028 9030 6882 6079
9030 2 9029 9031
9031 3 9030 9032 5212
9032 5 9031 9033 5170 1208 3586
9033 4 9032 9034 6549 6884
9034 3 9033 9035 9540
9035 3 9034 9036 938
9036 6 9035 9037 8102 692 4038 7542
9037 5 9036 9038 1094 8561 173
9038 4 9037 9039 2670 4835
9039 3 9038 9040 9775
9040 4 9039 9041 2813 1185
9041 3 9040 9042 6426
9042 3 9041 9043 515
9043 3 9042 9044 3448
9044 2 9043 9045
9045 4 9044 9046 2411 1216
9046 8 9045 9047 6327 1276 4139 4277 113 1908
9047 3 9046 9048 4006
9048 5 9047 9049 1811 5187 3961
9049 4 9048 9050 3481 1096
9050 5 9049 9051 194 7938 8937
9051 3 9050 9052 7237
9052 7 9051 9053 906 4592 4294 6958 8583
9053 4 9052 9054 7475 3342
9054 7 9053 9055 3219 4929 759 3233 8236
9055 3 9054 9056 8306
9056 3 9055 9057 9377
9057 3 9056 9058 6090
9058 2 9057 9059
9059 5 9058 9060 158 6552 9073
9060 9 9059 9061 2419 1104 4057 4636 4219 9391 1676
9061 5 9060 9062 6808 3054 5263
9062 3 9061 9063 5795
9063 5 9062 9064 2281 1118 8735
9064 6 9063 9065 5451 5223 8547 3543
9065 5 9064 9066 9773 3627 5707
9066 4 9065 9067 4871 5698
9067 4 9066 9068 9406 3151
9068 4 9067 9069 4229 5016
9069 4 9068 9070 7804 509
9070 4 9069 9071 3848 7759
9071 6 9070 9072 4365 473 8944 2432
9072 4 9071 9073 752 4233
9073 4 9072 9074 1561 9059
9074 4 9073 9075 6283 2970
9075 4 9074 9076 5521 6900
9076 3 9075 9077 9903
9077 3 9076 9078 1398
9078 2 9077 9079
9079 3 9078 9080 2088
9080 4 9079 9081 4918 8431
9081 3 9080 9082 8514
9082 6 9081 9083 1948 2233 396 1938
9083 6 9082 9084 5897 9764 5458 5269
9084 2 9083 9085
9085 6 9084 9086 6366 1446 7887 9477
9086 4 9085 9087 7921 6650
9087 5 9086 9088 354 2830 6470
9088 4 9087 9089 1466 992
9089 5 9088 9090 214 6871 4072
9090 5 9089 9091 9454 8665 4526
9091 4 9090 9092 1437 4191
9092 3 9091 9093 4792
9093 4 9092 9094 887 8795
9094 7 9093 9095 9542 6579 2315 4147 3117
9095 4 9094 9096 2816 5120
9096 2 9095 9097
9097 4 9096 9098 416 9801
9098 4 9097 9099 9697 1139
9099 5 9098 9100 3377 3327 9006
9100 6 9099 9101 3505 4710 6616 9334
9101 5 9100 9102 1568 8644 1660
9102 2 9101 9103
9103 3 9102 9104 673
9104 2 9103 9105
9105 5 9104 9106 3221 1568 4765
9106 3 9105 9107 4436
9107 5 9106 9108 6842 6462 2882
9108 4 9107 9109 7148 6453
9109 2 9108 9110
9110 5 9109 9111 5885 129 6499
9111 3 9110 9112 3545
9112 4 9111 9113 8295 4440
9113 3 9112 9114 8708
9114 5 9113 9115 1004 8473 1789
9115 3 9114 9116 3821
9116 2 9115 9117
9117 2 9116 9118
9118 5 9117 9119 2224 4125 4933
9119 6 9118 9120 1135 2347 7744 376
9120 4 9119 9121 8295 3465
9121 4 9120 9122 7555 8828
9122 4 9121 9123 7828 8426
9123 4 9122 9124 5929 3471
9124 4 9123 9125 4622 2016
9125 2 9124 9126
9126 3 9125 9127 5711
9127 4 9126 9128 327 8028
9128 5 9127 9129 8073 6918 682
9129 5 9128 9130 673 1411 3017
9130 2 9129 9131
9131 4 9130 9132 7794 7325
9132 3 9131 9133 6282
9133 2 9132 9134
9134 2 9133 9135
9135 2 9134 9136
9136 3 9135 9137 8719
9137 2 9136 9138
9138 2 9137 9139
9139 2 9138 9140
9140 6 9139 9141 6385 5605 3925 2679
9141 4 9140 9142 2114 1117
9142 4 9141 9143 6021 949
9143 7 9142 9144 2405 2567 5416 1041 2461
9144 4 9143 9145 5112 5230
9145 4 9144 9146 2444 2111
9146 5 9145 9147 9442 610 2453
9147 2 9146 9148
9148 3 9147 9149 127
9149 6 9148 9150 7484 2568 3324 3726
9150 4 9149 9151 1136 6183
9151 9 9150 9152 414 6860 869 985 8666 4053 5251
9152 5 9151 9153 940 9862 4078
9153 4 9152 9154 7249 734
9154 3 9153 9155 5329
9155 4 9154 9156 4166 9735
9156 6 9155 9157 7512 7181 3041 2448
9157 5 9156 9158 3516 2784 6866
9158 2 9157 9159
9159 3 9158 9160 7120
9160 5 9159 9161 4546 7620 3510
9161 5 9160 9162 3826 9751 945
9162 5 9161 9163 781 4191 3992
9163 4 9162 9164 178 3517
9164 2 9163 9165
9165 4 9164 9166 8832 4197
9166 6 9165 9167 2010 5639 1880 5528
9167 3 9166 9168 5565
9168 2 9167 9169
9169 4 9168 9170 6163 9229
9170 5 9169 9171 4690 3138 3223
9171 4 9170 9172 6485 7237
9172 2 9171 9173
9173 5 9172 9174 6879 1027 733
9174 4 9173 9175 4820 2611
9175 2 9174 9176
9176 3 9175 9177 9273
9177 3 9176 9178 7499
9178 3 9177 9179 5968
9179 3 9178 9180 4560
9180 3 9179 9181 6009
9181 5 9180 9182 5053 3047 5748
9182 5 9181 9183 3788 4050 598
9183 4 9182 9184 4541 7313
9184 7 9183 9185 49 2512 4298 6172 8562
9185 7 9184 9186 103 523 2139 2742 7626
9186 5 9185 9187 6019 5787 6660
9187 5 9186 9188 2302 7982 2164
9188 5 9187 9189 5890 428 6351
9189 4 9188 9190 7970 7283
9190 2 9189 9191
9191 4 9190 9192 1682 7265
9192 3 9191 9193 1489
9193 5 9192 9194 5387 2213 2739
9194 2 9193 9195
9195 4 9194 9196 3832 3212
9196 4 9195 9197 6611 4809
9197 4 9196 9198 3481 9587
9198 2 9197 9199
9199 2 9198 9200
9200 2 9199 9201
9201 4 9200 9202 2227 6634
9202 3 9201 9203 3919
9203 2 9202 9204
9204 3 9203 9205 8513
9205 5 9204 9206 5851 6519 9343
9206 6 9205 9207 6586 7325 916 8585
9207 6 9206 9208 1653 4414 4813 5664
9208 3 9207 9209 5573
9209 2 9208 9210
9210 3 9209 9211 4027
9211 3 9210 9212 3761
9212 4 9211 9213 7939 5760
9213 3 9212 9214 4172
9214 3 9213 9215 7335
9215 2 9214 9216
9216 4 9215 9217 3242 4527
9217 5 9216 9218 4434 8883 5739
9218 3 9217 9219 8446
9219 5 9218 9220 6300 38 975
9220 3 9219 9221 5623
9221 2 9220 9222
9222 3 9221 9223 5042
9223 4 9222 9224 1017 3023
9224 4 9223 9225 6039 3762
9225 3 9224 9226 4381
9226 5 9225 9227 5143 6401 4225
9227 4 9226 9228 9515 6513
9228 8 9227 9229 4401 3203 3259 7475 7868 8859
9229 4 9228 9230 9169 1978
9230 4 9229 9231 5764 2393
9231 5 9230 9232 8372 2263 7115
9232 3 9231 9233 9255
9233 8 9232 9234 4619 4128 8741 7111 640 801
9234 4 9233 9235 185 2
9235 3 9234 9236 2600
9236 2 9235 9237
9237 4 9236 9238 7653 4481
9238 5 9237 9239 8378 815 8392
9239 3 9238 9240 9414
9240 3 9239 9241 4589
9241 5 9240 9242 4787 6437 2017
9242 6 9241 9243 3987 5463 5314 9275
9243 3 9242 9244 3524
9244 6 9243 9245 1008 6059 1321 6018
9245 4 9244 9246 7422 2276
9246 2 9245 9247
9247 7 9246 9248 4269 5736 8765 4669 1974
9248 8 9247 9249 96 6871 1358 9693 9482 66
9249 3 9248 9250 8856
9250 5 9249 9251 7654 3302 6579
9251 3 9250 9252 8666
9252 5 9251 9253 2505 3821 4411
9253 4 9252 9254 7051 2526
9254 2 9253 9255
9255 5 9254 9256 1298 127 9232
9256 2 9255 9257
9257 3 9256 9258 3212
9258 4 9257 9259 9019 5709
9259 4 9258 9260 7598 180
9260 4 9259 9261 2524 9682
9261 5 9260 9262 100 9294 2000
9262 3 9261 9263 7887
9263 5 9262 9264 1647 5680 7455
9264 2 9263 9265
9265 2 9264 9266
9266 4 9265 9267 482 5038
9267 5 9266 9268 6927 2953 3809
9268 2 9267 9269
9269 6 9268 9270 9674 8455 3636 5556
9270 3 9269 9271 6770
9271 3 9270 9272 5314
9272 5 9271 9273 4226 6394 3901
9273 4 9272 9274 686 9176
9274 5 9273 9275 255 8068 4287
9275 3 9274 9276 9242
9276 3 9275 9277 4860
9277 2 9276 9278
9278 2 9277 9279
9279 5 9278 9280 8543 2817 1360
9280 3 9279 9281 6597
9281 3 9280 9282 7449
9282 4 9281 9283 5584 2403
9283 2 9282 9284
9284 5 9283 9285 1969 3188 8776
9285 3 9284 9286 6866
9286 4 9285 9287 8258 8201
9287 3 9286 9288 70
9288 6 9287 9289 3201 2270 1648 2412
9289 4 9288 9290 1493 8091
9290 2 9289 9291
9291 3 9290 9292 2057
9292 4 9291 9293 2982 2422
9293 4 9292 9294 7887 8586
9294 4 9293 9295 1036 9261
9295 5 9294 9296 2020 6369 3644
9296 7 9295 9297 9857 1041 9463 9328 2348
9297 3 9296 9298 2704
9298 6 9297 9299 5252 5703 5614 6692
9299 2 9298 9300
9300 5 9299 9301 6462 6156 4536
9301 3 9300 9302 7458
9302 6 9301 9303 6026 81 9601 3627
9303 8 9302 9304 1669 3031 3960 2467 8698 5162
9304 5 9303 9305 9511 884 5659
9305 4 9304 9306 5614 7550
9306 4 9305 9307 7364 4661
9307 7 9306 9308 3000 4696 578 4952 4240
9308 3 9307 9309 2949
9309 7 9308 9310 8674 9585 6096 2776 755
9310 5 9309 9311 5794 3230 2483
9311 3 9310 9312 8397
9312 3 9311 9313 8771
9313 2 9312 9314
9314 2 9313 9315
9315 4 9314 9316 7163 6840
9316 5 9315 9317 9836 5428 4569
9317 5 9316 9318 9624 889 4305
9318 5 9317 9319 6275 8109 1637
9319 4 9318 9320 6820 4208
9320 5 9319 9321 3456 4968 3479
9321 5 9320 9322 3573 3631 3222
9322 4 9321 9323 9565 3783
9323 4 9322 9324 6863 3783
9324 4 9323 9325 2062 2668
9325 3 9324 9326 6484
9326 7 9325 9327 5098 6188 7243 8510 9625
9327 4 9326 9328 671 1680
9328 5 9327 9329 40 3306 9296
9329 3 9328 9330 6804
9330 2 9329 9331
9331 3 9330 9332 7869
9332 2 9331 9333
9333 5 9332 9334 5039 3397 139
9334 9 9333 9335 8252 9100 4961 7029 7727 5990 8938
9335 4 9334 9336 2189 3626
9336 4 9335 9337 3885 2085
9337 5 9336 9338 8166 9638 7959
9338 3 9337 9339 8803
9339 3 9338 9340 445
9340 6 9339 9341 3472 3183 5949 5588
9341 5 9340 9342 7467 337 6142
9342 6 9341 9343 2431 4786 3697 254
9343 6 9342 9344 9205 1327 1065 6371
9344 3 9343 9345 5095
9345 5 9344 9346 5470 2 7091
9346 2 9345 9347
9347 3 9346 9348 2731
9348 4 9347 9349 5083 7044
9349 4 9348 9350 133 4573
9350 4 9349 9351 891 298
9351 3 9350 9352 3758
9352 5 9351 9353 573 7457 5148
9353 4 9352 9354 3251 2930
9354 7 9353 9355 3987 9628 6928 8774 6802
9355 4 9354 9356 511 1418
9356 4 9355 9357 6418 3300
9357 3 9356 9358 4182
9358 5 9357 9359 3557 505 7679
9359 4 9358 9360 9613 8174
9360 3 9359 9361 1963
9361 2 9360 9362
9362 3 9361 9363 3953
9363 2 9362 9364
9364 5 9363 9365 5887 4120 720
9365 4 9364 9366 9697 9868
9366 5 9365 9367 5496 8034 8370
9367 4 9366 9368 9622 5911
9368 3 9367 9369 5096
9369 5 9368 9370 2326 4457 546
9370 4 9369 9371 9782 5360
9371 4 9370 9372 5043 4655
9372 3 9371 9373 567
9373 4 9372 9374 7485 8438
9374 4 9373 9375 4889 1178
9375 5 9374 9376 8350 9627 8976
9376 3 9375 9377 364
9377 6 9376 9378 617 6823 6187 9056
9378 5 9377 9379 4324 1041 4687
9379 3 9378 9380 7507
9380 3 9379 9381 5954
9381 4 9380 9382 1641 9734
9382 3 9381 9383 6846
9383 3 9382 9384 6334
9384 3 9383 9385 4041
9385 3 9384 9386 1865
9386 4 9385 9387 4658 7931
9387 5 9386 9388 8021 2143 2620
9388 3 9387 9389 5080
9389 4 9388 9390 6198 8597
9390 2 9389 9391
9391 6 9390 9392 4491 902 8386 9060
9392 3 9391 9393 1632
9393 2 9392 9394
9394 2 9393 9395
9395 3 9394 9396 9691
9396 2 9395 9397
9397 6 9396 9398 3337 2096 4326 39
9398 5 9397 9399 5027 9938 5554
9399 3 9398 9400 336
9400 2 9399 9401
9401 4 9400 9402 4295 7176
9402 6 9401 9403 356 3625 3295 928
9403 5 9402 9404 8615 8409 5991
9404 2 9403 9405
9405 3 9404 9406 2438
9406 5 9405 9407 9067 2261 9464
9407 4 9406 9408 5757 4970
9408 3 9407 9409 8617
9409 3 9408 9410 2962
9410 2 9409 9411
9411 2 9410 9412
9412 5 9411 9413 7392 8116 894
9413 5 9412 9414 5710 8210 5077
9414 6 9413 9415 9239 4819 202 558
9415 3 9414 9416 3015
9416 2 9415 9417
9417 4 9416 9418 8203 5059
9418 4 9417 9419 5516 3315
9419 5 9418 9420 7101 7501 5663
9420 4 9419 9421 1172 1323
9421 3 9420 9422 7522
9422 6 9421 9423 8132 6503 5786 5625
9423 2 9422 9424
9424 4 9423 9425 5660 8211
9425 2 9424 9426
9426 5 9425 9427 8570 9724 6273
9427 3 9426 9428 9927
9428 4 9427 9429 5101 479
9429 2 9428 9430
9430 3 9429 9431 5799
9431 2 9430 9432
9432 7 9431 9433 6630 1205 670 8321 6301
9433 3 9432 9434 1871
9434 4 9433 9435 4005 5418
9435 2 9434 9436
9436 2 9435 9437
9437 6 9436 9438 539 6209 8032 3474
9438 3 9437 9439 5489
9439 3 9438 9440 5989
9440 2 9439 9441
9441 5 9440 9442 2942 6841 8935
9442 3 9441 9443 9146
9443 4 9442 9444 2583 3033
9444 2 9443 9445
9445 6 9444 9446 4727 2334 770 8111
9446 5 9445 9447 2809 8758 1969
9447 2 9446 9448
9448 3 9447 9449 2380
9449 2 9448 9450
9450 3 9449 9451 9992
9451 7 9450 9452 8774 7463 9896 6888 5934
9452 3 9451 9453 5315
9453 2 9452 9454
9454 5 9453 9455 3771 9090 4782
9455 5 9454 9456 5152 5553 1470
9456 4 9455 9457 1712 4647
9457 6 9456 9458 5842 8212 7478 2049
9458 4 9457 9459 6464 5618
9459 5 9458 9460 4915 95 6873
9460 3 9459 9461 1975
9461 4 9460 9462 3683 494
9462 5 9461 9463 1392 8435 6447
9463 6 9462 9464 6241 1022 9296 3
9464 4 9463 9465 5001 9406
9465 3 9464 9466 8746
9466 5 9465 9467 2583 8282 1099
9467 3 9466 9468 6839
9468 4 9467 9469 9640 3405
9469 4 9468 9470 875 6304
9470 3 9469 9471 7864
9471 4 9470 9472 3663 4043
9472 3 9471 9473 331
9473 2 9472 9474
9474 5 9473 9475 722 9927 1789
9475 6 9474 9476 5770 7394 1074 8258
9476 4 9475 9477 9997 8876
9477 3 9476 9478 9085
9478 3 9477 9479 2437
9479 3 9478 9480 291
9480 4 9479 9481 6901 9555
9481 4 9480 9482 8282 3806
9482 5 9481 9483 9248 8245 7547
9483 4 9482 9484 8229 8807
9484 5 9483 9485 7130 4032 4387
9485 3 9484 9486 8260
9486 2 9485 9487
9487 5 9486 9488 7904 2064 5069
9488 2 9487 9489
9489 3 9488 9490 2472
9490 4 9489 9491 7692 5534
9491 6 9490 9492 6834 181 149 3303
9492 3 9491 9493 2963
9493 3 9492 9494 4071
9494 2 9493 9495
9495 6 9494 9496 3783 7797 6003 2721
9496 8 9495 9497 6891 5220 2777 857 1090 6809
9497 5 9496 9498 3300 5320 1107
9498 6 9497 9499 3984 607 8151 8959
9499 5 9498 9500 5614 4860 5375
9500 6 9499 9501 4361 2240 4299 4356
9501 3 9500 9502 6189
9502 3 9501 9503 2775
9503 5 9502 9504 8274 6378 2886
9504 2 9503 9505
9505 5 9504 9506 2261 8890 4108
9506 4 9505 9507 5330 8703
9507 6 9506 9508 1663 3860 390 4610
9508 5 9507 9509 4618 6229 6618
9509 6 9508 9510 2534 5629 1582 7283
9510 5 9509 9511 2474 4315 5080
9511 5 9510 9512 3288 9304 8921
9512 5 9511 9513 2183 1697 217
9513 2 9512 9514
9514 2 9513 9515
9515 4 9514 9516 9227 4386
9516 3 9515 9517 848
9517 2 9516 9518
9518 5 9517 9519 7444 6033 3216
9519 7 9518 9520 4034 1196 2628 4683 3144
9520 3 9519 9521 2658
9521 3 9520 9522 4586
9522 3 9521 9523 8070
9523 4 9522 9524 6453 5773
9524 3 9523 9525 5438
9525 2 9524 9526
9526 3 9525 9527 2329
9527 3 9526 9528 7478
9528 4 9527 9529 6629 5359
9529 6 9528 9530 4604 6274 3475 6188
9530 4 9529 9531 2995 3255
9531 3 9530 9532 4904
9532 3 9531 9533 3377
9533 5 9532 9534 8137 1258 9540
9534 2 9533 9535
9535 3 9534 9536 8666
9536 4 9535 9537 872 8578
9537 4 9536 9538 2658 9
9538 2 9537 9539
9539 3 9538 9540 4855
9540 4 9539 9541 9533 9034
9541 5 9540 9542 1322 8788 3545
9542 5 9541 9543 9094 4546 5231
9543 4 9542 9544 6337 6791
9544 2 9543 9545
9545 6 9544 9546 456 3964 8617 3975
9546 6 9545 9547 2458 6367 2356 8314
9547 4 9546 9548 6530 1563
9548 3 9547 9549 9601
9549 2 9548 9550
9550 2 9549 9551
9551 4 9550 9552 1592 5692
9552 3 9551 9553 6858
9553 2 9552 9554
9554 5 9553 9555 5411 2481 6854
9555 8 9554 9556 1783 1635 5781 1548 2656 9480
9556 2 9555 9557
9557 3 9556 9558 3798
9558 4 9557 9559 7401 3065
9559 2 9558 9560
9560 3 9559 9561 6127
9561 7 9560 9562 1854 5806 4277 2771 7807
9562 2 9561 9563
9563 5 9562 9564 6555 4545 3077
9564 7 9563 9565 5069 2906 9863 9876 8628
9565 3 9564 9566 9322
9566 3 9565 9567 8059
9567 5 9566 9568 7203 2524 8816
9568 3 9567 9569 5056
9569 4 9568 9570 9978 8681
9570 5 9569 9571 1718 995 7469
9571 5 9570 9572 3293 4429 8699
9572 3 9571 9573 7613
9573 5 9572 9574 367 7650 1308
9574 2 9573 9575
9575 3 9574 9576 1670
9576 6 9575 9577 5759 7424 1437 9832
9577 4 9576 9578 1342 123
9578 2 9577 9579
9579 3 9578 9580 1935
9580 5 9579 9581 1455 2677 6369
9581 4 9580 9582 3311 3654
9582 5 9581 9583 9667 4687 2703
9583 5 9582 9584 8047 4801 5093
9584 3 9583 9585 5751
9585 6 9584 9586 9309 1883 659 515
9586 7 9585 9587 5563 7762 6569 5227 7298
9587 5 9586 9588 4338 9197 3342
9588 3 9587 9589 6889
9589 4 9588 9590 9791 4793
9590 4 9589 9591 2043 6526
9591 2 9590 9592
9592 2 9591 9593
9593 5 9592 9594 247 3215 6283
9594 3 9593 9595 9626
9595 6 9594 9596 8134 5806 5052 3483
9596 2 9595 9597
9597 5 9596 9598 5037 3044 3442
9598 7 9597 9599 426 897 3787 7874 3068
9599 4 9598 9600 6737 7908
9600 3 9599 9601 648
9601 4 9600 9602 9302 9548
9602 3 9601 9603 989
9603 3 9602 9604 7606
9604 3 9603 9605 3513
9605 2 9604 9606
9606 6 9605 9607 3399 820 657 3416
9607 5 9606 9608 3639 2401 6328
9608 5 9607 9609 7946 6551 4323
9609 2 9608 9610
9610 5 9609 9611 6126 113 5123
9611 4 9610 9612 6477 8246
9612 5 9611 9613 3860 7791 2380
9613 5 9612 9614 9359 7174 8014
9614 2 9613 9615
9615 6 9614 9616 2261 8698 5347 4141
9616 4 9615 9617 2058 2588
9617 4 9616 9618 3779 8853
9618 2 9617 9619
9619 2 9618 9620
9620 2 9619 9621
9621 6 9620 9622 4680 1316 2765 4633
9622 6 9621 9623 8422 9367 6855 4661
9623 5 9622 9624 6512 7901 959
9624 5 9623 9625 6322 9317 5921
9625 5 9624 9626 1086 8528 9326
9626 6 9625 9627 5194 4725 7711 9594
9627 4 9626 9628 9716 9375
9628 5 9627 9629 4620 9354 318
9629 6 9628 9630 4163 1419 4882 6057
9630 4 9629 9631 3024 4284
9631 4 9630 9632 6484 20
9632 6 9631 9633 8875 2243 8373 3877
9633 2 9632 9634
9634 4 9633 9635 9876 7874
9635 2 9634 9636
9636 4 9635 9637 4872 7334
9637 3 9636 9638 4238
9638 3 9637 9639 9337
9639 4 9638 9640 2901 2405
9640 6 9639 9641 9468 8990 3999 8674
9641 6 9640 9642 2810 7760 3860 744
9642 6 9641 9643 8405 2682 6289 7267
9643 2 9642 9644
9644 2 9643 9645
9645 2 9644 9646
9646 2 9645 9647
9647 3 9646 9648 4000
9648 3 9647 9649 6290
9649 4 9648 9650 1707 353
9650 3 9649 9651 7728
9651 3 9650 9652 5856
9652 6 9651 9653 8710 4669 3907 2012
9653 4 9652 9654 5152 714
9654 4 9653 9655 4126 6942
9655 4 9654 9656 3448 2113
9656 4 9655 9657 5635 7186
9657 2 9656 9658
9658 3 9657 9659 8959
9659 2 9658 9660
9660 4 9659 9661 7165 6713
9661 4 9660 9662 8507 3192
9662 3 9661 9663 6457
9663 4 9662 9664 9019 1099
9664 4 9663 9665 929 1249
9665 3 9664 9666 993
9666 2 9665 9667
9667 5 9666 9668 726 9582 2344
9668 3 9667 9669 8590
9669 3 9668 9670 8499
9670 5 9669 9671 6520 7358 8672
9671 6 9670 9672 2807 7356 7865 356
9672 4 9671 9673 8417 8745
9673 2 9672 9674
9674 5 9673 9675 9269 2038 4605
9675 4 9674 9676 8027 260
9676 4 9675 9677 2370 4451
9677 3 9676 9678 6075
9678 4 9677 9679 8856 1007
9679 3 9678 9680 6984
9680 5 9679 9681 729 3181 2031
9681 5 9680 9682 2190 233 6354
9682 4 9681 9683 2523 9260
9683 5 9682 9684 4796 4917 2545
9684 3 9683 9685 735
9685 3 9684 9686 214
9686 4 9685 9687 5500 6971
9687 3 9686 9688 1491
9688 2 9687 9689
9689 6 9688 9690 8296 7628 8244 3000
9690 4 9689 9691 1364 6250
9691 7 9690 9692 9395 8799 5426 7477 7571
9692 2 9691 9693
9693 9 9692 9694 7898 4546 5466 9248 3321 8100 137
9694 5 9693 9695 1906 3775 9849
9695 5 9694 9696 2977 1350 388
9696 3 9695 9697 2984
9697 5 9696 9698 9365 47 9098
9698 5 9697 9699 2368 2252 1502
9699 4 9698 9700 5985 2244
9700 7 9699 9701 1496 6802 5977 3740 5237
9701 3 9700 9702 1892
9702 3 9701 9703 273
9703 5 9702 9704 9983 6922 5814
9704 4 9703 9705 5671 3863
9705 4 9704 9706 811 7660
9706 4 9705 9707 5263 9922
9707 4 9706 9708 5018 9022
9708 6 9707 9709 1608 706 8366 9883
9709 5 9708 9710 2276 3777 7635
9710 5 9709 9711 6384 8599 1678
9711 3 9710 9712 7223
9712 3 9711 9713 3644
9713 6 9712 9714 6183 1612 7616 3710
9714 4 9713 9715 770 468
9715 4 9714 9716 8931 9797
9716 3 9715 9717 9627
9717 5 9716 9718 6510 8286 6833
9718 4 9717 9719 2515 142
9719 5 9718 9720 5809 4091 4677
9720 4 9719 9721 7539 4663
9721 3 9720 9722 8363
9722 4 9721 9723 1281 146
9723 3 9722 9724 8553
9724 4 9723 9725 8918 9426
9725 2 9724 9726
9726 6 9725 9727 8770 5685 4443 8688
9727 2 9726 9728
9728 2 9727 9729
9729 4 9728 9730 1858 6432
9730 4 9729 9731 1967 5513
9731 4 9730 9732 1678 3887
9732 5 9731 9733 1807 5224 6533
9733 3 9732 9734 409
9734 7 9733 9735 1928 1080 9381 9996 3206
9735 4 9734 9736 8652 9155
9736 4 9735 9737 3373 3549
9737 4 9736 9738 6444 739
9738 3 9737 9739 5278
9739 5 9738 9740 475 6659 4184
9740 2 9739 9741
9741 4 9740 9742 6901 1772
9742 3 9741 9743 3156
9743 3 9742 9744 2226
9744 4 9743 9745 519 1306
9745 5 9744 9746 8860 8784 4850
9746 2 9745 9747
9747 4 9746 9748 2262 3229
9748 2 9747 9749
9749 2 9748 9750
9750 2 9749 9751
9751 4 9750 9752 6504 9161
9752 4 9751 9753 766 4033
9753 3 9752 9754 6918
9754 3 9753 9755 3734
9755 3 9754 9756 426
9756 2 9755 9757
9757 2 9756 9758
9758 3 9757 9759 5237
9759 3 9758 9760 6655
9760 2 9759 9761
9761 5 9760 9762 5835 427 9020
9762 2 9761 9763
9763 4 9762 9764 6107 4707
9764 6 9763 9765 1953 8068 9083 844
9765 5 9764 9766 8626 8195 8490
9766 2 9765 9767
9767 2 9766 9768
9768 3 9767 9769 5358
9769 2 9768 9770
9770 3 9769 9771 2238
9771 3 9770 9772 4546
9772 3 9771 9773 575
9773 3 9772 9774 9065
9774 4 9773 9775 4296 3472
9775 3 9774 9776 9039
9776 8 9775 9777 8182 6276 6540 6362 1878 7569
9777 4 9776 9778 6462 8916
9778 4 9777 9779 5568 1537
9779 4 9778 9780 3554 6546
9780 6 9779 9781 4481 5867 1412 109
9781 6 9780 9782 346 8224 3511 5264
9782 3 9781 9783 9370
9783 3 9782 9784 5368
9784 7 9783 9785 2578 621 6661 84 8953
9785 4 9784 9786 6307 5194
9786 3 9785 9787 2760
9787 5 9786 9788 634 6373 4437
9788 5 9787 9789 3088 5206 8779
9789 4 9788 9790 3331 5448
9790 6 9789 9791 5746 816 9004 2783
9791 5 9790 9792 4558 9589 2494
9792 5 9791 9793 3167 6525 4649
9793 6 9792 9794 1463 777 6817 4144
9794 2 9793 9795
9795 3 9794 9796 2853
9796 7 9795 9797 2970 8596 6651 5559 2522
9797 3 9796 9798 9715
9798 7 9797 9799 1625 2926 3993 4859 2980
9799 2 9798 9800
9800 3 9799 9801 6929
9801 7 9800 9802 8055 4785 9097 9817 6734
9802 2 9801 9803
9803 5 9802 9804 823 678 880
9804 3 9803 9805 805
9805 4 9804 9806 2047 5722
9806 4 9805 9807 7827 4947
9807 4 9806 9808 4228 6288
9808 4 9807 9809 7594 7839
9809 3 9808 9810 4620
9810 3 9809 9811 3012
9811 2 9810 9812
9812 7 9811 9813 892 4642 6956 1141 5262
9813 5 9812 9814 3367 7219 1074
9814 4 9813 9815 4629 4504
9815 9 9814 9816 4694 972 5153 6809 5024 2250 7420
9816 5 9815 9817 640 8772 2939
9817 5 9816 9818 9801 7696 6417
9818 4 9817 9819 3135 7567
9819 5 9818 9820 7465 4995 7575
9820 6 9819 9821 8989 2818 2257 2719
9821 3 9820 9822 3704
9822 5 9821 9823 5583 2870 4138
9823 4 9822 9824 889 3573
9824 3 9823 9825 6433
9825 2 9824 9826
9826 3 9825 9827 8449
9827 4 9826 9828 8861 9884
9828 6 9827 9829 994 722 1868 5875
9829 4 9828 9830 4096 6450
9830 4 9829 9831 8145 4353
9831 6 9830 9832 1515 1966 4439 6416
9832 3 9831 9833 9576
9833 6 9832 9834 4505 4850 8733 5428
9834 3 9833 9835 6113
9835 2 9834 9836
9836 4 9835 9837 9316 8666
9837 4 9836 9838 5160 305
9838 2 9837 9839
9839 4 9838 9840 2821 2979
9840 3 9839 9841 5156
9841 3 9840 9842 923
9842 2 9841 9843
9843 3 9842 9844 5620
9844 2 9843 9845
9845 4 9844 9846 1226 8908
9846 3 9845 9847 35
9847 2 9846 9848
9848 3 9847 9849 8504
9849 4 9848 9850 9694 1516
9850 4 9849 9851 1384 7912
9851 3 9850 9852 2634
9852 2 9851 9853
9853 4 9852 9854 425 8170
9854 2 9853 9855
9855 3 9854 9856 3904
9856 3 9855 9857 1449
9857 4 9856 9858 7183 9296
9858 2 9857 9859
9859 3 9858 9860 515
9860 7 9859 9861 5692 278 6037 2892 7804
9861 7 9860 9862 6269 4606 8434 5422 4021
9862 5 9861 9863 9152 7374 1566
9863 4 9862 9864 7501 9564
9864 7 9863 9865 3626 825 6534 4695 8720
9865 3 9864 9866 2135
9866 3 9865 9867 2693
9867 4 9866 9868 7990 445
9868 4 9867 9869 9365 4749
9869 2 9868 9870
9870 3 9869 9871 1546
9871 4 9870 9872 84 8778
9872 3 9871 9873 5205
9873 3 9872 9874 6417
9874 2 9873 9875
9875 5 9874 9876 1691 4910 8067
9876 8 9875 9877 9634 4085 503 9564 8377 1610
9877 3 9876 9878 4099
9878 3 9877 9879 8773
9879 4 9878 9880 9975 5172
9880 3 9879 9881 6750
9881 3 9880 9882 797
9882 3 9881 9883 7249
9883 5 9882 9884 6840 9708 2730
9884 8 9883 9885 8220 5838 7297 4883 9827 6696
9885 3 9884 9886 1143
9886 4 9885 9887 7811 8079
9887 4 9886 9888 7316 6367
9888 4 9887 9889 4513 6672
9889 2 9888 9890
9890 2 9889 9891
9891 3 9890 9892 4545
9892 7 9891 9893 5888 1911 2249 984 1179
9893 3 9892 9894 8227
9894 4 9893 9895 3806 8496
9895 2 9894 9896
9896 3 9895 9897 9451
9897 3 9896 9898 1049
9898 4 9897 9899 3840 2850
9899 3 9898 9900 7065
9900 4 9899 9901 5125 8022
9901 2 9900 9902
9902 2 9901 9903
9903 5 9902 9904 4760 681 9076
9904 5 9903 9905 3744 981 3222
9905 4 9904 9906 7467 396
9906 5 9905 9907 8849 3511 2129
9907 2 9906 9908
9908 3 9907 9909 4933
9909 2 9908 9910
9910 3 9909 9911 4896
9911 5 9910 9912 1462 2086 7214
9912 6 9911 9913 883 8849 8779 7381
9913 4 9912 9914 8914 6714
9914 3 9913 9915 1532
9915 3 9914 9916 8014
9916 5 9915 9917 4025 7167 3092
9917 3 9916 9918 896
9918 3 9917 9919 608
9919 5 9918 9920 3104 7049 1810
9920 2 9919 9921
9921 5 9920 9922 1340 4544 6924
9922 7 9921 9923 4119 6080 6030 9706 1463
9923 3 9922 9924 3451
9924 5 9923 9925 2348 8413 7299
9925 6 9924 9926 2376 4201 7832 8194
9926 4 9925 9927 159 4566
9927 6 9926 9928 4603 9427 9474 814
9928 2 9927 9929
9929 3 9928 9930 6950
9930 4 9929 9931 6234 6142
9931 4 9930 9932 5973 435
9932 3 9931 9933 1179
9933 3 9932 9934 7575
9934 2 9933 9935
9935 4 9934 9936 3596 2598
9936 4 9935 9937 7171 3001
9937 7 9936 9938 7919 5076 8082 954 1177
9938 4 9937 9939 9398 8972
9939 3 9938 9940 8862
9940 6 9939 9941 1124 827 938 3255
9941 4 9940 9942 2022 1542
9942 2 9941 9943
9943 2 9942 9944
9944 2 9943 9945
9945 5 9944 9946 6046 8721 8233
9946 5 9945 9947 3613 4720 8130
9947 3 9946 9948 5901
9948 5 9947 9949 5929 8802 4194
9949 4 9948 9950 3483 7884
9950 4 9949 9951 8291 2024
9951 2 9950 9952
9952 3 9951 9953 670
9953 5 9952 9954 994 4357 813
9954 4 9953 9955 147 7799
9955 3 9954 9956 8105
9956 4 9955 9957 3778 3283
9957 3 9956 9958 6944
9958 4 9957 9959 6645 2813
9959 4 9958 9960 1239 3071
9960 2 9959 9961
9961 2 9960 9962
9962 3 9961 9963 1019
9963 4 9962 9964 8662 2570
9964 5 9963 9965 5264 2382 8503
9965 2 9964 9966
9966 2 9965 9967
9967 5 9966 9968 7710 618 5158
9968 7 9967 9969 8226 1149 7935 5893 4023
9969 2 9968 9970
9970 3 9969 9971 8346
9971 3 9970 9972 1490
9972 3 9971 9973 5262
9973 3 9972 9974 1351
9974 3 9973 9975 2616
9975 5 9974 9976 9879 3950 3119
9976 3 9975 9977 1171
9977 4 9976 9978 3167 8458
9978 7 9977 9979 1601 7813 9569 5409 7113
9979 3 9978 9980 5850
9980 5 9979 9981 2396 2929 840
9981 4 9980 9982 1680 6279
9982 3 9981 9983 5644
9983 5 9982 9984 6907 9703 863
9984 4 9983 9985 6740 4389
9985 5 9984 9986 6694 2200 4452
9986 4 9985 9987 71 5398
9987 6 9986 9988 1987 233 1355 8064
9988 3 9987 9989 6678
9989 4 9988 9990 462 4953
9990 3 9989 9991 3522
9991 3 9990 9992 2285
9992 5 9991 9993 8061 9450 2782
9993 4 9992 9994 6207 7437
9994 4 9993 9995 2126 976
9995 3 9994 9996 201
9996 5 9995 9997 9734 5746 5526
9997 6 9996 9998 9476 6893 4404 855
9998 4 9997 9999 505 8132
9999 5 9998 0 2775 6572 4957
