50000 100000
0 4 40091 29169 9973 17401
1 2 28562 28718
2 0
3 1 48476
4 2 34468 40608
5 1 7891
6 1 34070
7 2 40807 30345
8 2 43153 37999
9 1 25501
10 5 41326 10148 34408 20222 37430
11 1 24613
12 1 13000
13 3 8212 20057 20471
14 4 45808 8676 7588 48131
15 0
16 0
17 1 11141
18 3 14934 17800 43252
19 3 41951 40364 46694
20 3 6887 21375 17268
21 1 41439
22 3 28022 12836 11458
23 2 43800 34874
24 0
25 1 13030
26 1 17671
27 3 2574 21598 43142
28 0
29 2 12193 33196
30 2 23204 46642
31 3 41965 19198 39305
32 3 1295 13698 44098
33 1 11251
34 1 40042
35 2 41224 730
36 1 17431
37 2 46847 2233
38 1 38209
39 0
40 0
41 0
42 4 8859 37268 7200 28796
43 1 23908
44 0
45 3 19558 19661 38225
46 3 31649 43311 7901
47 0
48 3 10640 36235 11159
49 3 17146 23969 28529
50 1 5702
51 3 48481 47319 19122
52 0
53 1 29860
54 4 27017 37263 21844 7294
55 2 2518 46859
56 2 15190 5189
57 0
58 2 25835 49658
59 3 23286 27798 19461
60 1 5336
61 1 39754
62 2 2334 48182
63 0
64 1 15648
65 1 14712
66 1 47065
67 3 27979 46498 46563
68 1 20190
69 2 6879 48132
70 0
71 2 9484 41026
72 1 47786
73 5 28423 37503 24927 5252 25839
74 2 10048 1895
75 1 2509
76 2 39517 40229
77 0
78 3 41998 3937 34257
79 1 1427
80 2 18862 24642
81 3 23441 18363 38686
82 2 4091 45492
83 2 1023 39595
84 1 16030
85 2 39896 8104
86 3 3267 15195 17074
87 1 33459
88 5 16028 36832 25330 5415 48180
89 1 46601
90 2 16977 37842
91 3 37510 30805 47450
92 5 27413 31362 48817 21207 3668
93 2 7563 48746
94 2 6189 10191
95 4 46851 23078 26302 8523
96 4 20108 19673 22316 33229
97 2 31385 31879
98 3 40706 36271 24086
99 4 38677 28555 37601 30692
100 4 31025 21317 37577 44526
101 1 41355
102 4 40255 14109 12122 10188
103 3 4922 5809 2728
104 0
105 0
106 2 34200 25137
107 3 45018 18626 20769
108 3 3478 7191 22340
109 2 11928 27844
110 0
111 0
112 1 36731
113 0
114 0
115 1 29942
116 2 18231 21209
117 4 13810 35583 5080 28347
118 1 12083
119 3 33591 36578 26139
120 2 28881 36012
121 2 27222 20165
122 1 22631
123 4 24710 47327 9148 28594
124 4 43630 41805 30673 22730
125 2 20345 26596
126 4 10350 15431 1141 30775
127 2 22186 17518
128 1 23909
129 2 27057 16646
130 1 25074
131 2 14734 13737
132 2 2531 397
133 2 16541 24566
134 3 13185 1535 23156
135 0
136 1 27387
137 1 47602
138 2 11439 33036
139 1 34243
140 2 2759 22076
141 3 3720 10275 22743
142 5 10426 43562 34440 16044 42576
143 2 9554 46803
144 2 21681 27428
145 1 8909
146 0
147 3 1549 20813 39981
148 5 36531 39681 39909 20895 32050
149 1 19963
150 1 3139
151 3 23934 16188 13958
152 1 5424
153 3 31177 33926 39620
154 2 9629 29982
155 5 27817 22881 34544 9211 37279
156 1 1362
157 4 23617 31693 24316 6435
158 2 11543 8335
159 2 15144 38277
160 4 4645 22589 19741 15189
161 2 35287 29574
162 5 14617 21948 21211 8619 8039
163 3 43156 19343 46361
164 2 11147 29643
165 2 20858 18785
166 2 7485 14967
167 2 16075 6802
168 2 29379 23167
169 5 27980 14415 33028 49347 28973
170 2 16948 33446
171 3 18218 36923 27609
172 1 9094
173 2 28254 39889
174 0
175 1 38120
176 2 13024 48989
177 3 33592 44194 25281
178 3 18119 48520 49933
179 3 35420 15905 9874
180 2 13251 21086
181 2 46297 8988
182 2 38255 38276
183 3 36333 30792 33559
184 1 42628
185 0
186 1 29336
187 1 11241
188 3 20134 41203 17956
189 2 20083 45658
190 2 44499 34047
191 0
192 4 10772 47433 18578 1142
193 1 8059
194 2 29222 7662
195 3 24576 7530 12862
196 3 14237 4425 39314
197 0
198 2 24855 5339
199 0
200 3 33854 32617 48405
201 1 13355
202 1 14801
203 0
204 1 12293
205 2 6927 30263
206 0
207 2 18569 21646
208 1 12498
209 2 13217 16077
210 2 31349 16342
211 1 10522
212 2 37172 9514
213 3 17518 44783 11156
214 2 29979 14942
215 2 21731 42365
216 0
217 4 21844 2960 14105 24780
218 6 8102 16519 47183 45745 47712 40880
219 2 18781 29923
220 1 24222
221 0
222 4 49610 32006 42781 46905
223 2 13921 39553
224 1 18164
225 1 18437
226 1 456
227 2 44733 13200
228 2 8135 42740
229 2 40618 32614
230 4 31986 19483 15200 42822
231 2 48959 45078
232 3 10929 41723 41524
233 2 2502 33147
234 1 11965
235 4 29374 43347 47432 34993
236 0
237 0
238 0
239 2 20639 26519
240 2 22459 8094
241 3 8516 25267 900
242 1 215
243 3 18961 39275 30279
244 5 34850 47424 32360 29675 33342
245 3 24133 14443 9872
246 4 11606 48225 23752 7350
247 0
248 6 3562 43692 18187 12868 30805 47547
249 3 768 37179 12526
250 1 40698
251 0
252 2 9577 49680
253 1 37870
254 0
255 1 6103
256 1 10134
257 2 22912 37905
258 2 8794 28986
259 1 47950
260 1 22239
261 2 15808 10268
262 2 4411 5162
263 4 30005 33345 5329 29888
264 2 24400 587
265 4 36568 44060 31369 20218
266 2 46481 30198
267 1 17939
268 3 26986 47996 8949
269 1 21164
270 1 40237
271 5 16952 44896 45096 27112 14792
272 2 22922 46990
273 3 12284 22646 20329
274 1 20108
275 4 29853 33362 8000 21393
276 1 43559
277 2 17551 40279
278 1 37319
279 0
280 3 49308 28119 33404
281 2 47605 16340
282 1 8039
283 2 16312 48735
284 1 49829
285 1 33477
286 3 47288 45418 4882
287 2 30108 46988
288 1 10599
289 2 39417 42041
290 4 4307 36230 20564 28414
291 2 45965 43723
292 4 35726 42797 22870 33954
293 3 38091 46915 39230
294 1 42077
295 3 33672 36713 176
296 4 6228 20833 24987 37971
297 0
298 2 19042 17653
299 3 45773 48213 29287
300 3 32880 21811 49231
301 0
302 3 43737 9122 28744
303 1 39796
304 1 27522
305 2 30726 28731
306 1 39337
307 3 29048 5399 5909
308 0
309 2 38649 2177
310 2 45723 27806
311 1 6590
312 3 37497 7437 14324
313 3 44707 25239 19247
314 1 40341
315 2 28146 23444
316 2 10710 7160
317 2 28928 44071
318 3 9049 48617 45573
319 1 32593
320 4 32076 31939 38280 38838
321 4 8543 43627 25590 48209
322 1 17725
323 8 3025 19604 3897 2778 6432 7447 3494 14249
324 2 10300 12883
325 3 3407 49212 27215
326 2 43749 12476
327 1 30244
328 1 19219
329 2 20706 38373
330 1 12660
331 4 49657 27896 7343 43449
332 1 35713
333 3 16356 11311 10795
334 2 11817 6454
335 0
336 2 47949 29259
337 1 5772
338 1 4371
339 3 13899 5243 36958
340 1 14580
341 0
342 4 42028 14972 12414 25184
343 0
344 4 35800 29026 19601 45547
345 1 34398
346 3 9807 38379 24338
347 1 7830
348 2 33427 6472
349 1 19190
350 1 10875
351 2 14219 33855
352 2 35104 12929
353 1 13138
354 0
355 1 3027
356 3 7047 19213 26716
357 4 16666 32389 19479 35904
358 4 23154 1727 9716 14794
359 1 40429
360 2 9759 6776
361 3 5042 33335 39443
362 1 36954
363 4 4376 47552 12573 2448
364 2 32644 47554
365 4 39812 29884 28310 24177
366 2 42920 32303
367 4 41164 34492 39733 40699
368 2 4835 38692
369 1 37884
370 4 58 10139 9640 49587
371 7 43923 22803 20783 8868 15110 29115 24656
372 1 15574
373 2 32723 41722
374 1 36429
375 3 11758 14883 40564
376 1 45521
377 2 27764 30106
378 1 7624
379 2 15853 36769
380 6 29632 19767 40663 14042 11209 42300
381 2 24968 48404
382 2 48938 27697
383 0
384 1 3711
385 2 9913 35163
386 1 39673
387 1 13968
388 1 10508
389 2 26809 10621
390 2 19791 35353
391 3 48111 20227 3170
392 1 4238
393 1 9683
394 3 40886 10039 18759
395 2 49742 47408
396 2 25112 4505
397 1 4211
398 1 44159
399 1 44604
400 1 27461
401 2 38031 13930
402 1 42271
403 1 23885
404 0
405 0
406 4 47022 32591 4478 41490
407 1 22696
408 2 21029 19777
409 0
410 2 36935 14147
411 1 35009
412 4 34679 4006 581 22185
413 1 5680
414 4 42309 2403 179 12120
415 2 36500 45978
416 1 47677
417 1 16128
418 2 36399 1960
419 2 19015 5940
420 4 5306 41737 2843 8683
421 5 5540 7427 26207 49032 32244
422 1 30722
423 3 8422 28297 32188
424 0
425 1 8369
426 2 39414 7515
427 1 48585
428 3 5618 28638 49504
429 4 2880 10944 23849 33160
430 2 9456 11215
431 3 36150 6855 2407
432 2 13414 32901
433 5 29027 27531 14394 37175 8830
434 4 43964 31628 46445 48129
435 2 35560 45593
436 0
437 3 24613 18669 41911
438 0
439 2 25416 6621
440 3 10055 35873 27941
441 1 44706
442 2 3083 36626
443 1 2035
444 2 44991 34798
445 2 19212 23954
446 2 431 37106
447 1 12485
448 1 27781
449 0
450 1 36427
451 1 19144
452 0
453 0
454 6 21134 23933 15642 27066 42303 31180
455 1 1838
456 1 19884
457 2 46734 44591
458 3 21601 2356 30778
459 2 37502 1119
460 4 40940 3144 36547 43509
461 2 22844 49013
462 0
463 2 10446 17475
464 3 1735 12058 46101
465 3 37887 17906 36419
466 3 26518 24924 29096
467 4 22068 28535 43891 13249
468 3 40039 24913 35789
469 0
470 2 20438 19706
471 2 12936 41334
472 2 18824 33201
473 3 36048 32845 6395
474 2 42000 28683
475 5 34276 32694 3872 11012 10630
476 2 22394 17327
477 0
478 5 34470 634 46111 29174 40696
479 1 41468
480 1 11907
481 2 3001 9539
482 2 2539 4195
483 1 6042
484 8 23243 16593 27663 47653 2065 16511 3303 39484
485 3 15454 38620 26342
486 2 26538 5859
487 3 34848 1586 10426
488 4 6690 19531 25913 28164
489 2 26307 23471
490 2 42211 9711
491 1 23003
492 4 42812 38299 48911 27085
493 0
494 0
495 4 14033 6855 20205 19484
496 2 2451 25131
497 2 49092 23110
498 3 14894 21485 19771
499 1 18310
500 3 43344 22015 24795
501 3 26453 1196 19965
502 2 18839 22624
503 2 35575 3691
504 3 47310 24988 16283
505 1 49141
506 2 7114 30505
507 3 18096 13910 35371
508 1 20190
509 4 14897 20449 30104 47295
510 6 19647 26397 39327 36135 38862 20045
511 0
512 2 27627 5288
513 6 10700 46379 24733 24226 47422 688
514 3 28544 9576 981
515 2 38685 4065
516 2 26931 40148
517 1 24977
518 2 33587 42952
519 2 34013 46936
520 2 16693 44450
521 2 40010 48624
522 4 16677 11076 41746 35694
523 2 35376 20652
524 1 32037
525 1 48709
526 5 3264 14087 28585 15666 23827
527 0
528 3 46738 15527 4361
529 2 736 32938
530 2 28143 40088
531 1 14718
532 3 28793 48667 3151
533 2 18964 38021
534 1 15440
535 1 12952
536 1 33633
537 2 10922 22652
538 1 11753
539 0
540 4 17048 37099 10671 45361
541 1 42446
542 1 7866
543 5 25024 31914 18624 32663 41877
544 1 36740
545 2 8889 33979
546 2 5022 14829
547 3 49431 4050 42782
548 3 40738 30331 32835
549 0
550 2 46086 21005
551 2 24246 14466
552 2 21359 34770
553 1 35315
554 6 19387 14750 30457 7749 8747 33499
555 1 11842
556 0
557 2 26743 15863
558 1 30255
559 4 4744 41371 44915 15480
560 3 21951 40771 28274
561 1 43406
562 2 43994 982
563 4 8679 18983 17901 10207
564 0
565 1 20192
566 2 20789 5514
567 3 20233 29815 3821
568 4 34240 48246 21756 49460
569 3 39278 32837 28664
570 2 9697 4791
571 0
572 3 7891 17325 36537
573 0
574 6 37806 49879 40296 2378 48415 32297
575 1 11500
576 3 27086 42071 15761
577 1 19869
578 0
579 1 33260
580 1 44131
581 2 14112 43604
582 3 16357 30292 24011
583 2 33853 22699
584 3 27710 3169 49512
585 1 49602
586 3 42660 43059 25213
587 2 25636 46770
588 1 10465
589 3 23378 15324 7710
590 2 32959 24372
591 0
592 4 22117 11027 35636 449
593 1 40121
594 0
595 0
596 1 40874
597 1 1536
598 5 37374 47370 11578 18055 19785
599 1 40513
600 3 1730 32940 24999
601 2 19902 11566
602 3 34825 37411 38351
603 1 42541
604 3 20457 7898 35528
605 1 34051
606 0
607 3 30222 46570 3530
608 1 12731
609 3 26017 33418 26310
610 2 3574 1680
611 2 5801 31524
612 5 6230 15828 24853 31796 1153
613 4 11334 23823 37314 17613
614 5 36673 40096 25784 31182 31102
615 1 11142
616 2 41453 16122
617 1 43340
618 0
619 0
620 3 10741 38699 24834
621 0
622 0
623 2 38577 9988
624 1 49455
625 0
626 0
627 3 17716 12670 10739
628 2 34434 18683
629 2 3145 5729
630 3 20786 32815 16204
631 5 27265 38684 17357 18088 18669
632 5 47409 21805 2882 14596 21080
633 1 24988
634 1 31125
635 1 44123
636 5 12285 9955 11207 18868 16160
637 2 43444 31689
638 3 36167 37930 34478
639 2 6453 224
640 2 8484 40654
641 3 3474 48085 20243
642 3 30016 15635 26906
643 3 5032 27553 47294
644 2 41116 21259
645 2 6379 3914
646 6 10832 2963 19050 8965 27868 43661
647 2 38563 20867
648 1 43962
649 1 32184
650 1 49793
651 3 44990 24735 29789
652 2 29982 20547
653 2 20220 40287
654 2 14218 5819
655 1 24100
656 0
657 2 27955 39847
658 1 33223
659 5 26015 16421 24201 33663 24648
660 1 40675
661 0
662 1 17182
663 3 11961 34907 26124
664 0
665 5 39308 30098 6371 30437 49351
666 4 20707 20776 49260 39486
667 3 19586 37665 49352
668 2 46870 15027
669 0
670 4 13120 28297 49922 10959
671 0
672 1 13020
673 1 27933
674 1 24744
675 0
676 2 41406 32860
677 2 3850 34644
678 2 39053 47262
679 1 36979
680 1 20460
681 2 44877 46984
682 3 46371 25891 36086
683 0
684 4 6784 41001 107 6906
685 3 18783 46657 31131
686 0
687 1 33675
688 3 5889 28707 36624
689 3 3615 26227 33679
690 2 20720 13245
691 1 38671
692 2 43316 170
693 1 26789
694 2 34199 38271
695 1 45549
696 3 19302 16775 6158
697 1 45961
698 2 2053 42165
699 2 608 6153
700 2 22820 17275
701 0
702 2 32030 43096
703 3 15663 11295 22573
704 0
705 1 38107
706 2 21863 10779
707 2 44884 44223
708 2 49262 46976
709 1 18292
710 5 9 43415 28685 32663 48392
711 1 39550
712 2 24012 26261
713 4 20499 6585 12955 47175
714 1 35680
715 3 3855 44907 41032
716 3 38808 35002 30013
717 1 24364
718 3 48648 36421 32491
719 6 47910 22776 8214 32005 7456 47031
720 1 40216
721 5 48903 30597 31299 31370 29758
722 1 40899
723 2 21891 35871
724 0
725 2 44599 15468
726 1 22375
727 1 42694
728 2 13960 39443
729 1 2143
730 0
731 5 35067 22104 47557 1743 28226
732 1 45643
733 0
734 1 4593
735 2 731 7225
736 3 8292 14810 18209
737 1 37032
738 1 27681
739 5 24050 14239 28509 19404 36795
740 4 36380 15198 33109 11820
741 1 4254
742 1 14982
743 2 32475 19683
744 1 10486
745 4 26391 12120 28383 6561
746 1 6994
747 1 5100
748 2 38507 47095
749 1 16765
750 0
751 3 13888 5814 35717
752 2 16810 9511
753 3 27756 8958 14023
754 2 30779 39680
755 1 47432
756 1 39165
757 1 47596
758 4 42845 40133 17817 15154
759 2 3827 43050
760 2 2229 12388
761 0
762 0
763 2 16004 13619
764 0
765 1 43587
766 2 44590 48407
767 1 7833
768 2 15367 43875
769 3 24537 27483 16184
770 1 21319
771 2 46296 6432
772 1 29700
773 2 14902 36837
774 3 42767 21665 46838
775 1 1735
776 3 518 12874 90
777 2 5025 1953
778 2 21691 22267
779 4 21491 29160 25954 38278
780 1 10335
781 4 15881 41571 45877 9762
782 4 44854 18188 21061 33
783 3 9286 14412 31658
784 5 7599 21185 42097 5662 10263
785 3 15389 28002 9542
786 3 43354 4024 26759
787 3 33003 12682 24483
788 5 10131 11700 41281 35212 2564
789 5 45524 46847 16727 24040 15843
790 2 43950 9897
791 6 15285 25772 13245 20770 36372 9809
792 2 32595 39165
793 0
794 1 41122
795 2 25770 40580
796 1 7998
797 2 13542 49936
798 3 36229 7586 46825
799 7 24630 39870 12651 17293 33348 16816 48763
800 0
801 3 28989 11162 41293
802 1 40396
803 1 6225
804 2 6517 45726
805 2 16524 43189
806 0
807 3 43739 47967 14434
808 1 28210
809 2 5984 45169
810 4 35995 10860 35688 27539
811 0
812 3 17087 46897 1680
813 6 27599 34810 49320 41744 23266 12069
814 3 48577 26301 47449
815 1 17326
816 2 25709 20026
817 2 29508 34599
818 1 45168
819 1 45245
820 1 49358
821 5 25816 17190 37860 48079 38903
822 3 39797 35961 12149
823 7 25786 11250 271 20429 18990 23987 36403
824 2 2437 4367
825 2 21923 45684
826 3 22896 24287 29841
827 3 9653 39524 21561
828 6 39460 11410 4664 9266 48291 7484
829 3 37573 20183 9815
830 3 35420 25137 19058
831 1 48197
832 3 46114 44987 1113
833 2 35403 8377
834 3 11113 31652 36093
835 3 37763 31007 5617
836 3 9367 12988 26217
837 2 21382 8931
838 5 26616 23262 289 33501 37040
839 3 25759 1644 47911
840 1 5885
841 0
842 2 47614 26680
843 3 2467 14011 17716
844 1 32380
845 2 15437 48669
846 0
847 0
848 2 1758 34258
849 0
850 4 28594 13962 34149 30925
851 0
852 3 39830 3830 43085
853 3 27422 1971 22772
854 0
855 1 19745
856 2 2512 34349
857 1 15448
858 4 45797 6971 3483 43997
859 4 45194 41763 11670 3208
860 3 39987 33422 11922
861 1 43534
862 1 48081
863 2 19129 16197
864 3 28172 6291 38134
865 4 8457 7191 47621 14124
866 1 11175
867 3 17875 43599 18374
868 7 4622 18116 41637 32355 39939 7815 11016
869 1 5036
870 2 13857 45452
871 3 30882 5766 37762
872 3 48613 36628 37735
873 1 44366
874 4 2178 35756 8782 21404
875 1 46610
876 2 18236 12518
877 2 22331 9499
878 3 49891 6022 32659
879 2 909 46795
880 0
881 0
882 1 42236
883 1 15193
884 6 24395 36918 16511 16051 46220 24217
885 2 40786 13908
886 2 22830 31888
887 4 2232 36796 23034 457
888 3 10173 36496 4720
889 1 7951
890 1 34224
891 3 39088 43461 66
892 2 18630 45653
893 1 13136
894 4 23356 27443 28159 33319
895 2 2286 40529
896 0
897 5 7862 37506 33559 12542 29519
898 4 34732 39101 38835 19432
899 2 38635 19440
900 2 19026 45567
901 3 40941 23079 39280
902 0
903 1 35469
904 0
905 1 17588
906 3 39469 30202 45532
907 1 35480
908 1 4881
909 1 43304
910 1 33191
911 1 30926
912 2 41281 38519
913 3 29372 6100 30492
914 2 7980 18290
915 0
916 0
917 3 36518 38475 15311
918 1 29277
919 1 36068
920 1 23017
921 2 22183 29587
922 2 37208 26143
923 2 5892 47832
924 5 12344 5173 6270 33365 12110
925 2 22372 13407
926 1 32636
927 2 2738 26467
928 2 44082 1203
929 1 5750
930 0
931 2 42901 11172
932 5 3478 28946 36580 16092 38041
933 0
934 0
935 1 30624
936 2 44517 19767
937 1 17438
938 0
939 1 48210
940 5 36292 48220 14212 26002 48718
941 0
942 1 7602
943 2 5670 32275
944 2 46463 43709
945 1 20264
946 2 37000 39876
947 2 37967 30032
948 3 42637 48492 26749
949 1 6107
950 3 39697 29710 4646
951 0
952 2 30441 37890
953 5 12109 4534 28767 27862 8560
954 2 28093 14190
955 0
956 3 8378 33847 48291
957 3 14223 4131 42070
958 0
959 2 31075 40339
960 5 25606 6964 42681 1941 21511
961 3 17025 25734 3889
962 3 7602 14378 4687
963 4 36798 17216 26995 26659
964 4 27639 16355 6632 25230
965 1 9582
966 1 41437
967 2 6771 48069
968 2 6740 24097
969 4 17111 18000 38758 371
970 3 2210 16552 2021
971 4 6043 39840 6106 17304
972 1 13951
973 0
974 1 49218
975 4 46890 1818 40978 21524
976 0
977 0
978 0
979 1 14378
980 3 40986 21304 13065
981 2 38354 48106
982 2 6626 29588
983 5 17877 29885 41535 34624 39333
984 0
985 1 29832
986 1 10987
987 2 46845 39965
988 1 34939
989 0
990 3 3082 20784 1440
991 1 25925
992 0
993 2 47688 5742
994 0
995 0
996 2 45155 40878
997 2 29690 2514
998 5 19387 39318 4440 47251 23896
999 5 48183 48862 19387 47538 42449
1000 1 14418
1001 2 42636 13931
1002 1 39678
1003 0
1004 5 17471 11159 27964 45009 11562
1005 3 13175 17816 43921
1006 2 44416 37783
1007 2 23497 17283
1008 4 4026 48940 19097 13055
1009 2 20752 34069
1010 1 10539
1011 2 24356 37236
1012 2 31304 22824
1013 4 17664 25536 10090 14568
1014 1 1800
1015 1 40576
1016 2 34167 18781
1017 3 14965 47376 1539
1018 3 19390 41439 31549
1019 2 4627 12974
1020 1 4015
1021 4 4975 25538 27084 47608
1022 4 5811 41416 17380 46265
1023 0
1024 1 45092
1025 3 38997 21015 2001
1026 4 47003 35178 1767 7525
1027 2 25387 10975
1028 2 27877 19516
1029 2 34453 25376
1030 1 43170
1031 1 12331
1032 1 45795
1033 3 22363 15911 48647
1034 2 40248 46924
1035 3 42492 23994 36712
1036 5 5889 11719 18472 49070 42833
1037 4 20153 48426 22368 3862
1038 2 49349 40237
1039 3 16667 31922 46753
1040 0
1041 1 27316
1042 3 41887 32943 28003
1043 2 1374 15041
1044 0
1045 2 47971 22521
1046 1 20890
1047 1 15199
1048 1 43036
1049 3 46420 38610 28599
1050 1 17522
1051 3 29998 32130 4640
1052 2 15228 41628
1053 2 38384 47517
1054 0
1055 1 26033
1056 2 31254 9133
1057 2 5874 43584
1058 1 16230
1059 3 35463 27319 20532
1060 1 12279
1061 4 44127 11081 31765 9498
1062 1 18093
1063 0
1064 3 39801 21832 41881
1065 3 20450 40876 7833
1066 2 9062 30813
1067 1 40160
1068 4 47655 41253 42915 3005
1069 3 4284 24900 6270
1070 2 23336 41261
1071 1 46292
1072 4 15772 16730 18484 38571
1073 2 41257 44443
1074 3 34041 44818 40979
1075 0
1076 0
1077 4 9627 13820 14505 8442
1078 3 28799 25646 2656
1079 2 4880 24649
1080 1 28381
1081 3 22659 4241 45689
1082 1 30681
1083 1 15466
1084 2 3751 2073
1085 1 43086
1086 2 42757 48229
1087 2 21406 10486
1088 2 48050 26673
1089 1 7569
1090 2 45566 25726
1091 6 34935 20860 18875 15923 21306 33365
1092 0
1093 1 30626
1094 3 44733 33271 13515
1095 5 13734 23824 41915 2419 28064
1096 2 16155 9751
1097 3 27377 39341 16000
1098 5 46975 47928 33773 3522 28272
1099 1 23909
1100 2 40662 8875
1101 2 45025 20301
1102 2 19076 49219
1103 4 34028 46827 35471 45298
1104 5 685 43339 48730 45613 7373
1105 2 22692 6017
1106 5 32131 1215 28513 274 33728
1107 1 3112
1108 0
1109 2 11661 37408
1110 4 14427 48050 42191 8
1111 0
1112 1 48523
1113 4 11278 22753 45077 43853
1114 4 16827 37495 33402 28168
1115 3 14238 17413 4345
1116 0
1117 1 6115
1118 2 44135 38591
1119 2 49903 23178
1120 1 11850
1121 1 5385
1122 3 47221 49962 36748
1123 1 11896
1124 2 10612 30570
1125 1 5571
1126 3 24736 6158 7929
1127 7 7698 8292 25373 49930 43831 10223 3943
1128 2 13726 20515
1129 6 14661 291 22870 39089 18171 5287
1130 2 28569 1708
1131 3 2781 14077 39361
1132 2 14205 49683
1133 1 33364
1134 0
1135 0
1136 2 4569 28765
1137 4 43282 33698 49144 31005
1138 2 23983 41140
1139 1 19590
1140 1 12242
1141 1 34420
1142 1 25969
1143 1 14867
1144 0
1145 0
1146 3 7426 1074 21076
1147 3 44124 12801 23844
1148 1 20722
1149 4 39392 28550 29780 39049
1150 1 4321
1151 1 37965
1152 5 31136 16314 45462 28338 24169
1153 2 33446 11020
1154 1 4486
1155 2 9703 2892
1156 0
1157 1 39228
1158 1 21761
1159 5 27711 30711 23581 40036 26808
1160 4 30163 5110 48119 46682
1161 1 31977
1162 3 9555 41817 11849
1163 2 46663 24020
1164 1 33342
1165 2 44167 20254
1166 0
1167 0
1168 0
1169 0
1170 3 29834 46371 29271
1171 0
1172 5 39301 7035 14411 43119 8644
1173 3 19489 30709 45911
1174 1 42787
1175 1 14631
1176 1 11082
1177 4 33772 6582 8865 2029
1178 1 40747
1179 4 32407 3539 22355 35677
1180 3 26305 11843 12442
1181 0
1182 3 21379 45061 35553
1183 1 47567
1184 1 5187
1185 3 25881 34563 32356
1186 1 15853
1187 1 4012
1188 0
1189 1 42252
1190 0
1191 2 27732 17186
1192 3 20089 46186 47447
1193 1 2014
1194 3 42602 26028 22150
1195 5 24279 34669 2030 14161 20745
1196 3 15910 41399 46662
1197 2 30309 15470
1198 5 32424 10443 33503 8820 9424
1199 3 44436 11045 49417
1200 4 26904 9120 27309 22228
1201 1 12641
1202 3 18122 40886 11935
1203 2 28323 35177
1204 0
1205 2 1761 46416
1206 3 1386 4438 18069
1207 2 1827 34023
1208 1 28393
1209 0
1210 3 41590 45624 23953
1211 1 20313
1212 1 26921
1213 2 12459 31991
1214 2 18308 17811
1215 0
1216 1 7253
1217 2 46164 47997
1218 1 3872
1219 2 23527 12464
1220 2 23938 2887
1221 2 46088 8805
1222 2 48042 15601
1223 1 22147
1224 3 20515 17718 14684
1225 3 45538 345 18327
1226 1 45622
1227 1 23877
1228 0
1229 1 24806
1230 1 18232
1231 5 26881 40997 19596 8718 11350
1232 2 4787 48875
1233 2 42541 26973
1234 2 30573 39893
1235 3 4779 19039 35449
1236 3 37947 25121 6097
1237 1 33569
1238 3 43467 30874 39502
1239 1 13794
1240 1 22297
1241 2 27166 34069
1242 4 36124 48595 22811 23524
1243 1 20653
1244 0
1245 1 42199
1246 0
1247 1 29784
1248 3 36696 27244 44462
1249 4 45326 9062 2602 32882
1250 3 4099 5523 15328
1251 1 9691
1252 4 20101 23652 13164 28869
1253 3 10709 36979 10162
1254 3 24065 1433 41061
1255 0
1256 2 11528 21890
1257 2 5825 22969
1258 5 34383 30836 13146 43730 38439
1259 4 33842 10210 26252 35037
1260 4 33614 43261 18760 43125
1261 2 18487 44042
1262 1 31003
1263 1 5857
1264 0
1265 3 46175 44194 33769
1266 2 31189 17824
1267 3 26787 11304 43339
1268 1 48664
1269 2 8267 43199
1270 0
1271 1 1634
1272 1 31423
1273 3 11524 1926 49573
1274 1 19848
1275 3 13040 20384 17036
1276 3 32028 39355 5484
1277 0
1278 4 36092 17103 40654 48248
1279 2 2851 321
1280 2 8063 17325
1281 2 36751 16696
1282 2 9229 44675
1283 1 35516
1284 1 33390
1285 0
1286 3 7675 2472 33484
1287 3 26878 1930 7899
1288 2 43656 7303
1289 3 11701 398 16981
1290 2 14086 35378
1291 1 45698
1292 1 24610
1293 0
1294 2 48326 13619
1295 4 18420 23530 7135 43149
1296 0
1297 0
1298 1 664
1299 3 1411 32651 17057
1300 0
1301 1 2794
1302 2 5175 10182
1303 2 7592 21708
1304 3 5483 48945 4802
1305 1 35144
1306 0
1307 4 32689 5874 1078 46247
1308 1 2208
1309 2 45328 10578
1310 1 20339
1311 5 6255 15248 26237 16601 5294
1312 5 6722 34925 1946 14926 34022
1313 1 4522
1314 2 23521 32872
1315 1 42886
1316 2 27034 4876
1317 2 2272 5734
1318 0
1319 3 21566 21897 20513
1320 1 36083
1321 1 9175
1322 1 39926
1323 0
1324 1 46485
1325 3 35096 43740 25395
1326 0
1327 1 34317
1328 3 24802 35066 7718
1329 1 24979
1330 1 43052
1331 0
1332 2 26346 13781
1333 3 36580 2694 15023
1334 3 5652 48477 26734
1335 1 24730
1336 5 23648 13940 40770 15565 17214
1337 3 18061 31216 33726
1338 4 27825 23653 28882 19366
1339 2 2276 49850
1340 3 42525 11659 27126
1341 3 47899 28672 7539
1342 3 23899 12039 37532
1343 1 12528
1344 2 41834 257
1345 0
1346 1 10344
1347 3 15769 19140 47260
1348 1 14913
1349 2 33838 47662
1350 2 160 22013
1351 1 5989
1352 1 11071
1353 0
1354 3 39393 36173 4795
1355 0
1356 1 10776
1357 2 22382 2300
1358 1 16983
1359 2 4858 34268
1360 3 39725 28176 35164
1361 1 3176
1362 1 14008
1363 2 43065 8009
1364 2 13267 31576
1365 4 10611 49489 44739 36302
1366 2 49563 26539
1367 2 38537 38182
1368 0
1369 2 45766 14428
1370 1 19141
1371 2 40996 21555
1372 3 34963 11209 5665
1373 5 45062 9149 6584 21946 43074
1374 2 21931 11140
1375 3 31374 34979 13302
1376 5 14356 14134 49903 24887 35815
1377 3 25828 2554 1772
1378 4 40366 33126 49595 39469
1379 0
1380 4 14419 21520 3161 30038
1381 2 44976 46019
1382 2 36652 6689
1383 4 25079 13171 27195 31643
1384 4 15176 10629 9967 25015
1385 1 4602
1386 3 11557 4020 9080
1387 2 25523 42735
1388 0
1389 9 40445 12252 25190 6288 45513 5937 29616 788 30731
1390 2 6685 9034
1391 1 46394
1392 2 45569 42738
1393 2 31414 34213
1394 0
1395 1 31956
1396 0
1397 0
1398 0
1399 1 18377
1400 1 8516
1401 0
1402 5 5689 12937 46758 29916 7842
1403 1 24577
1404 1 27700
1405 2 23185 48774
1406 3 1486 28196 38654
1407 0
1408 0
1409 0
1410 0
1411 2 21017 6673
1412 1 45635
1413 1 45511
1414 1 34977
1415 3 6847 46063 41886
1416 1 8512
1417 1 26885
1418 2 28333 8820
1419 1 15816
1420 2 1168 10956
1421 2 35189 34123
1422 3 13898 657 35400
1423 4 16711 7335 9105 21301
1424 2 13850 10774
1425 2 42765 39766
1426 0
1427 3 38411 46400 9758
1428 4 22212 7330 13940 24386
1429 5 17349 30205 1355 15428 25289
1430 1 940
1431 2 32057 41042
1432 1 42779
1433 0
1434 2 2909 35687
1435 2 36165 35042
1436 1 30148
1437 2 1246 24558
1438 4 10057 15627 47279 35443
1439 1 28721
1440 3 23675 35251 9153
1441 4 35753 7177 40764 32131
1442 2 10527 35472
1443 0
1444 2 32656 26977
1445 3 29634 49392 10913
1446 2 48145 43265
1447 3 2047 2019 45616
1448 2 16372 25248
1449 2 34746 21044
1450 8 41649 15144 12575 34480 18810 21561 29546 4688
1451 2 38260 16845
1452 2 1216 29137
1453 1 47998
1454 3 19145 34926 29745
1455 1 7571
1456 2 46601 18159
1457 1 26371
1458 0
1459 5 28425 2317 12060 3685 21431
1460 1 13830
1461 3 15873 13068 47674
1462 2 6421 10134
1463 3 25207 25446 4625
1464 2 38245 13765
1465 4 30084 46947 11366 19941
1466 0
1467 1 11211
1468 2 45204 28191
1469 4 11207 24094 4233 2947
1470 5 13411 20871 48503 28505 4329
1471 1 31919
1472 1 45809
1473 0
1474 2 1731 36224
1475 1 3171
1476 3 35904 14830 26699
1477 1 5575
1478 3 34578 33568 9504
1479 2 46187 14858
1480 1 18674
1481 4 6670 1437 8084 3908
1482 3 20542 44139 20046
1483 3 7769 12999 17157
1484 5 7346 40428 36759 16675 42060
1485 1 40551
1486 1 33258
1487 2 45894 49534
1488 1 37505
1489 3 7551 11648 6989
1490 3 38399 7413 1931
1491 2 30283 33059
1492 1 46978
1493 2 34400 46233
1494 3 20410 49638 41196
1495 2 17677 47265
1496 5 5349 23904 18457 30295 40650
1497 3 22095 24924 13282
1498 2 9358 34943
1499 1 9649
1500 1 42687
1501 1 35985
1502 0
1503 4 20688 38195 22529 15336
1504 3 20240 18018 27575
1505 1 44436
1506 1 16081
1507 3 13275 6330 20879
1508 1 23052
1509 6 4250 45361 22378 4521 2552 7656
1510 1 11922
1511 4 26022 11177 40961 8911
1512 3 38522 38776 18980
1513 0
1514 2 40407 3610
1515 4 46066 14587 37651 10836
1516 2 44381 40932
1517 1 18574
1518 1 3902
1519 4 833 6385 18007 7300
1520 2 49619 42963
1521 3 12615 13062 37736
1522 2 49406 17093
1523 3 42948 7270 32425
1524 3 16597 8798 19387
1525 3 40351 18451 30345
1526 0
1527 1 6968
1528 1 41612
1529 1 40907
1530 5 18568 31271 19272 38692 6799
1531 4 27733 30922 42627 41161
1532 5 18099 11251 28912 37329 12805
1533 4 37189 42234 8845 40710
1534 0
1535 0
1536 3 45892 7945 37786
1537 6 2703 8868 36446 3247 45959 42904
1538 1 46064
1539 4 26795 26177 35617 22345
1540 3 46149 38817 44321
1541 2 51 44648
1542 3 18183 36230 49915
1543 2 40256 6116
1544 1 17023
1545 1 9168
1546 2 2987 22535
1547 1 37741
1548 2 32927 32586
1549 1 35688
1550 0
1551 1 3513
1552 3 36426 44604 7459
1553 2 34527 14119
1554 1 39908
1555 3 40734 13516 28571
1556 2 4461 43223
1557 1 34073
1558 2 47740 42560
1559 2 27826 34184
1560 1 11145
1561 4 25820 7566 39662 15541
1562 2 4142 8721
1563 1 38948
1564 0
1565 4 45813 8118 42784 17894
1566 6 7656 24613 47101 17520 21522 28766
1567 2 36287 13998
1568 2 21082 38172
1569 0
1570 1 47481
1571 3 2871 23854 45949
1572 0
1573 1 5389
1574 0
1575 2 35243 21862
1576 2 5189 33237
1577 3 42937 31530 39316
1578 3 41253 18189 27414
1579 1 10929
1580 4 39128 38720 47051 44626
1581 2 46592 48888
1582 0
1583 1 37146
1584 3 49607 8231 45413
1585 1 5738
1586 0
1587 4 6770 42228 6919 24538
1588 1 16261
1589 2 10075 2699
1590 2 16445 30673
1591 0
1592 4 13075 28314 24706 20563
1593 3 32319 17159 32588
1594 3 18838 48594 18668
1595 1 26524
1596 3 3894 39715 8112
1597 4 45605 158 44229 40936
1598 1 21165
1599 1 18849
1600 4 22054 40005 11934 2452
1601 3 10538 40885 30155
1602 2 43577 34558
1603 3 12846 7775 42121
1604 1 17731
1605 1 11683
1606 2 49733 32133
1607 4 10812 49655 29033 46370
1608 5 17313 9584 3780 15215 1828
1609 0
1610 4 3228 43812 32700 44349
1611 3 1376 46222 44354
1612 4 49974 39547 42077 10575
1613 3 10720 18345 45580
1614 0
1615 5 2941 12571 43055 22241 48510
1616 1 18314
1617 3 9780 23454 9326
1618 0
1619 3 18536 11246 6506
1620 5 39297 24124 49587 20708 4697
1621 3 33300 42505 15059
1622 3 30320 38841 6513
1623 0
1624 3 37889 8829 32903
1625 4 44679 23937 36513 7660
1626 3 2840 17011 47302
1627 2 21883 40197
1628 3 40130 37682 11830
1629 4 18656 12919 39050 3256
1630 4 43480 27425 39582 32917
1631 0
1632 2 5023 32735
1633 2 18392 25754
1634 2 27651 15638
1635 3 20759 40746 3372
1636 2 18185 7926
1637 3 15343 3032 16395
1638 1 15351
1639 1 4084
1640 0
1641 3 38610 9633 46711
1642 2 27426 33732
1643 3 27304 26471 35476
1644 1 32131
1645 2 27497 32429
1646 1 9750
1647 1 33168
1648 2 27947 34070
1649 1 10051
1650 1 40239
1651 1 29716
1652 3 16074 18494 35261
1653 6 44785 18369 20311 10947 36107 779
1654 3 11469 2625 48094
1655 2 20948 12305
1656 2 20441 11550
1657 2 24615 33062
1658 4 14845 42385 21669 24818
1659 4 22570 11058 43865 38304
1660 1 29082
1661 2 24577 20867
1662 4 30160 48360 24649 13805
1663 2 2527 7452
1664 1 25495
1665 1 32989
1666 2 45472 941
1667 2 3841 30473
1668 3 42180 19080 15490
1669 1 30555
1670 2 41371 18182
1671 1 46288
1672 2 38713 18362
1673 3 33322 1874 28082
1674 0
1675 3 37961 30346 9376
1676 2 35086 44499
1677 1 27934
1678 2 38213 43954
1679 3 8167 7250 5758
1680 2 21729 39779
1681 1 25772
1682 3 38269 690 18373
1683 6 37340 46488 16514 18091 9012 23966
1684 3 43864 33455 46309
1685 2 10072 35046
1686 4 18665 45223 8696 13701
1687 2 34852 19967
1688 0
1689 1 21434
1690 0
1691 1 49972
1692 3 23801 12386 48501
1693 3 45075 45069 42853
1694 3 16356 47057 49102
1695 1 7632
1696 3 32074 33730 14475
1697 0
1698 2 19255 24448
1699 0
1700 0
1701 1 15702
1702 2 1586 27978
1703 3 32381 45440 28541
1704 1 42091
1705 2 6007 44001
1706 4 48410 2763 4112 25112
1707 2 11705 11732
1708 1 7758
1709 0
1710 1 12905
1711 0
1712 3 44661 2581 6507
1713 3 13518 17431 19855
1714 3 24856 49434 19004
1715 2 2524 13917
1716 1 35900
1717 2 5216 49134
1718 2 16832 36155
1719 3 23190 10360 36761
1720 4 22395 41479 17463 37853
1721 0
1722 2 16284 16692
1723 2 33740 23481
1724 3 49200 41643 9700
1725 3 31830 16059 39421
1726 1 5868
1727 1 30657
1728 4 14917 14495 4681 37239
1729 0
1730 4 16910 40374 33985 8603
1731 3 33198 46645 12457
1732 1 48976
1733 1 20878
1734 1 28271
1735 2 22076 43178
1736 3 49739 24982 6396
1737 2 42643 18700
1738 2 27449 49223
1739 3 23287 49403 36960
1740 2 44278 13728
1741 2 27187 38166
1742 3 12355 18089 37416
1743 4 15841 26398 37067 20402
1744 1 6898
1745 2 13488 13341
1746 3 3655 32263 38925
1747 1 48358
1748 3 4885 7441 34729
1749 3 43200 42705 25421
1750 3 29207 43194 3380
1751 4 6017 34050 42409 34261
1752 4 15965 13482 28344 26515
1753 2 6506 29105
1754 2 1198 27594
1755 3 29903 13525 37780
1756 3 28015 18483 11976
1757 0
1758 1 30331
1759 2 15186 13727
1760 1 44117
1761 0
1762 0
1763 3 26282 4223 8170
1764 2 23426 17727
1765 1 47122
1766 2 17709 4184
1767 4 7795 41750 13058 6351
1768 2 11035 13452
1769 3 1265 18935 10129
1770 1 40250
1771 4 13283 33997 2546 7132
1772 2 2613 48898
1773 4 5917 27297 13612 40039
1774 2 37387 42572
1775 4 41170 16374 41499 24451
1776 4 26284 37595 36446 33117
1777 3 41174 29211 35208
1778 2 35783 35346
1779 2 19816 42640
1780 1 16165
1781 4 2124 49073 40181 20067
1782 4 48209 24355 14140 38547
1783 0
1784 1 45287
1785 2 42016 47552
1786 1 25449
1787 5 6096 10715 26 26994 32587
1788 2 14993 3878
1789 4 10114 2781 42055 19542
1790 2 21523 24640
1791 1 20237
1792 1 47778
1793 2 43089 148
1794 6 8701 37550 30164 19453 46868 15828
1795 0
1796 2 9723 28586
1797 3 5529 48484 20036
1798 2 34929 22102
1799 2 14080 11481
1800 1 31368
1801 2 30747 49562
1802 1 24064
1803 0
1804 2 20480 42681
1805 2 19883 41408
1806 4 19059 39958 9288 47338
1807 0
1808 3 9738 18719 12415
1809 1 18635
1810 1 10020
1811 3 23251 7103 41977
1812 5 13165 48791 27582 46614 32098
1813 4 34448 44877 7039 5911
1814 0
1815 3 2739 39874 23863
1816 6 33895 27736 3939 18958 19504 36584
1817 0
1818 1 43345
1819 1 11934
1820 2 29298 32200
1821 3 18143 9931 7893
1822 1 5476
1823 2 31039 8235
1824 1 21550
1825 1 31622
1826 1 25940
1827 1 27808
1828 2 17991 13341
1829 0
1830 0
1831 2 725 45583
1832 2 3526 17156
1833 2 29370 19377
1834 2 44031 18789
1835 2 46995 3923
1836 2 25917 21852
1837 2 26410 11905
1838 4 29541 35560 8268 31212
1839 2 11768 43623
1840 0
1841 3 39748 23166 15895
1842 2 44069 10324
1843 1 32329
1844 4 37646 12617 46523 42391
1845 1 40803
1846 3 31109 48263 40806
1847 2 45070 46069
1848 0
1849 2 19503 14538
1850 1 21470
1851 1 1002
1852 0
1853 0
1854 1 49867
1855 3 48452 43525 14504
1856 2 23723 33604
1857 1 25852
1858 1 6721
1859 0
1860 2 26701 12196
1861 3 42087 25391 16929
1862 1 15399
1863 2 18206 10171
1864 0
1865 1 30886
1866 1 19425
1867 0
1868 3 42309 28992 34659
1869 1 20450
1870 2 20902 21320
1871 3 17884 37263 3415
1872 3 24829 26290 48042
1873 3 41122 34075 14088
1874 5 45314 363 30127 19846 39451
1875 2 167 31152
1876 2 21574 7704
1877 2 42273 3954
1878 4 17372 49558 981 13568
1879 1 42694
1880 1 31192
1881 1 12953
1882 1 43083
1883 2 4667 4562
1884 2 1703 34536
1885 5 5664 8136 24346 33039 12507
1886 4 23166 27992 8789 24131
1887 6 7921 38495 20858 23881 42528 42667
1888 3 9369 40749 41359
1889 1 2470
1890 3 49692 16719 48073
1891 2 14182 41154
1892 3 37197 24266 13734
1893 2 9440 42833
1894 3 48420 19802 27368
1895 4 45472 38785 26112 28286
1896 5 25923 25520 47947 2174 37505
1897 0
1898 0
1899 4 38525 11164 42800 28172
1900 0
1901 0
1902 0
1903 0
1904 5 4498 48970 44601 29651 42044
1905 5 5045 2847 21135 28702 24811
1906 2 17245 33052
1907 2 43307 19477
1908 2 16079 8011
1909 2 37855 23808
1910 4 47140 40209 18895 31325
1911 1 43633
1912 3 14438 3990 47872
1913 3 9996 16474 41356
1914 2 16539 23541
1915 2 33369 32488
1916 0
1917 0
1918 1 30283
1919 2 45359 18493
1920 1 12807
1921 1 1242
1922 2 31668 38562
1923 3 2315 28798 23436
1924 1 37967
1925 1 23388
1926 2 47757 20394
1927 1 31789
1928 1 14685
1929 1 40523
1930 1 14076
1931 1 14640
1932 2 37695 9945
1933 0
1934 4 20883 45448 46180 29269
1935 1 22295
1936 4 19241 42818 34908 509
1937 1 19811
1938 0
1939 1 28802
1940 1 48522
1941 4 6802 32056 9294 2277
1942 2 26171 37734
1943 2 11377 709
1944 0
1945 3 33947 30223 34572
1946 3 39783 33761 33770
1947 4 3707 43251 23726 4418
1948 0
1949 0
1950 1 37651
1951 2 16724 3464
1952 2 33197 31688
1953 5 30675 45826 40286 48087 49471
1954 0
1955 5 34042 445 46459 26175 39267
1956 1 12600
1957 3 26621 24085 13691
1958 2 16511 19309
1959 3 18254 21152 12297
1960 0
1961 3 43287 2073 44475
1962 1 32850
1963 1 37388
1964 4 10158 4815 26881 14768
1965 2 34080 20628
1966 4 29975 33774 33891 18548
1967 1 4801
1968 1 46916
1969 0
1970 2 7298 44412
1971 0
1972 1 28779
1973 2 38108 41037
1974 4 40537 4980 44421 1314
1975 3 5221 18706 41422
1976 1 710
1977 2 24694 8820
1978 3 41216 14634 20798
1979 1 44634
1980 3 24786 1484 6918
1981 2 16571 25345
1982 1 1740
1983 0
1984 3 22967 42016 29973
1985 1 19344
1986 0
1987 0
1988 0
1989 0
1990 0
1991 0
1992 1 10587
1993 1 33903
1994 4 33382 4230 28030 19144
1995 1 29140
1996 0
1997 1 39936
1998 2 32221 19303
1999 1 14997
2000 2 3421 17720
2001 1 43022
2002 2 41625 11080
2003 4 24974 43165 9689 38581
2004 5 33973 17933 6954 42139 48557
2005 5 3969 27089 46134 45290 14573
2006 0
2007 1 7794
2008 0
2009 5 13082 28096 4890 40073 10801
2010 1 32582
2011 0
2012 0
2013 3 47716 27288 38877
2014 2 20063 12877
2015 2 12716 2056
2016 3 49496 27540 28121
2017 3 16286 45622 22559
2018 2 27906 9675
2019 0
2020 2 22431 11370
2021 1 47957
2022 1 33281
2023 5 24957 28863 33491 2550 24422
2024 0
2025 4 23974 47437 34413 26043
2026 1 10012
2027 3 11054 19200 43193
2028 0
2029 3 24457 25073 39239
2030 2 3187 38812
2031 2 11891 4435
2032 3 8040 37825 44900
2033 5 33853 13540 46570 24937 47833
2034 0
2035 3 44744 27191 9367
2036 3 32730 926 6238
2037 4 37628 21783 46540 28560
2038 2 36875 20581
2039 1 49088
2040 0
2041 3 46523 8242 30974
2042 3 19239 39678 23576
2043 1 25738
2044 1 21313
2045 1 21608
2046 1 21808
2047 1 18607
2048 0
2049 4 44865 1854 20644 31404
2050 1 27939
2051 1 48554
2052 3 9851 17171 4047
2053 1 38329
2054 3 42955 16121 29272
2055 2 39414 5868
2056 3 24670 27353 27251
2057 1 39073
2058 3 38109 2788 5139
2059 3 20012 12410 21158
2060 0
2061 2 45841 24415
2062 4 49662 9082 39906 7901
2063 4 916 22005 45195 7954
2064 2 6231 35029
2065 3 40428 41528 30443
2066 1 2900
2067 3 10455 13459 21086
2068 3 22907 48041 38074
2069 3 23195 16728 1183
2070 0
2071 1 8377
2072 3 25814 40380 18475
2073 3 26602 47339 8494
2074 2 6523 25010
2075 2 46535 6714
2076 4 34842 13049 45233 8032
2077 1 27843
2078 3 34774 1828 3741
2079 2 2972 26639
2080 0
2081 1 18201
2082 2 13807 44980
2083 2 13665 45538
2084 1 17640
2085 3 45685 45171 20675
2086 2 49386 21585
2087 1 27699
2088 1 44912
2089 3 44562 25894 1110
2090 2 30103 16269
2091 2 15125 27649
2092 1 22353
2093 2 43300 14628
2094 0
2095 4 20900 26153 40525 964
2096 1 43409
2097 1 39557
2098 3 32174 27089 19118
2099 3 9651 22552 13599
2100 4 28897 32957 4427 38951
2101 2 12152 45135
2102 1 36299
2103 1 45667
2104 1 21522
2105 1 14332
2106 3 25357 17419 24538
2107 3 37560 42220 31422
2108 1 47505
2109 2 34607 2843
2110 2 17329 9471
2111 2 40156 7314
2112 1 13265
2113 1 26651
2114 1 19335
2115 0
2116 3 4113 24433 38323
2117 2 26994 47028
2118 5 30660 25220 39562 39779 37906
2119 3 37828 38682 5965
2120 1 21589
2121 1 2015
2122 2 10607 48037
2123 3 17980 28069 43491
2124 2 27684 2075
2125 2 43803 30401
2126 4 33232 34462 26678 1090
2127 2 24042 32024
2128 0
2129 5 13495 10917 43996 30528 12836
2130 2 10635 21288
2131 0
2132 6 22572 25656 13011 40292 26430 38422
2133 4 35339 46741 20098 28581
2134 3 31119 44798 47960
2135 7 15057 23 30751 33164 3623 15048 44484
2136 3 19418 29226 32973
2137 0
2138 0
2139 2 26413 35716
2140 2 47092 46525
2141 3 39138 15688 23706
2142 1 28855
2143 1 47287
2144 3 38722 38761 41498
2145 1 40293
2146 2 34414 18218
2147 5 9189 36524 6053 10334 27366
2148 0
2149 0
2150 1 19066
2151 2 13266 26200
2152 0
2153 3 23298 30740 32639
2154 6 36624 35553 9844 5388 49095 44880
2155 0
2156 4 28671 15601 19775 25054
2157 1 13041
2158 4 6951 17269 12910 40431
2159 3 43964 20371 1205
2160 2 27156 40868
2161 3 14809 29156 42621
2162 1 35380
2163 0
2164 2 2125 14956
2165 4 71 22235 11308 44751
2166 2 24099 9539
2167 2 48470 10779
2168 2 47346 3417
2169 3 41983 49060 10089
2170 1 6474
2171 3 8031 12474 44279
2172 5 9577 47561 49798 34024 9212
2173 1 19734
2174 1 20428
2175 0
2176 4 3748 16542 7122 40229
2177 2 9338 39746
2178 0
2179 1 17315
2180 4 26623 47909 43564 13536
2181 5 44909 9635 40657 21571 35088
2182 0
2183 3 27923 9486 257
2184 5 29292 31045 32513 8019 17779
2185 2 10034 15260
2186 3 11602 40786 3527
2187 4 7926 7858 23580 44770
2188 4 26780 36495 49911 23202
2189 3 34757 24424 42065
2190 3 43448 29587 42569
2191 5 29250 40930 12168 3630 7434
2192 3 28096 19944 21486
2193 0
2194 1 11782
2195 0
2196 4 41297 10919 2650 36315
2197 2 21801 26377
2198 1 42091
2199 2 35927 11877
2200 2 10021 41158
2201 0
2202 2 33168 49323
2203 3 6900 38759 10002
2204 2 11205 31454
2205 4 3549 32066 2824 35260
2206 7 26486 28286 5216 10383 11702 39602 2271
2207 1 22020
2208 5 23319 17687 10114 2137 26636
2209 2 16683 7385
2210 1 42606
2211 5 8881 6171 21720 31429 40328
2212 2 4932 25611
2213 2 4451 39990
2214 1 45400
2215 0
2216 0
2217 1 13502
2218 1 40929
2219 6 43166 10590 36538 22476 7170 41421
2220 6 48620 47530 4719 17476 32254 47773
2221 0
2222 1 22567
2223 0
2224 2 2928 15143
2225 1 21444
2226 3 32621 48845 7959
2227 1 5589
2228 1 45830
2229 0
2230 2 14003 29743
2231 2 2372 29774
2232 3 1285 48422 35944
2233 0
2234 4 30435 12176 25872 6129
2235 0
2236 3 26363 31961 7885
2237 2 30852 38183
2238 3 30158 8193 48962
2239 1 3709
2240 0
2241 1 26511
2242 1 2307
2243 1 7900
2244 3 21914 34634 1500
2245 4 47474 25744 33259 7506
2246 1 2307
2247 3 8211 24193 5014
2248 2 4572 12665
2249 4 12879 40588 28586 177
2250 1 9846
2251 1 19553
2252 0
2253 2 4012 26624
2254 0
2255 1 17770
2256 1 27273
2257 1 12257
2258 2 32259 9806
2259 1 10152
2260 1 6466
2261 2 21429 7008
2262 1 39999
2263 3 15799 9068 46833
2264 1 14888
2265 1 21242
2266 1 22011
2267 1 27996
2268 4 29252 5586 20633 5165
2269 4 48575 19951 33771 47169
2270 1 44858
2271 3 28366 34829 5407
2272 5 43313 43277 49363 35985 35706
2273 3 11420 21161 48331
2274 2 44224 3450
2275 2 38169 24055
2276 4 12804 14693 13675 21594
2277 1 212
2278 3 29898 3165 10518
2279 3 10724 5093 44886
2280 2 47581 17366
2281 3 26968 24577 49074
2282 2 43647 38629
2283 2 14193 8385
2284 1 31946
2285 3 42581 8288 21254
2286 3 47589 28401 24930
2287 1 11982
2288 0
2289 3 29289 8970 42274
2290 2 41496 40896
2291 2 47499 14547
2292 1 10436
2293 3 15120 15772 35635
2294 1 25798
2295 4 22370 49369 37949 35980
2296 4 11625 39638 17359 34265
2297 0
2298 0
2299 1 49204
2300 0
2301 3 38692 772 21482
2302 3 43732 31582 14868
2303 5 35161 32555 44122 5777 43779
2304 0
2305 3 16458 8027 35369
2306 0
2307 5 37530 20669 44112 7794 15598
2308 4 38369 3821 6355 46675
2309 2 12939 30389
2310 3 14673 21246 3340
2311 3 34381 27580 10913
2312 1 25813
2313 1 2686
2314 4 30480 12634 13121 22066
2315 2 1357 38928
2316 1 6534
2317 0
2318 2 20825 13263
2319 4 26560 33801 12398 14833
2320 1 22584
2321 0
2322 2 6130 12694
2323 1 15104
2324 2 34299 39088
2325 6 35118 26117 39596 9599 22499 35066
2326 2 32601 34745
2327 4 36483 47941 36057 16627
2328 1 30401
2329 2 40269 23259
2330 3 48283 41569 15897
2331 4 5583 46198 35154 26992
2332 2 47404 44734
2333 1 16626
2334 1 12714
2335 2 25738 41049
2336 0
2337 2 9436 6148
2338 0
2339 1 35045
2340 0
2341 1 49722
2342 4 16813 40209 37501 13088
2343 1 41529
2344 5 35161 38818 26481 49652 7391
2345 0
2346 2 17300 49776
2347 5 43868 22057 45149 20656 24614
2348 2 26748 15723
2349 1 15650
2350 0
2351 1 25696
2352 1 44649
2353 2 14624 1688
2354 3 49061 23668 7251
2355 0
2356 5 5599 40117 15130 4864 6047
2357 2 24432 30564
2358 3 46008 21775 46368
2359 5 24080 47694 25698 32491 32969
2360 1 21219
2361 4 5917 33527 15575 19356
2362 1 35707
2363 3 15053 31973 44827
2364 2 6764 22192
2365 3 8977 44246 11533
2366 0
2367 3 15514 1298 26907
2368 2 46152 45300
2369 3 45535 16900 844
2370 2 21861 17438
2371 2 48558 11114
2372 3 16169 10589 46432
2373 3 18996 47942 27874
2374 5 31460 44116 20456 38630 35386
2375 2 47613 4465
2376 4 48516 36746 18572 25671
2377 3 34643 41761 46722
2378 1 15445
2379 1 26502
2380 4 20354 14038 35754 25298
2381 1 11207
2382 2 15434 5013
2383 2 10626 26959
2384 2 5407 17878
2385 1 9400
2386 1 8627
2387 1 42513
2388 0
2389 2 27639 30970
2390 1 47589
2391 3 30814 28719 257
2392 2 40093 33750
2393 2 18801 36530
2394 2 44766 33898
2395 1 38580
2396 3 40898 15713 46693
2397 1 2718
2398 2 44444 47114
2399 3 3052 10938 29047
2400 4 37953 13396 37465 34228
2401 0
2402 2 35175 6331
2403 1 17436
2404 0
2405 2 42469 12507
2406 2 45679 47761
2407 3 25158 15248 48469
2408 2 46120 49574
2409 2 14671 22604
2410 3 17811 21263 37453
2411 4 30326 16440 3553 13306
2412 3 4301 37902 25285
2413 3 40672 41355 19752
2414 1 31044
2415 2 13619 4350
2416 4 34283 37653 26680 43425
2417 2 15370 40487
2418 4 28699 30548 34293 27188
2419 0
2420 3 41121 17606 47352
2421 2 22801 3203
2422 0
2423 4 44080 35499 11185 41297
2424 0
2425 3 43569 43703 27832
2426 2 10127 23409
2427 3 5112 12209 47864
2428 1 22132
2429 1 27124
2430 0
2431 1 19693
2432 5 33282 44540 15479 20776 23636
2433 5 14761 28678 10141 20215 17547
2434 5 14019 18209 26225 16752 33745
2435 2 31830 13864
2436 1 7991
2437 1 48722
2438 0
2439 3 32050 45296 13030
2440 2 4894 38049
2441 3 27264 40726 42251
2442 1 36569
2443 1 11092
2444 2 6142 47052
2445 2 28608 6398
2446 3 33726 32089 36398
2447 0
2448 1 10100
2449 1 19015
2450 4 13114 47353 6064 29908
2451 3 18343 9370 1178
2452 5 38868 23271 19698 41215 1016
2453 0
2454 3 43454 40598 1490
2455 0
2456 1 3189
2457 0
2458 0
2459 2 38329 48934
2460 1 44676
2461 3 8328 15896 21184
2462 3 43209 41109 8074
2463 2 1982 40996
2464 1 21884
2465 1 40190
2466 2 17413 34571
2467 3 40864 33578 38906
2468 1 23510
2469 0
2470 2 39153 23189
2471 3 15460 35890 1803
2472 2 33866 214
2473 1 49254
2474 0
2475 2 47312 25816
2476 1 21455
2477 2 34720 27344
2478 1 15598
2479 3 2115 10613 47181
2480 4 25328 40992 11226 9636
2481 5 1293 4956 13118 4047 7843
2482 3 24361 14033 46631
2483 1 36225
2484 0
2485 1 14179
2486 1 6357
2487 2 31910 2752
2488 1 13654
2489 2 37930 25533
2490 2 17981 30650
2491 2 6449 22172
2492 4 28641 49858 1219 30077
2493 3 27806 15840 6708
2494 0
2495 2 14630 29295
2496 2 46510 25493
2497 4 10373 5489 6318 46301
2498 2 43440 46593
2499 1 48186
2500 3 39770 18645 820
2501 2 20631 20319
2502 2 47916 16920
2503 1 40752
2504 3 24153 33649 29700
2505 2 18644 23410
2506 1 19829
2507 2 38397 13878
2508 4 35658 16380 28434 44243
2509 1 25621
2510 1 22214
2511 0
2512 1 45140
2513 3 25059 36366 43504
2514 1 3255
2515 2 1727 29543
2516 8 44771 29198 11244 25258 36142 23757 35003 10994
2517 0
2518 2 18350 38386
2519 8 32304 17929 11775 47336 36364 21597 28430 3821
2520 1 32537
2521 2 32833 33392
2522 3 8391 39425 17267
2523 2 21005 31459
2524 0
2525 0
2526 2 46101 4464
2527 5 26845 31948 28206 3202 13084
2528 1 33989
2529 2 47280 44100
2530 1 32949
2531 2 47082 49559
2532 5 12358 23671 15663 22140 21090
2533 4 19353 19145 49966 32281
2534 3 35740 24350 32270
2535 4 25912 36605 12581 34901
2536 1 44494
2537 2 12687 34890
2538 3 13685 19212 27215
2539 3 43812 32851 34627
2540 2 20839 1590
2541 2 22789 18837
2542 0
2543 2 35248 37195
2544 0
2545 2 10819 7364
2546 0
2547 1 39498
2548 1 31976
2549 2 39785 43417
2550 1 45352
2551 4 1748 17080 8777 20313
2552 2 16075 15860
2553 2 37817 11248
2554 1 17910
2555 1 16804
2556 0
2557 2 27025 41663
2558 3 14983 16123 41768
2559 3 47633 21867 17599
2560 2 28591 48445
2561 3 49055 9723 44167
2562 4 24688 3447 37291 17013
2563 2 46219 35929
2564 2 27248 13708
2565 1 40584
2566 1 15231
2567 1 29025
2568 6 12673 34765 7136 11326 31876 34023
2569 2 26433 17385
2570 0
2571 0
2572 1 4020
2573 0
2574 1 45669
2575 1 17916
2576 3 49148 13470 28884
2577 2 17412 6946
2578 0
2579 3 47907 36932 43403
2580 6 24402 36309 30480 4246 7732 1909
2581 2 37883 7768
2582 5 35532 33252 46202 11611 43479
2583 5 20406 34209 20126 47098 21640
2584 4 22947 875 5089 6424
2585 2 10887 18554
2586 0
2587 2 1315 22139
2588 3 5444 8749 55
2589 1 47104
2590 2 9439 14392
2591 2 12603 39622
2592 1 10381
2593 3 3880 6396 24908
2594 3 38199 12369 4570
2595 4 43481 29090 14281 23687
2596 3 11278 43675 48389
2597 3 37978 22409 2910
2598 2 15007 9164
2599 2 15357 43955
2600 0
2601 1 21030
2602 1 28521
2603 1 38979
2604 4 30930 42519 28371 11914
2605 5 11284 49193 22682 49422 18003
2606 1 33131
2607 0
2608 3 15207 35202 27258
2609 4 47002 34561 19309 3778
2610 3 9485 48902 32012
2611 7 24994 22459 32425 7974 30519 6478 34617
2612 1 34220
2613 5 47093 31610 27563 27751 42845
2614 0
2615 3 21690 23267 27442
2616 0
2617 4 8171 39402 16256 21510
2618 2 39601 11866
2619 1 36378
2620 2 46311 11530
2621 4 8667 13433 811 47498
2622 2 13449 33276
2623 2 35411 46927
2624 0
2625 1 32314
2626 1 45868
2627 3 11216 31695 46786
2628 2 45676 11506
2629 3 18646 39460 2980
2630 2 36525 19057
2631 2 27021 25825
2632 0
2633 1 24630
2634 3 42114 30851 26269
2635 3 38399 20007 3375
2636 3 36710 40555 20899
2637 4 42652 17718 48940 43613
2638 1 39265
2639 3 38917 3197 37501
2640 1 30724
2641 4 45227 22412 29229 25599
2642 3 35186 20444 33490
2643 5 17974 13369 38498 19655 20350
2644 4 37216 36985 6108 48203
2645 4 18533 48930 39570 5303
2646 1 19643
2647 1 47539
2648 2 37739 40484
2649 4 6001 1338 48658 39902
2650 1 37836
2651 1 38190
2652 4 19823 17556 23449 29104
2653 6 14672 45836 17541 1130 3310 8158
2654 1 47312
2655 1 39317
2656 4 35268 39143 30157 13700
2657 2 8653 40185
2658 2 21884 8982
2659 0
2660 0
2661 3 48432 24624 6198
2662 4 46827 34968 41757 13659
2663 2 40030 8603
2664 0
2665 2 45094 30197
2666 3 16764 34885 40424
2667 1 48905
2668 0
2669 1 24186
2670 0
2671 1 49157
2672 0
2673 3 47396 39260 39634
2674 2 5658 15402
2675 3 11252 33561 46128
2676 2 26540 8482
2677 1 38988
2678 1 9758
2679 0
2680 3 7155 38945 27619
2681 1 23014
2682 1 48933
2683 2 37358 29018
2684 1 30648
2685 0
2686 4 24345 7629 23703 12789
2687 2 6550 17723
2688 4 46234 36915 18941 30084
2689 2 37989 16539
2690 4 16541 48966 37422 39653
2691 5 27216 48972 45061 9310 1800
2692 3 23262 41626 44215
2693 2 12303 14642
2694 2 32332 30533
2695 5 39058 12547 31521 47269 25939
2696 2 33407 23839
2697 2 33776 26874
2698 4 49756 40704 21967 26667
2699 0
2700 2 13644 7135
2701 2 40540 13556
2702 3 4455 1803 1129
2703 1 12573
2704 0
2705 2 43195 23024
2706 2 9731 3164
2707 4 10112 42621 21385 5662
2708 0
2709 4 36419 34752 34559 43734
2710 3 27924 7571 6267
2711 2 45441 38712
2712 1 22434
2713 1 15991
2714 4 17702 21420 11910 13033
2715 0
2716 3 23023 4303 37774
2717 1 32019
2718 3 10962 11450 322
2719 4 28277 245 31095 12354
2720 4 45858 18449 36050 13441
2721 2 29696 23377
2722 4 46451 20438 49545 594
2723 1 2597
2724 2 27240 42740
2725 3 46090 12974 38284
2726 1 3787
2727 0
2728 0
2729 2 21735 15066
2730 0
2731 2 8501 30034
2732 2 14687 38013
2733 3 17525 2940 12289
2734 0
2735 2 29941 17096
2736 1 32412
2737 1 42818
2738 3 18768 34350 17326
2739 3 9356 45149 30960
2740 2 9433 26413
2741 3 12699 11532 880
2742 2 3480 16757
2743 1 45627
2744 1 6550
2745 1 37642
2746 1 3753
2747 0
2748 2 49504 6637
2749 2 7502 1880
2750 0
2751 1 33446
2752 2 36259 43885
2753 1 44292
2754 0
2755 2 3747 4740
2756 1 21041
2757 0
2758 4 45203 41014 23733 35976
2759 1 32779
2760 2 25820 35924
2761 1 285
2762 1 4743
2763 0
2764 1 19399
2765 3 48687 3196 43580
2766 1 41305
2767 6 38463 30072 18479 8703 15898 1931
2768 0
2769 4 43178 25624 29485 3720
2770 2 48259 22755
2771 3 11266 14740 41653
2772 1 42735
2773 2 2978 1514
2774 2 3563 6556
2775 3 27405 24930 41980
2776 2 49862 19654
2777 4 14316 14253 15468 43295
2778 1 33334
2779 1 41770
2780 6 21555 28983 37790 7872 24720 38023
2781 3 34494 48674 41241
2782 1 36216
2783 5 8869 29799 30165 15377 28989
2784 2 47578 21581
2785 1 24769
2786 1 37656
2787 1 37844
2788 1 30547
2789 0
2790 2 13254 9650
2791 1 23913
2792 2 28173 22152
2793 3 1815 5942 2610
2794 2 7001 33999
2795 5 22024 25826 10890 18840 48803
2796 2 3695 44709
2797 1 43250
2798 3 17378 35310 9237
2799 2 23670 14186
2800 0
2801 2 21104 45880
2802 2 7080 21537
2803 2 49510 19655
2804 3 9888 19904 38812
2805 3 19662 12626 20138
2806 0
2807 0
2808 0
2809 2 19186 8399
2810 5 31424 36607 14951 41872 11369
2811 3 37822 48279 27037
2812 1 19913
2813 2 9896 19394
2814 1 6355
2815 2 5785 26633
2816 4 22684 10551 2740 35131
2817 1 41643
2818 1 48111
2819 0
2820 2 16275 13667
2821 4 3283 2667 43317 1669
2822 4 19795 16160 14750 4741
2823 2 42738 21376
2824 0
2825 0
2826 2 17951 25429
2827 2 46289 48060
2828 2 18160 5697
2829 3 12618 17675 35473
2830 8 30544 20214 33737 14264 47191 9587 13104 47334
2831 3 25147 13994 2123
2832 5 2758 48799 14842 12355 14497
2833 1 24653
2834 0
2835 3 36163 14599 45072
2836 1 29240
2837 1 35564
2838 0
2839 2 31828 11421
2840 1 23194
2841 1 7356
2842 3 15788 30665 39107
2843 1 38891
2844 1 16382
2845 2 41023 24146
2846 3 39283 19138 4803
2847 3 10050 16588 5635
2848 3 1220 30507 46358
2849 0
2850 2 4765 29781
2851 2 12089 15099
2852 1 26207
2853 0
2854 2 5059 39878
2855 2 39576 34110
2856 2 7138 17892
2857 2 36445 4927
2858 3 13321 8191 8345
2859 2 21773 3551
2860 0
2861 2 4555 31284
2862 5 19133 45372 39807 15251 24546
2863 5 20058 38831 22666 17918 24146
2864 3 37904 48718 42546
2865 2 38644 14520
2866 3 31397 26537 40828
2867 2 6195 3614
2868 2 33922 35314
2869 2 46238 33334
2870 3 15165 33020 48304
2871 2 11516 49398
2872 0
2873 1 32121
2874 4 13524 37305 9622 44901
2875 0
2876 0
2877 2 18552 10449
2878 1 23914
2879 2 13206 29782
2880 1 6120
2881 2 33716 48318
2882 1 20651
2883 3 31947 3897 18927
2884 3 691 33438 29562
2885 1 31428
2886 0
2887 0
2888 2 10352 32392
2889 2 40340 48502
2890 4 34819 47583 813 42522
2891 4 49171 8542 49460 37759
2892 3 30870 21486 5672
2893 1 30611
2894 2 28519 35423
2895 1 25244
2896 2 43912 31787
2897 2 44674 14096
2898 2 7421 10764
2899 2 5938 1919
2900 1 47654
2901 4 49787 42092 40013 43746
2902 0
2903 1 23633
2904 1 43216
2905 1 46809
2906 3 29822 41407 34
2907 1 38258
2908 0
2909 2 25828 21830
2910 3 10757 30496 13210
2911 3 49634 9730 14637
2912 2 15571 36194
2913 6 11889 18315 44819 26226 15985 25900
2914 3 18938 23950 22299
2915 2 31561 14425
2916 2 2246 49907
2917 2 27939 15167
2918 1 15297
2919 0
2920 1 15669
2921 1 16359
2922 2 11107 20490
2923 0
2924 2 46563 42113
2925 3 45490 32078 4278
2926 0
2927 0
2928 1 35429
2929 2 11059 27752
2930 1 21634
2931 4 9289 19949 48081 45801
2932 1 26494
2933 3 48254 23494 33214
2934 3 14179 42867 34730
2935 0
2936 3 25261 14107 38024
2937 0
2938 4 30343 8839 18422 5387
2939 2 39778 28718
2940 2 44665 31993
2941 3 8752 11421 43114
2942 2 19516 37416
2943 3 7101 10704 11618
2944 2 9987 14309
2945 2 28696 37918
2946 2 3657 34269
2947 2 3575 22141
2948 1 36217
2949 1 7720
2950 3 13251 28203 13311
2951 5 3149 22970 38005 17060 43288
2952 2 7771 10492
2953 1 30410
2954 1 43295
2955 1 24725
2956 0
2957 1 2258
2958 0
2959 2 41109 9095
2960 1 47972
2961 1 7924
2962 1 22921
2963 0
2964 1 40404
2965 5 34747 30647 37527 44589 411
2966 2 29721 31724
2967 1 2635
2968 2 16808 20465
2969 2 28299 45006
2970 4 3364 42979 15622 14496
2971 2 7440 4990
2972 0
2973 1 21731
2974 2 7056 36882
2975 3 46286 33148 29752
2976 1 30372
2977 3 40987 31724 16471
2978 2 43357 45947
2979 1 23217
2980 2 1943 44443
2981 4 9479 38308 33830 30360
2982 2 19880 30166
2983 1 37767
2984 2 32645 48343
2985 2 57 29949
2986 1 33985
2987 0
2988 2 7863 25595
2989 3 42051 32108 29797
2990 0
2991 1 31074
2992 4 14218 23515 13397 1120
2993 1 4771
2994 2 8720 18117
2995 3 26538 27040 254
2996 2 382 40163
2997 2 14352 19137
2998 0
2999 5 33820 11093 29010 40118 45357
3000 3 6589 15844 42590
3001 1 38320
3002 4 41628 30297 11337 17854
3003 0
3004 2 27769 31503
3005 5 36208 2875 17742 41095 49337
3006 0
3007 1 47570
3008 1 4855
3009 0
3010 4 27957 32275 25523 11777
3011 4 6519 47725 19024 45803
3012 2 6564 41546
3013 4 7018 9813 25529 6201
3014 0
3015 3 7955 33549 10458
3016 3 2308 44650 47710
3017 1 34281
3018 2 12636 37208
3019 1 19826
3020 4 40578 36619 48959 25351
3021 1 40383
3022 3 49233 28982 13327
3023 4 3934 19817 32692 45228
3024 3 46822 10677 37918
3025 0
3026 1 32157
3027 2 46352 4987
3028 4 49228 19074 1849 7707
3029 1 32883
3030 1 43328
3031 3 3296 3767 16943
3032 3 13848 34900 9888
3033 2 48807 8605
3034 3 43490 46367 15989
3035 3 17056 3905 37837
3036 3 32676 49958 18388
3037 0
3038 2 7259 20389
3039 3 42387 7805 9162
3040 2 41167 20692
3041 2 9223 46054
3042 0
3043 4 3134 11480 28072 28659
3044 1 23894
3045 0
3046 0
3047 1 26402
3048 1 6917
3049 5 27496 26713 17753 44096 42209
3050 2 49389 36165
3051 4 31042 26576 2364 45627
3052 1 41570
3053 1 374
3054 0
3055 6 6911 47320 35230 21640 37962 28705
3056 2 24087 40083
3057 4 49429 23140 3165 12055
3058 4 18239 11512 35389 20748
3059 2 47613 1912
3060 1 34041
3061 3 8771 11952 44271
3062 2 14392 40630
3063 1 35830
3064 2 11982 43068
3065 5 20829 10399 43415 38433 44090
3066 2 21609 28419
3067 4 6958 24479 19501 43423
3068 1 6352
3069 2 49529 27229
3070 2 21642 40486
3071 4 31553 10280 30843 48414
3072 1 41118
3073 3 43578 27719 12661
3074 2 22631 3570
3075 5 25520 17771 37486 23114 6948
3076 4 2010 9074 48943 45143
3077 2 23287 2524
3078 2 3083 21818
3079 3 47233 47644 9035
3080 2 13596 3243
3081 1 21612
3082 0
3083 2 25047 20589
3084 1 10869
3085 3 28666 49482 2958
3086 1 25828
3087 1 37417
3088 4 44950 20403 9900 1085
3089 0
3090 2 14829 39649
3091 0
3092 2 49982 7372
3093 0
3094 4 27244 34486 34127 8112
3095 1 13151
3096 4 20999 49874 17944 15005
3097 2 17185 6265
3098 3 44139 36306 22176
3099 1 41856
3100 0
3101 2 15809 17261
3102 4 41053 2693 31098 3378
3103 3 15110 5929 46300
3104 3 46400 619 28961
3105 4 22265 44788 32204 22748
3106 2 45382 48494
3107 5 44772 689 22532 9688 26959
3108 3 39712 38769 36262
3109 1 23411
3110 2 11698 2896
3111 2 14656 16993
3112 3 23598 45613 37066
3113 4 49105 24523 38078 48696
3114 5 2715 14612 45707 25092 32822
3115 1 2815
3116 1 23136
3117 1 2009
3118 2 19291 21954
3119 3 9490 3459 21912
3120 3 4602 30535 28633
3121 1 39109
3122 4 7783 23347 29942 30192
3123 2 13312 49310
3124 2 19952 29318
3125 2 39019 1013
3126 2 10698 14419
3127 3 40088 31023 46422
3128 2 42681 36139
3129 6 18673 20068 14610 322 47456 21247
3130 5 866 6838 33295 8769 26275
3131 1 19211
3132 3 30967 41290 23956
3133 1 13688
3134 3 17144 38945 9809
3135 3 43200 46496 8667
3136 1 27219
3137 0
3138 6 8872 9539 37856 29202 48400 32479
3139 0
3140 0
3141 0
3142 3 6825 49009 35545
3143 1 20271
3144 1 43324
3145 3 2250 17120 14417
3146 1 5442
3147 2 15011 7323
3148 2 805 19508
3149 3 3227 16089 41695
3150 5 43784 15924 41256 4418 38152
3151 3 11714 19238 29925
3152 0
3153 1 231
3154 2 49125 18341
3155 2 29434 36215
3156 1 3484
3157 1 35033
3158 3 24764 42901 17943
3159 1 34429
3160 1 35494
3161 1 38195
3162 4 11453 47520 19950 33197
3163 1 14490
3164 1 7164
3165 0
3166 0
3167 2 17353 2405
3168 1 48740
3169 1 37184
3170 0
3171 0
3172 4 45585 21949 37281 47175
3173 0
3174 4 17586 28307 4864 43481
3175 2 47590 6286
3176 3 44263 26298 41912
3177 4 5443 41777 15364 42123
3178 1 34561
3179 0
3180 3 48867 3123 14645
3181 6 16368 29850 27218 7395 19436 6473
3182 0
3183 1 21476
3184 3 31150 24405 42561
3185 3 18887 21777 11119
3186 3 42729 46577 23961
3187 1 46963
3188 3 39134 48833 26379
3189 2 16909 32685
3190 2 26467 18470
3191 1 16303
3192 1 20179
3193 4 42895 20930 6435 32494
3194 1 29768
3195 3 16600 35437 29778
3196 3 3778 19774 29015
3197 4 7831 49766 40271 19103
3198 2 19549 32613
3199 1 32101
3200 1 40828
3201 2 6074 34103
3202 1 36387
3203 1 13501
3204 0
3205 3 41522 12609 3996
3206 1 253
3207 0
3208 3 33678 35966 7195
3209 2 2639 17401
3210 0
3211 3 21683 28450 21361
3212 0
3213 1 9436
3214 2 38499 30561
3215 2 40364 5538
3216 2 8202 48633
3217 2 16645 18534
3218 7 3431 21622 48366 6811 25167 4705 1918
3219 0
3220 1 22038
3221 2 23194 37929
3222 3 17035 5648 4342
3223 2 23678 31078
3224 1 3225
3225 6 30699 36460 24499 40423 5562 4182
3226 4 38636 31228 23526 16721
3227 1 4406
3228 5 10542 19446 21270 2689 36774
3229 1 23903
3230 4 3445 40020 20594 18491
3231 2 47558 12250
3232 2 32859 7044
3233 1 10815
3234 4 49053 22435 1998 29635
3235 2 22600 31219
3236 2 13285 24204
3237 3 14957 46890 24062
3238 4 9673 27883 26935 22566
3239 3 31489 14524 46556
3240 3 38306 34271 34512
3241 2 22837 8246
3242 1 10281
3243 1 3999
3244 1 4759
3245 2 14332 22673
3246 2 44531 13147
3247 2 1117 35250
3248 2 27647 27960
3249 0
3250 3 41968 15097 17922
3251 0
3252 0
3253 0
3254 1 32403
3255 0
3256 0
3257 3 8360 7855 26136
3258 3 27582 18501 26199
3259 1 28219
3260 1 24950
3261 3 3247 37882 12255
3262 2 13216 39115
3263 4 23729 16452 20638 123
3264 0
3265 3 37607 29471 31869
3266 1 23174
3267 4 11803 42393 37504 13119
3268 2 29977 45671
3269 3 39102 45643 11499
3270 3 5865 4958 28676
3271 3 3061 35584 41022
3272 3 40122 47548 28179
3273 2 29260 32047
3274 2 29513 16575
3275 6 14878 18088 27276 16255 12127 36843
3276 2 13357 29137
3277 2 23842 668
3278 2 6298 24013
3279 2 38867 6778
3280 1 17945
3281 0
3282 1 3941
3283 2 29507 11534
3284 1 48457
3285 3 35026 40610 4935
3286 4 33422 8449 1216 39885
3287 1 31203
3288 2 16308 32199
3289 1 47511
3290 2 30440 32309
3291 1 25436
3292 0
3293 1 16511
3294 3 17152 2562 44981
3295 4 12985 904 20659 3428
3296 0
3297 3 10144 9232 21775
3298 1 38402
3299 1 15736
3300 4 27487 28798 78 32405
3301 2 22846 37553
3302 2 20775 28338
3303 2 37218 31343
3304 1 7945
3305 4 32103 31049 6343 27889
3306 2 10740 10589
3307 1 45900
3308 1 3541
3309 2 21838 42512
3310 4 15898 43089 4044 45821
3311 4 11181 48930 48100 22850
3312 1 10231
3313 3 32711 46407 226
3314 1 37742
3315 2 37718 3967
3316 1 43469
3317 3 24229 17803 120
3318 2 49060 38637
3319 3 46477 39908 44448
3320 6 4452 39335 9649 24455 10046 49559
3321 3 16044 40627 27088
3322 0
3323 5 26961 7609 22369 49597 14419
3324 1 5796
3325 1 9854
3326 0
3327 3 25166 36522 19884
3328 2 4477 11481
3329 1 49743
3330 2 46562 27591
3331 0
3332 3 43919 38560 38320
3333 1 13347
3334 1 46114
3335 4 6850 43190 23410 35202
3336 4 19927 4568 30555 41985
3337 5 27936 26948 46627 44616 35894
3338 0
3339 1 26294
3340 2 41384 44893
3341 2 16747 44459
3342 1 9003
3343 7 34094 12251 21428 16329 49247 38505 23211
3344 3 13894 33339 25091
3345 1 34227
3346 3 2944 9754 22374
3347 2 22072 44497
3348 0
3349 3 47098 42203 10281
3350 1 48709
3351 0
3352 2 11967 13969
3353 0
3354 3 23148 10322 22380
3355 4 32347 7319 13880 44214
3356 0
3357 2 10867 46920
3358 0
3359 4 39659 21424 13099 23872
3360 0
3361 4 28047 37763 13248 24817
3362 3 26647 17394 25081
3363 4 2523 6656 2596 7821
3364 2 2533 7694
3365 3 46745 17265 4378
3366 3 41417 24579 28744
3367 0
3368 0
3369 0
3370 2 23720 27358
3371 4 30564 26346 42577 34926
3372 2 40741 16674
3373 1 25781
3374 0
3375 5 6437 11197 44930 35165 21592
3376 1 31430
3377 4 5447 42858 45449 1147
3378 1 11572
3379 2 14503 955
3380 0
3381 2 35239 30718
3382 1 10012
3383 0
3384 7 28974 25086 12137 8588 551 40630 12848
3385 7 33265 25995 21913 4750 2416 26167 30447
3386 0
3387 2 40673 35225
3388 3 32132 15432 39575
3389 3 48430 41888 22710
3390 4 3469 4169 30221 20708
3391 2 2061 1335
3392 1 703
3393 2 29122 48575
3394 4 28651 8747 43331 39210
3395 0
3396 1 39735
3397 3 20979 12261 31763
3398 4 37361 34537 31064 48882
3399 2 21923 49098
3400 2 9041 31100
3401 1 25352
3402 0
3403 1 10373
3404 2 19520 3994
3405 3 41370 43943 44932
3406 4 47385 45347 5871 46709
3407 1 26038
3408 1 6831
3409 3 10864 43490 8314
3410 3 32361 41604 47512
3411 3 38167 35724 34913
3412 0
3413 5 37054 36632 39084 36197 17462
3414 3 41405 38543 47298
3415 3 858 34316 9347
3416 0
3417 4 509 42507 27210 8335
3418 0
3419 0
3420 0
3421 1 46840
3422 2 3794 41095
3423 1 45500
3424 2 21930 26525
3425 3 33357 10526 7375
3426 1 46923
3427 5 40656 13245 37805 37361 46386
3428 3 43332 12926 8455
3429 1 33507
3430 0
3431 3 49770 8254 3117
3432 2 42738 11530
3433 3 21076 23620 39993
3434 0
3435 1 35629
3436 2 16656 45592
3437 2 25797 48
3438 2 443 23200
3439 0
3440 2 27787 41608
3441 2 49485 14053
3442 3 12745 9669 45171
3443 5 33664 14524 13309 20985 24322
3444 1 30208
3445 2 24812 12178
3446 0
3447 1 5627
3448 2 2987 47752
3449 2 15056 30469
3450 1 41860
3451 1 1360
3452 2 28553 9314
3453 4 47775 21481 15954 46968
3454 2 40492 43520
3455 3 46783 11007 9121
3456 3 12296 34495 44333
3457 1 42074
3458 2 28117 37219
3459 0
3460 2 42998 18864
3461 0
3462 2 26703 7081
3463 2 32597 13247
3464 2 5259 22204
3465 3 12798 26982 4380
3466 2 33909 11121
3467 2 27803 40790
3468 1 28547
3469 0
3470 3 8631 20053 37670
3471 5 41732 14176 14524 44215 25611
3472 1 7949
3473 3 48306 13858 33390
3474 1 46735
3475 1 38473
3476 1 14364
3477 3 41690 32617 7350
3478 3 48293 46216 13025
3479 5 52 8831 46921 38417 34643
3480 5 46542 168 11818 44214 47991
3481 1 48107
3482 2 35929 13935
3483 3 33454 17236 27597
3484 2 32506 42257
3485 3 44675 31075 6169
3486 4 23619 44041 32088 4644
3487 2 21907 38552
3488 2 724 6754
3489 1 5588
3490 4 44827 9333 6059 39318
3491 2 11445 38092
3492 2 48245 49561
3493 0
3494 2 3550 7725
3495 2 2020 45272
3496 2 41806 23038
3497 3 40318 30596 12477
3498 3 46112 16049 16693
3499 1 40420
3500 3 33240 32718 48246
3501 0
3502 2 1273 34040
3503 2 1033 49869
3504 1 7434
3505 3 48382 39587 35646
3506 3 36835 2362 24847
3507 4 33229 30607 35339 31131
3508 1 35491
3509 2 37806 37781
3510 0
3511 1 12067
3512 3 15047 9601 10695
3513 2 18599 2507
3514 1 9619
3515 1 41902
3516 1 26215
3517 6 42206 45227 36454 18070 8626 42311
3518 2 25464 16987
3519 1 39640
3520 1 31426
3521 2 26546 23350
3522 1 27271
3523 1 6542
3524 3 30772 40928 44355
3525 0
3526 3 26752 24890 37204
3527 3 19725 46794 25664
3528 1 22395
3529 1 38879
3530 2 47485 32510
3531 3 27401 19956 2525
3532 2 29088 25354
3533 0
3534 1 44068
3535 0
3536 1 18752
3537 1 15628
3538 1 36716
3539 2 48113 40620
3540 2 35136 7363
3541 3 41593 41772 23233
3542 2 3406 13178
3543 0
3544 0
3545 4 10525 6564 18398 11039
3546 0
3547 3 7404 41894 40460
3548 4 49531 19901 4318 9052
3549 1 5364
3550 4 26069 22157 46877 14335
3551 0
3552 5 49539 43145 6579 14438 20730
3553 5 5765 29308 6943 19831 18896
3554 4 6402 20126 12666 29102
3555 3 18155 48664 17239
3556 3 31813 17359 46917
3557 1 31479
3558 1 24762
3559 2 8263 43425
3560 1 7280
3561 1 38101
3562 1 15293
3563 1 43045
3564 3 28556 29629 14248
3565 1 31149
3566 4 33823 31147 15098 32724
3567 1 14956
3568 1 22659
3569 2 39660 14241
3570 1 31600
3571 4 24040 29990 45759 41747
3572 1 37073
3573 6 8533 22964 44549 13311 7328 16030
3574 1 18815
3575 2 48072 4054
3576 2 21730 49670
3577 2 48835 27594
3578 2 6795 39461
3579 4 23419 32363 47377 12006
3580 5 26897 23935 20853 45113 32655
3581 4 28880 42459 19622 26348
3582 2 27419 20078
3583 1 22104
3584 3 37559 31363 21155
3585 1 49701
3586 3 15834 29490 13514
3587 4 6748 45865 42469 44083
3588 2 33230 19327
3589 5 39481 339 29229 40668 29621
3590 2 30836 13002
3591 1 40794
3592 1 27480
3593 4 20487 46479 49447 27299
3594 1 39590
3595 2 28518 48544
3596 2 5403 33535
3597 0
3598 4 1868 30136 27588 38641
3599 5 501 27622 2729 10309 40679
3600 1 22776
3601 3 17336 17902 11100
3602 0
3603 2 28987 41215
3604 2 14568 21283
3605 2 49696 35782
3606 1 28227
3607 3 6192 20072 35080
3608 0
3609 5 40107 45357 15401 3709 26057
3610 1 3640
3611 2 6636 13858
3612 2 42563 48152
3613 5 28822 14993 40759 3877 32907
3614 2 25802 1155
3615 2 443 15317
3616 1 20559
3617 1 31346
3618 2 29241 34879
3619 3 20161 26740 14062
3620 3 22482 32512 9934
3621 2 23490 9258
3622 2 9156 8887
3623 3 5775 15738 32937
3624 1 15982
3625 1 15286
3626 2 25777 31717
3627 4 8868 7809 24904 47281
3628 0
3629 0
3630 2 25031 32224
3631 2 2969 22012
3632 3 24144 130 24226
3633 3 8524 30882 7004
3634 4 16274 41912 34786 29405
3635 3 29992 14985 30081
3636 3 25100 21858 34670
3637 6 27264 36713 31249 23023 13582 30427
3638 1 18145
3639 2 32177 47712
3640 1 38468
3641 3 47273 18341 145
3642 4 9510 19991 16490 16303
3643 2 42994 29486
3644 3 36508 18876 28907
3645 1 45032
3646 1 485
3647 3 24106 31367 43836
3648 2 44186 43856
3649 0
3650 4 39063 42205 19096 31628
3651 2 10265 140
3652 0
3653 4 37349 31265 36774 43485
3654 2 14355 48593
3655 1 33672
3656 2 21913 13528
3657 0
3658 0
3659 2 29040 36345
3660 0
3661 1 38034
3662 3 7610 45179 20996
3663 3 38481 15872 2604
3664 1 21973
3665 2 37867 48094
3666 2 36312 25274
3667 1 20924
3668 2 16275 15600
3669 2 21360 12295
3670 4 31583 42569 23437 11265
3671 4 1648 40995 12781 47963
3672 2 1837 10979
3673 4 30661 47747 23246 4389
3674 1 26719
3675 0
3676 3 15284 11056 38389
3677 4 19077 29635 10055 19394
3678 4 33269 18972 27988 25953
3679 2 30003 34054
3680 2 37538 2662
3681 0
3682 3 13099 13490 18274
3683 6 42138 35349 40542 19325 20494 20847
3684 2 45620 27374
3685 2 21977 17272
3686 3 33800 1547 25424
3687 0
3688 4 14697 23334 19422 3945
3689 1 38832
3690 2 46735 46575
3691 2 21661 10559
3692 0
3693 2 24473 36101
3694 1 28030
3695 0
3696 3 3294 43919 26140
3697 3 38831 15814 20734
3698 1 4238
3699 1 4664
3700 1 39926
3701 2 44113 3133
3702 0
3703 3 26513 39098 20462
3704 4 27134 43923 2169 4919
3705 2 2998 9129
3706 1 36201
3707 3 31837 36953 20261
3708 2 11177 30430
3709 0
3710 0
3711 1 37378
3712 2 35197 38618
3713 0
3714 2 46228 12575
3715 0
3716 2 42955 10437
3717 2 7844 8267
3718 0
3719 1 43337
3720 2 16390 46507
3721 2 39860 9864
3722 2 15033 22980
3723 3 49470 5550 42812
3724 3 46944 6514 41642
3725 1 43484
3726 5 33685 2313 17093 31499 22255
3727 4 9885 35218 4410 2737
3728 1 31596
3729 3 24090 21010 14252
3730 1 33546
3731 3 1767 12153 29740
3732 2 41159 30707
3733 4 11598 13590 5186 5642
3734 2 46857 48577
3735 1 4353
3736 0
3737 0
3738 2 45201 47415
3739 6 47814 5094 1465 4560 4392 10689
3740 1 15807
3741 1 36466
3742 3 2338 34205 23957
3743 0
3744 1 49729
3745 0
3746 4 23896 39330 40012 45114
3747 2 35551 45416
3748 3 3084 22530 43782
3749 2 44297 2714
3750 4 30788 28986 43565 45710
3751 1 6671
3752 1 20246
3753 3 16329 26439 33278
3754 2 39502 4028
3755 2 32024 40170
3756 1 18448
3757 2 24916 3754
3758 3 37022 3971 10464
3759 1 46591
3760 2 19472 14703
3761 1 15778
3762 2 9599 6145
3763 1 39206
3764 3 14803 3792 45318
3765 4 7026 48956 30976 34190
3766 3 15087 4394 47505
3767 3 29891 31725 20653
3768 2 8920 48248
3769 0
3770 1 7044
3771 2 32399 38423
3772 3 44017 8246 5163
3773 1 18059
3774 3 28479 6611 30900
3775 0
3776 0
3777 2 20788 32312
3778 1 23739
3779 1 13812
3780 1 807
3781 0
3782 1 45479
3783 1 25595
3784 1 49487
3785 2 18881 37427
3786 0
3787 0
3788 2 34086 46378
3789 4 35177 12366 38255 17048
3790 2 24671 43275
3791 4 17899 44737 24882 23374
3792 1 3049
3793 2 49337 4003
3794 1 16184
3795 5 35024 14662 36590 17763 31200
3796 2 25023 36618
3797 4 27435 39101 22945 12510
3798 1 37648
3799 4 48550 32728 14221 25644
3800 0
3801 2 26075 1674
3802 4 12074 8515 12428 13314
3803 1 6620
3804 1 40754
3805 3 41041 13526 45006
3806 1 30584
3807 1 40092
3808 3 46322 38988 229
3809 3 6819 33145 25178
3810 1 26370
3811 2 21911 44706
3812 2 27593 38297
3813 2 16627 1140
3814 3 9322 4738 1197
3815 2 37158 6420
3816 3 2313 41687 8178
3817 0
3818 4 46363 10708 12852 21963
3819 2 17753 45222
3820 3 20266 28153 33691
3821 0
3822 2 39472 42079
3823 2 22623 9275
3824 1 34161
3825 0
3826 2 20700 29226
3827 4 30488 44273 29601 26760
3828 1 42008
3829 2 17431 2221
3830 3 30134 37812 15469
3831 1 27445
3832 0
3833 3 43051 13554 19510
3834 2 26330 17641
3835 1 8288
3836 2 3062 20389
3837 1 25945
3838 2 20199 28517
3839 1 30111
3840 2 13261 40563
3841 1 33090
3842 1 2311
3843 1 39660
3844 3 28498 17019 20095
3845 1 15670
3846 6 4836 1104 47710 47089 511 32598
3847 2 18227 29627
3848 0
3849 1 28124
3850 0
3851 3 29356 35513 43428
3852 2 9581 44973
3853 3 48469 6059 46548
3854 3 41365 6191 48013
3855 4 46601 29132 22417 19205
3856 1 22461
3857 2 15112 11487
3858 2 43861 6664
3859 3 41186 35004 17800
3860 3 31321 13980 32317
3861 1 35825
3862 3 49853 43 37023
3863 6 28207 27564 14198 44371 3220 41413
3864 2 32558 33906
3865 4 5818 38254 1190 6300
3866 3 45392 45368 11778
3867 2 9916 22818
3868 1 6118
3869 2 8051 29915
3870 2 22198 35819
3871 4 26282 33243 4271 27212
3872 3 12874 8104 41621
3873 8 7907 8545 43331 47710 38326 14930 40600 1632
3874 1 11733
3875 1 34356
3876 1 5383
3877 3 29098 49395 45108
3878 3 48748 16148 38016
3879 5 44039 11288 7577 12600 16116
3880 5 20325 11162 4550 659 27510
3881 4 8379 31798 45661 28741
3882 1 28239
3883 4 7172 33781 29749 8093
3884 0
3885 1 39166
3886 2 26466 26401
3887 3 14543 40396 32203
3888 1 29598
3889 2 2382 32540
3890 0
3891 2 35064 15132
3892 2 3745 11347
3893 4 10348 25652 6361 44303
3894 2 43824 13322
3895 1 42818
3896 1 28094
3897 1 42504
3898 4 43087 18228 49638 42624
3899 0
3900 0
3901 1 19533
3902 3 39433 25894 48800
3903 5 47729 34238 44996 24861 12678
3904 0
3905 2 26753 957
3906 2 27036 43884
3907 3 28361 15446 14268
3908 3 42694 3028 11380
3909 2 144 4532
3910 0
3911 3 44687 26883 49157
3912 1 34
3913 1 32014
3914 6 3049 25491 35985 4922 30834 33330
3915 1 26073
3916 1 1097
3917 3 43663 13042 41049
3918 2 8661 3753
3919 4 49041 27740 26257 3811
3920 1 47258
3921 3 35220 16861 12321
3922 2 17780 33124
3923 0
3924 0
3925 5 47992 40010 6107 25736 39876
3926 2 21191 192
3927 1 4870
3928 1 32283
3929 3 14844 21057 29200
3930 1 12278
3931 1 32498
3932 2 18508 38236
3933 0
3934 2 29073 14374
3935 2 28254 48610
3936 2 3196 36851
3937 3 5351 44309 1187
3938 2 3762 22286
3939 1 2395
3940 1 40103
3941 3 38174 41994 21262
3942 4 46814 30015 29011 13824
3943 0
3944 2 43345 21544
3945 3 35203 48777 17566
3946 0
3947 3 17816 9310 38959
3948 4 1764 22263 18429 24114
3949 2 7246 48867
3950 1 25669
3951 2 29796 46555
3952 3 31703 49733 30806
3953 1 32139
3954 4 33682 39837 27318 5381
3955 0
3956 1 28007
3957 2 23097 8939
3958 2 41090 5620
3959 3 1637 19019 29946
3960 4 8768 2887 49404 44190
3961 1 32984
3962 3 5147 16847 32560
3963 2 48291 34767
3964 5 8572 13640 17574 42585 27353
3965 2 21186 8649
3966 1 27265
3967 2 8528 49760
3968 2 12240 20456
3969 3 18612 14247 38270
3970 1 28866
3971 2 4303 12373
3972 1 19541
3973 6 42907 24448 12244 9798 24581 32620
3974 2 723 32715
3975 3 26757 37390 4391
3976 4 38686 2815 31876 13771
3977 3 26862 40302 29640
3978 2 46207 48420
3979 1 27608
3980 3 17129 46482 12200
3981 3 31042 38444 12172
3982 2 45927 38335
3983 3 15676 30087 13162
3984 1 2471
3985 1 9594
3986 1 686
3987 0
3988 3 30492 3451 45982
3989 1 17495
3990 3 37590 9781 23616
3991 0
3992 1 25845
3993 1 22832
3994 3 45739 19226 45221
3995 3 31695 31666 36876
3996 2 26186 3248
3997 2 22275 33292
3998 1 14018
3999 0
4000 4 5507 42817 39415 29684
4001 1 35807
4002 0
4003 1 10606
4004 3 38865 8168 8064
4005 1 35498
4006 0
4007 0
4008 2 11980 38407
4009 2 2944 38081
4010 4 23779 42455 9518 47484
4011 2 48666 45048
4012 1 40925
4013 1 12802
4014 0
4015 2 42930 10959
4016 2 8567 9604
4017 0
4018 3 15128 33340 39292
4019 2 45693 25698
4020 1 49309
4021 1 32480
4022 1 33815
4023 6 12060 27717 15931 40623 18276 26533
4024 1 28764
4025 1 41495
4026 4 23974 3415 47554 49810
4027 1 14158
4028 4 41823 18249 3925 20151
4029 2 35795 28212
4030 4 8676 8533 36591 45911
4031 1 23193
4032 3 31358 37934 18659
4033 0
4034 1 10117
4035 2 25583 3032
4036 1 1090
4037 0
4038 2 21762 29349
4039 0
4040 0
4041 5 8778 3007 29749 4200 28685
4042 3 16590 32508 48456
4043 5 14225 5712 45348 33858 32053
4044 1 3279
4045 1 49052
4046 2 45083 21718
4047 3 36809 47071 36424
4048 0
4049 0
4050 1 35639
4051 2 25102 8968
4052 1 4099
4053 0
4054 2 48416 34534
4055 2 41383 1428
4056 1 23633
4057 0
4058 0
4059 1 32838
4060 3 3524 40031 12919
4061 2 17699 43923
4062 0
4063 6 12415 12067 2252 558 26434 42439
4064 1 25896
4065 1 39371
4066 3 41999 47043 27921
4067 5 36039 19946 2345 514 3261
4068 4 32931 1200 21312 21239
4069 2 41297 17625
4070 2 44026 40026
4071 6 21562 22965 1936 45155 34232 6956
4072 5 44236 845 35703 27242 21708
4073 3 48101 35348 14194
4074 0
4075 3 8103 7079 35306
4076 2 42169 29655
4077 2 16152 22809
4078 2 10900 44617
4079 3 713 38514 7946
4080 1 48315
4081 2 41927 6746
4082 2 22064 13924
4083 1 19752
4084 2 35807 11462
4085 0
4086 3 30855 16444 29911
4087 0
4088 2 42259 16531
4089 2 39426 12604
4090 2 19331 1448
4091 1 31631
4092 2 42665 31642
4093 4 6735 12591 1802 40552
4094 0
4095 3 13073 9762 31232
4096 1 37871
4097 1 34514
4098 2 44059 30813
4099 1 49041
4100 2 2063 3153
4101 2 24774 33789
4102 2 36084 45199
4103 3 3167 31107 48323
4104 5 18315 46683 49106 29851 27778
4105 2 31547 4048
4106 0
4107 3 42716 30413 8368
4108 3 20346 30125 23887
4109 2 31993 15846
4110 2 41203 5414
4111 3 37571 48644 36098
4112 2 3323 776
4113 4 22281 25168 46893 17993
4114 2 12096 47192
4115 1 933
4116 2 33883 45328
4117 1 1792
4118 4 49340 11040 5776 37329
4119 3 20264 39668 33929
4120 1 4140
4121 0
4122 4 10061 35451 41163 6125
4123 1 48720
4124 3 34416 12668 40162
4125 2 22113 24651
4126 3 11066 41499 33992
4127 1 15161
4128 1 44125
4129 1 25122
4130 5 25646 2085 8197 18591 16816
4131 1 22595
4132 1 3619
4133 1 44660
4134 1 27411
4135 4 31287 32019 13799 18414
4136 2 6534 7323
4137 0
4138 2 18194 8014
4139 3 2671 7609 13425
4140 3 31831 48373 27060
4141 1 35562
4142 0
4143 3 27440 23976 29640
4144 2 27372 20491
4145 2 45184 41739
4146 1 9763
4147 4 16882 8864 31161 33830
4148 1 8427
4149 3 24573 6112 22673
4150 2 43806 45325
4151 1 5537
4152 0
4153 1 10179
4154 1 11016
4155 3 14086 47274 33578
4156 3 27382 46880 34581
4157 2 6311 42470
4158 8 45361 47170 26299 34189 2266 43515 27291 7113
4159 4 25984 20186 2595 20119
4160 2 35373 39806
4161 1 26122
4162 1 23515
4163 1 45440
4164 1 26145
4165 0
4166 3 13592 8292 24541
4167 0
4168 4 21643 12947 17519 40286
4169 3 30795 24139 3499
4170 2 3609 226
4171 2 8415 6745
4172 1 9780
4173 3 36006 43463 5695
4174 2 19549 42334
4175 1 2223
4176 2 7520 6636
4177 4 10281 11729 11420 9384
4178 2 29580 22970
4179 0
4180 1 9938
4181 2 2425 22401
4182 1 36484
4183 2 48254 29009
4184 5 27417 24244 32614 14995 38220
4185 4 43800 14473 5913 23064
4186 3 12360 13520 6601
4187 4 29628 604 32948 48410
4188 0
4189 5 44316 8670 18871 35060 41317
4190 1 9491
4191 2 6408 46892
4192 1 23295
4193 6 32155 41828 18066 48577 35771 9186
4194 6 39776 21337 38390 23393 48282 25487
4195 2 37777 48583
4196 2 48159 10935
4197 0
4198 1 4476
4199 0
4200 2 42813 47286
4201 4 1274 42265 5368 18139
4202 2 14587 43997
4203 0
4204 1 32553
4205 3 44157 3495 45529
4206 1 24645
4207 1 23600
4208 3 22074 3302 6412
4209 5 45813 28475 21712 4689 30130
4210 1 32688
4211 3 3285 98 33694
4212 0
4213 3 41124 38894 26965
4214 0
4215 0
4216 1 6200
4217 3 6591 41838 23173
4218 2 23004 4361
4219 2 9199 22213
4220 2 16550 45752
4221 1 27655
4222 1 18550
4223 5 14801 32996 27470 22146 13772
4224 3 46019 37954 29131
4225 2 20411 34682
4226 0
4227 2 29391 15829
4228 7 13417 22773 6542 44610 43251 41109 32450
4229 3 23615 8481 8364
4230 2 16818 45583
4231 2 32939 49563
4232 0
4233 2 25459 38395
4234 3 4843 41684 24146
4235 1 19757
4236 1 45327
4237 2 35464 24382
4238 1 5988
4239 2 40569 46144
4240 3 25788 3487 18428
4241 1 47335
4242 2 40138 14898
4243 3 26915 22113 8163
4244 4 27022 23499 327 26999
4245 6 12221 23785 6191 29279 37839 1214
4246 4 23409 972 8980 23443
4247 2 29239 37165
4248 2 25641 23323
4249 3 5860 7142 11611
4250 2 15346 3703
4251 5 40675 5935 21060 7309 1265
4252 2 29177 3213
4253 1 49964
4254 1 6848
4255 3 36314 21181 31313
4256 2 12048 10028
4257 2 3016 45651
4258 3 32360 26464 31222
4259 3 13238 37616 8687
4260 1 13754
4261 6 28025 5907 17131 12839 11696 42752
4262 1 19641
4263 1 25126
4264 0
4265 2 48402 24473
4266 2 38739 41700
4267 2 5358 45338
4268 3 44297 47493 3365
4269 2 40379 48551
4270 2 16830 15861
4271 0
4272 1 4102
4273 1 36986
4274 4 3332 18632 39998 26334
4275 2 7262 488
4276 1 49812
4277 3 24583 36157 22834
4278 3 7130 17252 32289
4279 2 40759 30064
4280 1 49712
4281 2 1888 28559
4282 1 31597
4283 1 16402
4284 1 25013
4285 4 35111 44843 15538 27607
4286 3 19133 32710 12747
4287 0
4288 4 23309 20167 40887 5267
4289 0
4290 1 45828
4291 1 40754
4292 3 16570 30574 4572
4293 1 32234
4294 2 37601 5500
4295 3 46474 39972 8547
4296 2 27897 10672
4297 1 48792
4298 3 29190 18769 24822
4299 0
4300 1 38577
4301 2 30612 26182
4302 1 25199
4303 1 30971
4304 2 49172 4486
4305 4 23877 35996 31118 26717
4306 2 45232 30048
4307 2 31230 20968
4308 5 20832 26732 31070 20601 38297
4309 2 2803 44971
4310 3 26300 13767 18026
4311 4 18332 13696 32344 31342
4312 3 43762 11094 20902
4313 2 22270 37026
4314 2 22147 1459
4315 1 48838
4316 2 26341 17615
4317 5 9852 26559 22660 7884 1806
4318 3 12283 6641 37871
4319 2 23599 42763
4320 1 39646
4321 4 29228 21087 35512 14447
4322 2 9576 3438
4323 1 35464
4324 2 41826 787
4325 1 36983
4326 2 5913 23903
4327 2 42217 49950
4328 3 21345 27089 7756
4329 2 22027 49460
4330 4 21867 9053 15212 40088
4331 3 9284 3664 39814
4332 2 7800 45229
4333 1 3893
4334 2 25383 46741
4335 1 45146
4336 0
4337 4 45077 23591 35054 10099
4338 1 16796
4339 1 44239
4340 3 1835 42100 34391
4341 0
4342 2 18781 21270
4343 2 42400 22650
4344 2 1915 24247
4345 2 37905 40857
4346 4 29276 2228 6530 1450
4347 2 288 26695
4348 2 16976 19452
4349 4 16154 24408 16195 10708
4350 4 37473 32700 30668 39462
4351 2 30331 34791
4352 0
4353 1 5108
4354 2 40955 40823
4355 3 48962 24364 28140
4356 3 25940 36388 39322
4357 1 16246
4358 5 22769 48495 2051 49305 21455
4359 2 32497 21535
4360 2 39654 20948
4361 1 28363
4362 0
4363 4 2460 1409 4719 20909
4364 1 30763
4365 3 23367 35850 40060
4366 2 16034 23621
4367 4 15256 13986 27747 17386
4368 1 29384
4369 3 19531 43436 29425
4370 1 14244
4371 2 1352 44292
4372 2 8409 36781
4373 3 22456 23432 49205
4374 1 19985
4375 2 8683 3571
4376 3 20792 48954 36231
4377 5 38187 33564 42092 40725 23168
4378 3 26045 40283 32989
4379 2 48231 15446
4380 3 14947 29509 17427
4381 9 23748 35821 46776 2357 20074 22259 41282 23147 44753
4382 2 20747 17729
4383 1 16064
4384 1 48229
4385 2 15575 29528
4386 6 3929 28445 31572 19697 49619 24224
4387 3 24084 33886 666
4388 3 48315 2738 12991
4389 4 30929 40468 42935 3491
4390 1 41827
4391 3 10246 45322 48734
4392 2 35541 9448
4393 2 37142 13355
4394 3 32203 37733 48187
4395 1 7011
4396 1 14732
4397 0
4398 4 5743 33162 2104 33029
4399 4 16139 34808 33716 29635
4400 1 26529
4401 2 7376 48555
4402 2 20963 16387
4403 1 4567
4404 1 32769
4405 0
4406 1 4849
4407 2 25331 19423
4408 1 22083
4409 0
4410 0
4411 3 29128 24518 33146
4412 2 49502 44319
4413 6 40691 6683 7630 44778 44344 7170
4414 2 2023 675
4415 2 47431 38073
4416 5 20010 32682 1409 44056 42775
4417 0
4418 2 9226 38217
4419 3 4414 7761 46856
4420 0
4421 3 38970 40350 21761
4422 1 40688
4423 4 83 7380 25527 1993
4424 2 26374 27764
4425 1 47489
4426 0
4427 1 38772
4428 2 44179 5743
4429 3 32100 49897 16625
4430 0
4431 1 23908
4432 1 24011
4433 2 24212 20623
4434 2 29928 2639
4435 1 3877
4436 1 6413
4437 7 45983 6829 39293 23386 16316 6876 40280
4438 4 2690 24472 5940 22472
4439 0
4440 0
4441 2 21483 25861
4442 3 42615 41803 45690
4443 4 5910 49714 4023 18431
4444 4 18093 32072 34226 42825
4445 1 23339
4446 2 30900 22984
4447 1 45995
4448 2 40327 34824
4449 1 27814
4450 0
4451 1 674
4452 5 49049 27932 4922 17998 26853
4453 2 28714 35382
4454 1 37796
4455 2 6258 18889
4456 1 42668
4457 1 43632
4458 1 39892
4459 1 7295
4460 0
4461 4 24066 25923 7413 31179
4462 3 43142 16986 7910
4463 1 21985
4464 2 38723 18410
4465 2 18763 45293
4466 2 49461 27754
4467 1 46569
4468 1 18546
4469 2 32998 27383
4470 6 23083 16733 27495 20182 31530 4565
4471 1 41417
4472 2 31515 44693
4473 0
4474 2 17090 12865
4475 3 43705 40968 29718
4476 1 11357
4477 0
4478 1 14301
4479 0
4480 1 5882
4481 2 33873 10254
4482 2 8794 27485
4483 3 14777 10735 3652
4484 0
4485 2 8432 37763
4486 1 20124
4487 0
4488 0
4489 0
4490 2 38487 37020
4491 1 37273
4492 1 46718
4493 3 47393 43242 14708
4494 5 44828 32198 40622 12947 30697
4495 0
4496 4 21202 21767 32503 31126
4497 1 22333
4498 0
4499 0
4500 1 14487
4501 3 41690 23486 35674
4502 0
4503 3 37928 40124 17071
4504 1 781
4505 1 47355
4506 1 22518
4507 2 21259 18589
4508 4 33803 36568 12859 47975
4509 2 40027 22804
4510 2 323 26157
4511 2 38317 24734
4512 1 37744
4513 0
4514 3 7428 10529 38880
4515 1 9732
4516 2 5837 14038
4517 3 10431 15109 16647
4518 0
4519 2 9451 27563
4520 3 39258 4264 43925
4521 1 7891
4522 2 23705 21244
4523 1 8343
4524 3 32177 13252 11670
4525 5 23303 22419 19799 42684 21761
4526 0
4527 3 46213 18286 5851
4528 2 11272 49804
4529 0
4530 2 3646 42874
4531 3 20430 17692 8602
4532 1 8313
4533 2 6277 42240
4534 3 13350 47846 9100
4535 3 15970 22466 43483
4536 5 29191 46750 15466 40700 31087
4537 3 44253 1940 48581
4538 0
4539 0
4540 1 41637
4541 2 19023 26855
4542 1 2287
4543 1 538
4544 1 36082
4545 4 20252 541 34597 34239
4546 2 34879 6252
4547 1 1371
4548 1 723
4549 4 7955 39705 7920 37180
4550 2 16213 20794
4551 0
4552 1 14411
4553 0
4554 2 3735 37560
4555 3 10372 18676 7206
4556 1 26737
4557 1 24784
4558 0
4559 4 40883 47686 36635 5143
4560 2 8602 18572
4561 1 48170
4562 2 38949 41455
4563 2 13801 9157
4564 3 7136 24738 36167
4565 5 36013 24596 35720 42590 6488
4566 2 9708 14810
4567 0
4568 2 42861 48908
4569 1 10507
4570 2 408 42669
4571 5 38882 2786 27161 23611 13713
4572 4 18297 18571 19809 2881
4573 4 39188 32087 40685 21365
4574 1 49730
4575 4 18800 2708 18988 18320
4576 2 6124 38956
4577 2 44785 47267
4578 1 45032
4579 3 47689 7050 19052
4580 3 34885 37744 17041
4581 1 37893
4582 1 17277
4583 3 27791 4801 31676
4584 4 16445 15149 12001 35140
4585 7 38197 741 5705 28405 22350 24100 19206
4586 1 6205
4587 1 33458
4588 5 16890 48454 42952 27919 43008
4589 1 2175
4590 2 5977 35329
4591 1 22500
4592 0
4593 3 36910 10984 44366
4594 1 2084
4595 2 7657 9543
4596 5 3871 49410 21666 5229 27554
4597 3 7236 37934 41735
4598 3 9949 25166 2186
4599 1 23745
4600 3 7167 30658 37057
4601 1 25353
4602 5 42510 19324 1497 17468 34986
4603 2 3595 43292
4604 3 10003 313 46965
4605 0
4606 1 9142
4607 5 11122 34718 26507 30835 10467
4608 3 5006 27181 48648
4609 3 18826 23671 20507
4610 5 10371 3529 20939 13293 405
4611 1 26408
4612 0
4613 3 5644 1517 4363
4614 0
4615 1 12083
4616 2 18231 30156
4617 2 18528 45649
4618 4 38335 28985 20872 4270
4619 2 11749 35562
4620 1 9433
4621 2 991 16805
4622 2 11286 45307
4623 1 39888
4624 2 28024 20150
4625 3 44319 28624 42816
4626 2 48187 9390
4627 2 14041 36417
4628 4 32349 49639 26109 38615
4629 2 5229 8016
4630 1 16344
4631 3 26506 34433 46307
4632 3 27565 15473 18779
4633 0
4634 1 33120
4635 0
4636 0
4637 2 32726 8711
4638 0
4639 1 97
4640 4 29027 20539 14846 37763
4641 1 29625
4642 3 10029 1662 2388
4643 3 14502 45813 22561
4644 3 12657 37579 49646
4645 1 12230
4646 3 44891 30283 28723
4647 3 30119 82 16281
4648 4 41670 42433 188 15855
4649 5 14313 44502 28204 45967 31216
4650 3 7971 27100 5039
4651 1 7155
4652 3 32208 12091 48867
4653 0
4654 1 21073
4655 2 47923 3335
4656 1 31732
4657 2 8670 763
4658 0
4659 2 42980 11273
4660 1 31100
4661 3 14059 19085 7285
4662 1 808
4663 4 22241 19706 15511 13364
4664 4 19452 10572 49911 42203
4665 0
4666 1 32885
4667 2 6741 6013
4668 6 7226 46173 3233 16521 15897 33409
4669 1 24902
4670 4 22318 33027 7121 48528
4671 2 49105 28472
4672 2 33840 20476
4673 4 21786 337 30916 10041
4674 1 27104
4675 2 43121 36254
4676 1 35964
4677 1 25415
4678 4 45333 11307 26334 25343
4679 4 48483 23806 3197 16231
4680 1 822
4681 1 40002
4682 5 44948 27354 12425 18569 22992
4683 2 7696 39602
4684 2 5914 37969
4685 1 28299
4686 1 33151
4687 1 45864
4688 2 10183 39834
4689 1 10588
4690 2 47822 28931
4691 2 30123 5899
4692 2 20342 652
4693 4 14136 30576 34107 1840
4694 1 47928
4695 3 7705 35218 36754
4696 2 47136 36960
4697 1 3847
4698 2 44535 32577
4699 5 41691 33376 30817 18297 42384
4700 0
4701 0
4702 1 43328
4703 2 4172 17189
4704 3 20154 35637 43668
4705 3 47341 38547 26349
4706 1 23498
4707 2 14696 44484
4708 3 16003 34364 43406
4709 3 28913 25074 39580
4710 1 46198
4711 6 37146 30875 45548 1507 15111 30851
4712 3 36895 5731 33123
4713 2 5236 26200
4714 3 38548 33312 16379
4715 0
4716 0
4717 2 12738 35115
4718 1 7854
4719 2 40794 29652
4720 0
4721 3 35659 8545 19688
4722 0
4723 5 46284 7971 43460 5316 5737
4724 1 44844
4725 3 20832 13576 1387
4726 0
4727 2 3713 797
4728 1 4519
4729 0
4730 5 47880 4422 33725 27209 42125
4731 2 45909 42271
4732 4 8504 15952 1048 19273
4733 3 28403 2605 27522
4734 1 39067
4735 3 23292 21249 19383
4736 1 14675
4737 2 36303 46580
4738 0
4739 1 47234
4740 0
4741 2 12348 20231
4742 1 2342
4743 3 36432 34999 2061
4744 4 4410 40967 17635 12422
4745 5 2358 8975 48534 8411 35240
4746 5 23895 26415 28626 35990 49850
4747 2 33945 34309
4748 0
4749 1 34977
4750 2 48683 43444
4751 2 42288 17583
4752 2 1668 6768
4753 4 12537 1865 18161 18316
4754 2 21490 40440
4755 1 8088
4756 0
4757 2 4325 11443
4758 2 26340 32280
4759 1 32097
4760 3 46812 19239 18227
4761 2 28019 30104
4762 2 39453 24889
4763 2 39580 35048
4764 1 12144
4765 4 35966 40074 6691 22608
4766 1 5913
4767 2 37140 783
4768 2 22146 17134
4769 1 11198
4770 3 31003 23185 18577
4771 1 22869
4772 3 37889 27684 21928
4773 2 47470 40316
4774 1 24781
4775 3 4361 42136 47304
4776 4 14339 18787 32682 14814
4777 4 4562 37684 6501 15830
4778 3 29415 37752 45667
4779 0
4780 5 41277 2259 4204 45382 23849
4781 3 38551 7503 28710
4782 4 14479 44249 38916 35352
4783 3 1294 30098 3323
4784 1 11722
4785 2 23288 27947
4786 3 41873 25114 49873
4787 2 49588 30260
4788 2 20110 6393
4789 1 47317
4790 3 18635 32405 32112
4791 2 26345 6883
4792 0
4793 0
4794 2 18824 16503
4795 1 39169
4796 6 5011 15036 42583 34528 15275 27732
4797 0
4798 3 26490 12621 15839
4799 2 18262 27054
4800 1 27150
4801 5 49317 30391 3832 33461 9473
4802 3 21288 26229 28090
4803 2 16493 27615
4804 3 46483 5512 4994
4805 3 21379 19154 35363
4806 3 43800 9587 99
4807 1 25275
4808 4 12379 37861 6232 28676
4809 1 41955
4810 5 7571 16807 38960 16338 5787
4811 3 33326 6134 41553
4812 2 8145 43539
4813 3 19637 33485 48419
4814 2 1039 39270
4815 6 34350 38803 6862 23253 5904 20447
4816 2 22548 1059
4817 1 766
4818 2 26478 14898
4819 1 16341
4820 1 30993
4821 6 1499 22643 41234 29430 28580 41134
4822 5 41272 23734 18916 24156 46971
4823 3 26613 13547 13983
4824 4 31872 700 33143 12237
4825 4 49546 48090 44213 19533
4826 4 49487 35051 46706 5544
4827 2 13892 32581
4828 2 17418 16209
4829 3 43787 28942 12975
4830 1 18725
4831 1 10733
4832 0
4833 2 17230 33070
4834 0
4835 3 35235 4954 2856
4836 1 2549
4837 3 31679 4452 19708
4838 3 38496 48694 5074
4839 0
4840 2 22160 48665
4841 3 16248 28042 18178
4842 2 1059 27386
4843 1 3853
4844 3 42403 1175 43022
4845 1 24741
4846 3 14287 46268 20973
4847 4 49212 15756 1926 24937
4848 2 4994 42982
4849 4 21550 46515 37454 6220
4850 4 15312 34980 34275 33379
4851 1 21266
4852 3 14376 37101 6586
4853 0
4854 3 42326 17947 23461
4855 1 33697
4856 2 18608 15002
4857 0
4858 1 34864
4859 3 24324 34664 26937
4860 5 18923 46066 39459 11853 34140
4861 2 34172 44507
4862 2 45926 19022
4863 1 26663
4864 0
4865 4 19322 40180 19963 38584
4866 2 29628 38225
4867 0
4868 1 27080
4869 3 9689 18104 9256
4870 1 25408
4871 3 9409 15333 7958
4872 4 30751 23769 14981 15530
4873 2 49484 35086
4874 2 26175 1229
4875 4 39638 43539 43473 16586
4876 1 8318
4877 2 25418 25519
4878 0
4879 2 26046 40305
4880 1 41823
4881 0
4882 3 37907 43466 47133
4883 2 24396 13524
4884 2 4812 29192
4885 3 511 47826 44407
4886 3 8566 14544 40961
4887 2 31579 28050
4888 0
4889 1 492
4890 1 12549
4891 4 20893 28570 8863 31220
4892 1 17753
4893 2 40137 28643
4894 4 32163 6014 11178 24583
4895 1 4087
4896 3 45360 25052 17946
4897 2 27395 49577
4898 1 26573
4899 3 43012 34128 35134
4900 3 29297 10191 10117
4901 1 961
4902 4 19735 16175 25354 21348
4903 2 13452 31767
4904 1 21158
4905 3 18812 40820 28625
4906 4 10250 23541 12347 45641
4907 2 1406 11346
4908 3 14747 245 43803
4909 0
4910 5 32349 48603 40653 18845 44502
4911 1 24521
4912 1 323
4913 2 33354 37317
4914 4 9929 15486 34066 26012
4915 3 32127 32474 42255
4916 1 20093
4917 1 2884
4918 0
4919 3 2723 41585 29670
4920 3 48498 15678 43127
4921 3 7850 30564 25742
4922 2 16173 47348
4923 2 16362 30507
4924 3 9882 21300 15487
4925 0
4926 0
4927 0
4928 3 20306 30658 3641
4929 2 41194 1800
4930 2 21143 31767
4931 2 42021 16020
4932 1 32178
4933 3 41744 45132 46813
4934 1 6791
4935 1 41290
4936 1 3126
4937 3 15354 43899 47943
4938 7 35312 35671 34449 4651 44680 19531 25638
4939 2 23106 27115
4940 1 46985
4941 1 41410
4942 3 4782 46535 10156
4943 3 37574 41406 6241
4944 0
4945 2 43034 2865
4946 1 5142
4947 1 41166
4948 0
4949 3 6671 41893 47350
4950 3 31461 26607 20523
4951 0
4952 3 29809 25795 1782
4953 4 21642 27856 35439 24738
4954 1 48879
4955 1 3526
4956 0
4957 3 24560 43138 4021
4958 3 20851 3954 9964
4959 1 18519
4960 3 21474 31180 5511
4961 1 33461
4962 1 9411
4963 1 31226
4964 1 12894
4965 0
4966 5 47493 1349 46510 28415 47451
4967 0
4968 5 30930 8740 33260 7064 23191
4969 2 43792 18340
4970 2 8435 23964
4971 1 38605
4972 1 28631
4973 4 14095 16870 44008 21336
4974 1 17152
4975 0
4976 1 25166
4977 3 11047 7398 4520
4978 3 8492 9208 38167
4979 1 14869
4980 4 10754 10619 49822 47217
4981 1 24841
4982 7 41510 40355 41440 26668 410 35005 23382
4983 3 32647 44515 47954
4984 0
4985 1 1935
4986 3 6568 12903 23495
4987 1 32073
4988 0
4989 1 31685
4990 1 33830
4991 8 28690 38348 47873 5648 34975 122 4797 5093
4992 0
4993 1 3857
4994 2 32815 32951
4995 2 869 48753
4996 1 1850
4997 2 21977 19266
4998 2 33883 28094
4999 2 19987 46229
5000 2 18106 10794
5001 1 29346
5002 3 19613 20810 32307
5003 2 49747 42901
5004 4 46836 19504 26075 31832
5005 1 29323
5006 1 19659
5007 2 10774 7464
5008 3 29846 49119 21154
5009 2 32443 39115
5010 0
5011 1 16623
5012 1 41133
5013 1 44598
5014 5 36535 34016 10226 49064 48882
5015 2 41414 1854
5016 1 22585
5017 2 38465 11722
5018 3 10334 1894 30704
5019 4 31291 856 30258 9499
5020 2 47772 3480
5021 2 45678 43645
5022 0
5023 1 38011
5024 4 1920 10172 38230 40727
5025 3 48516 22538 40567
5026 2 33255 1901
5027 2 35862 45095
5028 2 15919 23716
5029 3 19087 31111 13968
5030 3 49008 23782 35209
5031 0
5032 3 36187 15640 45429
5033 0
5034 2 32559 14131
5035 2 30758 17056
5036 5 17933 34061 16218 22693 38607
5037 2 46152 8717
5038 3 29627 18057 6298
5039 3 29695 30281 554
5040 2 23011 5804
5041 1 13681
5042 3 36957 45528 8633
5043 3 45439 15997 49545
5044 0
5045 2 2722 49553
5046 0
5047 0
5048 1 21168
5049 2 46737 20647
5050 0
5051 1 32212
5052 0
5053 3 49048 22711 12396
5054 0
5055 4 48821 48538 40813 45024
5056 6 8190 31377 29304 9421 47769 34014
5057 2 1713 41290
5058 1 49715
5059 1 4823
5060 1 39416
5061 1 30498
5062 1 19054
5063 4 11269 42439 24091 18393
5064 1 6025
5065 2 11401 21209
5066 3 45170 26525 13956
5067 3 47057 44986 12438
5068 3 37206 14918 49383
5069 3 14123 7986 29892
5070 4 49784 26308 27290 25348
5071 2 48394 16065
5072 2 24258 37439
5073 5 1231 34498 34390 33690 2044
5074 5 14245 9223 113 39449 40470
5075 2 6291 49331
5076 4 44367 30410 12523 39837
5077 0
5078 0
5079 1 17608
5080 3 10835 47835 45556
5081 0
5082 2 4062 22093
5083 4 13194 3196 8633 34837
5084 2 41817 1841
5085 1 16383
5086 1 26265
5087 2 44340 49219
5088 2 25479 21621
5089 0
5090 4 8131 1976 3209 33447
5091 0
5092 3 3901 35858 30130
5093 0
5094 1 30744
5095 2 49457 5098
5096 0
5097 1 27261
5098 2 44549 23214
5099 5 36819 39564 46816 37622 28361
5100 2 1160 39525
5101 1 47569
5102 1 17602
5103 2 37747 10893
5104 5 22190 40149 49181 13569 1505
5105 3 48534 39117 29554
5106 0
5107 1 15065
5108 2 34556 21577
5109 2 43525 25261
5110 0
5111 0
5112 2 14098 45131
5113 2 14548 19183
5114 3 26246 48439 3694
5115 1 33645
5116 2 2189 22737
5117 1 14571
5118 3 14933 37897 48417
5119 0
5120 0
5121 4 26379 12935 5244 3126
5122 2 29876 6227
5123 2 13996 13098
5124 2 46675 3470
5125 0
5126 2 34630 34187
5127 2 13579 11215
5128 1 16288
5129 4 9213 44059 28792 28212
5130 5 32446 19334 12550 6710 39216
5131 1 25162
5132 2 44981 29326
5133 0
5134 2 4112 2602
5135 2 401 2542
5136 3 40185 18905 16704
5137 1 12245
5138 1 23621
5139 2 8492 26428
5140 0
5141 2 42138 48538
5142 1 46311
5143 1 40003
5144 9 47471 12203 46551 48193 49952 8260 47778 23217 3497
5145 3 20502 47354 4503
5146 0
5147 0
5148 2 7685 46689
5149 0
5150 2 6567 41283
5151 3 28548 6728 20143
5152 3 37834 8068 6222
5153 0
5154 0
5155 1 23250
5156 3 21942 12696 9926
5157 1 5097
5158 0
5159 0
5160 3 38715 31308 17251
5161 5 15502 3408 12542 18874 25734
5162 3 41076 36279 20043
5163 1 36464
5164 1 15330
5165 3 13885 37235 6357
5166 3 9603 38940 12417
5167 4 1349 40490 8105 2752
5168 0
5169 2 47630 23173
5170 2 19373 46824
5171 3 48361 21163 34179
5172 5 26660 41442 17909 383 48137
5173 4 7035 27120 32572 39957
5174 1 34221
5175 5 32499 38866 33543 22494 5773
5176 2 48334 3406
5177 1 36277
5178 0
5179 1 11159
5180 2 25830 916
5181 3 36598 4650 5593
5182 1 29562
5183 3 11772 32432 41540
5184 1 28668
5185 2 47564 20120
5186 0
5187 1 34693
5188 1 15840
5189 3 1799 46579 48549
5190 1 43479
5191 2 12279 38549
5192 2 42533 49948
5193 0
5194 3 7673 26162 27806
5195 0
5196 5 14535 37653 22428 46634 9756
5197 1 31787
5198 1 1776
5199 1 14713
5200 0
5201 3 3757 34277 7855
5202 0
5203 5 4691 48342 14471 42207 41105
5204 3 17196 2542 38164
5205 2 45945 35428
5206 4 23306 29808 18891 41773
5207 3 4338 18547 18750
5208 2 24062 2354
5209 2 23607 7367
5210 2 40444 29368
5211 3 35803 48923 3791
5212 2 39635 10100
5213 1 21164
5214 2 23703 12753
5215 2 40108 36384
5216 4 36647 46174 14601 1892
5217 4 22265 7604 15374 8702
5218 3 16268 37933 39946
5219 1 14903
5220 2 4637 23539
5221 1 3424
5222 2 33537 10198
5223 1 16851
5224 4 41695 25042 7749 37082
5225 1 26469
5226 1 31607
5227 5 44489 39083 2150 43744 20667
5228 3 33194 40716 48894
5229 2 11022 29866
5230 3 4294 21517 33718
5231 0
5232 3 14463 45081 46411
5233 1 29792
5234 4 32778 5138 1444 46201
5235 2 9927 35603
5236 0
5237 2 22096 19592
5238 1 17882
5239 2 48012 7650
5240 3 38254 26194 23316
5241 0
5242 0
5243 1 13126
5244 1 17135
5245 0
5246 3 5845 24215 19052
5247 1 16591
5248 4 10071 1533 2576 46793
5249 1 30495
5250 2 5612 6370
5251 3 24960 5752 44220
5252 2 24513 37919
5253 3 24228 16495 8650
5254 3 28701 21286 32479
5255 1 18460
5256 4 43827 13725 38977 41392
5257 2 24114 31382
5258 2 48635 38707
5259 6 42514 16685 11695 42848 38476 3906
5260 1 25876
5261 1 13451
5262 3 30532 45896 33757
5263 0
5264 1 41963
5265 5 12856 18581 48088 14006 3682
5266 1 21690
5267 0
5268 3 37099 26793 27811
5269 2 11769 11073
5270 6 23145 31130 13587 42041 27739 38814
5271 3 6337 43060 49749
5272 2 46298 49295
5273 1 7859
5274 0
5275 2 46450 8934
5276 0
5277 1 3270
5278 4 10122 26185 12983 37363
5279 2 63 7241
5280 2 15563 4370
5281 3 24366 27058 47465
5282 2 32224 29388
5283 2 19153 956
5284 1 20810
5285 2 12927 3554
5286 3 13941 39855 11148
5287 3 16858 11631 35595
5288 1 16567
5289 2 16196 49197
5290 1 23636
5291 1 34168
5292 0
5293 2 4457 30602
5294 1 12708
5295 3 29047 23618 23306
5296 2 30885 14332
5297 0
5298 1 32770
5299 2 33921 8833
5300 3 17657 40811 23652
5301 3 34401 31190 34628
5302 0
5303 0
5304 2 25074 47074
5305 1 4930
5306 5 27007 20012 41764 42233 12848
5307 5 8710 2453 2594 26147 5092
5308 1 12703
5309 1 48711
5310 0
5311 1 48438
5312 2 24053 20626
5313 1 8419
5314 3 34694 48359 22545
5315 2 6837 48639
5316 0
5317 1 11174
5318 4 32432 24240 16303 38628
5319 2 32486 25256
5320 0
5321 3 49372 35467 31863
5322 0
5323 2 32875 4229
5324 0
5325 3 15834 18832 17044
5326 3 37540 32469 12295
5327 2 6328 40217
5328 2 3717 24557
5329 1 45441
5330 2 21401 3017
5331 3 27829 14094 9042
5332 1 10288
5333 3 25534 38691 20956
5334 3 40157 3216 43353
5335 3 37967 49965 34137
5336 2 47686 1190
5337 3 30089 13176 18896
5338 1 27094
5339 1 41029
5340 2 26731 43567
5341 2 25566 39083
5342 3 638 7070 24198
5343 2 5318 9850
5344 1 27219
5345 1 2245
5346 2 3750 40004
5347 3 29078 18106 44287
5348 4 28810 31895 48382 45722
5349 0
5350 2 6139 2263
5351 0
5352 4 12085 3043 39892 46253
5353 1 41602
5354 3 47267 25655 3095
5355 6 9596 22575 7307 10094 37720 5024
5356 0
5357 0
5358 3 5313 6620 47746
5359 2 14966 12175
5360 2 2510 26986
5361 0
5362 6 25303 32772 27219 34559 30771 12807
5363 3 2634 45014 1243
5364 4 48238 20309 43304 5804
5365 2 11109 36405
5366 0
5367 5 25703 17465 48908 33992 10473
5368 1 31509
5369 3 10266 33676 40594
5370 5 26449 7219 3211 37695 27938
5371 3 11229 48145 22277
5372 4 13989 267 7612 47430
5373 3 30796 45232 30483
5374 1 8791
5375 2 24584 22182
5376 1 6500
5377 2 20393 14316
5378 0
5379 2 18516 48670
5380 1 34350
5381 1 44609
5382 1 33367
5383 2 1470 33160
5384 1 3185
5385 3 47534 15575 49992
5386 1 43674
5387 1 45345
5388 3 49701 23644 4648
5389 3 2767 33748 16657
5390 2 2471 3642
5391 3 10336 245 18717
5392 4 47860 49048 10635 16802
5393 2 45979 2167
5394 1 18105
5395 3 32992 16019 40916
5396 1 40348
5397 2 45965 8588
5398 1 28534
5399 2 48376 41268
5400 1 18784
5401 1 20790
5402 1 37537
5403 3 23253 14229 33026
5404 0
5405 0
5406 0
5407 1 24682
5408 2 27846 32852
5409 2 11441 8331
5410 1 4175
5411 2 11674 42111
5412 4 5941 25884 12513 12702
5413 2 47548 44385
5414 0
5415 2 33723 2223
5416 1 15190
5417 2 11754 1250
5418 4 26291 17412 36226 36026
5419 2 32245 25960
5420 2 9492 47657
5421 2 18483 9698
5422 2 5959 29692
5423 4 24561 323 39158 15145
5424 1 3653
5425 5 13209 4199 5990 24845 41777
5426 3 17075 44083 31966
5427 1 15217
5428 0
5429 2 28469 46121
5430 2 40490 37598
5431 2 38661 18707
5432 1 6831
5433 1 9038
5434 1 14040
5435 4 36140 13667 2954 27002
5436 2 27437 39109
5437 0
5438 2 42622 16744
5439 1 40093
5440 3 49671 20210 27629
5441 0
5442 3 22407 41499 21021
5443 2 39521 21177
5444 2 14142 8637
5445 3 23283 31805 37234
5446 2 1604 37854
5447 1 9152
5448 1 35204
5449 3 1163 7385 1211
5450 4 34439 35834 48706 10625
5451 2 10026 16968
5452 2 46375 37564
5453 1 35673
5454 2 7166 19436
5455 3 20838 9644 20212
5456 3 19217 8907 8757
5457 4 48331 28651 23400 16208
5458 0
5459 3 2266 14379 6948
5460 2 30531 27493
5461 3 42754 36357 35963
5462 2 14058 37728
5463 1 9243
5464 1 15322
5465 2 29431 5442
5466 1 46
5467 3 31442 11276 35661
5468 3 9327 6743 42794
5469 3 2126 9892 8961
5470 2 14184 33621
5471 0
5472 4 11636 29928 21129 29009
5473 2 48389 18930
5474 2 42388 9076
5475 1 23695
5476 1 1830
5477 3 46820 18383 29501
5478 1 31481
5479 1 39757
5480 6 14652 40304 1154 44820 31304 16358
5481 2 6540 41151
5482 1 49192
5483 3 5420 33701 28662
5484 4 40250 34769 666 29404
5485 3 27483 46390 37308
5486 1 22957
5487 2 49140 42694
5488 2 1794 48986
5489 0
5490 3 1483 13245 28883
5491 2 24620 11758
5492 1 38273
5493 4 24714 21324 49422 36506
5494 2 7099 18941
5495 1 6122
5496 1 36332
5497 1 42205
5498 3 19074 39858 8511
5499 2 31222 4067
5500 1 49603
5501 2 47203 5447
5502 1 11012
5503 2 42436 15999
5504 4 32766 21894 41673 48583
5505 1 40594
5506 2 39439 11955
5507 5 34347 959 44662 22506 17256
5508 3 35609 2080 17720
5509 1 1240
5510 3 24154 19966 2772
5511 1 447
5512 2 31173 19990
5513 1 20903
5514 2 41 7480
5515 4 3063 18137 20592 44597
5516 1 21743
5517 1 49767
5518 4 41034 45604 37083 31925
5519 5 4867 1317 17791 15846 33943
5520 1 41247
5521 1 42210
5522 1 4282
5523 3 47296 27715 9762
5524 2 38123 27276
5525 5 8640 19661 17685 29190 26428
5526 4 2880 12739 5338 3831
5527 2 36929 39798
5528 1 44014
5529 3 14397 23349 11425
5530 3 22809 24667 24903
5531 2 420 16484
5532 3 20536 40232 12071
5533 1 30647
5534 2 13795 49823
5535 1 24619
5536 0
5537 3 31492 6779 48206
5538 1 10530
5539 1 20381
5540 6 26810 29382 25680 43589 5058 36900
5541 1 42986
5542 2 31843 23492
5543 2 49498 30888
5544 1 42373
5545 0
5546 3 18889 29508 22656
5547 3 20523 13988 29987
5548 1 33646
5549 0
5550 0
5551 4 32022 24258 5513 26439
5552 1 35264
5553 1 15424
5554 0
5555 1 20644
5556 0
5557 1 15752
5558 1 45211
5559 0
5560 3 15352 18854 13325
5561 3 36439 39306 39846
5562 2 2856 11246
5563 2 31431 22410
5564 1 47700
5565 3 6365 9449 47834
5566 2 39694 20652
5567 3 5916 589 1560
5568 2 33172 27456
5569 3 3609 38757 5801
5570 4 20607 13378 18823 11409
5571 1 14505
5572 1 44503
5573 1 23443
5574 2 20202 5297
5575 5 22439 15943 42070 37876 12686
5576 2 47897 18663
5577 2 15207 15479
5578 4 24314 23277 47063 15459
5579 2 508 40323
5580 0
5581 3 34381 27479 16953
5582 1 22018
5583 2 37428 37034
5584 2 47384 37291
5585 3 30768 46600 8431
5586 5 11130 3162 47106 9296 44344
5587 1 14102
5588 2 39745 35804
5589 3 29656 25282 34847
5590 5 43961 35191 37879 3125 38597
5591 2 7316 11560
5592 1 10655
5593 4 45406 26154 8414 5161
5594 3 44987 49287 22457
5595 4 36165 20674 44601 27281
5596 2 43960 25152
5597 2 22313 41334
5598 2 41333 4389
5599 2 39070 15032
5600 1 29297
5601 2 26673 28408
5602 2 4867 19033
5603 5 42518 8130 10333 4544 48307
5604 0
5605 2 38894 18718
5606 1 7608
5607 3 44373 332 19408
5608 3 19294 49781 27709
5609 1 40992
5610 3 14235 24591 6863
5611 1 34870
5612 0
5613 3 9676 23138 42263
5614 2 7517 20872
5615 1 44613
5616 2 40249 42150
5617 4 3063 24375 10167 5178
5618 3 24835 42600 48891
5619 1 16194
5620 0
5621 0
5622 0
5623 0
5624 5 13761 45365 17148 9206 18578
5625 3 33205 16789 16734
5626 2 40411 8117
5627 2 49857 30925
5628 1 17563
5629 2 21669 17047
5630 2 9975 28594
5631 0
5632 3 45500 23158 24979
5633 2 28293 14355
5634 3 27348 20448 21606
5635 5 17938 18662 24807 20851 13464
5636 1 21296
5637 1 29529
5638 1 26941
5639 4 4883 46960 15239 29670
5640 0
5641 4 47109 5688 3122 42553
5642 2 25997 38387
5643 2 22826 30627
5644 2 34073 42809
5645 2 28198 49695
5646 0
5647 1 22219
5648 3 48002 2425 25610
5649 2 28477 45659
5650 1 13857
5651 2 29127 22683
5652 3 8995 10198 46692
5653 2 45559 5124
5654 5 39396 31492 15183 45869 12745
5655 2 4571 36337
5656 1 40315
5657 3 43364 42457 30848
5658 0
5659 2 43880 7552
5660 1 39512
5661 4 14123 39912 13885 40590
5662 2 10082 43952
5663 3 37656 8622 34287
5664 2 41621 49480
5665 3 10753 27283 42014
5666 2 44404 2727
5667 2 40336 7596
5668 1 42499
5669 6 41039 22233 34932 36007 48536 37370
5670 2 16245 48360
5671 2 13611 26364
5672 1 42147
5673 0
5674 0
5675 1 8548
5676 3 5232 20741 5209
5677 0
5678 1 32621
5679 0
5680 0
5681 2 4236 5935
5682 0
5683 2 29227 27975
5684 3 28933 9521 8629
5685 0
5686 3 27094 26714 32945
5687 0
5688 2 6670 40019
5689 5 20755 23503 45488 41782 2109
5690 1 14268
5691 1 9353
5692 2 1636 39855
5693 1 21728
5694 2 43242 32893
5695 1 3630
5696 0
5697 1 30349
5698 1 33528
5699 4 2655 15492 40261 40345
5700 1 11219
5701 1 36381
5702 3 28349 44718 13310
5703 3 21883 38920 28049
5704 4 46069 42939 49798 40855
5705 0
5706 2 11392 26685
5707 1 23710
5708 0
5709 3 35600 44468 21060
5710 1 14365
5711 5 47478 31759 45850 6728 42421
5712 2 27233 15447
5713 1 8409
5714 1 49637
5715 1 34126
5716 3 16200 21135 36489
5717 0
5718 2 9380 860
5719 3 39067 34615 45553
5720 3 48968 28963 32744
5721 1 42066
5722 1 36400
5723 2 32245 18752
5724 0
5725 2 48281 21658
5726 2 44694 2490
5727 1 7444
5728 2 27558 44334
5729 3 1668 49899 32372
5730 1 32253
5731 5 32936 2819 2979 25563 4329
5732 5 8668 13977 26891 46949 17817
5733 0
5734 0
5735 4 34020 47382 9733 22664
5736 3 11119 24502 2242
5737 3 9477 17690 39258
5738 4 5842 4961 45980 13269
5739 2 21636 20662
5740 3 22720 11284 12046
5741 1 29007
5742 2 16617 43611
5743 2 15307 47166
5744 1 45973
5745 0
5746 4 36417 45470 38834 32355
5747 1 43052
5748 3 26856 9274 11915
5749 1 46369
5750 1 12052
5751 0
5752 1 5193
5753 1 43230
5754 0
5755 1 43304
5756 0
5757 3 21526 35738 35220
5758 3 7627 36212 25140
5759 1 17178
5760 1 21042
5761 0
5762 0
5763 2 23979 23199
5764 1 35420
5765 1 44356
5766 0
5767 0
5768 0
5769 2 15927 14236
5770 5 43050 29350 39180 20063 36945
5771 0
5772 3 15269 17321 10692
5773 4 34792 2207 44254 49813
5774 3 16273 48922 799
5775 3 29723 45981 767
5776 6 39100 35294 29613 44152 53 16031
5777 0
5778 5 12116 836 38785 6839 33715
5779 1 25959
5780 1 8628
5781 5 31936 9704 8789 14531 36202
5782 0
5783 2 9401 14361
5784 4 23736 44066 28833 4753
5785 1 38531
5786 1 1130
5787 2 31159 33714
5788 2 40423 31977
5789 1 13524
5790 0
5791 4 48687 7720 31464 33130
5792 3 36944 39216 18144
5793 5 26581 17432 41475 12936 21220
5794 1 9962
5795 1 32435
5796 1 39990
5797 2 49009 43467
5798 2 20378 30623
5799 4 15438 10068 26275 13941
5800 1 30994
5801 4 23258 24394 1015 39499
5802 2 35661 20201
5803 4 37645 14052 35463 27288
5804 2 4386 25128
5805 1 39594
5806 2 13320 12248
5807 1 13309
5808 4 16558 20425 8211 8995
5809 5 42473 30793 13209 8564 25184
5810 2 11567 5184
5811 2 36086 8931
5812 0
5813 2 13787 38717
5814 3 12412 36148 39538
5815 1 16853
5816 3 31485 15589 36731
5817 1 49887
5818 3 26955 20227 35811
5819 0
5820 1 44084
5821 0
5822 2 18920 673
5823 3 42685 5416 35156
5824 1 36738
5825 2 37476 83
5826 2 46805 748
5827 6 4838 9561 39528 46285 8308 33110
5828 1 31339
5829 2 34385 6878
5830 1 27958
5831 1 34702
5832 3 9437 16823 18907
5833 1 37275
5834 4 14794 31634 26815 40870
5835 1 49652
5836 4 13185 8027 29816 36162
5837 1 42044
5838 1 16400
5839 1 25119
5840 0
5841 3 35867 27257 24621
5842 3 8510 12645 14265
5843 3 39035 6791 17298
5844 1 13380
5845 4 26561 37873 49907 950
5846 3 45190 8422 22651
5847 3 6814 26592 29542
5848 1 1373
5849 3 8535 9493 7328
5850 4 39238 36565 11755 36910
5851 1 48594
5852 2 32042 7042
5853 1 13214
5854 0
5855 1 23012
5856 3 40400 27041 45860
5857 1 11904
5858 3 40364 31198 30001
5859 2 43080 33180
5860 1 45212
5861 3 26028 32906 27107
5862 1 17325
5863 1 32997
5864 1 13913
5865 4 46185 45263 15815 11279
5866 1 35544
5867 0
5868 2 1165 45034
5869 4 9763 47731 13636 49864
5870 1 11044
5871 3 25466 36354 7679
5872 1 25931
5873 0
5874 3 46032 17316 23297
5875 6 46517 39719 28208 24254 20509 5162
5876 1 38962
5877 2 18657 33677
5878 1 624
5879 1 24009
5880 3 12079 43097 34420
5881 7 25849 14162 19305 27451 12470 43873 19370
5882 4 45121 16226 43892 8913
5883 1 3864
5884 1 33914
5885 4 29933 14120 4199 6266
5886 5 38503 26076 3935 18307 19557
5887 0
5888 1 15097
5889 2 25904 45008
5890 2 24632 17134
5891 5 42680 35205 41886 46224 43490
5892 2 39691 2943
5893 1 22913
5894 0
5895 1 43677
5896 0
5897 3 32230 43805 45410
5898 0
5899 3 1423 17522 27219
5900 3 23549 13381 18103
5901 1 1618
5902 4 22820 33866 30988 31394
5903 4 16190 47842 16283 26556
5904 3 4387 47047 690
5905 2 12174 11477
5906 2 31777 14634
5907 4 27623 39492 42093 5258
5908 1 26318
5909 1 12080
5910 2 39431 46160
5911 0
5912 3 31336 43560 6762
5913 2 693 30825
5914 1 15929
5915 3 41176 2302 19168
5916 2 6405 9481
5917 1 9204
5918 4 11464 18916 29884 15422
5919 3 32634 2891 6002
5920 3 11125 29327 43137
5921 2 41461 27980
5922 1 39962
5923 1 22741
5924 3 23439 4304 19386
5925 3 43121 28685 23313
5926 3 572 13966 49380
5927 4 3894 24499 5587 11743
5928 2 39257 21146
5929 7 8423 26865 34839 29259 2460 22130 28021
5930 3 28 5871 3420
5931 1 31601
5932 1 8641
5933 1 46986
5934 4 35952 25772 3012 24744
5935 0
5936 3 39374 48026 25441
5937 0
5938 2 30330 4418
5939 0
5940 2 35329 4221
5941 2 1909 33030
5942 0
5943 1 12450
5944 1 41977
5945 4 14374 14007 5888 14928
5946 0
5947 0
5948 1 7437
5949 1 2646
5950 3 41138 29587 9686
5951 3 4110 26190 10300
5952 2 40553 48312
5953 1 28484
5954 0
5955 1 29953
5956 1 48997
5957 3 22064 28946 17483
5958 2 37638 19182
5959 3 43740 36342 17398
5960 1 450
5961 3 17673 16437 7090
5962 1 29563
5963 4 43534 28953 43440 45681
5964 2 29188 34736
5965 3 39516 32360 23289
5966 1 21340
5967 3 35569 44406 45441
5968 5 34416 37749 11963 10082 28386
5969 4 3504 41513 23011 39083
5970 5 36803 29531 19471 36830 6306
5971 3 1220 46068 38270
5972 2 20817 44888
5973 3 27504 4964 20950
5974 1 47882
5975 2 1325 38866
5976 0
5977 0
5978 1 22295
5979 0
5980 4 3765 11250 49360 9951
5981 1 11624
5982 2 18610 6758
5983 2 8680 43145
5984 3 3475 35224 17366
5985 1 28071
5986 0
5987 3 4153 43461 27545
5988 2 9953 12186
5989 2 17829 26428
5990 1 32579
5991 3 10345 12524 7907
5992 2 17576 48988
5993 2 9368 3493
5994 4 49431 19391 28185 33817
5995 4 32580 20497 43915 28754
5996 2 37233 44501
5997 8 30993 43905 8383 37996 26995 25425 13144 25778
5998 0
5999 2 43445 3367
6000 3 46962 5579 11005
6001 3 37108 30481 41640
6002 4 9731 35608 21080 31955
6003 1 37676
6004 1 3607
6005 2 20819 40453
6006 2 45061 9526
6007 7 27404 17828 21289 25657 36733 33774 20496
6008 1 28539
6009 1 42364
6010 0
6011 5 35689 26043 7270 36783 17788
6012 0
6013 2 34381 41472
6014 1 4207
6015 2 41905 43310
6016 1 20829
6017 1 27832
6018 1 39965
6019 1 41100
6020 3 33995 45154 41255
6021 1 36701
6022 0
6023 2 18896 3249
6024 1 44209
6025 3 21311 17271 48334
6026 1 33680
6027 2 15747 13221
6028 2 7559 10698
6029 2 17093 21961
6030 3 45791 9686 32027
6031 3 45586 49333 26634
6032 3 45395 22855 4932
6033 4 36117 725 8328 36815
6034 2 23577 17970
6035 2 16346 34550
6036 1 26142
6037 2 43507 44867
6038 2 47318 29199
6039 0
6040 1 23388
6041 4 43608 33234 24231 19958
6042 2 44623 738
6043 2 22149 12576
6044 2 47063 17005
6045 3 38532 20700 43250
6046 5 46444 4010 42124 30747 32005
6047 4 47141 46568 9830 39171
6048 4 8374 12404 41207 40051
6049 4 17871 20881 16400 44525
6050 1 42546
6051 1 20612
6052 3 36399 22256 16850
6053 1 19577
6054 5 3068 24531 27831 10667 18951
6055 1 41900
6056 3 33222 11029 47227
6057 0
6058 1 49368
6059 3 35303 13154 48987
6060 3 33257 4162 21365
6061 0
6062 1 41691
6063 3 27212 311 8087
6064 3 17374 24728 31542
6065 0
6066 4 46580 21294 46184 33640
6067 0
6068 1 41204
6069 0
6070 8 42562 21280 33828 49811 45596 12881 2115 14820
6071 1 25611
6072 1 43176
6073 3 15855 1033 9817
6074 2 48664 21058
6075 3 41867 9126 31145
6076 3 21506 10005 36805
6077 1 21239
6078 1 34260
6079 3 32861 18643 9609
6080 0
6081 3 8568 25150 48449
6082 1 37660
6083 2 41399 35325
6084 1 18252
6085 1 48689
6086 2 4087 19825
6087 2 45202 49862
6088 7 20066 36660 46780 14827 40884 9696 652
6089 4 38253 46511 47089 26735
6090 4 20334 2607 15472 10752
6091 2 8935 47543
6092 6 40007 44871 14264 24040 42436 40440
6093 2 25258 21353
6094 1 23752
6095 2 39434 23337
6096 2 44981 3063
6097 4 38908 32561 31869 4925
6098 1 41415
6099 2 26233 24420
6100 3 21017 5862 37047
6101 2 18283 42243
6102 1 2573
6103 4 20178 19158 6794 6032
6104 2 47580 23664
6105 1 35010
6106 3 17430 9713 41985
6107 1 42992
6108 2 28151 4781
6109 0
6110 2 37560 32066
6111 3 42533 20399 22303
6112 3 376 49146 810
6113 1 9562
6114 1 14410
6115 2 15342 37436
6116 1 10597
6117 0
6118 1 48674
6119 2 16995 13740
6120 2 43361 3615
6121 1 31700
6122 1 35494
6123 1 49416
6124 2 26353 37464
6125 0
6126 0
6127 4 6026 14441 31414 17053
6128 3 35376 33147 46835
6129 3 1250 32308 33528
6130 2 6476 5008
6131 2 41187 11447
6132 0
6133 4 23337 3143 1060 5836
6134 2 20818 33589
6135 3 19779 26197 33789
6136 1 8376
6137 3 20271 7720 40243
6138 3 24231 7391 22855
6139 2 43246 38317
6140 0
6141 1 26927
6142 3 24229 31548 37517
6143 1 26055
6144 3 15459 6869 32674
6145 1 22761
6146 0
6147 1 48595
6148 3 13092 10910 43198
6149 2 11812 30334
6150 1 18018
6151 0
6152 1 2194
6153 3 1922 15020 2830
6154 2 5455 43744
6155 0
6156 0
6157 1 16086
6158 1 14687
6159 0
6160 3 39629 41070 12300
6161 1 16434
6162 1 33878
6163 2 37620 41722
6164 0
6165 0
6166 2 37894 26611
6167 2 4416 37500
6168 2 28572 853
6169 4 34647 44684 31340 34563
6170 3 46205 45157 1737
6171 1 20076
6172 1 13586
6173 0
6174 3 46858 18796 45879
6175 2 39115 8408
6176 5 8917 44160 38431 32645 27163
6177 4 11313 18360 40825 18625
6178 3 19002 9689 4578
6179 3 29420 2990 21504
6180 0
6181 2 44676 26192
6182 1 21954
6183 4 12577 49273 2996 23995
6184 3 2502 29489 34591
6185 1 40437
6186 1 23331
6187 1 42869
6188 3 6362 1517 24512
6189 2 43365 12929
6190 1 21480
6191 2 15699 25717
6192 4 14183 20139 20938 21774
6193 1 27096
6194 3 43214 11538 7242
6195 1 17831
6196 2 2147 18204
6197 3 40714 32930 45700
6198 2 26640 2731
6199 1 9968
6200 3 28633 6516 35421
6201 5 40182 44908 2174 26644 19969
6202 1 31975
6203 4 32940 24202 44326 22903
6204 1 49136
6205 0
6206 2 3656 15567
6207 1 39524
6208 3 3006 44009 33798
6209 0
6210 0
6211 2 41589 31398
6212 3 9990 25127 36003
6213 1 38464
6214 2 46480 29061
6215 2 39302 19186
6216 1 14027
6217 1 509
6218 3 31123 9674 8645
6219 1 7230
6220 1 13025
6221 1 36
6222 4 25651 23309 15843 12605
6223 1 30377
6224 2 10023 1389
6225 2 34975 26635
6226 1 5665
6227 0
6228 4 8614 35784 27407 8554
6229 0
6230 2 14441 32225
6231 3 33922 16860 760
6232 0
6233 4 44559 14435 36570 25884
6234 3 1781 49131 1103
6235 3 29264 5 12104
6236 1 6165
6237 2 19671 7200
6238 1 1388
6239 3 19822 630 4653
6240 2 26522 35605
6241 4 5724 44750 43814 16107
6242 1 48151
6243 2 9259 9842
6244 1 26454
6245 0
6246 2 7286 47394
6247 4 40781 18822 19889 31675
6248 2 14562 30073
6249 1 16190
6250 5 42844 44151 11604 30854 21569
6251 1 21478
6252 1 11303
6253 0
6254 7 31212 39203 7632 35975 11259 6391 46259
6255 2 14056 8134
6256 2 46796 20638
6257 3 3699 17952 33235
6258 3 40418 28976 26881
6259 4 17654 13359 14373 38439
6260 3 44385 16363 46335
6261 0
6262 3 18822 26308 20408
6263 2 28909 29225
6264 3 1642 45811 5553
6265 1 18307
6266 2 394 42675
6267 3 28880 30931 41333
6268 2 15038 19343
6269 1 11330
6270 3 35749 34390 32208
6271 0
6272 2 22699 4709
6273 2 44438 7785
6274 2 40329 40086
6275 0
6276 2 42752 14828
6277 3 32138 41230 1897
6278 4 21533 48822 8469 10585
6279 1 6596
6280 2 28300 447
6281 2 11462 33234
6282 1 26207
6283 4 47253 43774 43247 15836
6284 5 36031 27267 9761 37695 47297
6285 3 37225 21919 7280
6286 5 32047 45711 43332 1969 14939
6287 1 25456
6288 1 11108
6289 2 43594 7802
6290 1 10452
6291 1 1678
6292 1 23308
6293 1 47334
6294 0
6295 2 44081 37411
6296 0
6297 2 34609 11699
6298 1 17350
6299 2 39462 35068
6300 3 30551 17912 26188
6301 0
6302 3 8259 3799 13956
6303 4 29720 37067 15358 44206
6304 1 23967
6305 1 48715
6306 2 24505 32646
6307 0
6308 3 292 876 25392
6309 1 13088
6310 3 41952 38101 5721
6311 3 25758 3719 35788
6312 2 40601 19361
6313 2 1379 14338
6314 1 49219
6315 1 25836
6316 2 20577 2894
6317 3 32559 14895 29651
6318 1 19541
6319 1 26754
6320 1 10092
6321 0
6322 1 30778
6323 3 49285 44509 5727
6324 3 48664 49712 17092
6325 1 18020
6326 4 16367 16225 38339 35955
6327 1 26619
6328 1 49436
6329 2 6654 47111
6330 1 34883
6331 3 48001 9882 9228
6332 2 17484 3523
6333 4 31565 1498 46325 17296
6334 3 25889 4239 7107
6335 1 8955
6336 3 30998 19796 33778
6337 2 44051 33418
6338 3 45372 17288 1795
6339 2 17144 23655
6340 2 11532 877
6341 1 13512
6342 2 17135 45120
6343 3 28715 13639 43399
6344 1 43082
6345 0
6346 1 49388
6347 2 41954 1271
6348 2 45222 13583
6349 2 7214 41962
6350 2 18740 49261
6351 1 36460
6352 1 508
6353 3 17094 41560 4965
6354 1 42453
6355 3 15463 25060 24635
6356 3 44108 287 26549
6357 1 26079
6358 1 43362
6359 1 8820
6360 2 43954 29171
6361 5 15375 38565 26069 11392 49988
6362 2 12061 21858
6363 0
6364 4 31652 11362 15517 38502
6365 0
6366 5 48619 44151 9155 44402 33327
6367 0
6368 3 36895 37806 49864
6369 1 42021
6370 3 5292 17475 1347
6371 1 48108
6372 0
6373 1 2897
6374 1 29126
6375 2 9212 35695
6376 2 46331 30032
6377 2 16123 17660
6378 2 37208 45478
6379 1 7908
6380 2 24224 39821
6381 0
6382 2 29294 30400
6383 3 39755 2662 16629
6384 0
6385 2 27186 42828
6386 3 11984 3586 40427
6387 1 44511
6388 2 24204 47776
6389 4 23989 14953 12376 10417
6390 3 45110 8485 38510
6391 2 5010 10491
6392 2 4754 46649
6393 2 17582 28682
6394 3 16116 20503 6424
6395 3 855 3600 9043
6396 2 32826 6259
6397 3 20317 34462 4120
6398 0
6399 4 39226 4329 44267 18197
6400 3 48887 37403 22979
6401 2 1447 35878
6402 2 40770 21406
6403 3 33426 29155 2339
6404 2 43996 32900
6405 2 45186 28458
6406 2 14602 37403
6407 2 2083 25855
6408 2 6230 5575
6409 4 43196 375 30181 41766
6410 1 25213
6411 4 18715 13287 20428 33819
6412 1 13913
6413 2 13711 6950
6414 5 31220 40979 19953 10391 326
6415 4 25259 39475 22214 46970
6416 2 15420 32531
6417 2 1712 14569
6418 2 8555 27709
6419 3 29734 34329 10705
6420 2 37599 11396
6421 3 34970 8161 46123
6422 3 8709 34466 18006
6423 0
6424 6 36195 24894 10492 530 17860 15722
6425 2 35467 26497
6426 3 32950 9691 46700
6427 4 47456 32183 34776 20631
6428 1 34157
6429 3 33498 4440 2171
6430 2 42350 42934
6431 1 30290
6432 3 27738 17352 14505
6433 3 24651 38003 12882
6434 4 9461 40796 19777 9961
6435 1 26645
6436 0
6437 0
6438 3 9209 49503 29944
6439 2 3368 22451
6440 1 10502
6441 2 4189 1673
6442 3 41619 13619 45614
6443 2 5322 45365
6444 3 7080 26001 24770
6445 4 10757 40546 41496 42138
6446 1 38378
6447 0
6448 3 38748 28804 22191
6449 4 33 30060 15920 6073
6450 4 7502 11959 36406 10352
6451 1 27636
6452 0
6453 2 22788 8999
6454 5 41984 19238 49697 29937 39747
6455 1 5317
6456 1 24659
6457 1 28862
6458 0
6459 0
6460 3 47440 24386 22361
6461 0
6462 4 43008 33846 21024 20810
6463 2 31967 24675
6464 3 17534 13735 1948
6465 2 9091 11614
6466 3 35889 15143 48606
6467 2 26191 12814
6468 0
6469 1 35037
6470 2 31489 35149
6471 2 8150 8174
6472 4 11396 6385 45989 38811
6473 0
6474 4 44508 13216 994 4969
6475 1 14010
6476 0
6477 2 26363 22816
6478 2 24809 34396
6479 2 5470 7368
6480 1 38864
6481 2 40605 10849
6482 2 12299 28323
6483 1 36784
6484 0
6485 5 19401 49876 26645 41431 18664
6486 3 16708 20860 38283
6487 3 29438 34115 41785
6488 3 6716 20192 297
6489 1 7879
6490 1 32264
6491 2 13652 33316
6492 1 27911
6493 1 44155
6494 1 1103
6495 4 20749 13278 16082 638
6496 3 18637 15264 5127
6497 0
6498 1 7117
6499 2 16682 10708
6500 2 11457 32691
6501 0
6502 0
6503 0
6504 1 44454
6505 2 20608 28950
6506 1 10910
6507 0
6508 2 15457 31953
6509 2 33080 20183
6510 0
6511 2 38026 48802
6512 5 12397 11906 32142 12805 11759
6513 1 5514
6514 6 27127 36608 35016 8181 5597 10085
6515 2 28914 19334
6516 2 34685 12939
6517 2 43516 21488
6518 3 21769 24480 13027
6519 2 34217 3083
6520 1 48216
6521 3 41064 9927 22270
6522 1 11629
6523 1 46312
6524 0
6525 5 44378 16227 41630 31597 40834
6526 3 28562 40949 35391
6527 2 39426 37315
6528 3 27975 48550 25938
6529 4 29870 24271 37891 14964
6530 3 30927 27919 38533
6531 1 8635
6532 2 20589 45882
6533 2 42956 10139
6534 1 9614
6535 2 21922 25458
6536 2 43715 5169
6537 2 9008 21506
6538 3 29644 21737 15507
6539 2 13958 9876
6540 4 21094 2593 42373 4453
6541 3 4014 14735 45272
6542 3 41114 45489 148
6543 1 13978
6544 4 19072 31500 30955 46142
6545 2 45999 13293
6546 0
6547 1 36331
6548 3 10590 47308 9786
6549 1 48840
6550 2 3337 42469
6551 0
6552 2 28135 8682
6553 0
6554 2 11037 24272
6555 3 15202 34838 24548
6556 1 47130
6557 2 6349 13437
6558 1 18229
6559 1 38411
6560 3 11426 15127 38391
6561 2 27511 14709
6562 5 49484 37877 14517 11058 14428
6563 3 46537 23326 22405
6564 2 14830 4410
6565 2 18490 34982
6566 1 28065
6567 5 32031 15113 33835 43621 29409
6568 3 38468 15406 10718
6569 2 8383 35034
6570 2 38667 29164
6571 1 17763
6572 4 22915 42390 1407 24841
6573 1 28982
6574 2 43760 37541
6575 0
6576 2 30009 6706
6577 0
6578 0
6579 2 14924 56
6580 3 46797 12474 4659
6581 3 6783 39483 16787
6582 1 4816
6583 1 39458
6584 2 1168 36317
6585 4 12735 40818 32901 1707
6586 1 7457
6587 1 26570
6588 2 38957 4540
6589 4 32808 33519 45004 7116
6590 3 468 18163 23820
6591 2 12246 10523
6592 3 21302 3698 17889
6593 4 13416 945 32940 47245
6594 1 33921
6595 1 14852
6596 2 19854 3882
6597 1 25647
6598 3 40043 34505 31825
6599 3 40489 43957 14539
6600 2 23343 9232
6601 4 40709 38691 5937 29108
6602 2 24293 25843
6603 2 32152 6590
6604 1 47373
6605 3 1930 46407 27116
6606 9 6815 40801 100 10700 33603 41941 29273 1729 45487
6607 0
6608 2 28581 42355
6609 1 45501
6610 0
6611 3 30824 22887 15888
6612 1 5135
6613 7 7806 15462 38908 23209 1406 33302 2746
6614 1 7004
6615 3 47793 874 15459
6616 3 2699 6297 21836
6617 3 18913 7574 16668
6618 2 22448 14538
6619 2 27224 21485
6620 0
6621 3 21090 44464 1070
6622 2 49936 1022
6623 1 18181
6624 4 10164 2423 22592 10069
6625 6 18630 21607 47725 16315 40528 33276
6626 2 1083 8913
6627 2 32742 41174
6628 3 41726 30382 7529
6629 2 47998 22688
6630 2 14740 11299
6631 0
6632 1 31185
6633 2 13762 30618
6634 3 25661 41868 16655
6635 1 42769
6636 0
6637 3 30066 12194 25021
6638 0
6639 1 38533
6640 2 9577 29455
6641 3 35696 19468 1589
6642 1 46442
6643 1 18822
6644 0
6645 4 37585 31452 33628 23387
6646 2 19254 13091
6647 2 32365 27656
6648 3 37104 16449 12033
6649 2 47766 38879
6650 4 2613 48098 30868 16790
6651 2 42411 30426
6652 1 9833
6653 2 27710 40334
6654 1 37218
6655 3 18837 42012 545
6656 3 2200 17012 44418
6657 3 21533 1291 18419
6658 1 10299
6659 2 42108 7691
6660 2 14344 29011
6661 3 46422 29195 37654
6662 3 14209 34267 23280
6663 1 45454
6664 3 32170 35323 43575
6665 3 16299 12224 12776
6666 1 21561
6667 3 3131 2603 2850
6668 4 3464 33186 40782 38831
6669 4 7474 31519 35288 26874
6670 1 35243
6671 2 28677 7943
6672 2 22079 10372
6673 1 37980
6674 3 43830 4547 49789
6675 1 3603
6676 1 38564
6677 0
6678 0
6679 2 8980 35658
6680 0
6681 1 45862
6682 3 49339 42828 37645
6683 3 14962 22623 12950
6684 5 12034 599 36122 29398 40958
6685 2 49503 22111
6686 2 41761 45733
6687 4 38539 24779 4246 7159
6688 1 17216
6689 3 47892 17406 29418
6690 3 21037 20395 14968
6691 2 32708 41599
6692 4 30307 40108 44188 15091
6693 4 21918 346 7434 23437
6694 2 602 10645
6695 1 37663
6696 3 21761 37264 27824
6697 1 40463
6698 0
6699 3 35286 37638 33055
6700 3 45637 3855 15073
6701 0
6702 2 49087 15531
6703 1 29416
6704 3 44150 25745 4559
6705 0
6706 3 24474 43060 36327
6707 2 947 28443
6708 5 42444 26387 22651 22838 39584
6709 1 22254
6710 2 23931 19376
6711 2 6635 19376
6712 2 28346 27741
6713 3 11593 49606 42113
6714 3 34128 11474 23088
6715 4 46546 19401 38012 8341
6716 1 4480
6717 2 117 37176
6718 1 29281
6719 4 21204 33009 33598 28177
6720 1 34268
6721 3 43562 14805 5728
6722 0
6723 2 37565 40668
6724 1 5519
6725 2 17542 39445
6726 1 33433
6727 2 19764 18689
6728 2 40005 32693
6729 3 47775 20049 6164
6730 2 23876 30985
6731 1 15097
6732 1 39524
6733 0
6734 1 31126
6735 2 28190 27623
6736 4 32801 3554 30548 21877
6737 0
6738 0
6739 2 11824 46355
6740 4 13028 3736 28552 9109
6741 2 31592 5891
6742 5 40590 2117 11333 23772 16400
6743 2 36522 3653
6744 1 37520
6745 0
6746 3 1781 26710 46334
6747 3 43424 8932 8297
6748 2 11901 27141
6749 1 32911
6750 1 31827
6751 0
6752 2 9563 31491
6753 0
6754 2 27003 47900
6755 1 42427
6756 2 18374 49405
6757 0
6758 3 24664 35128 24320
6759 1 46881
6760 1 12993
6761 0
6762 2 12185 7371
6763 2 8262 5805
6764 0
6765 1 30651
6766 1 44229
6767 5 6850 28264 29095 20287 2835
6768 2 42926 15156
6769 2 42571 23694
6770 2 21045 14055
6771 2 24249 12977
6772 1 4787
6773 3 42168 10580 1476
6774 0
6775 2 2143 2816
6776 1 27578
6777 2 17165 16593
6778 3 115 10720 27879
6779 3 8956 15265 2086
6780 3 1322 5052 22926
6781 1 17747
6782 0
6783 0
6784 2 31772 37067
6785 1 30921
6786 5 34867 18933 10206 954 34768
6787 2 6525 39106
6788 3 42168 23426 43085
6789 3 17900 7641 24539
6790 3 16199 23591 2759
6791 0
6792 3 46775 18303 3377
6793 4 42196 24909 5245 30762
6794 2 7477 21466
6795 2 31252 22270
6796 1 32100
6797 2 37531 29503
6798 1 13909
6799 2 22446 45651
6800 3 16815 1552 20988
6801 1 31261
6802 3 10839 7446 18246
6803 3 27136 1916 27601
6804 2 17969 3809
6805 3 30970 2088 30485
6806 4 36911 11865 15072 7962
6807 1 36068
6808 3 4822 14014 29578
6809 3 21962 38519 31715
6810 3 47315 10455 27517
6811 1 13173
6812 1 5209
6813 1 20904
6814 1 28682
6815 2 5110 20099
6816 5 3458 31844 13534 3674 1847
6817 1 39459
6818 0
6819 2 14361 1346
6820 1 44720
6821 1 8358
6822 2 43791 11927
6823 3 46158 42820 33836
6824 4 27658 15343 28239 8394
6825 1 43214
6826 3 4642 33742 41976
6827 0
6828 1 1077
6829 0
6830 2 37769 38995
6831 0
6832 2 44005 48187
6833 3 12985 47362 47194
6834 2 46209 8499
6835 2 30009 3983
6836 1 13418
6837 3 6298 11484 41340
6838 3 36032 49684 46405
6839 3 17724 33092 47281
6840 1 46470
6841 1 11421
6842 3 13180 44730 541
6843 0
6844 2 2363 44963
6845 2 26934 17850
6846 3 38501 25008 186
6847 0
6848 3 14827 15395 44291
6849 2 22789 15766
6850 1 48122
6851 1 15855
6852 3 42387 23284 39876
6853 2 42571 2927
6854 2 2561 43895
6855 4 43516 30666 14887 23650
6856 0
6857 0
6858 1 30127
6859 2 42156 42836
6860 2 24512 563
6861 1 17726
6862 3 1804 40611 1544
6863 3 20481 31549 29865
6864 3 18388 48589 49471
6865 1 23777
6866 5 5733 47157 12067 42643 34070
6867 0
6868 2 45880 46087
6869 2 41080 43617
6870 3 41407 24023 9456
6871 1 12580
6872 1 29301
6873 2 1983 22835
6874 1 25409
6875 0
6876 4 9601 31124 47471 28776
6877 3 1355 30561 38903
6878 1 39134
6879 9 13984 17269 20634 11838 835 34957 25099 20484 36226
6880 2 31490 25457
6881 4 33331 18388 46065 39706
6882 1 14080
6883 1 3917
6884 3 16916 8803 40699
6885 3 39369 5526 14069
6886 1 32687
6887 0
6888 0
6889 1 9284
6890 2 14428 6374
6891 1 3327
6892 0
6893 1 42982
6894 1 31871
6895 0
6896 5 24464 882 30443 16759 40326
6897 2 4817 27024
6898 1 31159
6899 4 14466 32299 4000 16766
6900 3 2048 46007 18807
6901 4 38442 38050 15471 45490
6902 2 1788 22462
6903 1 40460
6904 0
6905 1 26260
6906 2 35527 28181
6907 4 49597 37679 26993 43186
6908 2 12343 43016
6909 2 25810 23604
6910 4 644 4620 31287 21307
6911 2 638 4519
6912 1 10721
6913 1 17398
6914 1 46907
6915 1 33895
6916 0
6917 1 17753
6918 3 47407 33148 4911
6919 3 40398 25902 18164
6920 1 36481
6921 1 39804
6922 2 31846 12438
6923 3 38904 33458 12368
6924 0
6925 3 33993 27180 32954
6926 0
6927 4 10537 20452 23436 16247
6928 5 41610 20931 14233 46685 7289
6929 5 26415 13541 47692 38732 11087
6930 3 32837 15310 28067
6931 1 12034
6932 1 33151
6933 0
6934 2 44529 30959
6935 0
6936 1 1376
6937 0
6938 2 19156 22688
6939 1 11750
6940 1 33293
6941 1 5965
6942 2 11824 35098
6943 2 10351 11210
6944 4 14353 27224 36756 48010
6945 1 31283
6946 1 33880
6947 3 27460 47379 25855
6948 2 6218 46929
6949 2 8151 43105
6950 2 40687 13482
6951 1 6786
6952 2 12988 44348
6953 2 45131 15128
6954 1 39225
6955 3 22096 44814 1534
6956 1 20132
6957 3 37524 27441 28660
6958 4 14539 11779 5195 15985
6959 1 47132
6960 4 35532 49886 42461 48881
6961 1 27979
6962 2 14365 38463
6963 2 13269 7363
6964 3 39678 7257 17521
6965 2 4778 47138
6966 2 43900 15395
6967 3 40736 15998 10323
6968 5 19383 35971 35332 26434 38602
6969 3 44504 39365 39184
6970 1 30536
6971 4 20532 27564 30801 45655
6972 2 28215 48225
6973 7 1815 45090 13276 20257 4466 24809 33238
6974 4 38604 38376 31577 5087
6975 4 14475 24893 31278 14368
6976 3 12699 40659 7758
6977 1 32147
6978 0
6979 1 25849
6980 1 44688
6981 3 1438 19435 5077
6982 1 40961
6983 1 45193
6984 1 8422
6985 1 47604
6986 1 6151
6987 0
6988 5 17832 28850 12708 21702 29441
6989 2 11186 34054
6990 5 46940 14353 19908 5009 35779
6991 2 15694 3812
6992 1 48402
6993 1 28370
6994 1 10480
6995 0
6996 1 12134
6997 0
6998 1 10256
6999 2 41907 2391
7000 3 27187 45818 8736
7001 2 12319 16509
7002 4 28917 31820 45735 36533
7003 2 10546 15631
7004 2 42018 42566
7005 3 29919 9385 37485
7006 0
7007 2 2462 22783
7008 1 43297
7009 0
7010 2 12548 25067
7011 1 39478
7012 3 14497 2604 44099
7013 1 48917
7014 1 32970
7015 1 31797
7016 3 6023 29938 6618
7017 0
7018 2 43224 5445
7019 0
7020 1 39029
7021 1 32304
7022 3 12565 39744 14993
7023 6 43241 18895 6564 26726 40428 45534
7024 3 9245 3807 12908
7025 1 44223
7026 0
7027 2 26518 5360
7028 0
7029 0
7030 2 6380 30903
7031 1 15527
7032 1 34159
7033 5 47220 24235 24784 48940 33503
7034 2 43137 46073
7035 2 22226 31873
7036 3 9159 32817 24804
7037 1 26953
7038 3 11721 47847 10052
7039 0
7040 0
7041 2 32062 27456
7042 3 37667 19211 32001
7043 1 15144
7044 2 29375 42219
7045 5 29260 9212 10673 5243 7673
7046 0
7047 2 15031 44158
7048 1 616
7049 3 31647 2116 46247
7050 0
7051 0
7052 3 981 41839 33965
7053 3 15472 44438 27322
7054 0
7055 1 14562
7056 2 8250 25979
7057 3 38321 7819 24887
7058 2 49447 34268
7059 2 38667 40352
7060 1 12875
7061 1 35283
7062 1 32830
7063 2 22727 15282
7064 2 3631 37414
7065 0
7066 2 13151 12041
7067 1 12860
7068 1 12667
7069 3 44831 17934 36746
7070 1 24474
7071 1 4051
7072 2 3734 34100
7073 1 8645
7074 1 10399
7075 4 44564 20634 33445 45427
7076 2 45462 13743
7077 1 32410
7078 2 21114 2759
7079 1 27478
7080 1 5731
7081 3 17096 31890 49798
7082 1 45408
7083 0
7084 1 45789
7085 1 6542
7086 2 10386 28060
7087 3 6430 19805 26600
7088 1 26748
7089 0
7090 2 29333 18749
7091 2 48958 44812
7092 2 1996 5413
7093 2 31693 31236
7094 0
7095 1 12058
7096 1 29735
7097 0
7098 2 12802 37959
7099 2 33940 19708
7100 1 30880
7101 0
7102 2 1790 19083
7103 4 1801 30015 1328 5436
7104 3 29287 2592 4057
7105 3 35900 47472 22518
7106 1 7755
7107 4 29247 21336 28000 40657
7108 3 18476 34592 21628
7109 3 32421 1233 17984
7110 2 26425 29234
7111 3 27590 24777 26045
7112 4 44065 13843 14805 25590
7113 3 33756 2992 1680
7114 3 36410 39226 12119
7115 1 45478
7116 1 5212
7117 3 49774 2195 7845
7118 3 35380 16422 43
7119 3 19054 43986 46001
7120 1 5421
7121 1 1719
7122 2 38601 2908
7123 2 24228 42784
7124 1 40025
7125 2 9115 9357
7126 0
7127 3 43813 13591 6789
7128 2 33517 49884
7129 3 36346 1733 28955
7130 2 48720 27302
7131 1 34610
7132 3 7636 37376 31117
7133 5 25570 30758 29182 40134 40064
7134 0
7135 1 9394
7136 3 10367 4159 36059
7137 2 23585 13200
7138 3 6936 23487 25178
7139 4 17118 26916 6369 8875
7140 1 31738
7141 2 46169 12067
7142 2 44219 5024
7143 2 40822 10118
7144 2 31740 43968
7145 2 42486 48384
7146 5 28598 1173 28377 16622 14129
7147 4 31952 25996 9096 6032
7148 0
7149 0
7150 0
7151 2 27315 30723
7152 3 15042 34958 20713
7153 3 38200 4881 23905
7154 1 42466
7155 2 24334 1459
7156 1 10390
7157 0
7158 2 45498 9629
7159 1 26670
7160 2 7779 30673
7161 1 33891
7162 1 24522
7163 1 40858
7164 2 23820 10697
7165 3 22185 45803 19083
7166 4 20209 6022 31130 3245
7167 0
7168 1 34362
7169 3 17499 45128 40078
7170 5 17779 24616 11763 45443 21371
7171 3 19243 46461 35074
7172 2 37714 33051
7173 2 18443 46851
7174 0
7175 1 11953
7176 1 31114
7177 0
7178 3 49322 42194 46476
7179 4 5808 35805 16102 44829
7180 3 23984 5353 45362
7181 1 45317
7182 1 24775
7183 0
7184 3 463 14707 7267
7185 1 2428
7186 0
7187 1 46177
7188 5 45872 28940 34772 11864 21596
7189 2 26317 9876
7190 1 23501
7191 4 14058 18548 7420 24243
7192 4 19606 38802 35961 23242
7193 3 33286 417 2740
7194 4 19860 8592 24760 38564
7195 5 33095 34826 38919 27012 6092
7196 3 23653 40759 9767
7197 1 24638
7198 2 24581 39511
7199 2 20850 15460
7200 2 42146 28325
7201 2 24833 37073
7202 4 32449 4935 30482 30229
7203 4 12170 13349 38394 2662
7204 0
7205 3 18892 19498 10300
7206 1 4427
7207 3 7147 21812 23883
7208 8 23215 25087 18718 24625 25518 30773 418 21284
7209 3 43808 10332 21451
7210 1 13621
7211 1 5326
7212 3 17227 21761 29198
7213 0
7214 4 7041 22063 16177 14451
7215 1 18718
7216 2 34801 12523
7217 1 6929
7218 0
7219 1 25026
7220 0
7221 3 22162 27502 34053
7222 1 3
7223 3 5038 1022 35649
7224 2 30524 19398
7225 2 26478 44601
7226 6 22392 41025 25497 41358 43178 3068
7227 1 11356
7228 2 1675 6283
7229 2 22846 21063
7230 1 2427
7231 3 38528 32420 13817
7232 5 48188 33876 4217 22370 13949
7233 1 9730
7234 3 33300 48360 49754
7235 3 3755 25367 34151
7236 3 11381 45502 29430
7237 3 27849 12655 5630
7238 1 38131
7239 3 15187 29079 10224
7240 2 36474 24714
7241 1 11005
7242 1 36880
7243 1 9051
7244 2 4710 8149
7245 0
7246 2 11491 35855
7247 1 40402
7248 1 5271
7249 0
7250 1 28633
7251 0
7252 1 28077
7253 1 38185
7254 1 34763
7255 1 33898
7256 1 10022
7257 1 25323
7258 1 7709
7259 2 31239 15805
7260 5 25021 21615 8034 26863 2112
7261 2 5230 29039
7262 2 44174 29227
7263 1 48617
7264 2 7629 16831
7265 4 10316 44869 30055 30145
7266 5 10371 26946 48535 43292 7004
7267 1 35132
7268 4 43193 36777 1375 42473
7269 1 47798
7270 4 4399 31074 19645 28582
7271 1 39292
7272 1 33669
7273 3 9523 26593 355
7274 1 14333
7275 0
7276 2 33972 8883
7277 3 49847 4773 37311
7278 4 20676 13667 22612 19566
7279 2 19928 2705
7280 4 20520 17231 4276 20824
7281 4 990 41676 29813 31620
7282 1 25495
7283 2 47326 36976
7284 1 1617
7285 0
7286 0
7287 3 15912 49169 48856
7288 1 45047
7289 3 33091 33684 31990
7290 0
7291 1 45900
7292 3 38653 35841 12566
7293 5 7240 35872 32185 16251 34228
7294 3 17703 6371 33769
7295 2 3069 41333
7296 2 42283 10922
7297 0
7298 1 44147
7299 3 24644 14732 2501
7300 1 7558
7301 4 23993 18777 10829 26258
7302 3 34561 35666 31027
7303 3 34946 44114 37816
7304 2 45822 37626
7305 2 22276 43850
7306 1 3929
7307 0
7308 5 14651 17356 15143 47672 27924
7309 1 23675
7310 0
7311 0
7312 2 34858 16929
7313 2 14729 41761
7314 0
7315 2 41743 6971
7316 0
7317 3 23089 18829 27747
7318 4 7966 1455 14020 26104
7319 2 9905 17604
7320 4 34417 1323 14682 21134
7321 4 4306 29932 918 42917
7322 1 10431
7323 1 34625
7324 1 7548
7325 1 17001
7326 1 13874
7327 2 12991 13607
7328 2 20939 49157
7329 2 20324 21224
7330 1 2777
7331 3 19146 43268 45482
7332 5 37791 17652 33144 48573 8858
7333 4 1286 39131 39444 26231
7334 3 29793 41010 8326
7335 3 11966 34570 41345
7336 4 7764 40714 37584 8254
7337 0
7338 2 14562 26556
7339 1 14087
7340 3 24948 48925 38980
7341 1 44852
7342 1 43257
7343 2 28428 37182
7344 5 36119 3930 7232 45870 35559
7345 1 40514
7346 2 22175 8433
7347 2 22748 10171
7348 4 36109 4125 29734 48763
7349 2 8486 32943
7350 1 22020
7351 2 37481 20371
7352 1 34369
7353 2 20910 32815
7354 1 26689
7355 2 13878 19844
7356 2 32332 29511
7357 2 15629 13232
7358 3 17474 37824 16003
7359 2 20362 864
7360 0
7361 2 14181 12404
7362 2 7352 1912
7363 2 40238 36653
7364 2 32484 33154
7365 3 2026 38464 27308
7366 2 3571 48187
7367 3 8436 30239 31076
7368 3 39049 2301 19431
7369 2 26530 32404
7370 1 3834
7371 2 34027 26765
7372 2 28399 31766
7373 1 39466
7374 0
7375 3 14135 37316 36536
7376 2 26780 46023
7377 4 42103 23180 26999 34926
7378 0
7379 2 30561 29143
7380 5 40816 20189 21815 22367 30146
7381 2 18265 9822
7382 3 9333 37197 22970
7383 0
7384 2 20571 49567
7385 1 48470
7386 4 21587 37298 5536 2793
7387 2 832 23443
7388 0
7389 2 8025 1303
7390 1 46249
7391 1 28337
7392 2 8761 45684
7393 0
7394 3 669 3983 15047
7395 0
7396 0
7397 0
7398 2 3720 49464
7399 2 2004 42876
7400 4 4272 4617 44250 17688
7401 0
7402 5 12396 38082 27817 20139 47824
7403 2 41307 1675
7404 2 2864 19195
7405 0
7406 6 8821 2209 6347 8991 46729 16867
7407 6 48590 24990 39527 27246 19864 23091
7408 1 29396
7409 1 23888
7410 4 48514 19418 41973 41629
7411 3 44796 28660 44334
7412 4 19104 5770 6105 8845
7413 0
7414 1 47429
7415 3 3828 35977 24671
7416 3 25881 9935 38878
7417 5 2450 38224 39755 40026 49834
7418 2 17593 14577
7419 2 41919 44315
7420 1 38836
7421 1 31828
7422 1 5378
7423 2 713 11429
7424 3 42914 34030 3760
7425 2 17628 4354
7426 2 9180 4446
7427 4 19970 26393 3311 27957
7428 1 39162
7429 3 48084 13608 5603
7430 1 16171
7431 3 371 1279 7990
7432 3 32238 27010 11850
7433 0
7434 3 4725 521 2762
7435 2 32009 26315
7436 1 15490
7437 1 9293
7438 1 34787
7439 1 27486
7440 3 47196 22149 36034
7441 2 4612 43725
7442 1 18558
7443 3 45039 43350 27840
7444 5 16707 25146 33785 22970 5923
7445 3 14018 388 12958
7446 3 35345 32389 4700
7447 5 14922 30097 25955 30352 34370
7448 1 2698
7449 1 43345
7450 0
7451 3 49315 15595 37127
7452 0
7453 2 2568 33805
7454 3 43929 2032 30991
7455 2 13228 38498
7456 3 11989 41860 716
7457 2 43792 9326
7458 1 27287
7459 4 15825 45678 199 14943
7460 0
7461 2 17899 28912
7462 4 22287 31023 34573 14638
7463 2 28861 22514
7464 0
7465 0
7466 1 25089
7467 4 48794 48076 14433 41052
7468 2 38216 44138
7469 1 25511
7470 2 33100 1559
7471 6 40246 47697 48896 21640 40141 37935
7472 2 516 16969
7473 4 8267 31983 1185 1139
7474 1 35193
7475 1 22506
7476 4 9256 43410 26172 2118
7477 3 7948 2439 38718
7478 2 23358 43638
7479 0
7480 1 31917
7481 2 36889 2237
7482 2 47355 15261
7483 0
7484 4 19681 4644 24252 49479
7485 1 38314
7486 0
7487 3 35656 43296 49784
7488 4 23634 14105 24613 33351
7489 2 2864 10319
7490 2 5501 20091
7491 4 12356 15898 41983 3880
7492 2 7679 9816
7493 2 33588 6978
7494 4 29810 37080 25892 42669
7495 1 27881
7496 1 30922
7497 7 7128 6541 3757 34494 47040 34904 8280
7498 2 49216 22240
7499 1 28692
7500 1 14569
7501 2 39740 11526
7502 4 34933 15032 27535 22205
7503 2 3966 1963
7504 2 9197 6140
7505 0
7506 2 3052 46870
7507 2 1123 43998
7508 2 629 16511
7509 0
7510 3 13965 7378 1217
7511 1 21201
7512 0
7513 2 18896 37254
7514 3 40045 8128 6949
7515 3 28791 26185 37333
7516 1 20915
7517 4 16402 4238 33074 46570
7518 0
7519 1 43025
7520 1 27553
7521 1 21263
7522 3 13489 38306 41418
7523 2 32452 28622
7524 2 16935 34848
7525 1 20579
7526 1 30161
7527 2 13478 22168
7528 1 28324
7529 0
7530 1 7333
7531 0
7532 1 14662
7533 0
7534 5 47144 46211 16341 40088 14191
7535 4 14194 39771 37128 15946
7536 1 30843
7537 3 19405 1225 4424
7538 2 16539 43311
7539 3 21934 35885 41782
7540 2 29627 18096
7541 3 13552 3375 13660
7542 1 7502
7543 3 47568 26656 20777
7544 4 3671 48015 1600 22453
7545 2 24364 4102
7546 2 2888 4098
7547 2 35055 41668
7548 2 24464 28430
7549 3 40614 47302 41931
7550 2 45917 5995
7551 3 48585 4073 34078
7552 1 13004
7553 2 32143 48385
7554 3 286 27430 29890
7555 0
7556 2 6054 36446
7557 0
7558 2 15189 45293
7559 2 8228 37066
7560 1 42052
7561 1 1740
7562 3 49845 11448 9909
7563 0
7564 2 29485 12063
7565 1 46664
7566 1 24045
7567 0
7568 3 2997 4369 16632
7569 3 46296 33456 34574
7570 1 20714
7571 6 10024 38144 29339 13345 44340 13523
7572 4 26561 33806 26129 29702
7573 2 34609 38988
7574 1 13450
7575 1 30221
7576 1 27223
7577 3 39479 15216 5509
7578 1 6783
7579 1 41777
7580 1 47143
7581 4 38931 49255 29234 189
7582 2 26944 48389
7583 1 48759
7584 1 48034
7585 2 29613 46605
7586 3 5012 41748 19348
7587 5 19331 31781 3824 4619 28672
7588 0
7589 0
7590 3 45219 3324 35444
7591 2 11692 37221
7592 5 35972 5724 36745 10788 27509
7593 0
7594 1 26033
7595 2 24793 42845
7596 3 14187 21588 17056
7597 4 22491 3168 22200 27363
7598 3 26453 28929 34767
7599 3 11937 14429 46730
7600 3 7847 41754 22622
7601 1 9155
7602 5 6202 33378 33156 47023 9228
7603 2 45695 17433
7604 3 45140 13283 31222
7605 2 622 26173
7606 2 40603 37902
7607 3 33265 30212 15703
7608 1 48561
7609 2 37429 9171
7610 1 4130
7611 0
7612 2 25857 47452
7613 1 42394
7614 2 42076 48290
7615 2 44818 428
7616 0
7617 1 36574
7618 0
7619 1 21993
7620 1 43208
7621 2 737 34339
7622 1 24745
7623 0
7624 1 37328
7625 3 43018 7172 40360
7626 2 21373 30647
7627 3 26255 21922 46946
7628 3 17650 42873 32998
7629 1 4763
7630 2 4768 44861
7631 0
7632 0
7633 3 30859 36441 12140
7634 2 33451 5470
7635 1 12967
7636 1 36353
7637 0
7638 4 7626 40169 41962 26820
7639 1 47109
7640 2 15614 14913
7641 1 45603
7642 3 26633 10028 42710
7643 2 8312 1994
7644 4 29125 43532 44362 47972
7645 3 4088 36936 40242
7646 2 9868 19724
7647 3 18040 11626 28433
7648 1 23557
7649 2 39890 37753
7650 1 40790
7651 2 11262 9023
7652 2 30861 11509
7653 1 23384
7654 0
7655 2 48886 21987
7656 1 29626
7657 5 24434 11821 29587 31112 24762
7658 2 12792 5146
7659 3 4446 49265 25496
7660 2 5055 42075
7661 2 1124 12362
7662 1 27406
7663 3 44294 14516 27032
7664 4 46634 27344 9251 37215
7665 0
7666 3 20241 10610 22361
7667 1 28004
7668 2 4939 7373
7669 6 44643 8384 30901 7408 32719 37479
7670 3 27353 34341 24150
7671 3 4900 24539 7982
7672 3 93 34787 3820
7673 2 47711 43216
7674 2 16368 40552
7675 0
7676 1 4331
7677 2 36059 9058
7678 2 23966 37264
7679 2 5792 18249
7680 2 22276 19785
7681 3 45829 41086 49651
7682 3 6525 13666 3129
7683 1 8316
7684 1 8144
7685 2 17740 11890
7686 2 45070 31591
7687 0
7688 1 12553
7689 1 25325
7690 2 6631 40411
7691 1 6224
7692 0
7693 3 41429 27752 14250
7694 2 13679 12583
7695 1 22648
7696 4 34374 38393 36221 7682
7697 1 11418
7698 0
7699 0
7700 6 7178 45213 19183 11196 26602 48425
7701 2 23246 11370
7702 3 14209 41063 32386
7703 2 3383 27017
7704 0
7705 1 18043
7706 1 21862
7707 2 39603 39982
7708 2 40684 48231
7709 2 2433 12164
7710 2 13001 41630
7711 4 31217 2631 7959 19268
7712 2 33946 32176
7713 1 20895
7714 2 25662 27530
7715 3 42649 39891 27887
7716 3 49081 8868 39480
7717 1 4022
7718 3 41625 22820 39675
7719 2 10811 8660
7720 3 11078 45578 14092
7721 2 33506 12810
7722 0
7723 4 3784 5537 8217 20456
7724 3 42614 4018 45407
7725 1 39331
7726 1 2913
7727 4 27520 12906 45120 28283
7728 2 30609 47141
7729 0
7730 2 5882 7787
7731 2 31337 17288
7732 2 18535 49679
7733 2 38666 30772
7734 2 49922 12495
7735 3 17842 22184 36417
7736 0
7737 1 15509
7738 2 23735 13233
7739 2 34316 22867
7740 0
7741 3 4512 29702 21362
7742 0
7743 1 11396
7744 2 29572 31873
7745 1 25243
7746 2 8512 24465
7747 2 4113 33988
7748 1 32311
7749 3 28625 3094 48074
7750 3 41395 13488 19956
7751 2 13186 44730
7752 3 42716 23207 2459
7753 2 26614 4092
7754 2 22758 20081
7755 0
7756 1 7914
7757 1 35848
7758 0
7759 2 18703 41795
7760 2 22150 19698
7761 3 19124 48697 49818
7762 2 36988 43644
7763 2 37143 35836
7764 4 42285 31667 25209 33782
7765 1 14767
7766 2 32491 1640
7767 0
7768 1 9362
7769 1 9111
7770 4 17353 35131 39358 16971
7771 2 2497 44365
7772 1 16890
7773 4 46142 1154 48352 14030
7774 2 19430 14461
7775 2 30947 41625
7776 3 42046 27257 46646
7777 4 6413 13753 20786 31126
7778 4 831 43333 13953 7683
7779 3 41224 31062 39912
7780 3 48429 36265 6400
7781 2 5280 23042
7782 1 9808
7783 1 48074
7784 2 43803 24167
7785 3 32307 41965 46031
7786 1 5695
7787 1 44394
7788 3 4223 7437 37905
7789 0
7790 1 5030
7791 0
7792 2 19139 1378
7793 2 46373 34606
7794 2 31077 47971
7795 2 33518 27302
7796 2 32585 5580
7797 2 22176 5251
7798 2 4181 44215
7799 2 46801 34882
7800 0
7801 1 46975
7802 2 28926 35874
7803 3 8511 1571 23553
7804 1 22059
7805 1 3283
7806 1 3695
7807 2 25308 33600
7808 4 16881 28806 12271 12006
7809 1 35709
7810 2 16224 41209
7811 2 29818 37022
7812 5 29775 44579 27930 16379 30174
7813 1 49085
7814 2 31679 1243
7815 2 10195 6663
7816 3 24641 37295 42889
7817 1 26290
7818 0
7819 3 18785 43861 3337
7820 4 44235 11945 8556 14561
7821 2 24574 99
7822 2 45327 38008
7823 2 37997 35148
7824 5 710 32950 16271 33487 45530
7825 4 21781 42019 27565 4435
7826 5 8012 9014 10187 20893 9317
7827 0
7828 2 10159 32249
7829 2 12949 28243
7830 4 9923 41048 48368 40528
7831 1 12351
7832 1 20548
7833 2 38078 7043
7834 5 15149 15906 19166 45685 47188
7835 2 18200 8181
7836 1 28255
7837 4 22122 18642 2010 46677
7838 2 19319 10385
7839 2 7226 41331
7840 2 37565 49570
7841 1 30983
7842 4 25652 12793 44677 27443
7843 3 33779 47096 6929
7844 4 6303 5571 4027 24502
7845 3 7345 44472 14825
7846 1 33250
7847 2 15609 30008
7848 2 27478 32142
7849 2 8707 17471
7850 2 17264 35973
7851 1 46109
7852 3 37330 44527 41939
7853 2 3814 30568
7854 3 14182 21891 31337
7855 2 45189 39194
7856 2 7477 44945
7857 3 20443 18340 28295
7858 0
7859 1 33410
7860 4 36271 44657 21878 43234
7861 4 47247 18161 28102 5182
7862 1 25808
7863 0
7864 2 17095 20217
7865 3 33750 24499 19424
7866 4 6404 318 32868 225
7867 1 4355
7868 3 8962 31785 37341
7869 0
7870 2 29758 46359
7871 3 11121 35929 4979
7872 2 44062 38030
7873 1 3970
7874 1 12587
7875 3 4933 43157 49215
7876 2 16553 4523
7877 0
7878 1 15281
7879 3 4446 38244 33299
7880 4 27042 20392 10413 47871
7881 2 45572 9971
7882 1 20714
7883 2 29710 26598
7884 2 16419 15488
7885 2 31296 34669
7886 3 11466 26117 35440
7887 1 3646
7888 2 42139 25738
7889 2 1493 41130
7890 2 23428 12790
7891 3 13419 37895 31006
7892 5 45216 7270 26560 42776 31668
7893 4 25539 1125 18580 48276
7894 1 37241
7895 2 32713 30617
7896 1 6878
7897 1 25463
7898 4 21231 33760 29716 22967
7899 0
7900 1 1405
7901 1 12162
7902 2 27230 46041
7903 3 12012 26111 8829
7904 2 30850 43916
7905 1 49764
7906 3 24941 14621 49101
7907 0
7908 1 30372
7909 2 49944 388
7910 3 5624 38028 2493
7911 0
7912 1 8436
7913 2 38212 22418
7914 1 6370
7915 4 5942 23151 3570 16161
7916 2 33939 107
7917 3 3245 48551 45218
7918 4 22839 9289 1048 24058
7919 2 5798 26841
7920 1 29345
7921 5 4558 19468 5039 14776 10593
7922 3 2764 20026 18846
7923 2 5856 38246
7924 3 27175 8862 24054
7925 2 7275 44214
7926 4 17800 1113 42276 35916
7927 1 20955
7928 2 34890 22695
7929 2 24953 29967
7930 1 23724
7931 0
7932 3 20592 17902 3974
7933 5 16031 29174 12274 7232 30328
7934 0
7935 2 45096 22144
7936 0
7937 3 40079 22919 45658
7938 1 43789
7939 3 29808 8690 43329
7940 2 9717 32060
7941 4 7701 23851 4387 30338
7942 2 42376 42481
7943 1 8039
7944 2 26696 21144
7945 2 42247 32071
7946 3 6548 35026 6668
7947 2 23122 9176
7948 1 26340
7949 0
7950 4 31533 21987 45590 14327
7951 1 42558
7952 2 43171 20079
7953 2 49911 27746
7954 3 17385 22544 31289
7955 2 40046 9439
7956 1 14169
7957 3 4686 15210 29772
7958 1 18916
7959 2 1079 47373
7960 4 4152 5273 35388 26551
7961 2 32787 46184
7962 3 49546 47262 32320
7963 3 4531 40454 11872
7964 0
7965 2 24461 20867
7966 0
7967 2 4689 22648
7968 2 21699 25564
7969 0
7970 3 42416 30476 24780
7971 0
7972 0
7973 4 34361 37728 17009 32183
7974 0
7975 1 18832
7976 1 28837
7977 2 30082 6160
7978 3 20696 17068 44141
7979 1 32073
7980 0
7981 4 28115 17548 5160 9423
7982 1 3347
7983 2 43523 4319
7984 1 31364
7985 1 10349
7986 3 23378 13471 47817
7987 1 8259
7988 3 44262 26758 769
7989 5 8964 40848 1476 42255 47509
7990 4 18816 48502 35255 2495
7991 4 43296 19015 7914 27365
7992 0
7993 1 22191
7994 1 39880
7995 0
7996 1 3302
7997 3 12572 15605 28701
7998 0
7999 1 45823
8000 3 41657 32186 11656
8001 2 12163 21595
8002 2 8747 33593
8003 3 34574 42698 40364
8004 2 27183 23621
8005 3 25259 40722 40914
8006 4 26240 7842 18194 35192
8007 2 33175 29744
8008 1 27801
8009 1 33979
8010 0
8011 2 5234 39585
8012 1 33449
8013 1 2400
8014 1 10810
8015 2 2368 3518
8016 0
8017 2 10794 7802
8018 2 37653 23696
8019 0
8020 1 2105
8021 3 42287 4308 14978
8022 1 48128
8023 2 19968 21447
8024 3 46558 31178 17727
8025 2 23126 14701
8026 4 19323 25150 37167 28485
8027 4 2869 11192 20923 30816
8028 2 14505 49842
8029 2 4206 41916
8030 2 38218 34563
8031 0
8032 2 21178 23550
8033 0
8034 3 13227 18580 14487
8035 3 11936 44766 48203
8036 4 11819 47420 31778 48547
8037 1 800
8038 1 41332
8039 2 47545 34972
8040 2 33541 8771
8041 2 32379 17864
8042 1 40620
8043 3 6856 34062 22418
8044 1 41576
8045 1 48492
8046 1 22951
8047 3 11718 45693 18264
8048 4 45331 22456 31126 8513
8049 1 4617
8050 1 19448
8051 3 12686 22423 36360
8052 0
8053 1 20711
8054 4 30183 19643 32080 1407
8055 0
8056 3 14099 6461 43492
8057 2 36068 24880
8058 3 43721 5260 28871
8059 2 48643 26
8060 2 21364 34895
8061 1 2113
8062 3 47024 29234 37953
8063 3 39083 8159 28427
8064 0
8065 4 32717 10098 47524 35863
8066 4 8520 43555 10202 17301
8067 0
8068 1 16127
8069 2 42232 24875
8070 1 5300
8071 2 48645 48762
8072 3 31859 1700 10883
8073 3 20165 9661 30661
8074 3 12397 36177 10763
8075 2 27202 22059
8076 1 30456
8077 1 44898
8078 2 38961 3216
8079 0
8080 1 28895
8081 4 16364 17383 12794 9661
8082 1 44812
8083 2 3694 1421
8084 0
8085 3 12528 41543 44685
8086 0
8087 2 8335 49525
8088 4 13180 47707 2305 23700
8089 4 42086 35576 33214 3762
8090 3 4271 7157 45899
8091 2 46001 5471
8092 0
8093 3 34136 8550 15542
8094 5 25285 12798 37014 9585 42546
8095 2 35224 3319
8096 2 32447 8570
8097 1 31665
8098 2 41703 15015
8099 1 1019
8100 2 16437 24644
8101 1 10134
8102 0
8103 2 33119 39515
8104 4 42370 18785 20539 28284
8105 2 23947 37703
8106 2 35081 5749
8107 1 35656
8108 4 8730 12282 38545 47257
8109 2 1395 8286
8110 6 11248 35378 20004 32012 45042 21191
8111 0
8112 3 25946 15754 6319
8113 2 1388 27431
8114 4 23463 34249 25260 25459
8115 0
8116 1 28375
8117 6 23216 29542 21061 20526 31396 41976
8118 1 34377
8119 4 44182 49684 47939 42675
8120 5 18057 31051 4739 37983 40493
8121 3 1040 47723 42027
8122 0
8123 3 5927 42461 23066
8124 3 3973 43141 34034
8125 1 45463
8126 1 42556
8127 2 7233 44529
8128 2 27765 37197
8129 1 37331
8130 1 41780
8131 1 11537
8132 3 8817 33873 38001
8133 1 663
8134 0
8135 1 3517
8136 0
8137 2 22159 42417
8138 3 38590 35973 39997
8139 1 39821
8140 3 47059 16090 46466
8141 3 22499 27258 30138
8142 2 8256 48738
8143 4 26125 48811 44020 38591
8144 6 43476 31857 10969 32367 26126 37727
8145 1 29259
8146 1 43399
8147 1 21910
8148 1 12163
8149 3 48203 47343 27508
8150 3 35767 32308 15629
8151 1 32854
8152 3 30896 6557 29240
8153 0
8154 4 42587 17847 23901 46387
8155 2 24726 5399
8156 2 15333 10192
8157 2 28833 36109
8158 4 8691 18480 37541 22495
8159 1 35731
8160 2 33014 43995
8161 1 19880
8162 3 44615 42404 20564
8163 4 13232 3541 44312 7653
8164 6 25830 30652 16194 9122 21814 40387
8165 2 49133 21944
8166 2 19455 11797
8167 1 29198
8168 2 4192 40175
8169 6 47310 25692 34775 9992 21131 6702
8170 1 3312
8171 3 2000 42665 25308
8172 5 20478 33795 11092 24176 47675
8173 0
8174 5 10385 37852 32452 4588 14098
8175 2 8462 9086
8176 3 48370 36174 13354
8177 0
8178 0
8179 1 4880
8180 2 12314 15092
8181 0
8182 2 9027 7354
8183 3 2490 31006 47301
8184 1 25493
8185 1 39096
8186 2 18804 1812
8187 3 10171 12116 13570
8188 1 38155
8189 3 19721 43746 22638
8190 2 38339 49519
8191 1 17159
8192 1 667
8193 3 23906 12982 43614
8194 3 1273 36788 44551
8195 1 10303
8196 3 42865 13051 23521
8197 2 6179 6104
8198 4 26283 19470 15861 3913
8199 2 3163 43067
8200 3 39040 6130 3890
8201 3 48968 3629 44854
8202 2 21669 22799
8203 0
8204 3 48737 6463 40178
8205 3 10203 9996 4665
8206 2 12935 10985
8207 2 40270 39036
8208 3 18974 19659 8837
8209 3 44829 13817 5038
8210 4 1981 22505 3776 24149
8211 2 23012 32087
8212 2 3633 18661
8213 1 29189
8214 3 45361 14997 25665
8215 4 20236 29806 34739 9924
8216 0
8217 5 27127 27764 1160 20085 20902
8218 1 21109
8219 3 15306 46782 20625
8220 2 45265 40730
8221 0
8222 2 45749 45731
8223 0
8224 2 22291 11629
8225 1 30727
8226 2 21318 20654
8227 2 40217 20205
8228 3 15079 33540 40042
8229 1 26422
8230 5 26855 31762 37171 10179 27830
8231 2 20354 0
8232 0
8233 1 42883
8234 1 44294
8235 1 28892
8236 4 24115 23642 46943 49307
8237 4 2441 48585 46725 49682
8238 1 25548
8239 1 409
8240 3 40012 1331 22262
8241 2 7678 1888
8242 3 27942 37301 9537
8243 1 1604
8244 4 28409 32886 34376 13879
8245 2 36296 24672
8246 4 7164 26575 44313 15199
8247 1 21533
8248 1 33240
8249 2 29907 37815
8250 2 24138 32529
8251 2 33749 26482
8252 3 5313 35137 48294
8253 1 42307
8254 1 18572
8255 3 16936 6271 13226
8256 2 8326 30007
8257 4 41621 23829 10266 45910
8258 2 43482 17169
8259 4 29660 16182 48114 24000
8260 4 7120 33043 39322 32824
8261 2 9057 12956
8262 2 4812 2205
8263 2 27697 39439
8264 2 2244 37686
8265 2 37202 16912
8266 2 41088 16570
8267 1 9521
8268 3 2954 43732 14617
8269 0
8270 4 2212 22014 10694 30140
8271 1 16288
8272 0
8273 1 30979
8274 4 31059 18518 17598 7938
8275 1 45161
8276 1 44814
8277 2 19557 9286
8278 2 23140 16219
8279 3 25550 9241 17068
8280 4 40745 48068 40026 205
8281 1 2533
8282 1 41185
8283 5 39457 49943 42165 37925 12432
8284 1 38599
8285 1 21165
8286 1 49503
8287 0
8288 0
8289 3 6018 34842 5075
8290 2 43446 8299
8291 0
8292 2 23919 45694
8293 1 4004
8294 1 5155
8295 3 47180 25559 4284
8296 3 1279 27980 32972
8297 1 24118
8298 2 36404 35227
8299 1 7310
8300 1 7331
8301 3 42338 21432 23936
8302 1 7089
8303 1 25371
8304 1 42280
8305 0
8306 2 13791 17726
8307 2 30864 43124
8308 2 3698 45564
8309 1 33921
8310 1 34234
8311 3 12224 37962 38340
8312 2 7786 36848
8313 3 17601 10356 31555
8314 3 3168 46197 7191
8315 1 34909
8316 0
8317 1 34624
8318 2 40657 24750
8319 3 19813 15937 34995
8320 3 30513 37155 29611
8321 4 26670 4605 19444 41218
8322 3 14856 23344 6815
8323 2 20837 2849
8324 2 33210 43216
8325 2 13823 26954
8326 1 34603
8327 2 44097 44306
8328 1 44108
8329 1 17987
8330 0
8331 0
8332 1 36729
8333 2 45876 47503
8334 1 23415
8335 3 20328 47737 2068
8336 2 40382 15155
8337 2 36344 5760
8338 5 36545 24304 32831 11419 19124
8339 2 41256 33064
8340 2 21292 24414
8341 0
8342 3 29606 21313 6681
8343 6 29399 46474 39305 18455 27883 18379
8344 3 3067 34969 24508
8345 3 47682 19990 42870
8346 1 12966
8347 2 35614 19488
8348 1 5700
8349 1 32288
8350 3 865 4885 47078
8351 1 48917
8352 4 26152 37285 37100 39520
8353 3 21498 15975 44780
8354 3 7627 7564 37190
8355 2 33471 36228
8356 2 34788 5894
8357 1 38447
8358 5 18300 13237 25576 26331 36867
8359 2 20430 18009
8360 0
8361 2 49465 22271
8362 3 11492 2356 14965
8363 1 30782
8364 2 27752 8062
8365 1 10505
8366 2 17929 45270
8367 4 48475 39073 24732 12195
8368 1 29933
8369 1 29477
8370 3 39847 39262 6865
8371 2 7967 25615
8372 0
8373 4 29809 12969 29038 43369
8374 1 28146
8375 2 40859 30621
8376 0
8377 2 40143 21825
8378 5 4755 26185 32184 48671 33556
8379 0
8380 2 46618 48222
8381 2 8722 35138
8382 2 14928 34665
8383 2 29070 9251
8384 0
8385 4 15041 12143 8257 29862
8386 4 7177 49986 33941 3642
8387 2 31990 23011
8388 1 45841
8389 2 37735 8687
8390 5 7809 17130 18356 22 39132
8391 0
8392 2 22791 2521
8393 3 8687 18684 48978
8394 2 41246 40719
8395 3 35122 43386 35783
8396 0
8397 3 41413 39240 20362
8398 2 22203 39161
8399 1 3753
8400 3 1635 33988 32673
8401 1 32645
8402 3 3163 41114 33389
8403 3 37200 42264 13996
8404 2 3359 8934
8405 2 14697 2957
8406 4 45143 5154 31226 27780
8407 2 16890 8121
8408 1 23334
8409 0
8410 0
8411 2 15680 3704
8412 3 38787 10816 3892
8413 3 30908 42951 7930
8414 1 13465
8415 0
8416 4 14741 48847 40308 4942
8417 1 13067
8418 4 16491 17253 29946 12585
8419 3 26805 42627 40572
8420 3 23323 40111 49511
8421 3 44682 16698 30411
8422 4 12708 38925 1918 21271
8423 4 12425 11294 19409 6819
8424 2 40241 32493
8425 4 33263 15398 45406 40208
8426 1 48086
8427 2 43333 26012
8428 2 34025 13666
8429 2 34370 30642
8430 1 15951
8431 1 46439
8432 0
8433 1 7013
8434 1 31407
8435 3 8035 35787 19394
8436 1 42588
8437 3 40253 42692 7253
8438 3 2044 31406 29673
8439 0
8440 2 30508 28826
8441 4 46448 19338 10856 17615
8442 2 25213 27262
8443 2 49025 40963
8444 2 38619 12332
8445 3 17595 2027 27009
8446 4 15497 8040 45322 45165
8447 4 11754 18977 42517 32326
8448 3 29101 21613 17024
8449 3 42001 1101 45266
8450 2 39973 1513
8451 1 23397
8452 1 43276
8453 3 34498 27976 49700
8454 6 32553 43916 42209 43494 30439 13061
8455 3 24434 4593 2159
8456 3 18437 16213 19289
8457 1 3580
8458 1 42987
8459 3 38251 35204 28452
8460 4 21311 23597 40381 12246
8461 3 21409 41871 18703
8462 4 32005 15033 32597 3865
8463 1 35491
8464 0
8465 2 1709 43273
8466 3 34976 8973 43806
8467 0
8468 3 39614 31261 7018
8469 4 28980 13532 6924 38011
8470 2 34652 36069
8471 2 33590 3502
8472 2 21070 8322
8473 1 47676
8474 0
8475 2 17134 31565
8476 3 2921 15143 15361
8477 0
8478 3 319 46637 12308
8479 1 2744
8480 2 2412 32299
8481 2 34071 24509
8482 6 14371 6355 11998 10076 32469 4594
8483 2 29659 38432
8484 4 18742 11279 10709 35043
8485 3 22492 10633 27387
8486 2 47013 21344
8487 1 7175
8488 0
8489 1 4747
8490 5 3946 4400 22478 40200 27919
8491 2 31714 19088
8492 1 39982
8493 0
8494 1 41913
8495 2 44097 24149
8496 3 17407 49962 43271
8497 0
8498 3 34385 43831 39226
8499 2 40930 1519
8500 3 7193 30235 20746
8501 3 34249 18431 39721
8502 4 5107 6295 7909 16210
8503 0
8504 1 37048
8505 2 29305 3350
8506 1 18986
8507 6 5921 25031 2870 20595 27865 23141
8508 1 21539
8509 0
8510 2 46196 36189
8511 0
8512 3 49977 27873 42712
8513 1 3637
8514 3 46848 1824 44341
8515 1 2631
8516 1 41692
8517 2 21169 45663
8518 0
8519 1 45651
8520 2 33650 49134
8521 1 33788
8522 1 34799
8523 0
8524 1 35629
8525 0
8526 3 38900 16294 13306
8527 3 12865 12981 31796
8528 3 36698 3694 49994
8529 2 45168 38594
8530 3 6148 36178 1862
8531 1 5376
8532 1 42830
8533 1 32110
8534 3 15753 32237 27301
8535 1 39773
8536 4 201 39005 28162 3213
8537 0
8538 0
8539 1 44810
8540 1 43192
8541 3 32907 32019 34151
8542 3 10684 30506 27201
8543 1 29788
8544 2 30666 49770
8545 3 45323 505 5223
8546 2 15360 7311
8547 1 27879
8548 4 40470 37802 32778 3601
8549 3 3792 13799 1756
8550 3 43408 23826 30926
8551 6 14134 37630 6097 48740 17287 41045
8552 2 44569 37719
8553 1 11998
8554 1 48326
8555 2 24821 38346
8556 2 37892 43944
8557 5 36917 11633 43935 45404 40869
8558 1 7536
8559 2 23142 29819
8560 2 38258 20291
8561 2 21239 37612
8562 3 35222 25761 19914
8563 4 23979 17731 6838 13107
8564 1 7005
8565 4 33258 31558 7538 40967
8566 0
8567 1 17903
8568 4 23926 33506 9579 13766
8569 2 4273 24940
8570 1 16322
8571 0
8572 4 29646 28906 20901 16873
8573 0
8574 3 27361 41661 8417
8575 2 14756 31934
8576 3 15555 5279 35852
8577 2 49985 48536
8578 0
8579 2 31738 20772
8580 3 36150 6882 17990
8581 2 27496 27973
8582 0
8583 0
8584 1 38103
8585 4 47244 28688 13645 44465
8586 2 4239 20607
8587 5 20071 20712 28094 4584 33816
8588 0
8589 1 35853
8590 0
8591 1 24738
8592 0
8593 2 2718 43818
8594 4 13412 47406 31436 31952
8595 3 37365 16430 27510
8596 2 36286 780
8597 1 22911
8598 2 2363 46510
8599 2 33657 16314
8600 4 16110 9756 49248 35513
8601 1 9179
8602 2 1900 35049
8603 1 2870
8604 4 4558 22991 34892 27020
8605 3 21069 18822 41392
8606 0
8607 1 46534
8608 1 44771
8609 1 49085
8610 3 7467 9577 34651
8611 0
8612 4 26390 13814 29357 28196
8613 2 29648 14944
8614 2 41676 41133
8615 0
8616 1 5889
8617 1 6234
8618 5 19183 23905 16200 38718 45401
8619 1 35719
8620 5 46051 7386 218 24107 43181
8621 3 11022 13488 2834
8622 1 47900
8623 1 23349
8624 5 26966 25229 41394 49212 35783
8625 1 46456
8626 5 8362 24917 42466 44548 32163
8627 0
8628 4 34511 12024 2842 12646
8629 3 16118 17619 37643
8630 2 22292 18513
8631 4 14471 17638 14045 14290
8632 1 31713
8633 2 29860 30633
8634 4 13885 20104 42061 15524
8635 3 47234 239 33418
8636 2 49761 47987
8637 3 33693 13266 31982
8638 1 12897
8639 5 26766 18934 27099 18104 17585
8640 4 40637 4845 16616 8390
8641 2 25437 49744
8642 3 5646 45761 14024
8643 0
8644 0
8645 6 7089 42252 37119 11417 23808 19316
8646 0
8647 0
8648 2 20318 44599
8649 2 19655 17477
8650 1 17758
8651 1 32086
8652 2 35144 39304
8653 1 47871
8654 2 5550 32330
8655 5 45132 2729 23960 227 30640
8656 2 10720 22317
8657 1 8188
8658 0
8659 3 2282 37712 23226
8660 3 49807 10015 43793
8661 3 35602 18977 4970
8662 0
8663 6 15211 485 36909 39137 5621 441
8664 2 1071 20815
8665 0
8666 0
8667 2 46402 32085
8668 1 31317
8669 2 37138 23875
8670 0
8671 3 42471 43360 3019
8672 2 22666 20024
8673 1 2280
8674 2 21340 17270
8675 1 14415
8676 1 12390
8677 1 28590
8678 2 10342 10733
8679 1 4614
8680 3 25298 37201 44329
8681 2 39419 43870
8682 3 6731 18027 40243
8683 1 46805
8684 3 34317 2693 5169
8685 3 30121 37819 9542
8686 1 44105
8687 1 48832
8688 4 15488 23340 25913 45370
8689 2 14719 15875
8690 3 1149 16321 41667
8691 2 39487 25384
8692 5 27254 11968 1704 17833 28758
8693 1 21675
8694 3 48680 1885 10990
8695 0
8696 2 38844 36966
8697 5 23550 17332 35504 19183 31352
8698 1 38434
8699 1 25605
8700 1 21412
8701 3 31724 34845 43693
8702 1 5077
8703 2 6244 38363
8704 3 6958 11378 36164
8705 2 10448 14252
8706 1 22713
8707 0
8708 3 1837 16490 45599
8709 1 28837
8710 7 47883 1549 31613 34674 24298 29930 9932
8711 2 40369 40558
8712 2 36237 10926
8713 4 24437 27102 17634 10212
8714 3 24745 35102 9641
8715 2 1875 32936
8716 1 16126
8717 0
8718 2 34919 4789
8719 1 46199
8720 3 30234 10129 5598
8721 0
8722 1 10476
8723 2 36340 1375
8724 0
8725 1 25571
8726 2 12049 32809
8727 3 35156 16585 2783
8728 2 13266 13904
8729 3 30381 16959 8139
8730 0
8731 1 18634
8732 2 39874 27271
8733 4 47037 12900 6697 7439
8734 2 23303 17264
8735 0
8736 1 37125
8737 0
8738 2 11416 16900
8739 3 40003 48505 23392
8740 1 29409
8741 4 12215 19020 26775 27934
8742 2 5429 19033
8743 1 43437
8744 2 25193 37062
8745 2 26554 44789
8746 0
8747 4 47235 3083 40114 2057
8748 1 36034
8749 1 628
8750 0
8751 1 11178
8752 1 49332
8753 3 10551 20741 32150
8754 2 3716 25827
8755 4 47500 23065 44880 23157
8756 2 7100 21652
8757 2 31934 31294
8758 3 25071 28081 31596
8759 2 43612 25051
8760 3 32621 32783 20690
8761 2 54 41166
8762 3 42637 42693 12780
8763 1 17422
8764 2 19684 49985
8765 0
8766 1 35942
8767 2 1344 42537
8768 1 38906
8769 1 49777
8770 6 45125 45834 37314 26319 30903 48603
8771 0
8772 0
8773 1 22728
8774 4 21775 28115 11928 8321
8775 1 8785
8776 0
8777 2 25305 44760
8778 2 32763 16410
8779 2 1488 21512
8780 4 23103 21745 25615 38928
8781 0
8782 0
8783 5 30423 3739 49708 13835 11164
8784 1 11845
8785 4 14078 29205 37350 29704
8786 4 24814 6815 38992 37370
8787 3 2985 22164 24274
8788 3 17405 15355 43641
8789 2 48253 41276
8790 2 9077 31947
8791 0
8792 4 9911 29919 41733 32876
8793 3 17751 33265 25327
8794 2 41733 36294
8795 2 4496 44821
8796 0
8797 0
8798 1 27810
8799 0
8800 6 31539 5254 49571 20092 22538 10703
8801 1 34527
8802 4 36558 33147 48611 46447
8803 1 10467
8804 3 28618 24678 44130
8805 0
8806 1 18073
8807 1 24895
8808 2 44510 49735
8809 0
8810 2 16085 28445
8811 4 39897 6951 9477 11597
8812 1 42947
8813 2 48119 36543
8814 2 22139 8386
8815 1 42325
8816 3 1903 17710 49345
8817 2 4848 45302
8818 3 16628 31308 49846
8819 2 13082 48933
8820 0
8821 2 20234 42658
8822 1 38065
8823 4 10894 44493 37197 35917
8824 1 26217
8825 1 21813
8826 3 33608 13864 18667
8827 2 15094 3887
8828 2 8888 5866
8829 1 24223
8830 4 44797 46582 39484 12922
8831 1 16956
8832 1 36782
8833 4 46748 20091 5618 28909
8834 4 8883 10354 32767 695
8835 4 9873 27620 48160 9369
8836 1 45181
8837 3 4546 14878 21961
8838 0
8839 1 48416
8840 4 3367 46271 2485 32222
8841 1 10089
8842 0
8843 4 22070 28654 6318 27622
8844 0
8845 2 32637 38744
8846 6 16136 4239 19575 33805 32500 19619
8847 2 49290 31994
8848 3 27434 42518 18663
8849 3 12287 44661 38979
8850 1 11433
8851 3 39533 6987 24212
8852 5 19504 40819 39795 872 40655
8853 3 41730 30699 17856
8854 1 18588
8855 2 12991 38821
8856 1 37431
8857 1 21071
8858 0
8859 5 701 39293 31719 38981 8007
8860 2 43579 26524
8861 0
8862 1 19437
8863 2 33654 15014
8864 3 16260 40193 116
8865 2 10277 37101
8866 1 14430
8867 2 39739 35718
8868 1 23376
8869 3 21730 12417 37093
8870 3 12384 33539 29205
8871 3 43552 1554 32619
8872 7 41997 29257 14187 15981 22005 45085 36232
8873 5 49148 37698 12860 33930 19783
8874 2 2640 39085
8875 1 23606
8876 1 9922
8877 2 41048 49768
8878 2 32749 33467
8879 1 39698
8880 2 15291 26779
8881 4 11981 40415 16371 36474
8882 2 40567 46458
8883 0
8884 0
8885 2 41964 49318
8886 4 49818 2044 21751 4210
8887 2 14430 19129
8888 1 27604
8889 1 46575
8890 1 8459
8891 1 8052
8892 1 38680
8893 2 4165 1823
8894 1 40167
8895 1 1197
8896 3 4934 25994 2550
8897 2 32466 42577
8898 3 21583 16899 37348
8899 4 38921 1037 40032 45195
8900 3 6286 34256 41288
8901 2 48138 9638
8902 2 26735 36165
8903 3 20569 27860 47150
8904 3 20209 44297 45260
8905 1 32897
8906 3 39638 42601 5028
8907 4 32079 24214 23304 32253
8908 2 27578 32302
8909 2 13801 9035
8910 1 271
8911 1 34823
8912 3 43498 47598 16402
8913 1 2375
8914 1 36824
8915 1 4915
8916 4 37589 41760 31108 20656
8917 1 21767
8918 1 25152
8919 4 37230 2653 21202 27408
8920 2 17836 29097
8921 2 33852 37014
8922 4 3011 29760 2279 18960
8923 1 24777
8924 1 41328
8925 3 28959 33641 28455
8926 2 12072 44752
8927 1 28604
8928 3 5143 39879 2305
8929 2 42043 20503
8930 0
8931 0
8932 1 46326
8933 3 36890 44952 44068
8934 2 36237 16311
8935 4 47800 42635 38232 7034
8936 1 21761
8937 4 17657 34812 31783 24779
8938 1 49835
8939 3 18912 8706 45932
8940 4 6959 37867 35436 5239
8941 4 3752 9684 42362 44594
8942 2 42439 9549
8943 3 39501 8694 21895
8944 1 15383
8945 3 17794 42366 15543
8946 0
8947 4 9430 33346 1184 32137
8948 0
8949 3 15176 30904 29063
8950 2 40933 43317
8951 5 3497 11351 46636 49077 20031
8952 3 42372 47556 32030
8953 4 43002 12374 33014 23455
8954 2 29178 17337
8955 0
8956 4 40147 41110 47090 14770
8957 2 20938 17752
8958 1 34305
8959 5 28078 4545 47823 34001 6625
8960 3 3693 30062 1390
8961 3 367 26147 43500
8962 4 14110 34478 22900 140
8963 2 7274 13977
8964 2 40548 21498
8965 2 41624 575
8966 3 17994 1852 20485
8967 1 4644
8968 4 15090 42278 24089 26812
8969 1 9455
8970 5 11690 42695 25817 1592 984
8971 0
8972 3 46031 17686 45082
8973 1 12014
8974 4 20426 43418 33023 45720
8975 1 38185
8976 1 29294
8977 5 16614 16571 21094 12542 46554
8978 0
8979 0
8980 1 6775
8981 0
8982 4 7883 3285 18371 19555
8983 5 33093 10894 5802 27412 14369
8984 0
8985 0
8986 4 11141 45693 18022 44069
8987 2 24285 16765
8988 4 14403 34023 16579 34669
8989 1 29844
8990 0
8991 3 5687 10994 14961
8992 3 44261 25371 48897
8993 3 14205 29856 7086
8994 4 20353 49674 37445 27122
8995 2 12841 49018
8996 0
8997 3 16611 28783 9393
8998 3 48617 6264 41821
8999 2 34987 3690
9000 1 20001
9001 6 29269 7872 29284 5128 18057 26769
9002 0
9003 2 36420 27286
9004 0
9005 2 38766 9017
9006 2 5505 2180
9007 1 38489
9008 1 27177
9009 1 33726
9010 2 13483 21831
9011 2 35373 14245
9012 4 21902 23748 34740 45452
9013 1 10652
9014 0
9015 2 8586 23127
9016 3 37412 6723 45264
9017 2 48819 46189
9018 2 26381 38844
9019 0
9020 0
9021 1 36058
9022 3 3118 2116 4753
9023 1 24402
9024 2 2518 30048
9025 2 18001 13690
9026 5 47567 44137 37847 40003 13557
9027 2 23430 41105
9028 2 22327 47683
9029 1 49790
9030 1 15397
9031 1 34749
9032 3 23734 12256 22015
9033 0
9034 8 36248 44839 22202 7655 25873 34710 41125 26653
9035 3 9291 33211 45449
9036 0
9037 1 43028
9038 2 23859 4341
9039 4 37010 9822 34572 16008
9040 2 36314 22400
9041 6 2495 20954 36652 20424 18723 33599
9042 3 24681 16684 46479
9043 3 21133 35324 28078
9044 1 31528
9045 3 41432 17813 15400
9046 1 30674
9047 3 46991 46173 38508
9048 0
9049 3 47161 32069 10661
9050 0
9051 0
9052 3 48341 24141 1184
9053 0
9054 0
9055 5 19885 16505 35683 20139 46596
9056 4 16198 37423 21123 28682
9057 3 43958 5165 20358
9058 3 28973 11259 13673
9059 3 7534 2823 45406
9060 2 38640 16787
9061 4 11910 789 4812 23794
9062 3 18572 38558 38096
9063 1 34455
9064 4 15100 27983 14207 24658
9065 1 42354
9066 4 17212 33208 12179 8726
9067 0
9068 1 21488
9069 2 16694 44844
9070 1 21733
9071 4 24409 29607 18438 19927
9072 0
9073 2 48877 1729
9074 2 2198 49735
9075 3 1273 39642 5557
9076 1 12655
9077 3 38265 37041 44807
9078 4 2090 33822 49269 45010
9079 1 19132
9080 1 40580
9081 3 26373 15360 2627
9082 4 42668 13443 16460 20815
9083 5 12581 45326 16443 38211 22552
9084 3 5164 2435 39896
9085 1 35856
9086 2 702 16473
9087 5 43827 33296 45548 18486 26574
9088 1 42262
9089 3 43446 4176 30896
9090 2 24494 11924
9091 1 38819
9092 2 47930 43702
9093 0
9094 1 26383
9095 1 47201
9096 2 8749 32558
9097 4 616 4955 47563 9305
9098 1 18846
9099 3 1086 27561 8780
9100 2 6250 21949
9101 4 275 16430 18274 49090
9102 3 40285 17700 15899
9103 3 47334 18276 33357
9104 2 32968 45528
9105 2 9492 11355
9106 2 45223 32071
9107 1 26448
9108 1 45696
9109 2 14839 4936
9110 2 17960 22521
9111 1 28788
9112 1 437
9113 2 28149 24794
9114 1 28789
9115 3 11345 10470 49608
9116 2 28666 8567
9117 2 483 1459
9118 3 2347 22743 2089
9119 2 32690 22836
9120 3 13032 21905 19387
9121 1 2880
9122 1 34253
9123 3 28436 19809 48560
9124 1 8908
9125 0
9126 4 39414 33893 41571 24608
9127 1 18387
9128 3 27435 45614 35950
9129 5 37400 8846 9224 44797 31864
9130 2 21312 38580
9131 2 42425 21318
9132 5 32303 38842 23469 33491 33895
9133 2 6245 30145
9134 1 47369
9135 2 10314 40240
9136 3 26550 9678 14802
9137 2 18244 3459
9138 1 20816
9139 2 2238 27332
9140 9 2695 4464 21255 35328 34219 21278 28645 37995 3939
9141 0
9142 1 14472
9143 2 8626 48025
9144 3 11971 501 12545
9145 4 39046 11403 2958 49271
9146 4 17782 48321 46223 17345
9147 1 26408
9148 1 19724
9149 7 31420 25441 19154 17527 4357 28908 16084
9150 1 28921
9151 2 32713 43421
9152 2 8436 32762
9153 2 2606 44522
9154 0
9155 5 21265 45777 37837 15231 5601
9156 0
9157 1 18711
9158 4 33944 6778 49877 49937
9159 2 1798 49688
9160 1 44351
9161 1 24287
9162 1 46063
9163 3 296 5976 19773
9164 1 3666
9165 2 11329 6880
9166 2 48156 36556
9167 1 42742
9168 2 22888 49673
9169 1 4397
9170 3 4375 7856 46101
9171 0
9172 2 41141 43252
9173 0
9174 2 7375 43060
9175 1 49697
9176 2 16346 30773
9177 1 41979
9178 1 26486
9179 3 12359 24199 21229
9180 2 23447 22262
9181 0
9182 3 5859 45338 29650
9183 3 45525 14100 19275
9184 1 33581
9185 1 11440
9186 2 18632 36532
9187 0
9188 0
9189 5 6100 10931 3790 48513 25162
9190 3 38981 47459 47046
9191 2 46647 44642
9192 3 45022 5587 11426
9193 2 17529 12034
9194 6 6148 3080 41529 42886 19455 15046
9195 5 32578 28513 49896 5262 46733
9196 1 39104
9197 1 24089
9198 1 27288
9199 0
9200 0
9201 0
9202 1 42609
9203 4 26619 38428 27870 41248
9204 1 21250
9205 1 42889
9206 2 4315 4210
9207 1 41670
9208 2 2801 45124
9209 2 29561 42027
9210 0
9211 1 35209
9212 1 26938
9213 2 21065 30458
9214 4 13939 29733 9734 45652
9215 5 20710 34264 7697 34602 790
9216 3 6612 10886 41613
9217 1 20959
9218 0
9219 5 5967 48030 30347 9021 48809
9220 2 18863 1078
9221 2 9411 45461
9222 3 22590 41150 46052
9223 3 9517 12050 29049
9224 3 45840 2315 40754
9225 3 26293 1495 24909
9226 1 45767
9227 2 6502 27255
9228 3 3862 1620 21448
9229 1 28845
9230 1 41957
9231 3 28517 32802 30173
9232 1 28806
9233 2 36515 46893
9234 2 31127 18069
9235 2 5922 16185
9236 0
9237 2 41646 27858
9238 0
9239 2 30552 1447
9240 2 22111 1211
9241 3 23143 17630 25059
9242 1 48092
9243 1 49572
9244 2 2829 33054
9245 2 30810 24417
9246 0
9247 1 15775
9248 2 2996 31221
9249 2 16277 28610
9250 2 43139 1403
9251 3 32176 10928 11549
9252 1 45095
9253 3 13113 31737 30447
9254 2 7666 31352
9255 3 32925 46698 25959
9256 4 37968 15823 10439 26764
9257 1 3852
9258 1 49233
9259 1 15143
9260 2 15624 37634
9261 4 19513 26368 12167 9543
9262 1 43622
9263 0
9264 1 12328
9265 0
9266 1 43653
9267 1 32041
9268 4 14921 23107 19434 33525
9269 2 9510 31750
9270 0
9271 2 2231 36271
9272 1 6843
9273 3 49781 25328 28475
9274 2 22176 47466
9275 2 39753 39770
9276 1 45193
9277 3 41294 27810 49672
9278 3 24444 47694 10186
9279 3 37784 43906 6728
9280 5 34491 6897 24569 35322 41346
9281 2 25321 19108
9282 1 34222
9283 1 35521
9284 0
9285 0
9286 4 24851 43252 30599 30706
9287 0
9288 3 38811 18804 32034
9289 1 46060
9290 2 45359 33254
9291 4 21362 19850 36392 8271
9292 0
9293 2 26934 35262
9294 4 41252 22224 17327 5572
9295 2 17293 44967
9296 0
9297 1 9212
9298 2 48153 25402
9299 2 38542 24445
9300 3 37286 15317 23478
9301 1 7112
9302 3 30642 45963 20479
9303 3 8281 23293 40058
9304 2 45821 39729
9305 1 23309
9306 1 19474
9307 4 15647 38332 38686 1006
9308 2 29772 43629
9309 5 48984 10641 21199 34948 46445
9310 1 5257
9311 2 11835 9510
9312 3 42818 12781 21846
9313 1 9533
9314 1 48034
9315 2 44308 12450
9316 1 36014
9317 3 1087 3803 33145
9318 4 34798 33681 23459 34500
9319 3 33827 6158 5950
9320 1 46425
9321 2 31574 35777
9322 1 3212
9323 4 7081 30570 14992 27503
9324 1 6857
9325 4 38002 9073 30229 10434
9326 1 8715
9327 3 46583 10047 8411
9328 3 28397 5832 6708
9329 3 35663 2472 30342
9330 1 24952
9331 1 7946
9332 1 18130
9333 0
9334 2 19340 30308
9335 1 38940
9336 0
9337 1 28914
9338 2 15758 20677
9339 1 36914
9340 2 44013 43326
9341 2 15241 15035
9342 1 46200
9343 2 47520 24704
9344 1 28090
9345 2 25157 419
9346 1 26532
9347 4 11050 44241 3084 35077
9348 0
9349 4 26081 43524 41572 12816
9350 6 1230 49929 28153 9425 11896 3712
9351 0
9352 4 27105 48113 42771 34860
9353 0
9354 3 28438 42443 22537
9355 2 38813 32929
9356 2 4904 27934
9357 2 20205 40209
9358 2 29292 42186
9359 0
9360 1 6071
9361 2 4809 39171
9362 1 15680
9363 1 7955
9364 2 15052 30007
9365 0
9366 3 36701 32547 28896
9367 2 14912 19397
9368 3 11726 45859 27570
9369 3 31524 39501 32372
9370 6 14881 12123 5388 5173 40497 18169
9371 2 13257 17360
9372 1 12657
9373 0
9374 0
9375 1 17745
9376 3 25784 40721 2826
9377 3 30158 4031 13074
9378 1 31432
9379 1 16731
9380 2 39845 32992
9381 1 28669
9382 3 35865 42819 11396
9383 3 17193 6327 49574
9384 2 4176 26789
9385 3 6093 16493 26465
9386 0
9387 2 11409 32825
9388 0
9389 0
9390 2 19155 2942
9391 2 34229 16146
9392 3 19094 19809 8221
9393 1 2312
9394 2 2191 27391
9395 5 45281 29902 4062 1958 18502
9396 2 10675 18195
9397 0
9398 0
9399 2 6213 43593
9400 3 33265 39010 45924
9401 1 10194
9402 2 959 17839
9403 1 44625
9404 2 44934 2921
9405 1 41084
9406 1 16489
9407 1 12322
9408 1 26813
9409 1 48480
9410 2 14726 22167
9411 3 11827 48218 4893
9412 1 49373
9413 1 47362
9414 0
9415 2 15573 44059
9416 3 3087 31288 20519
9417 2 13263 45357
9418 1 42595
9419 1 12767
9420 1 40394
9421 2 24456 15733
9422 5 44876 46404 23182 17868 35277
9423 1 17475
9424 2 25991 29364
9425 3 17663 8910 41453
9426 1 33821
9427 1 17067
9428 3 32828 46548 19272
9429 3 29908 37467 43185
9430 3 501 15735 29360
9431 0
9432 4 22170 21458 30878 49122
9433 3 22424 34768 3606
9434 2 26282 23860
9435 1 36478
9436 2 49042 45163
9437 2 43831 1101
9438 2 24103 15176
9439 1 9833
9440 2 21315 40748
9441 2 35750 26377
9442 2 30787 11198
9443 2 42060 32870
9444 0
9445 5 19277 20103 47265 6737 23704
9446 2 21945 9727
9447 4 9958 3606 40520 10258
9448 2 44082 3599
9449 1 46876
9450 2 10734 5389
9451 2 27863 43171
9452 3 41203 47919 3533
9453 3 37559 49523 5899
9454 1 4577
9455 2 46336 37883
9456 1 2918
9457 0
9458 0
9459 2 34096 16600
9460 2 23806 23357
9461 1 28588
9462 1 46784
9463 5 40537 21926 23108 31817 24889
9464 2 38967 19211
9465 1 14818
9466 4 12356 22425 27498 22269
9467 2 11480 45206
9468 1 615
9469 1 19906
9470 0
9471 2 39515 15720
9472 4 686 12998 10038 13758
9473 3 16244 49735 18248
9474 4 43843 40709 36712 25826
9475 1 27285
9476 1 45652
9477 2 42033 1293
9478 2 2942 22848
9479 2 47279 6044
9480 0
9481 2 1449 12580
9482 3 35467 30711 24153
9483 0
9484 2 23806 19533
9485 2 16247 39368
9486 3 45679 2638 7250
9487 3 14646 7783 44974
9488 0
9489 0
9490 0
9491 3 28916 38071 43686
9492 1 43242
9493 4 32677 9832 41099 43779
9494 1 23184
9495 4 199 24477 15709 18901
9496 0
9497 0
9498 0
9499 2 8375 29758
9500 3 41026 1214 6256
9501 1 14950
9502 0
9503 2 10540 15422
9504 4 35069 49371 1423 23748
9505 1 1741
9506 2 11542 40874
9507 5 13336 44819 43664 32306 11278
9508 5 36276 35746 11636 30726 18906
9509 2 25864 25037
9510 1 36416
9511 0
9512 3 12931 10636 20121
9513 1 17740
9514 2 15798 36405
9515 1 28730
9516 1 878
9517 1 38132
9518 3 36483 26265 26719
9519 1 46128
9520 2 26702 46274
9521 3 8847 23633 33913
9522 1 21279
9523 0
9524 3 27528 49214 19226
9525 2 31876 16189
9526 3 26820 48981 12183
9527 1 47706
9528 0
9529 2 18727 26806
9530 5 46754 41634 48325 1172 33977
9531 4 6464 18357 1934 47456
9532 2 34900 22261
9533 0
9534 1 22161
9535 1 22842
9536 5 27826 25532 47839 36063 45415
9537 1 17329
9538 2 22288 7825
9539 2 28089 9869
9540 3 41236 37007 7719
9541 2 2794 3874
9542 0
9543 1 34659
9544 1 46110
9545 4 1906 22451 13195 2617
9546 2 272 48394
9547 2 42084 16847
9548 0
9549 3 43792 30101 44436
9550 3 49980 34781 626
9551 0
9552 2 42182 238
9553 4 25790 44272 19649 35444
9554 2 19037 25813
9555 2 2314 12192
9556 1 19254
9557 2 12244 14724
9558 4 22878 32964 26849 39726
9559 3 23952 28985 35171
9560 2 40083 8889
9561 3 18806 8354 4516
9562 1 34878
9563 3 696 6767 27314
9564 1 13665
9565 4 1629 13196 25565 44194
9566 2 4662 44905
9567 2 49963 19779
9568 2 33576 32984
9569 3 31870 26190 33083
9570 3 1667 18817 45803
9571 2 47354 33171
9572 1 43630
9573 3 29802 20049 33890
9574 3 1099 20716 17563
9575 0
9576 4 25819 11731 46532 11407
9577 7 33152 44327 14633 2495 9650 38256 34306
9578 1 20543
9579 2 12929 49106
9580 2 32939 45280
9581 1 17259
9582 4 45943 43228 25210 49394
9583 2 7977 1315
9584 0
9585 1 33492
9586 2 14202 2184
9587 0
9588 2 6241 39037
9589 2 28 35578
9590 1 29716
9591 1 39936
9592 1 7646
9593 3 45861 43801 2512
9594 1 23588
9595 2 8373 28427
9596 2 49844 2779
9597 4 1292 29178 39797 40894
9598 2 11279 14100
9599 0
9600 2 41987 18196
9601 0
9602 1 16930
9603 1 38314
9604 3 19388 7821 33148
9605 2 3187 20515
9606 3 13932 3093 47942
9607 1 42294
9608 2 684 9930
9609 1 11914
9610 2 47346 1962
9611 0
9612 2 21831 29048
9613 0
9614 2 37147 14710
9615 2 28489 41743
9616 2 4424 24010
9617 0
9618 2 15213 17189
9619 1 38135
9620 0
9621 5 20090 20600 42762 23950 47241
9622 3 15618 3480 26548
9623 0
9624 3 47230 28537 42081
9625 1 3964
9626 4 15325 45939 45795 12773
9627 0
9628 0
9629 3 16944 3770 25133
9630 4 35892 37433 42495 3592
9631 0
9632 2 49008 15236
9633 0
9634 4 24916 22159 30870 33777
9635 1 19298
9636 3 34915 9991 21194
9637 1 46252
9638 2 2249 36283
9639 3 48964 9251 37796
9640 1 23924
9641 4 12947 23033 34214 17045
9642 5 2699 25047 37503 47764 22070
9643 3 19404 16725 4025
9644 2 7125 3660
9645 0
9646 3 26383 8055 42223
9647 3 7929 32625 7328
9648 3 40592 4357 22888
9649 1 7660
9650 1 20110
9651 0
9652 1 9388
9653 5 12342 34933 25878 1121 2344
9654 3 3920 4445 10161
9655 2 104 42094
9656 1 21413
9657 3 30767 35151 49835
9658 2 32472 49464
9659 2 21445 29056
9660 2 30005 13571
9661 3 26452 5477 32916
9662 4 46465 33320 27030 48044
9663 1 13077
9664 4 49607 7163 2382 1619
9665 0
9666 1 2167
9667 4 7647 21557 27841 49761
9668 3 1071 17782 16468
9669 3 12277 25428 5981
9670 1 24263
9671 4 49443 15676 34171 21071
9672 2 7079 19065
9673 1 29764
9674 2 47715 8553
9675 2 43794 30437
9676 3 18423 41789 49254
9677 1 42918
9678 1 11560
9679 1 9784
9680 1 38605
9681 1 7443
9682 3 2605 22850 11338
9683 0
9684 2 30923 20460
9685 1 35100
9686 3 34091 13503 29929
9687 5 34044 49440 12154 46087 30780
9688 1 6549
9689 3 41715 26771 37222
9690 2 36522 27024
9691 0
9692 3 30161 37225 34780
9693 1 6152
9694 1 45384
9695 4 5055 24355 21971 38843
9696 0
9697 1 1781
9698 4 7217 23146 46407 5975
9699 2 33727 12483
9700 3 35905 17863 4334
9701 1 3619
9702 1 2720
9703 1 43858
9704 2 27950 24811
9705 1 45632
9706 1 34311
9707 2 47616 24529
9708 1 2065
9709 2 13678 15280
9710 5 30678 9575 33479 47582 41754
9711 2 17236 48001
9712 1 22781
9713 2 41783 2467
9714 3 12834 8032 39050
9715 2 23130 14519
9716 1 45711
9717 0
9718 3 5802 22027 5462
9719 4 36268 25893 32838 37801
9720 3 5482 30521 30948
9721 2 39251 4488
9722 1 46155
9723 3 23567 4717 34008
9724 1 12192
9725 3 19725 44349 16876
9726 3 2406 852 31429
9727 2 10790 11916
9728 1 42016
9729 1 38022
9730 0
9731 2 25863 15843
9732 0
9733 1 1265
9734 1 23014
9735 1 45991
9736 2 26041 35646
9737 1 3983
9738 1 24693
9739 0
9740 0
9741 1 20072
9742 1 224
9743 0
9744 3 3975 2646 40540
9745 1 27478
9746 3 36813 29655 49432
9747 1 48202
9748 0
9749 2 15117 5302
9750 3 25086 7067 13880
9751 3 40620 48863 2727
9752 2 31219 10623
9753 4 34167 26881 6305 1312
9754 3 13644 48965 13786
9755 2 35562 5559
9756 1 5078
9757 1 19286
9758 1 6071
9759 0
9760 1 11457
9761 4 4263 9268 47303 35115
9762 1 22277
9763 1 23402
9764 2 3228 23939
9765 1 9802
9766 0
9767 2 6553 27888
9768 3 12928 31475 8402
9769 1 5094
9770 4 3517 46137 30575 37740
9771 2 19297 47978
9772 1 25709
9773 4 19663 16024 28827 1594
9774 1 41848
9775 2 18639 4131
9776 3 14670 24634 49469
9777 6 2670 19945 49491 32728 32112 20248
9778 2 36247 46260
9779 0
9780 1 12554
9781 1 37992
9782 2 33533 42565
9783 3 6698 4636 40438
9784 1 46113
9785 1 22582
9786 3 19685 16398 9120
9787 4 39012 18119 34842 25861
9788 2 21583 12824
9789 1 15032
9790 3 36104 38360 11008
9791 1 10680
9792 2 26907 31278
9793 3 13332 46326 23514
9794 3 43640 6348 35852
9795 1 36426
9796 2 40263 1405
9797 3 39160 3972 23981
9798 2 22247 24324
9799 2 20283 28524
9800 0
9801 2 17720 46678
9802 1 4957
9803 3 26577 15020 34078
9804 1 43526
9805 1 4982
9806 2 6132 30207
9807 3 19167 16963 30177
9808 1 39796
9809 4 35571 41284 27503 44166
9810 5 2819 15969 24508 26167 14087
9811 3 18384 46735 41450
9812 1 45371
9813 3 20286 5947 35334
9814 1 24427
9815 1 42580
9816 0
9817 1 5616
9818 0
9819 1 35397
9820 1 17543
9821 0
9822 1 34771
9823 3 8400 4800 28916
9824 1 24741
9825 2 16118 12641
9826 0
9827 3 23719 23979 18010
9828 0
9829 3 17321 39461 7088
9830 1 14600
9831 2 14291 8638
9832 3 12716 1604 659
9833 0
9834 0
9835 1 27390
9836 1 43021
9837 1 45756
9838 1 26375
9839 2 49194 26201
9840 5 47415 8640 30513 12949 45400
9841 2 22817 39172
9842 4 15301 10893 27652 25974
9843 1 14114
9844 1 14680
9845 0
9846 3 19218 22573 19002
9847 2 20480 45416
9848 3 2401 10480 21122
9849 3 23357 8976 35817
9850 0
9851 1 33869
9852 1 46836
9853 2 47357 27368
9854 2 25591 32651
9855 2 35874 16618
9856 0
9857 6 31025 18647 19887 36375 6425 3634
9858 2 4651 15768
9859 3 33254 49803 19964
9860 2 49449 18055
9861 3 3047 44544 44269
9862 1 2605
9863 3 26992 19680 45358
9864 2 40726 29242
9865 2 35623 26937
9866 3 34029 21794 7725
9867 1 23307
9868 2 8668 27358
9869 5 31424 46850 47105 24023 840
9870 0
9871 0
9872 1 4983
9873 2 22736 21515
9874 1 42417
9875 2 19511 21902
9876 2 36257 20899
9877 3 10247 10921 46912
9878 2 5683 18946
9879 3 26667 30407 24495
9880 2 48278 15442
9881 1 34894
9882 2 10729 13672
9883 2 47368 4436
9884 0
9885 2 32577 34216
9886 2 42650 15417
9887 2 48704 38472
9888 5 36935 32726 28133 2461 21540
9889 1 16170
9890 2 7159 36794
9891 4 39406 15224 26358 47167
9892 2 2795 38170
9893 0
9894 2 12140 46872
9895 2 27074 27772
9896 4 41018 25465 42017 47200
9897 1 4925
9898 4 41393 41337 9779 29552
9899 3 48937 42200 44319
9900 3 48550 4804 32465
9901 2 47673 19941
9902 4 5388 43697 21711 33672
9903 2 2346 10524
9904 1 33276
9905 2 18851 35189
9906 1 42865
9907 0
9908 1 27569
9909 4 14028 15995 44533 7178
9910 1 14702
9911 4 13338 43184 7397 43396
9912 2 18514 6339
9913 2 29982 1122
9914 2 47199 24417
9915 0
9916 1 21348
9917 1 13080
9918 4 42764 47288 6783 16769
9919 4 23441 49319 20600 24105
9920 2 25173 5789
9921 0
9922 2 38937 3275
9923 1 13695
9924 0
9925 3 33523 14902 309
9926 1 47279
9927 2 31341 18170
9928 0
9929 3 1063 15412 14864
9930 3 29839 23058 243
9931 0
9932 2 11950 30246
9933 3 46335 41577 4077
9934 4 34832 15245 7512 6904
9935 4 5370 24347 2483 4671
9936 3 8425 26825 26803
9937 1 38354
9938 1 37868
9939 2 3483 34171
9940 0
9941 2 14308 31046
9942 0
9943 1 6359
9944 1 40059
9945 2 9705 35925
9946 2 2211 14745
9947 0
9948 1 35368
9949 1 44472
9950 3 12917 8949 32403
9951 2 13307 12814
9952 2 9607 26594
9953 1 3271
9954 2 44847 30747
9955 1 24782
9956 0
9957 1 32022
9958 1 43758
9959 3 3241 17399 35856
9960 1 10087
9961 0
9962 1 20763
9963 3 4597 8664 39526
9964 3 18039 33785 42076
9965 4 38665 20597 8608 47535
9966 1 17967
9967 1 243
9968 3 1589 30483 40257
9969 2 34915 47686
9970 5 28535 44940 22530 10980 39718
9971 1 4021
9972 1 34101
9973 1 15101
9974 3 23720 45703 26616
9975 2 7929 24397
9976 3 11338 14295 1090
9977 4 28082 49172 41746 22119
9978 2 38202 16525
9979 4 211 13048 10082 35689
9980 4 1344 35373 11531 35056
9981 2 21252 37918
9982 2 25260 25870
9983 2 30939 41381
9984 3 8708 8687 6611
9985 4 3080 21386 275 24897
9986 1 8642
9987 2 28270 47318
9988 2 37511 15495
9989 0
9990 6 13241 31913 5289 8810 34109 17378
9991 0
9992 4 44745 39454 7824 22930
9993 2 17938 28526
9994 0
9995 4 34621 32922 10650 36254
9996 4 48213 1635 45971 36638
9997 2 7650 47084
9998 1 30557
9999 3 31282 30074 48354
10000 3 2774 12428 32700
10001 2 4350 39378
10002 2 7250 30253
10003 0
10004 2 48520 12877
10005 3 28362 34164 48715
10006 1 36826
10007 2 15536 47620
10008 4 43079 12979 5517 34732
10009 2 18413 12131
10010 3 38052 42993 48552
10011 4 23764 36511 12909 7753
10012 2 40500 20882
10013 6 25868 20215 9526 34072 41678 22797
10014 1 3293
10015 7 15374 1908 13629 8219 27370 9885 3622
10016 3 33184 27103 38443
10017 3 31449 42828 40973
10018 3 14265 29283 13330
10019 2 90 28653
10020 3 29154 12728 36315
10021 0
10022 3 29355 38152 15295
10023 1 4207
10024 2 41887 18001
10025 1 26163
10026 3 7090 40931 9661
10027 2 13133 48077
10028 2 15601 21087
10029 1 2277
10030 3 33021 29414 10210
10031 1 14380
10032 2 33955 15723
10033 1 31284
10034 3 15729 37640 13669
10035 2 15516 26579
10036 3 48578 7465 11361
10037 1 12642
10038 1 16065
10039 1 46436
10040 0
10041 1 28553
10042 2 41490 8295
10043 1 32623
10044 1 42127
10045 2 25636 23064
10046 4 37650 15001 46320 12903
10047 0
10048 2 42230 29365
10049 1 4431
10050 2 16542 8938
10051 0
10052 1 43341
10053 3 5938 397 19167
10054 1 26665
10055 2 49975 17548
10056 4 8873 39018 47395 40305
10057 2 19321 14141
10058 2 29644 580
10059 2 17186 16411
10060 0
10061 2 21912 42005
10062 2 26246 17329
10063 2 41732 9073
10064 1 38834
10065 2 32438 6837
10066 2 11010 20165
10067 3 5393 8486 38509
10068 2 27237 33538
10069 2 30518 31417
10070 2 35092 30964
10071 0
10072 1 47549
10073 1 31254
10074 2 9561 28906
10075 5 46286 31775 68 35580 7222
10076 2 18968 48518
10077 2 16241 2467
10078 1 29654
10079 2 3734 1067
10080 2 41825 8042
10081 1 38792
10082 3 48862 41610 43141
10083 1 43074
10084 1 37440
10085 4 37891 4036 13444 24967
10086 2 26294 38423
10087 3 23259 7985 11644
10088 2 45321 15918
10089 1 23209
10090 0
10091 3 8517 37800 17620
10092 3 37299 20804 34041
10093 2 31344 49083
10094 0
10095 2 5149 39917
10096 2 43819 9893
10097 2 44989 15747
10098 2 14887 45507
10099 3 33845 18635 3901
10100 2 10376 19835
10101 1 20766
10102 2 30780 32136
10103 2 4900 44000
10104 4 22158 3994 4945 20916
10105 2 36712 5522
10106 2 28828 33679
10107 5 41285 45694 36628 34626 21586
10108 2 5851 28821
10109 2 29428 10387
10110 0
10111 1 48421
10112 5 35064 29085 43793 25657 13256
10113 3 34719 17565 1397
10114 5 31815 33969 21090 18815 4130
10115 0
10116 0
10117 3 6407 33353 34943
10118 2 19462 3407
10119 0
10120 1 31704
10121 2 45069 48292
10122 4 8210 29672 31852 43950
10123 1 47216
10124 0
10125 4 28725 47136 12117 41024
10126 1 350
10127 3 47144 21279 6135
10128 1 48922
10129 3 16258 18238 13970
10130 2 21220 25240
10131 2 30136 35642
10132 3 10387 8395 11792
10133 3 13178 8879 48602
10134 5 3698 25310 40175 16324 31281
10135 0
10136 0
10137 1 5288
10138 2 14352 9398
10139 3 45768 40911 18250
10140 4 42678 27540 38348 41908
10141 1 13819
10142 0
10143 3 6409 39114 46648
10144 2 22469 11591
10145 3 29861 24724 38885
10146 0
10147 4 35618 19629 29 20726
10148 0
10149 3 48373 10973 5480
10150 3 1987 10260 37091
10151 2 48860 32038
10152 3 23494 45204 27341
10153 3 1456 29128 22768
10154 1 13855
10155 1 36552
10156 2 41336 11846
10157 0
10158 0
10159 2 46028 40902
10160 2 19075 27310
10161 2 6734 41280
10162 3 7634 11128 8526
10163 1 2560
10164 1 15016
10165 1 6368
10166 2 17327 10548
10167 3 46379 44403 44455
10168 3 43339 19433 14807
10169 4 16341 36466 35062 21932
10170 4 40056 936 9795 45695
10171 2 48457 36327
10172 4 20620 20494 40351 12367
10173 1 29121
10174 1 3711
10175 2 45995 12594
10176 7 28236 48793 35875 10091 17933 2128 48973
10177 1 21491
10178 5 4966 42131 44003 39998 39981
10179 0
10180 4 17268 24230 18227 37281
10181 4 1929 36016 26244 38670
10182 3 10913 925 14607
10183 6 48686 44147 3034 3945 37048 12072
10184 3 30026 3999 15919
10185 1 26164
10186 3 15309 33359 21648
10187 3 48951 11607 26583
10188 1 3549
10189 3 41069 29992 17376
10190 3 18048 5879 30070
10191 1 3436
10192 2 47028 103
10193 0
10194 2 11543 6511
10195 1 5354
10196 1 17854
10197 2 23570 24202
10198 1 26269
10199 2 15350 20029
10200 4 26886 1792 45838 17480
10201 0
10202 2 25462 28594
10203 1 20268
10204 4 19388 21156 14617 37001
10205 0
10206 1 1004
10207 3 30250 20605 1749
10208 1 38173
10209 0
10210 2 21952 40942
10211 2 49617 2145
10212 3 28870 34571 2166
10213 2 32231 36325
10214 5 11388 35393 22280 17920 8987
10215 2 2629 33664
10216 3 31691 14733 22862
10217 2 20540 45284
10218 2 19489 25117
10219 3 2960 23705 45727
10220 2 29031 26859
10221 1 43640
10222 0
10223 1 32983
10224 1 46652
10225 2 11084 663
10226 1 25036
10227 2 35628 2061
10228 1 46344
10229 3 15832 20656 21287
10230 5 19080 2579 31238 34660 9389
10231 3 3684 15788 29709
10232 3 13474 22418 30026
10233 0
10234 2 28045 22802
10235 4 37610 20876 7654 43495
10236 2 30513 23096
10237 2 24554 4094
10238 0
10239 1 41407
10240 2 26235 23482
10241 0
10242 4 5627 16495 18625 8430
10243 4 8010 42516 32053 21601
10244 3 30149 7187 47694
10245 1 45532
10246 2 5750 21499
10247 2 14642 21104
10248 2 48123 5680
10249 0
10250 0
10251 1 46056
10252 0
10253 4 17768 45210 21054 44415
10254 3 47786 16117 6330
10255 1 6313
10256 4 25416 13911 14628 8050
10257 1 15154
10258 4 15666 28463 8467 3531
10259 1 4408
10260 4 1374 48688 21429 27453
10261 2 17660 27571
10262 2 29104 4412
10263 2 49968 16957
10264 4 5605 43191 36792 7019
10265 3 47748 26342 36880
10266 0
10267 1 43164
10268 3 20695 28426 42024
10269 3 40767 13408 9271
10270 1 10082
10271 1 33078
10272 4 44453 38263 11209 2872
10273 1 11958
10274 3 48458 1480 19788
10275 4 42963 11847 23915 16116
10276 1 2106
10277 1 4097
10278 5 45340 1368 35023 16180 9645
10279 1 35149
10280 3 39692 35875 33728
10281 3 40524 20373 11766
10282 0
10283 1 29543
10284 3 6089 46429 9063
10285 4 3294 23700 31836 46694
10286 2 774 38632
10287 1 30517
10288 3 9045 27488 7992
10289 2 10924 13314
10290 3 8181 20932 16682
10291 1 6980
10292 1 21241
10293 1 43818
10294 2 46676 23889
10295 2 25031 9411
10296 1 16326
10297 3 45777 13757 8019
10298 3 45337 29015 19996
10299 2 23587 4362
10300 3 43312 37586 27095
10301 3 24653 37577 18037
10302 1 16718
10303 1 33982
10304 0
10305 1 38102
10306 1 11273
10307 2 44138 35268
10308 2 35340 18289
10309 2 33116 43106
10310 2 48645 8878
10311 4 32622 22556 33042 40188
10312 0
10313 1 49869
10314 1 30924
10315 5 31570 21957 7089 20427 13450
10316 1 21088
10317 1 48782
10318 1 13429
10319 5 870 46174 47894 23345 25911
10320 3 37516 4127 47454
10321 1 36676
10322 2 12863 11393
10323 1 20364
10324 2 16527 9248
10325 1 28982
10326 5 48564 15573 3094 7533 30491
10327 2 36639 29353
10328 2 11436 43089
10329 3 30137 35439 14537
10330 3 3097 20995 28626
10331 1 17719
10332 2 28451 36929
10333 2 19565 30173
10334 3 34456 3142 24774
10335 3 42320 42342 29475
10336 3 16259 39971 29905
10337 1 33137
10338 1 49770
10339 4 16326 43325 35868 621
10340 4 16030 31134 7113 40640
10341 3 22652 39110 392
10342 2 36771 33162
10343 1 8394
10344 3 31275 5110 9021
10345 4 45798 26560 44357 26264
10346 0
10347 0
10348 3 27918 43163 44727
10349 2 30978 11563
10350 2 22162 37639
10351 1 11699
10352 3 31422 21249 8006
10353 2 21648 17909
10354 1 21837
10355 1 31968
10356 0
10357 2 17668 41095
10358 2 18815 3195
10359 6 16758 39289 31849 44388 14104 21359
10360 1 13983
10361 3 28315 35524 35317
10362 2 20578 17798
10363 1 13813
10364 1 48642
10365 1 21646
10366 1 5198
10367 0
10368 3 41589 33455 48406
10369 0
10370 3 29016 48555 10303
10371 2 30449 27559
10372 1 8139
10373 1 43934
10374 1 24171
10375 2 3356 8524
10376 0
10377 0
10378 0
10379 2 45785 5980
10380 2 28360 33869
10381 2 37981 47710
10382 0
10383 0
10384 2 22097 6664
10385 3 38964 38745 12040
10386 4 22002 42787 12508 30612
10387 3 8943 30341 38408
10388 1 18268
10389 4 28683 14041 3162 31018
10390 0
10391 4 19270 45357 47266 1597
10392 3 29820 37764 48578
10393 2 11231 29177
10394 4 7143 43866 8672 49413
10395 1 44284
10396 5 47707 318 42577 719 34711
10397 3 6907 44406 31815
10398 7 17514 8097 15296 45768 15024 49821 38224
10399 3 21271 23234 35154
10400 3 15166 30110 15719
10401 3 44504 30585 42349
10402 4 33280 10210 35450 14197
10403 0
10404 4 34301 4269 5537 24008
10405 3 1156 10280 10913
10406 2 47718 38172
10407 4 32404 40590 49579 21588
10408 2 23004 3149
10409 4 41553 23085 44836 10662
10410 4 9937 11107 20174 43821
10411 5 24336 31439 16925 24141 26169
10412 1 15966
10413 1 24177
10414 2 15029 6724
10415 2 28578 2496
10416 2 17116 44812
10417 0
10418 2 15366 25967
10419 0
10420 1 25606
10421 1 24286
10422 4 29992 36146 36073 34779
10423 2 31072 41886
10424 1 13192
10425 0
10426 1 45834
10427 3 13545 14223 13667
10428 1 2970
10429 2 7694 13291
10430 2 33427 4848
10431 2 12855 12042
10432 3 11550 34179 26880
10433 0
10434 6 41202 44527 43333 19824 19943 1790
10435 1 2308
10436 3 45136 10252 7348
10437 0
10438 1 16657
10439 0
10440 1 431
10441 2 33164 7846
10442 2 46248 12159
10443 5 49309 40967 12630 15261 47438
10444 2 24746 10135
10445 2 24533 18993
10446 0
10447 5 2311 36811 3319 29471 3994
10448 0
10449 1 16032
10450 0
10451 1 32864
10452 4 19054 40543 24191 44572
10453 0
10454 0
10455 0
10456 1 25110
10457 2 41996 36167
10458 3 3430 36348 36899
10459 1 25595
10460 4 44265 3033 12192 7130
10461 3 21249 45466 38210
10462 1 31353
10463 3 25909 2538 47412
10464 2 30569 44989
10465 2 558 42942
10466 2 37572 48711
10467 2 5253 13303
10468 4 25779 27819 33570 21659
10469 3 46547 27386 46962
10470 2 36106 3162
10471 1 8517
10472 0
10473 6 41558 15502 21673 11380 22066 34946
10474 3 22748 25079 14784
10475 3 11445 31290 10321
10476 2 39954 49409
10477 1 18196
10478 1 2064
10479 2 16474 2480
10480 0
10481 2 17233 44686
10482 3 2873 35476 23738
10483 2 9303 20588
10484 1 42899
10485 2 11861 33021
10486 0
10487 2 40567 35770
10488 0
10489 1 24376
10490 0
10491 3 45366 42212 45452
10492 2 33446 24118
10493 5 45915 11292 30018 4965 29093
10494 2 49408 18012
10495 1 30686
10496 1 18164
10497 1 35424
10498 2 47059 24204
10499 1 11969
10500 3 39750 15085 43590
10501 1 24911
10502 1 45018
10503 1 24874
10504 2 17456 22634
10505 0
10506 2 6166 6698
10507 3 21852 25261 32212
10508 2 42252 2553
10509 1 22770
10510 1 11947
10511 1 20176
10512 2 7738 38428
10513 0
10514 2 16547 49582
10515 0
10516 3 19899 13422 41050
10517 1 32878
10518 3 48117 42608 19840
10519 2 36975 25235
10520 0
10521 2 36752 46679
10522 2 42803 23633
10523 5 39111 41336 17213 49384 34781
10524 2 20609 10852
10525 1 22154
10526 2 21085 35109
10527 1 22684
10528 3 41567 33472 13932
10529 2 6730 11488
10530 2 40997 43414
10531 1 27519
10532 0
10533 1 31836
10534 0
10535 3 24202 47028 12104
10536 0
10537 2 36050 49755
10538 4 3990 42889 34260 15435
10539 0
10540 1 321
10541 4 24770 20515 44648 28041
10542 1 38948
10543 3 29244 25580 34773
10544 5 43472 10816 28331 46244 14677
10545 2 33213 32105
10546 0
10547 4 46576 2114 41340 6637
10548 4 711 26134 47311 9126
10549 1 7339
10550 0
10551 2 46874 6664
10552 4 15666 42163 41073 29022
10553 2 32185 21126
10554 2 14289 42608
10555 1 26153
10556 3 17375 24882 14386
10557 3 6048 26909 1068
10558 2 41446 45339
10559 1 17194
10560 1 18311
10561 1 27521
10562 4 36766 11083 46714 44572
10563 2 1754 31907
10564 1 35332
10565 1 26828
10566 1 18311
10567 3 33914 26590 12134
10568 3 6456 15216 8058
10569 5 39526 27651 18052 42117 13434
10570 4 2656 1628 99 47738
10571 2 5075 26217
10572 1 25705
10573 0
10574 3 2720 42827 38396
10575 3 29721 28586 11574
10576 1 15989
10577 2 7130 3041
10578 2 21746 15683
10579 1 29305
10580 3 12773 18037 31812
10581 3 6389 13991 11345
10582 2 16134 4733
10583 0
10584 0
10585 3 14857 44568 7328
10586 2 44406 23031
10587 2 19186 43309
10588 1 27287
10589 3 46080 17842 40008
10590 0
10591 2 19068 48517
10592 4 25356 36851 2981 44244
10593 1 36605
10594 0
10595 1 28443
10596 1 37823
10597 1 2017
10598 2 27812 35770
10599 1 36489
10600 0
10601 1 3621
10602 5 26016 20988 1495 43975 22264
10603 5 46327 7334 27169 39905 5539
10604 4 12431 37772 4179 31546
10605 1 25427
10606 0
10607 1 43975
10608 1 20547
10609 0
10610 2 10184 35534
10611 4 43672 34014 45516 40443
10612 3 16005 11424 13331
10613 2 11773 39672
10614 1 15358
10615 1 35594
10616 1 47766
10617 1 7634
10618 1 11878
10619 2 45401 41529
10620 3 2500 18403 1755
10621 1 39716
10622 2 39068 29032
10623 2 38057 21915
10624 4 12108 11184 44306 48459
10625 2 3692 30363
10626 3 36714 49627 21734
10627 2 44967 6465
10628 3 15067 4114 9087
10629 1 43042
10630 1 42964
10631 1 49800
10632 1 34878
10633 0
10634 5 42735 23789 2801 8894 24343
10635 5 18821 461 49960 44790 49874
10636 2 12933 49301
10637 1 37738
10638 1 1589
10639 1 44370
10640 1 42902
10641 4 39744 24428 7828 4111
10642 6 30134 16994 45942 4031 30694 43237
10643 1 47658
10644 1 43069
10645 0
10646 0
10647 1 34524
10648 3 40084 18845 30429
10649 3 14248 19448 30656
10650 3 33493 1563 41679
10651 1 32700
10652 2 14883 37986
10653 1 40430
10654 2 7263 40136
10655 2 807 1601
10656 2 46761 9533
10657 3 32467 44397 4193
10658 0
10659 1 21520
10660 5 33324 23813 14985 15258 2051
10661 2 15072 48978
10662 2 28729 44522
10663 2 46046 40106
10664 5 6419 45999 515 2285 35631
10665 0
10666 4 19685 34221 9293 49250
10667 1 46016
10668 1 3156
10669 2 49983 5617
10670 2 26065 4553
10671 2 20997 20077
10672 0
10673 0
10674 1 46446
10675 2 17185 6211
10676 3 2721 24847 14575
10677 5 116 33403 1957 26541 17779
10678 1 16345
10679 4 14422 20736 48598 33721
10680 2 13210 622
10681 0
10682 4 42918 25 36320 40255
10683 2 3584 10403
10684 1 26094
10685 1 1345
10686 1 15016
10687 2 34765 13231
10688 2 3727 24643
10689 5 40788 2460 15926 46584 11029
10690 3 32466 39241 2185
10691 1 9454
10692 2 14630 49834
10693 3 34675 48932 7715
10694 4 1441 26121 29446 16120
10695 0
10696 4 17167 41776 12979 2683
10697 1 32478
10698 2 45930 14316
10699 6 41268 34637 43771 43639 4888 14909
10700 1 1844
10701 0
10702 1 37155
10703 1 3141
10704 1 738
10705 2 9424 1249
10706 1 46875
10707 2 36299 24588
10708 1 37452
10709 2 33523 15918
10710 2 46235 27041
10711 2 24168 23697
10712 3 42859 48196 3024
10713 4 6198 19345 6004 32551
10714 1 14161
10715 3 33922 40517 11164
10716 2 42582 22664
10717 1 39303
10718 0
10719 2 7189 2857
10720 3 42509 46199 19267
10721 2 31189 4697
10722 4 27867 6452 46817 47473
10723 1 10607
10724 4 713 3689 18518 14185
10725 0
10726 5 40322 6021 13739 847 38112
10727 3 26225 6958 6733
10728 3 4941 17214 40010
10729 3 49501 36564 42354
10730 2 48206 49315
10731 1 24480
10732 0
10733 1 1600
10734 1 27844
10735 2 40686 9879
10736 2 26555 9453
10737 3 25744 45266 34705
10738 2 16982 8598
10739 1 33663
10740 2 5603 6408
10741 0
10742 2 11998 42939
10743 6 1391 28275 13573 18769 5703 10013
10744 4 32868 7628 14736 36587
10745 3 7983 17248 16768
10746 4 30561 10609 43886 7980
10747 4 20082 43159 39306 2467
10748 1 8699
10749 1 3090
10750 2 28828 8877
10751 1 31954
10752 1 3360
10753 3 45213 21602 41223
10754 4 29447 645 7627 27160
10755 3 5882 39193 39428
10756 2 26582 26319
10757 1 6929
10758 1 48961
10759 1 36745
10760 2 26601 18514
10761 2 45357 46125
10762 3 4325 16401 14828
10763 4 32357 17209 3224 26150
10764 2 10324 6690
10765 2 11354 17677
10766 2 1312 2224
10767 0
10768 2 47220 45305
10769 1 37415
10770 0
10771 1 40628
10772 2 37642 27132
10773 3 10534 12266 21499
10774 2 12114 40021
10775 6 19670 31019 31419 33631 14091 6518
10776 3 9901 11992 23595
10777 4 6510 47336 31656 1177
10778 3 11047 45027 17792
10779 1 12157
10780 0
10781 1 27902
10782 4 35382 46838 46040 31081
10783 3 8151 4433 13378
10784 6 19141 46717 37021 29675 34320 37262
10785 3 46714 28666 35843
10786 2 19560 6229
10787 5 21300 9752 22440 38957 30161
10788 1 46201
10789 0
10790 1 25043
10791 1 10148
10792 2 1525 26400
10793 2 20365 26629
10794 3 42913 36765 12357
10795 3 7340 26154 16317
10796 1 22955
10797 0
10798 2 26074 3397
10799 2 5851 36191
10800 1 37223
10801 1 30460
10802 3 45481 25310 47271
10803 1 42010
10804 2 30826 13508
10805 3 33369 4958 16704
10806 1 7118
10807 1 33968
10808 3 10203 10651 6974
10809 3 40102 33662 4173
10810 1 6675
10811 5 31764 29994 43421 33599 41594
10812 3 33880 888 13362
10813 1 29430
10814 4 23680 16644 34421 20050
10815 0
10816 0
10817 3 25103 45164 29577
10818 3 31509 17768 31822
10819 4 22245 2345 33138 45901
10820 2 14412 23308
10821 2 21123 22873
10822 1 6365
10823 1 43629
10824 4 37756 5213 13292 25166
10825 2 23879 17757
10826 1 46892
10827 2 23829 3829
10828 1 2245
10829 1 32475
10830 0
10831 2 32882 45541
10832 1 4050
10833 3 25901 41000 43944
10834 1 936
10835 1 18300
10836 5 2937 4357 7062 38419 42584
10837 0
10838 3 35066 37295 5764
10839 0
10840 0
10841 0
10842 2 10276 25894
10843 1 24181
10844 2 33312 22617
10845 1 7708
10846 1 13038
10847 3 10716 33782 30489
10848 1 28229
10849 2 8000 39493
10850 2 25779 21469
10851 2 10998 28815
10852 2 22479 43977
10853 3 1310 25618 7617
10854 3 26046 22219 27860
10855 1 24542
10856 2 36127 10471
10857 1 5049
10858 1 33056
10859 3 7579 40663 23067
10860 3 38940 34774 11859
10861 4 29060 29916 46606 10793
10862 0
10863 0
10864 0
10865 2 41968 44280
10866 1 10492
10867 2 1128 14540
10868 5 12172 14990 39668 5780 40829
10869 2 17178 46315
10870 5 36890 10976 40253 35062 24630
10871 2 7624 27792
10872 4 32606 21203 7370 8975
10873 2 7250 12458
10874 6 1896 29162 11438 2173 25693 34403
10875 1 47378
10876 0
10877 3 33562 39511 19341
10878 6 41060 24646 35573 35949 18716 37146
10879 2 47061 22496
10880 1 32447
10881 2 9440 46724
10882 2 47189 12596
10883 2 4529 49723
10884 2 49610 13638
10885 1 10445
10886 0
10887 3 48225 16895 42725
10888 0
10889 4 48624 4346 7011 12592
10890 1 13761
10891 2 5404 16160
10892 2 44984 21391
10893 2 4226 31815
10894 1 22835
10895 1 21958
10896 1 33430
10897 0
10898 2 16654 14098
10899 0
10900 0
10901 2 28869 17546
10902 2 29675 38281
10903 0
10904 4 14016 30342 47186 15508
10905 0
10906 1 38201
10907 3 47808 46379 37350
10908 0
10909 2 38985 25109
10910 0
10911 1 35108
10912 3 2204 27881 12548
10913 4 9381 42478 20554 14546
10914 1 23063
10915 3 21181 20203 28068
10916 0
10917 5 22702 38673 15001 30164 15906
10918 1 26429
10919 1 37860
10920 3 47246 44949 25486
10921 2 37203 45749
10922 3 41297 31369 9748
10923 4 11746 49319 33878 26902
10924 0
10925 3 31941 7665 23614
10926 4 30796 30694 5788 44602
10927 3 41082 30059 16201
10928 4 6387 35894 47488 26637
10929 2 37699 11489
10930 3 19007 34684 27915
10931 3 42332 22510 26686
10932 2 22001 43050
10933 0
10934 1 28748
10935 1 13632
10936 1 341
10937 4 21328 15868 41999 25724
10938 0
10939 1 7928
10940 3 37065 1612 30158
10941 1 14430
10942 0
10943 0
10944 2 17935 39726
10945 2 47448 6304
10946 1 34394
10947 2 4305 43203
10948 2 8336 21182
10949 2 44955 5099
10950 1 43559
10951 0
10952 1 18572
10953 1 5663
10954 4 30529 2546 31332 38058
10955 1 35327
10956 3 40350 35407 27809
10957 3 21801 35892 2873
10958 1 14901
10959 1 23048
10960 3 4657 9363 6190
10961 3 40483 43047 41808
10962 2 30935 400
10963 1 46906
10964 2 33707 30076
10965 2 22438 23249
10966 0
10967 3 439 20535 33574
10968 3 7107 20835 18320
10969 1 19625
10970 5 43103 12638 12771 9428 6581
10971 5 10278 24128 41158 45786 11242
10972 2 20036 1395
10973 1 23004
10974 2 2985 24323
10975 2 18098 20120
10976 1 40400
10977 2 36763 35701
10978 0
10979 1 45222
10980 1 43584
10981 0
10982 1 30619
10983 3 11477 33763 27639
10984 1 45754
10985 6 46272 25806 43153 3176 33757 14433
10986 5 48243 25639 46602 13234 16475
10987 3 10732 42317 4752
10988 0
10989 3 28671 31273 8413
10990 1 27306
10991 2 39063 13769
10992 4 44127 49225 38051 46949
10993 1 16310
10994 2 29955 13010
10995 2 44659 34898
10996 1 39061
10997 3 38451 21450 25724
10998 2 38140 22492
10999 1 47808
11000 2 10633 24885
11001 3 38049 3224 5507
11002 3 31863 21160 26203
11003 1 19473
11004 2 4978 37968
11005 3 36858 41520 23739
11006 1 12306
11007 3 35769 43699 46853
11008 4 41154 32945 12866 2290
11009 2 26302 14623
11010 3 18449 22535 29612
11011 1 49847
11012 2 41664 17746
11013 1 18788
11014 0
11015 0
11016 2 1912 43385
11017 1 15922
11018 2 30678 8752
11019 3 35249 23168 4886
11020 4 10503 48936 44804 38923
11021 1 803
11022 2 16250 23315
11023 1 14846
11024 2 15885 27148
11025 1 29673
11026 2 31441 47762
11027 2 34852 33960
11028 3 12468 5969 42508
11029 2 43119 6412
11030 2 29944 27658
11031 4 31418 27084 44142 40426
11032 5 7165 49862 47877 10496 10475
11033 1 5649
11034 2 9735 22293
11035 0
11036 2 30534 766
11037 1 43199
11038 1 1355
11039 2 4634 2961
11040 1 26771
11041 2 29983 1663
11042 3 18377 22533 29292
11043 1 42728
11044 2 46000 11582
11045 3 42220 18914 17604
11046 1 32216
11047 2 6290 16286
11048 0
11049 2 4668 15626
11050 2 18765 8148
11051 1 41895
11052 3 21153 5563 15294
11053 1 34452
11054 4 8461 10859 2724 15364
11055 4 18118 12363 33767 325
11056 0
11057 0
11058 2 12682 10155
11059 1 11683
11060 0
11061 3 27512 47845 6984
11062 5 4009 49617 26674 14913 42733
11063 3 24944 36917 30335
11064 3 10655 33579 3295
11065 3 16465 11074 31860
11066 3 12881 30686 10019
11067 0
11068 5 48556 27405 11558 2880 40443
11069 0
11070 0
11071 1 7570
11072 2 14 48946
11073 2 11857 30534
11074 1 46830
11075 1 43977
11076 2 46457 6429
11077 1 41546
11078 2 39528 16688
11079 1 12022
11080 2 48045 39278
11081 5 17323 28014 13408 22948 28103
11082 4 27073 6188 37656 30254
11083 1 31721
11084 0
11085 1 31170
11086 0
11087 2 16898 19803
11088 1 11880
11089 3 47645 29598 7815
11090 1 43057
11091 1 27361
11092 2 42883 17076
11093 0
11094 1 12095
11095 3 41153 17388 22117
11096 6 36790 33765 17847 43103 21502 14186
11097 2 15706 44633
11098 3 11576 40049 37363
11099 3 11928 14371 36310
11100 3 39800 29940 24587
11101 0
11102 1 11084
11103 1 34821
11104 1 32479
11105 1 38502
11106 3 19434 16825 6693
11107 0
11108 1 6450
11109 3 1638 41248 45840
11110 5 12110 28683 27464 32810 17673
11111 1 37205
11112 0
11113 2 12720 10084
11114 2 35370 21040
11115 3 13799 45049 13270
11116 0
11117 0
11118 1 29448
11119 1 49505
11120 2 30620 42827
11121 1 46603
11122 1 4165
11123 1 33302
11124 1 511
11125 2 26628 23322
11126 1 21253
11127 3 22852 41870 15392
11128 1 32604
11129 1 42231
11130 2 30097 46019
11131 4 21003 41610 25657 8876
11132 1 11256
11133 2 28586 21944
11134 0
11135 2 16791 31127
11136 3 26744 2532 11510
11137 0
11138 2 11853 26622
11139 0
11140 2 32505 11658
11141 0
11142 1 28477
11143 3 29420 38871 29442
11144 2 34842 46516
11145 1 45854
11146 2 32529 4448
11147 3 9151 18770 42807
11148 0
11149 2 48083 40394
11150 4 21329 2294 16858 15756
11151 4 16458 6407 35155 14684
11152 2 39689 38587
11153 1 21061
11154 2 16114 36048
11155 2 34987 29081
11156 2 9649 40555
11157 0
11158 3 8503 26848 14506
11159 1 41980
11160 5 31023 35066 38378 16325 41458
11161 2 4485 5124
11162 1 36398
11163 3 5451 43014 23984
11164 2 44319 36261
11165 2 17150 34237
11166 4 30349 39140 12223 30290
11167 1 23012
11168 1 41713
11169 1 11777
11170 1 43452
11171 2 37322 45582
11172 0
11173 1 30998
11174 2 38446 39399
11175 2 10295 1728
11176 1 618
11177 1 18890
11178 3 42246 32829 35513
11179 0
11180 1 40203
11181 3 20028 48867 32057
11182 3 20696 11641 11896
11183 0
11184 2 22999 41674
11185 2 49110 23550
11186 2 36940 26767
11187 2 49728 5752
11188 3 45321 49661 13289
11189 2 40064 43876
11190 3 5475 41609 7116
11191 1 9491
11192 1 23651
11193 1 26255
11194 2 21402 36618
11195 3 46973 10488 46897
11196 2 16357 37583
11197 3 4830 19605 34646
11198 4 713 3566 11330 45633
11199 4 19688 3566 21059 23017
11200 0
11201 3 36860 42314 29183
11202 1 24382
11203 3 8237 14511 7190
11204 3 37335 40545 38684
11205 0
11206 2 32672 37249
11207 0
11208 0
11209 6 17735 13666 28906 8507 22409 42738
11210 3 29489 21454 31329
11211 5 23626 13881 4271 4686 28459
11212 4 46656 11555 29873 18622
11213 1 39320
11214 3 29587 37218 3520
11215 3 41457 135 40233
11216 2 34525 24574
11217 2 292 10504
11218 2 34590 47907
11219 2 13967 16141
11220 1 22760
11221 3 32700 21512 27418
11222 2 35575 21329
11223 0
11224 2 45891 5175
11225 1 21747
11226 4 17356 10041 7307 46735
11227 4 44710 19967 3477 48337
11228 3 14312 26180 10693
11229 0
11230 7 31340 21211 38470 48163 13525 5097 961
11231 4 16352 16589 32568 38805
11232 2 32067 26461
11233 2 25396 25565
11234 5 14171 24685 28155 27614 11828
11235 4 38493 38209 42303 16451
11236 6 41323 15246 7007 29576 33122 6394
11237 3 29556 37770 37147
11238 2 46174 24872
11239 1 20652
11240 1 25624
11241 0
11242 1 8218
11243 3 3502 38194 28896
11244 1 16222
11245 3 19233 15254 7773
11246 0
11247 2 49420 16453
11248 1 37996
11249 3 3935 28345 6767
11250 0
11251 2 34271 38471
11252 3 18834 19353 32833
11253 5 2326 4074 45556 39326 1441
11254 1 31492
11255 1 47104
11256 5 30852 26770 21066 6021 48106
11257 0
11258 0
11259 1 18290
11260 5 31352 15530 31732 11209 18309
11261 1 44111
11262 2 12927 13500
11263 2 39776 47556
11264 0
11265 1 25631
11266 5 14707 20653 22703 11322 48197
11267 1 204
11268 0
11269 1 43167
11270 1 7151
11271 2 35827 47057
11272 4 23011 33977 18445 1625
11273 1 1267
11274 0
11275 2 3529 37292
11276 1 8677
11277 1 30277
11278 2 40475 16743
11279 3 8635 42904 2245
11280 1 48123
11281 2 1245 19615
11282 2 4354 39734
11283 1 45269
11284 7 13801 36180 39853 3929 31559 17212 24319
11285 0
11286 3 7273 20955 34266
11287 3 32248 2199 23170
11288 2 42637 36020
11289 5 7818 22285 37045 12967 33342
11290 0
11291 1 17723
11292 2 2163 39180
11293 2 15305 13005
11294 3 47118 41167 33474
11295 2 1965 17044
11296 2 40030 22187
11297 2 46892 10730
11298 0
11299 3 25679 43910 18875
11300 1 15437
11301 1 3829
11302 2 30848 1241
11303 1 18445
11304 1 29331
11305 0
11306 1 10678
11307 4 28395 5795 44254 2243
11308 1 13178
11309 4 34079 25195 36833 41244
11310 1 40319
11311 0
11312 4 32836 31560 36894 23396
11313 1 3704
11314 2 39287 22115
11315 2 31797 20787
11316 3 4468 27845 14629
11317 2 42541 27258
11318 4 49596 32327 30868 37631
11319 2 16572 7950
11320 3 32785 34168 45671
11321 1 16270
11322 1 13149
11323 4 29926 5195 10069 4288
11324 1 26886
11325 7 48925 8745 22780 36151 30162 29006 10428
11326 2 29871 33726
11327 2 41044 42512
11328 2 14807 15208
11329 2 29263 25213
11330 3 5780 35833 34815
11331 3 43516 16754 40655
11332 3 8038 3626 31322
11333 4 19168 7307 34446 2245
11334 6 4947 34213 7618 15650 43437 4096
11335 6 36966 21444 22947 49770 19569 9778
11336 2 33145 22204
11337 5 26014 2749 21424 23590 20236
11338 1 5520
11339 4 36506 31297 19373 27727
11340 2 25086 9681
11341 0
11342 0
11343 3 39197 31113 19758
11344 1 2271
11345 2 49830 192
11346 2 26485 8069
11347 2 19413 38270
11348 3 19919 46895 16496
11349 1 47361
11350 5 6833 30334 5107 40486 9229
11351 2 27506 33842
11352 3 27558 44629 23862
11353 5 13342 295 41005 35514 49480
11354 2 25846 34292
11355 4 26950 26350 22854 19340
11356 4 41028 18047 14096 7147
11357 2 35942 9338
11358 1 44983
11359 1 34859
11360 2 16336 7164
11361 2 34217 36106
11362 0
11363 0
11364 1 29926
11365 2 18284 37751
11366 1 42620
11367 2 39970 34267
11368 1 1134
11369 1 24031
11370 2 37277 45923
11371 2 18834 42369
11372 2 15937 33656
11373 0
11374 2 26236 6136
11375 3 28893 39235 18935
11376 2 3397 21562
11377 2 3677 24195
11378 4 19226 30534 28685 37501
11379 1 6824
11380 1 19047
11381 1 38484
11382 1 14982
11383 2 29277 48238
11384 4 25636 22137 49610 28915
11385 1 46114
11386 0
11387 2 48243 5726
11388 1 43839
11389 1 6821
11390 1 47294
11391 2 47897 28594
11392 3 7443 31417 34914
11393 1 36124
11394 1 15643
11395 4 7793 48780 15662 49900
11396 2 3656 1843
11397 2 34311 46563
11398 5 3129 44006 45754 42001 3547
11399 4 18474 11334 25708 27930
11400 1 15260
11401 2 20986 12469
11402 3 18704 24545 39581
11403 5 14152 11750 39673 8239 31334
11404 0
11405 2 9019 28976
11406 2 4822 14720
11407 3 47919 4121 12906
11408 3 160 8199 46627
11409 3 17105 21996 27766
11410 0
11411 2 10239 23779
11412 2 16821 35437
11413 0
11414 1 9445
11415 3 14946 34648 37275
11416 0
11417 4 49290 33623 178 3946
11418 3 14283 16427 6587
11419 2 22582 18690
11420 2 15281 17154
11421 1 17238
11422 5 42035 24866 17713 23297 43432
11423 2 2626 23992
11424 5 13991 25489 4936 39715 41609
11425 3 17150 10210 31070
11426 2 34885 36155
11427 7 22401 30483 12323 29344 30735 44637 9919
11428 1 22880
11429 2 27960 6666
11430 3 39964 2677 25222
11431 4 4881 12429 17994 1943
11432 6 6183 44219 25498 44319 30253 5378
11433 2 1442 49279
11434 2 5505 20314
11435 4 18426 20458 17984 1276
11436 6 6160 16020 19377 20289 32286 854
11437 3 34395 30926 22539
11438 1 46581
11439 3 3011 13732 26336
11440 2 24105 26011
11441 4 25172 43181 19716 16958
11442 1 25031
11443 0
11444 3 10884 23243 14271
11445 3 8849 6578 10790
11446 3 48392 15002 1934
11447 2 16045 34108
11448 2 10750 45223
11449 1 35161
11450 3 8636 38326 47895
11451 3 41842 36541 32873
11452 2 13877 14287
11453 0
11454 0
11455 0
11456 1 28325
11457 3 16498 20042 44205
11458 2 25047 41273
11459 1 24515
11460 2 13446 1859
11461 0
11462 1 10326
11463 1 42946
11464 1 36682
11465 4 28258 26716 10929 30886
11466 3 46880 24988 12162
11467 1 30201
11468 1 42456
11469 2 37846 33675
11470 4 47308 660 28868 8603
11471 1 28966
11472 5 27489 29234 15732 45357 31532
11473 4 17971 21687 11173 8785
11474 1 36155
11475 4 37675 11012 8602 34790
11476 2 24604 45568
11477 2 49188 40964
11478 2 16629 2466
11479 0
11480 2 30959 37937
11481 2 48620 10013
11482 2 42368 23997
11483 0
11484 0
11485 1 35360
11486 2 12820 4320
11487 1 20980
11488 0
11489 0
11490 2 25522 1185
11491 4 11882 31887 19920 44230
11492 1 45213
11493 0
11494 1 18828
11495 1 15722
11496 0
11497 2 1775 13821
11498 1 26451
11499 2 7991 24439
11500 2 25288 31387
11501 1 37199
11502 4 24975 45560 15588 35626
11503 3 19032 7565 8185
11504 3 34000 48308 11704
11505 2 48552 34991
11506 0
11507 2 3610 39655
11508 2 17558 29668
11509 0
11510 1 32798
11511 1 33296
11512 3 36140 39858 30793
11513 4 24085 21004 1034 40741
11514 1 46072
11515 1 41826
11516 2 13288 26685
11517 3 25044 4149 30067
11518 3 43495 37269 2031
11519 3 31850 3214 36749
11520 1 27124
11521 3 16579 4109 31219
11522 2 4375 4860
11523 1 27897
11524 2 11299 4574
11525 0
11526 3 12971 35122 48313
11527 1 1379
11528 2 18987 5031
11529 1 41437
11530 2 11909 49316
11531 0
11532 2 49536 37525
11533 3 45158 12535 40732
11534 1 7815
11535 0
11536 1 2270
11537 0
11538 3 26427 49914 27374
11539 2 25852 46570
11540 1 21424
11541 2 6561 26389
11542 2 20926 22870
11543 2 35167 6326
11544 1 23030
11545 3 1506 41375 15208
11546 1 31788
11547 1 19812
11548 1 45394
11549 1 24467
11550 2 28079 38951
11551 2 43775 11116
11552 4 1021 26726 14874 23408
11553 0
11554 2 40573 34911
11555 1 7932
11556 6 22915 36599 1101 19627 28257 49770
11557 2 42912 30811
11558 1 18089
11559 2 24376 49889
11560 1 38063
11561 4 718 29470 36803 9315
11562 3 44649 12229 16639
11563 2 45585 18494
11564 6 19359 20280 14394 16409 13262 38228
11565 1 49815
11566 3 8141 1829 9100
11567 3 2277 3446 23672
11568 3 48348 45787 21949
11569 1 21483
11570 1 35802
11571 2 33163 12824
11572 2 16201 41988
11573 3 15778 15491 19217
11574 1 38545
11575 3 4428 11791 45048
11576 1 28230
11577 4 4055 34414 49512 21439
11578 4 10807 32330 22334 17326
11579 1 14492
11580 2 5575 20626
11581 2 7771 42928
11582 2 42329 47276
11583 2 21862 34210
11584 4 37800 33299 24419 9434
11585 2 18114 1652
11586 2 47696 35908
11587 3 12953 33303 25433
11588 1 38109
11589 1 27275
11590 1 438
11591 0
11592 0
11593 0
11594 3 16001 8970 3741
11595 0
11596 2 16445 37612
11597 0
11598 1 41080
11599 4 26165 33738 3868 46149
11600 1 1447
11601 4 9122 15294 17291 2957
11602 2 7336 21406
11603 2 3930 20896
11604 3 42637 13326 10848
11605 3 48078 22416 43908
11606 0
11607 2 3073 21421
11608 1 42451
11609 0
11610 2 43008 24233
11611 5 9823 24099 35332 44243 35139
11612 1 30776
11613 5 24331 46108 31701 33516 21330
11614 3 22034 24100 598
11615 0
11616 0
11617 4 28552 42909 6636 8745
11618 5 38089 28980 39589 34070 47792
11619 3 14620 27572 19275
11620 1 13111
11621 3 43118 25045 40043
11622 0
11623 2 7834 13804
11624 1 20153
11625 1 20252
11626 0
11627 2 40106 38870
11628 2 26855 31961
11629 1 5437
11630 3 22937 25673 1323
11631 2 49295 7901
11632 1 12859
11633 3 5045 16972 23546
11634 1 45602
11635 4 14194 37677 46106 5125
11636 2 5475 36996
11637 3 46560 14127 17010
11638 2 19975 39271
11639 1 27716
11640 2 46462 43423
11641 1 44179
11642 4 39212 7085 18551 6496
11643 3 14717 13889 12149
11644 2 23006 17192
11645 1 46104
11646 3 37896 12644 24145
11647 1 7748
11648 1 11112
11649 0
11650 2 43739 23488
11651 2 45006 48361
11652 0
11653 0
11654 4 31730 48411 30308 14467
11655 0
11656 1 8031
11657 3 14589 16974 11080
11658 2 26791 30613
11659 1 40520
11660 2 27073 45779
11661 0
11662 3 21996 20539 12872
11663 2 32613 862
11664 0
11665 1 45729
11666 3 43445 49739 374
11667 2 49539 40989
11668 1 46105
11669 3 37356 44723 16068
11670 3 23839 34753 6979
11671 0
11672 2 39139 4859
11673 2 24404 29438
11674 4 24358 21525 30755 25097
11675 3 45284 15297 15389
11676 1 11857
11677 1 14077
11678 2 14563 27798
11679 3 45756 35628 34896
11680 4 19312 19931 17127 34492
11681 5 7553 10179 13465 39739 33375
11682 1 20239
11683 1 34424
11684 0
11685 4 40882 7606 48242 13557
11686 4 5681 34194 9295 4523
11687 2 30349 18256
11688 2 908 43465
11689 2 44894 17857
11690 2 15439 19308
11691 0
11692 4 387 10358 24587 1069
11693 4 36532 13250 40348 37509
11694 3 7371 20026 35880
11695 0
11696 2 10004 22286
11697 3 6268 39633 19461
11698 3 14146 46599 30816
11699 3 22320 27915 3711
11700 1 33487
11701 2 26593 3069
11702 0
11703 3 17905 10504 7456
11704 1 17776
11705 4 25098 48519 16192 36553
11706 3 18480 20132 30648
11707 1 28107
11708 2 44414 35189
11709 4 32511 13591 31565 44811
11710 2 22177 187
11711 1 21681
11712 2 12239 41256
11713 2 40503 18723
11714 1 43295
11715 1 32295
11716 1 12483
11717 2 40896 5850
11718 2 24402 40035
11719 1 4026
11720 1 34653
11721 4 45811 48478 21646 28941
11722 2 48356 49385
11723 2 14018 32063
11724 1 38750
11725 2 11552 2849
11726 0
11727 3 27676 11498 8644
11728 5 11806 25377 28920 11290 7047
11729 2 15808 35211
11730 1 12131
11731 5 25568 7789 26322 18035 17507
11732 1 40389
11733 8 25257 3416 11924 27191 14602 11895 15133 34564
11734 2 12712 6822
11735 1 13495
11736 1 25057
11737 6 25445 18892 8255 11625 39561 16458
11738 1 44393
11739 2 38723 3672
11740 2 19978 25363
11741 4 44685 25188 456 20638
11742 2 49432 28075
11743 0
11744 1 2470
11745 5 14679 35505 3631 45152 36832
11746 2 4094 29503
11747 3 44272 3175 19857
11748 3 8830 21661 3065
11749 3 14454 3028 4391
11750 2 6202 9784
11751 1 25411
11752 5 1751 20916 37155 28161 2867
11753 4 34668 21504 21447 1083
11754 4 31561 16254 46335 41229
11755 2 45194 48197
11756 1 48250
11757 2 41363 15891
11758 1 30039
11759 1 16060
11760 2 49396 44200
11761 1 39737
11762 2 36362 40631
11763 2 20321 7125
11764 4 14453 7717 4838 23750
11765 6 40554 40503 17873 45060 36760 23906
11766 1 992
11767 4 43545 37113 12162 3125
11768 0
11769 2 4741 25953
11770 0
11771 2 41364 24381
11772 2 23839 1018
11773 0
11774 0
11775 2 4410 7432
11776 4 9833 40994 16298 46071
11777 0
11778 0
11779 2 7413 9548
11780 1 28557
11781 0
11782 3 26445 40983 48736
11783 4 10373 23616 45643 5085
11784 2 21548 11250
11785 3 39612 45553 32854
11786 2 829 19820
11787 3 42343 11877 8250
11788 1 11186
11789 2 49595 15706
11790 4 24034 42502 38721 13409
11791 2 5515 359
11792 1 26449
11793 0
11794 0
11795 3 6290 30633 22742
11796 2 25963 429
11797 2 32718 40358
11798 2 49459 24283
11799 1 20488
11800 2 10573 38914
11801 3 9537 16416 25383
11802 1 37337
11803 0
11804 4 47293 31753 41271 12122
11805 6 43343 35009 37608 21001 32338 45764
11806 2 45794 11405
11807 1 33086
11808 5 25738 23874 41073 17558 32395
11809 2 37243 30654
11810 1 31195
11811 3 7215 21900 20165
11812 1 6681
11813 0
11814 1 43268
11815 3 26590 13734 20154
11816 2 46188 36682
11817 2 31176 44131
11818 1 2875
11819 1 42118
11820 2 5085 38587
11821 0
11822 1 27342
11823 1 13443
11824 2 17467 24147
11825 5 34584 49804 34098 34778 41480
11826 0
11827 1 8747
11828 3 43118 13374 4574
11829 0
11830 1 1976
11831 4 28995 22661 4769 455
11832 1 42914
11833 2 49206 42826
11834 1 3357
11835 2 31549 24854
11836 2 13014 34153
11837 2 46332 42867
11838 3 31787 3856 8111
11839 6 14298 36382 40664 41497 34926 40396
11840 2 10352 7521
11841 0
11842 0
11843 0
11844 2 42006 45889
11845 3 5399 215 17713
11846 1 44329
11847 4 304 24465 37103 16149
11848 2 38374 726
11849 1 5192
11850 3 42688 4318 16739
11851 2 77 23302
11852 0
11853 3 497 3320 12025
11854 1 2793
11855 2 37686 25187
11856 4 21890 1911 27451 42749
11857 1 24164
11858 0
11859 1 22693
11860 2 14120 35894
11861 2 1648 5905
11862 1 49100
11863 0
11864 2 16374 3071
11865 0
11866 3 669 31960 16416
11867 4 13611 15797 31516 36756
11868 4 269 26227 32082 18952
11869 3 7648 10592 6486
11870 4 17831 5344 46936 27310
11871 1 15271
11872 5 28379 11421 42446 14914 9913
11873 1 11455
11874 1 44264
11875 3 9801 14097 44319
11876 1 9206
11877 0
11878 2 32314 48949
11879 1 1630
11880 1 44190
11881 3 11097 2726 30796
11882 1 15388
11883 3 36559 5135 14097
11884 2 45319 42824
11885 3 6066 19036 17446
11886 2 23267 22188
11887 4 47027 34234 44295 23960
11888 3 26571 17915 29435
11889 2 43455 45860
11890 0
11891 1 22623
11892 1 32430
11893 1 1213
11894 0
11895 4 28826 29879 18257 689
11896 1 49894
11897 2 33714 24281
11898 2 20477 22536
11899 2 38653 44698
11900 0
11901 2 4403 31575
11902 2 26374 24081
11903 1 23202
11904 1 45209
11905 0
11906 0
11907 4 27894 27848 17389 44984
11908 0
11909 1 23281
11910 1 40936
11911 0
11912 0
11913 1 23647
11914 2 44230 28086
11915 0
11916 2 36001 45292
11917 2 11584 39519
11918 5 14739 45342 14805 29405 14639
11919 2 43774 29373
11920 2 24653 21104
11921 3 39827 39916 13080
11922 1 47705
11923 3 44810 21512 15204
11924 1 18720
11925 1 48732
11926 2 14455 24075
11927 2 33481 34918
11928 2 6707 24931
11929 1 31472
11930 2 4782 22207
11931 3 8055 43443 21750
11932 7 36910 42410 30876 15379 15463 9443 47707
11933 2 1578 8897
11934 1 16174
11935 2 38152 36934
11936 2 29556 43937
11937 5 23997 47760 12931 12292 24358
11938 2 6513 4589
11939 0
11940 2 38577 26360
11941 1 15650
11942 2 11935 7620
11943 2 14842 30324
11944 2 18497 24343
11945 0
11946 1 33661
11947 0
11948 1 37355
11949 2 41339 46559
11950 2 18835 36795
11951 2 23442 20505
11952 2 20891 27537
11953 2 34678 10819
11954 0
11955 4 4456 37602 45705 21885
11956 1 48222
11957 1 47237
11958 1 6304
11959 2 12443 17780
11960 1 40503
11961 1 45802
11962 0
11963 3 3835 29198 49745
11964 2 47525 49962
11965 1 42459
11966 3 29413 40501 45499
11967 3 12340 32701 46721
11968 3 4653 6220 36254
11969 1 750
11970 2 41597 8731
11971 3 19301 11954 5982
11972 0
11973 2 43513 43617
11974 2 3968 47030
11975 2 7684 37819
11976 5 14765 46556 31942 5289 45296
11977 3 1239 8680 36570
11978 1 36729
11979 1 20335
11980 5 22231 24432 47635 5750 47424
11981 1 3225
11982 1 39747
11983 3 12501 2374 41790
11984 4 32374 25615 44961 33590
11985 2 27084 10812
11986 2 3076 29663
11987 2 36651 30914
11988 0
11989 3 7262 4939 35577
11990 3 37392 28849 20598
11991 4 49900 40404 44240 26371
11992 2 23634 42809
11993 7 12319 23476 29584 13628 7819 44054 42005
11994 1 32635
11995 2 41834 14063
11996 4 13629 48321 42077 37470
11997 0
11998 6 19588 18832 31605 9436 5405 35930
11999 2 32032 39159
12000 6 23741 21196 43692 15463 17009 13012
12001 1 29984
12002 1 48356
12003 1 6158
12004 2 14634 40634
12005 3 36277 46976 37292
12006 2 30257 25036
12007 1 30076
12008 4 10617 20299 2267 33332
12009 4 44206 33707 18632 10911
12010 1 33869
12011 1 6906
12012 2 35060 29266
12013 1 9117
12014 0
12015 3 12820 32486 22793
12016 3 28433 23973 6177
12017 1 2481
12018 0
12019 4 49301 41378 43051 15221
12020 3 11253 39508 23408
12021 3 39367 30133 44247
12022 2 35707 10251
12023 1 4682
12024 3 23592 1253 10927
12025 2 16233 41384
12026 2 20138 30640
12027 2 45947 21832
12028 2 14170 9133
12029 0
12030 3 32889 37607 17762
12031 2 36786 31176
12032 2 19925 4983
12033 2 36403 20553
12034 1 19352
12035 5 1414 41337 29471 26462 34046
12036 4 34099 5643 48257 36377
12037 2 34435 19106
12038 1 35958
12039 2 48135 32682
12040 6 28522 27321 47724 924 43638 27285
12041 3 22935 40420 24472
12042 2 15591 10472
12043 2 46531 15053
12044 1 32970
12045 0
12046 1 48054
12047 4 29606 8178 12910 10248
12048 5 19248 30570 13551 37706 8430
12049 2 42242 22378
12050 3 34386 42375 38982
12051 0
12052 0
12053 3 6052 9647 38628
12054 4 10658 10519 48575 22637
12055 2 13058 31934
12056 2 39410 3920
12057 5 29352 7395 42366 25230 5544
12058 0
12059 0
12060 2 10102 31249
12061 3 6663 28039 22360
12062 2 15671 33889
12063 1 42265
12064 0
12065 3 19229 35444 22086
12066 0
12067 1 20603
12068 2 19240 23571
12069 1 32951
12070 3 46886 14930 41124
12071 3 33238 41436 34874
12072 1 8388
12073 1 47499
12074 1 7845
12075 6 41550 38037 287 28143 18492 45364
12076 4 22328 16296 39545 24273
12077 4 47825 22579 9244 47585
12078 3 32212 2609 12618
12079 4 30936 14847 39384 21812
12080 4 18260 39315 2299 32997
12081 2 34765 41321
12082 2 5908 6989
12083 0
12084 3 48004 26578 2651
12085 4 38171 18051 21628 35681
12086 0
12087 1 15444
12088 0
12089 2 21890 758
12090 3 20024 45902 48069
12091 4 20275 29111 13295 10010
12092 1 16492
12093 2 10654 5798
12094 3 24149 48457 20725
12095 3 11216 31676 29592
12096 0
12097 1 40860
12098 0
12099 2 15845 43499
12100 2 8214 19282
12101 2 11193 26064
12102 3 31814 8609 30524
12103 1 24277
12104 2 26770 14552
12105 1 46353
12106 4 27192 110 37997 25422
12107 1 16580
12108 2 16023 5306
12109 2 49270 30611
12110 1 24748
12111 2 40127 33395
12112 3 5857 12945 8826
12113 1 11245
12114 1 16666
12115 0
12116 3 912 42187 36382
12117 1 28607
12118 1 20507
12119 3 6670 38921 27288
12120 2 7052 27855
12121 0
12122 4 40353 15616 43869 7102
12123 3 23188 8261 4958
12124 3 32951 21381 35976
12125 2 34742 42212
12126 0
12127 2 25375 19574
12128 2 40003 20971
12129 3 3645 44569 14312
12130 1 12036
12131 1 25666
12132 0
12133 1 18185
12134 3 6713 5140 47168
12135 2 35794 13152
12136 1 44643
12137 1 28299
12138 2 18714 6514
12139 3 37298 16698 24979
12140 3 23938 20370 7485
12141 5 29315 26250 20316 15632 25684
12142 2 31628 37694
12143 2 31007 7443
12144 4 37156 45739 36814 23210
12145 1 26378
12146 3 45750 2741 39715
12147 1 21349
12148 3 33561 3105 2406
12149 5 48617 27302 34202 24558 19631
12150 1 42176
12151 7 34575 29132 16196 21629 29815 22873 29436
12152 4 23123 3077 26017 31673
12153 3 41670 31433 27646
12154 3 18296 24905 43357
12155 0
12156 1 12286
12157 1 41929
12158 0
12159 1 1121
12160 1 37485
12161 3 31867 46881 49044
12162 0
12163 1 42569
12164 2 4075 19653
12165 3 6929 17908 22612
12166 1 18727
12167 2 33579 7592
12168 2 29537 2805
12169 0
12170 1 3949
12171 1 18068
12172 2 33920 16327
12173 1 1281
12174 2 30776 8722
12175 0
12176 2 14840 46071
12177 0
12178 1 18639
12179 5 21006 31130 10410 23540 36248
12180 3 20747 9265 9129
12181 2 21238 14974
12182 1 43158
12183 2 4434 36316
12184 6 7803 42285 27855 27963 20071 2527
12185 1 37322
12186 1 4480
12187 2 41733 15143
12188 1 10910
12189 2 44775 22779
12190 1 27424
12191 4 17738 22247 31973 15513
12192 4 16194 42257 30986 16712
12193 3 45872 32603 39530
12194 1 40960
12195 2 25782 16802
12196 1 8834
12197 2 2868 14904
12198 3 39647 21461 23623
12199 0
12200 1 20368
12201 1 20564
12202 1 15234
12203 4 10625 19310 35788 133
12204 2 33253 32721
12205 2 19472 24900
12206 4 4560 44886 30211 35767
12207 4 41827 30559 12726 21391
12208 3 29425 19843 31827
12209 3 41225 1722 36264
12210 3 21419 13698 34153
12211 3 17597 11647 22888
12212 1 46331
12213 1 17710
12214 2 23245 17825
12215 1 1128
12216 1 23810
12217 2 24906 18223
12218 2 31143 2502
12219 3 45504 978 46491
12220 2 37464 22675
12221 3 23065 38698 20424
12222 1 30882
12223 0
12224 2 4767 27746
12225 1 47784
12226 2 32661 47752
12227 3 38402 24871 10731
12228 1 4986
12229 1 7410
12230 2 7473 27934
12231 6 22930 44293 23330 14435 8649 16954
12232 1 10321
12233 6 36015 24009 5922 8742 28875 32170
12234 1 17740
12235 2 26875 33933
12236 4 42022 44656 34629 38957
12237 2 35142 19051
12238 3 7392 2777 33183
12239 6 3753 43267 36738 27794 14958 26489
12240 3 27473 10875 11002
12241 1 818
12242 3 6606 17488 41148
12243 4 26253 45261 7473 46225
12244 1 22
12245 0
12246 2 37836 8208
12247 1 11164
12248 3 48609 34585 21433
12249 0
12250 2 11919 29654
12251 1 9645
12252 0
12253 2 32975 39864
12254 1 20226
12255 4 1955 23990 26564 12783
12256 0
12257 2 5771 14439
12258 3 31629 48579 42902
12259 2 5565 20105
12260 3 7954 44845 1697
12261 0
12262 4 16395 41026 3085 2932
12263 2 19584 33399
12264 4 24036 17749 35268 45179
12265 0
12266 4 45141 46088 5078 49061
12267 2 17164 3445
12268 2 9247 20715
12269 0
12270 2 28698 22698
12271 3 7110 22036 33658
12272 1 21423
12273 1 37821
12274 2 3950 28034
12275 3 19649 3611 251
12276 1 683
12277 3 26721 27528 44764
12278 1 4208
12279 3 39273 39269 32419
12280 4 1791 21141 7168 25247
12281 2 22553 11392
12282 2 17182 35817
12283 3 7134 11451 8068
12284 3 36979 39512 45438
12285 1 33693
12286 4 1992 39150 42702 29505
12287 7 41954 38972 549 9236 25615 42841 11969
12288 3 47200 41932 21748
12289 0
12290 2 15318 46384
12291 3 12251 13121 27585
12292 0
12293 4 28550 6117 45995 16112
12294 1 17959
12295 1 18153
12296 4 159 31125 19590 28787
12297 2 12865 27447
12298 4 31130 48440 6395 12530
12299 2 8858 15263
12300 0
12301 2 11515 19165
12302 1 38323
12303 1 39099
12304 2 26714 8092
12305 3 40864 43862 16704
12306 4 7371 4415 283 44456
12307 3 42145 42287 17808
12308 2 26600 45629
12309 3 1959 38969 26991
12310 4 33493 32592 19009 47698
12311 1 14128
12312 1 31797
12313 0
12314 2 47579 33372
12315 1 21239
12316 3 21179 38517 27941
12317 1 37337
12318 1 17844
12319 3 40131 11251 30151
12320 1 15057
12321 0
12322 0
12323 6 25296 16960 42969 45622 48982 22808
12324 3 45314 42053 45233
12325 2 44808 3354
12326 1 40688
12327 4 38880 27271 4269 12839
12328 1 46694
12329 1 10512
12330 3 29757 42926 45437
12331 2 18611 31509
12332 2 5565 17242
12333 1 46187
12334 4 4124 30472 15263 7010
12335 2 28198 35356
12336 1 26665
12337 1 44416
12338 1 44305
12339 3 10955 7096 38707
12340 0
12341 1 25091
12342 4 10446 35435 41208 1798
12343 1 33457
12344 3 22170 24436 34793
12345 4 43721 24954 48255 42113
12346 1 39456
12347 2 334 22456
12348 1 36055
12349 1 8006
12350 2 28265 49223
12351 2 8906 40190
12352 1 16134
12353 2 2128 7482
12354 2 33028 42042
12355 0
12356 2 44502 37341
12357 1 22437
12358 0
12359 2 42177 44556
12360 1 25014
12361 3 12490 49425 25066
12362 3 14055 46684 15670
12363 0
12364 1 19847
12365 2 25854 9624
12366 5 5161 36008 24383 35285 31237
12367 3 6132 27667 12745
12368 2 33798 24152
12369 1 19377
12370 0
12371 1 49356
12372 3 36955 9388 20141
12373 1 30926
12374 2 19651 27592
12375 0
12376 3 10775 31757 2871
12377 3 10415 19451 16006
12378 1 14491
12379 4 5668 29647 48400 32444
12380 1 14126
12381 1 46462
12382 3 14416 37200 36773
12383 3 27229 3804 35543
12384 1 29706
12385 0
12386 0
12387 2 24941 37761
12388 0
12389 3 26264 16254 40228
12390 2 35089 31945
12391 2 15967 44672
12392 1 38318
12393 2 18059 9691
12394 1 42617
12395 2 41454 42969
12396 1 861
12397 2 4726 3283
12398 3 2056 30818 262
12399 4 13154 4277 10371 33453
12400 1 41473
12401 2 21073 19228
12402 1 39924
12403 1 9305
12404 0
12405 1 30017
12406 3 20767 34096 10490
12407 2 13880 38664
12408 2 37113 13364
12409 2 10862 40073
12410 0
12411 1 4665
12412 1 12093
12413 4 46679 26585 32150 20288
12414 0
12415 3 43573 13195 36827
12416 3 21175 42849 22080
12417 4 18571 33621 4958 10889
12418 0
12419 1 48626
12420 3 20244 11249 32252
12421 2 3419 821
12422 1 22916
12423 4 29256 40883 1374 21421
12424 1 2029
12425 3 6041 35366 36718
12426 3 30377 21908 17660
12427 3 7444 2883 18372
12428 2 4151 10658
12429 1 20497
12430 1 28855
12431 6 10665 29788 49511 7733 18559 27132
12432 2 43008 15833
12433 5 30673 9824 23041 21660 31013
12434 0
12435 1 28112
12436 1 45193
12437 2 12798 2525
12438 3 36805 7199 40403
12439 4 27271 31266 4765 15194
12440 1 3123
12441 0
12442 4 24676 31951 28094 15318
12443 4 46084 18667 20278 8342
12444 1 28928
12445 0
12446 2 49450 22774
12447 3 43038 48838 49875
12448 3 1693 42505 4860
12449 1 30002
12450 2 26921 6892
12451 2 12992 17343
12452 2 49216 40747
12453 0
12454 0
12455 6 17699 22099 45946 25786 709 19027
12456 4 1193 31374 29211 4615
12457 1 34859
12458 2 29178 22739
12459 0
12460 1 44385
12461 2 39206 11072
12462 0
12463 3 29814 42094 2960
12464 0
12465 1 7839
12466 2 37339 6996
12467 5 32138 31149 36547 49748 28179
12468 0
12469 3 21663 34715 39639
12470 3 46554 47568 28376
12471 2 32745 31629
12472 0
12473 3 36802 18859 18739
12474 3 6289 43138 41831
12475 1 3447
12476 3 20943 15985 24167
12477 1 24994
12478 1 19695
12479 3 11122 30648 1059
12480 4 28610 9005 33610 5424
12481 1 36956
12482 1 2977
12483 0
12484 2 21802 22399
12485 0
12486 3 5950 11151 46512
12487 3 19867 48046 17941
12488 1 6488
12489 1 37312
12490 1 22921
12491 1 10280
12492 2 35951 27623
12493 0
12494 1 7032
12495 4 49626 12947 17814 26557
12496 1 2867
12497 1 306
12498 1 32434
12499 2 19229 6108
12500 2 30270 30103
12501 3 41300 35232 2421
12502 1 35858
12503 4 6925 19283 36921 20161
12504 2 8325 9221
12505 2 5730 48134
12506 1 19576
12507 1 46737
12508 3 18619 21524 5492
12509 3 9534 7082 43013
12510 2 32615 943
12511 3 8516 45805 25827
12512 0
12513 0
12514 1 14918
12515 3 46116 5027 23137
12516 0
12517 1 39614
12518 2 39151 23455
12519 1 21600
12520 0
12521 2 9819 17109
12522 0
12523 3 10423 25953 17227
12524 4 36165 26132 26745 871
12525 2 45918 21485
12526 5 44346 40076 49177 40414 45427
12527 2 28766 45085
12528 1 13271
12529 1 2462
12530 6 36685 30089 39976 5899 23417 14159
12531 1 49708
12532 0
12533 4 41839 19773 47889 15025
12534 2 25143 28116
12535 3 34790 39431 27083
12536 0
12537 2 4086 23076
12538 1 49205
12539 2 36587 37447
12540 2 21199 31116
12541 3 5365 5102 2927
12542 0
12543 1 34269
12544 2 15883 11218
12545 2 1890 31203
12546 2 15437 48002
12547 1 7083
12548 1 5802
12549 5 14460 25216 14274 44388 32580
12550 1 43700
12551 1 13727
12552 3 2004 14219 8493
12553 1 2848
12554 1 43599
12555 1 30956
12556 3 44034 41421 12505
12557 4 30811 3077 7390 23212
12558 1 32828
12559 3 39899 28005 8585
12560 1 24977
12561 0
12562 1 7207
12563 0
12564 0
12565 0
12566 5 26972 36194 33061 28116 10505
12567 2 3720 349
12568 6 38972 36525 8769 33535 1631 20496
12569 1 2253
12570 5 2041 29079 33274 1503 28931
12571 3 42581 27218 4439
12572 1 13702
12573 3 32010 15238 34958
12574 1 3116
12575 2 31767 10859
12576 1 14318
12577 2 41733 33442
12578 1 21282
12579 3 2174 27111 8607
12580 3 32795 39727 31449
12581 2 3046 26509
12582 3 13222 27056 22210
12583 5 8407 38407 17839 42477 22341
12584 1 37948
12585 4 4932 7476 8061 8094
12586 1 2215
12587 3 3202 32431 21410
12588 0
12589 0
12590 1 49580
12591 1 33311
12592 3 40244 10446 5274
12593 1 30750
12594 3 24584 11696 42954
12595 3 45418 38105 39749
12596 2 9738 28669
12597 2 35749 32499
12598 1 48443
12599 2 21108 16919
12600 1 19734
12601 2 8139 11727
12602 0
12603 0
12604 2 25180 33960
12605 3 21551 388 41418
12606 3 33541 28722 33688
12607 2 11192 19335
12608 3 11018 7734 17262
12609 1 48828
12610 1 3204
12611 2 29570 31531
12612 3 34446 581 12706
12613 3 6421 47678 19183
12614 4 32419 18763 6258 16137
12615 3 24443 42429 7121
12616 1 15634
12617 1 10543
12618 1 3275
12619 2 40693 8770
12620 3 8255 28818 33102
12621 2 44493 34161
12622 3 24870 30846 10562
12623 5 3273 32886 5097 5862 29461
12624 3 26425 49560 34291
12625 1 31629
12626 2 830 26178
12627 2 1806 10608
12628 0
12629 1 35044
12630 4 22928 3101 49028 8131
12631 2 21851 8386
12632 4 30254 29877 7797 41798
12633 1 10952
12634 3 43573 23537 12863
12635 1 17979
12636 4 26928 24269 17104 37016
12637 2 14839 18040
12638 6 13815 34311 44879 12803 5211 29558
12639 2 44948 21432
12640 3 642 6771 14387
12641 2 33573 10894
12642 0
12643 2 4816 41598
12644 3 49813 44993 2971
12645 4 17349 17277 6707 35953
12646 1 3512
12647 0
12648 0
12649 1 48588
12650 0
12651 1 34337
12652 2 2324 3552
12653 2 18272 12928
12654 0
12655 1 12943
12656 6 34761 13763 42096 15757 46946 22630
12657 1 3311
12658 3 829 48833 12195
12659 3 33942 7929 35899
12660 0
12661 2 22927 35853
12662 1 2710
12663 2 21056 8692
12664 2 40098 48731
12665 2 23051 6033
12666 2 40159 49780
12667 0
12668 1 3963
12669 0
12670 1 40266
12671 5 10159 7625 10330 49879 35782
12672 1 38707
12673 0
12674 1 1501
12675 1 32183
12676 4 2380 48993 48373 9658
12677 3 37148 15504 39499
12678 3 9349 7391 2641
12679 0
12680 3 4435 47546 30355
12681 1 34418
12682 4 1896 25763 5471 11791
12683 1 7627
12684 1 5080
12685 1 23326
12686 2 32338 33133
12687 0
12688 2 12456 19337
12689 4 34439 46242 19255 44512
12690 2 2984 40506
12691 3 14649 19013 20843
12692 1 6697
12693 2 7053 4750
12694 2 39620 8110
12695 1 45628
12696 0
12697 5 29071 13874 35486 41077 20232
12698 3 23881 25125 31521
12699 1 31273
12700 3 29673 20990 6486
12701 2 20132 38125
12702 2 83 26571
12703 2 21821 14756
12704 1 18016
12705 1 3266
12706 1 44045
12707 2 22183 23575
12708 4 10114 25986 48539 34590
12709 0
12710 2 4518 3596
12711 0
12712 1 47891
12713 0
12714 2 33339 35748
12715 4 19635 24353 25653 40607
12716 1 22660
12717 0
12718 1 32770
12719 0
12720 3 30760 36326 30425
12721 3 16692 31781 2488
12722 4 16004 157 19988 2537
12723 3 1449 32745 18275
12724 4 11166 25065 24147 30669
12725 1 10291
12726 2 9940 31242
12727 2 31896 1169
12728 1 12051
12729 0
12730 2 46817 36427
12731 6 47602 754 49890 5162 41599 45972
12732 3 17156 27225 43046
12733 1 18226
12734 1 10535
12735 1 34018
12736 1 872
12737 2 42673 43050
12738 2 44103 14149
12739 3 35166 40381 9074
12740 2 46433 1044
12741 3 31897 5525 46663
12742 0
12743 3 42468 43263 377
12744 1 23321
12745 1 4632
12746 2 1587 44489
12747 4 20629 20672 24564 45493
12748 0
12749 2 1410 27599
12750 3 13367 10987 10956
12751 2 7964 49841
12752 2 25200 35086
12753 2 30519 23331
12754 3 3129 32542 13043
12755 5 46223 23340 33661 14036 24935
12756 1 28168
12757 2 17596 45203
12758 2 17614 27153
12759 3 28693 35682 3246
12760 1 44008
12761 1 25472
12762 2 20103 33478
12763 1 10818
12764 1 15876
12765 2 30382 20907
12766 0
12767 0
12768 0
12769 2 47436 19607
12770 1 37444
12771 0
12772 2 11430 40681
12773 6 41132 7057 46552 24405 2535 21905
12774 2 36002 29984
12775 5 48205 46847 41078 7883 44337
12776 0
12777 1 42162
12778 3 12144 6411 48674
12779 0
12780 1 14741
12781 1 9384
12782 5 44676 18660 29544 34663 33796
12783 3 43866 40454 16070
12784 2 1384 13562
12785 5 39426 9244 8393 27227 31931
12786 1 41227
12787 2 10636 27994
12788 2 40041 27514
12789 0
12790 5 24545 14441 18402 45736 32443
12791 2 20606 382
12792 1 13379
12793 3 43576 18999 25197
12794 3 48998 8382 17151
12795 2 48444 581
12796 0
12797 1 19353
12798 4 49880 15237 18420 35042
12799 3 48084 18765 26144
12800 2 47644 39507
12801 1 34257
12802 0
12803 4 49165 8393 46838 6918
12804 1 38454
12805 3 44574 35847 16189
12806 2 32010 41308
12807 3 31398 42169 29836
12808 0
12809 0
12810 6 30978 21872 48000 17442 23190 14632
12811 5 7470 21868 17092 39268 34184
12812 2 14892 41471
12813 2 47918 5464
12814 1 24059
12815 5 30617 32839 10443 20112 5880
12816 1 31400
12817 1 43996
12818 2 42164 38820
12819 2 37371 29489
12820 4 42248 13683 30666 34129
12821 4 701 48430 48212 43298
12822 4 5331 5397 47816 19126
12823 0
12824 1 32015
12825 2 39688 18685
12826 2 37251 33567
12827 4 17818 8279 22737 36814
12828 1 45016
12829 2 8336 30235
12830 0
12831 2 21792 31421
12832 1 5372
12833 1 9611
12834 0
12835 2 37328 10734
12836 1 4761
12837 0
12838 0
12839 4 25622 2428 49810 39527
12840 2 30772 46447
12841 3 37820 44286 9526
12842 0
12843 1 34028
12844 4 12033 44122 21442 2509
12845 0
12846 3 11531 23256 13993
12847 1 34919
12848 1 19188
12849 2 38848 25267
12850 5 36345 45427 2276 36743 25111
12851 1 29951
12852 1 23821
12853 3 29092 28315 41066
12854 0
12855 2 25122 30857
12856 0
12857 5 41061 29750 37522 17113 42357
12858 3 16585 44252 4335
12859 2 5815 45163
12860 1 33350
12861 2 48628 7292
12862 0
12863 3 32441 49112 19973
12864 1 13026
12865 2 24570 2069
12866 4 39360 3898 38129 47498
12867 5 26821 41032 39011 8433 36487
12868 2 33332 25985
12869 2 9810 17577
12870 0
12871 2 29319 30063
12872 4 37309 32646 46145 48092
12873 1 32879
12874 0
12875 1 19452
12876 5 38788 4272 33786 45533 23787
12877 5 33135 12053 41460 25948 38217
12878 0
12879 2 3106 9759
12880 1 16761
12881 3 23795 315 13946
12882 1 41200
12883 1 19463
12884 5 23247 40227 10284 12991 32048
12885 3 42573 6953 46662
12886 1 37812
12887 1 49208
12888 2 33898 28725
12889 1 851
12890 0
12891 2 24094 23435
12892 1 26319
12893 3 23770 47920 35340
12894 1 34842
12895 2 48852 48681
12896 2 20608 7356
12897 1 48788
12898 2 49761 45250
12899 1 25327
12900 3 24098 7710 32460
12901 0
12902 1 22476
12903 5 35137 45236 37716 40303 19662
12904 2 44527 46207
12905 5 47794 16235 19498 36032 26029
12906 3 40787 1101 14645
12907 2 31183 22757
12908 1 28890
12909 2 41901 18438
12910 2 47082 35174
12911 2 5055 28443
12912 2 45332 36415
12913 1 17603
12914 3 11359 5715 19284
12915 2 48792 43743
12916 2 28275 21296
12917 1 46845
12918 3 38160 2723 7117
12919 1 32916
12920 0
12921 2 47350 13405
12922 1 20153
12923 2 32258 8257
12924 3 38537 36023 19151
12925 4 20797 31446 18289 13170
12926 2 41555 19732
12927 0
12928 0
12929 2 16824 34459
12930 2 27159 49544
12931 3 1223 9530 42625
12932 2 32738 46040
12933 2 49456 19184
12934 1 22657
12935 2 32560 14431
12936 3 40122 33779 48695
12937 4 28612 48880 20927 9903
12938 4 27497 18959 11020 39499
12939 1 12605
12940 3 5003 6314 30175
12941 1 4956
12942 0
12943 1 19201
12944 0
12945 3 1986 39039 25701
12946 2 38809 39864
12947 2 28326 49907
12948 2 9544 16328
12949 1 6273
12950 3 15923 13345 21093
12951 3 48839 43017 17777
12952 0
12953 4 7368 41290 32134 33900
12954 0
12955 1 40481
12956 1 28933
12957 3 44046 46766 46408
12958 1 30919
12959 2 6907 11790
12960 2 23525 8855
12961 0
12962 3 32455 22475 27107
12963 0
12964 0
12965 1 24312
12966 4 36394 3663 48008 38925
12967 3 10680 15161 37667
12968 3 9875 45574 32956
12969 0
12970 3 2580 28481 6344
12971 4 16355 47262 29515 21017
12972 0
12973 1 38816
12974 2 48642 32331
12975 0
12976 2 12249 36344
12977 2 15149 41639
12978 1 24994
12979 6 35313 5404 25275 47792 30572 28444
12980 3 31877 17577 47476
12981 2 2256 20885
12982 0
12983 0
12984 1 436
12985 1 13499
12986 2 20699 31420
12987 1 48311
12988 1 17208
12989 3 4344 35860 29818
12990 1 47605
12991 2 13264 19783
12992 4 17541 9662 26746 48720
12993 1 11625
12994 5 40286 26665 9179 25149 18532
12995 4 7819 46523 18509 19378
12996 5 4990 28651 3693 7373 10816
12997 2 6159 12265
12998 0
12999 2 6650 45492
13000 2 18216 15637
13001 6 36840 48014 20625 8878 38834 26601
13002 3 20451 12276 21945
13003 1 34598
13004 1 18739
13005 1 36516
13006 4 10453 808 26387 35890
13007 5 26911 32616 8320 32187 38157
13008 1 45874
13009 0
13010 5 753 37540 30341 6073 23939
13011 3 30475 29747 25794
13012 3 6977 32429 36334
13013 2 32703 19682
13014 4 26509 12934 22465 33531
13015 1 17653
13016 3 19535 43588 39499
13017 4 22045 14030 34073 1487
13018 3 32500 11385 18363
13019 1 10089
13020 1 21754
13021 3 10521 20389 675
13022 1 2625
13023 3 32034 62 49125
13024 3 48291 37222 14900
13025 1 17595
13026 0
13027 1 33639
13028 2 34722 38757
13029 3 11943 27500 2821
13030 4 26110 3323 44894 3448
13031 1 4778
13032 4 36795 28920 18273 26149
13033 1 11668
13034 1 33208
13035 4 33104 30383 3388 23871
13036 1 46017
13037 4 555 38781 14816 9738
13038 1 31551
13039 2 31703 2005
13040 2 18327 33135
13041 2 25928 35854
13042 2 24497 22405
13043 0
13044 2 3661 43199
13045 0
13046 1 22781
13047 1 32400
13048 5 2512 31592 28039 41340 35449
13049 1 7821
13050 1 14788
13051 1 29848
13052 5 11648 44398 26918 36967 6535
13053 3 17995 12719 31435
13054 0
13055 5 45176 18312 37496 29574 32225
13056 4 47288 5299 37177 23397
13057 1 452
13058 5 35233 6442 15158 18837 15758
13059 2 24388 42317
13060 3 4083 1916 34787
13061 3 27626 48111 14337
13062 3 29544 13611 10783
13063 2 2761 32213
13064 2 9689 37376
13065 4 27231 16110 45124 824
13066 3 37492 31232 43619
13067 0
13068 4 46532 32341 47166 20277
13069 4 9696 3764 37775 3122
13070 2 25421 37877
13071 0
13072 2 18664 8518
13073 0
13074 4 4522 47075 20657 46403
13075 1 41719
13076 4 24240 25853 37574 30622
13077 4 42762 27271 48799 14086
13078 1 45723
13079 2 29117 18568
13080 4 33542 45805 41983 25361
13081 2 39364 29928
13082 2 20946 20869
13083 2 41769 20410
13084 2 35702 23813
13085 4 21484 29163 27097 13750
13086 2 20830 15509
13087 5 25695 803 3850 7420 26537
13088 1 32850
13089 3 15789 29719 46198
13090 5 48552 31902 38780 28008 25489
13091 3 34374 40137 5832
13092 2 6605 35943
13093 0
13094 2 23572 22339
13095 0
13096 2 32469 39799
13097 0
13098 1 44331
13099 2 20724 15615
13100 2 19990 44312
13101 2 24840 49450
13102 1 38011
13103 3 16905 44713 39959
13104 1 27947
13105 4 1498 37373 38171 27317
13106 1 12144
13107 3 9812 34913 30976
13108 1 8631
13109 2 28088 34812
13110 0
13111 1 23883
13112 1 41155
13113 2 3051 13395
13114 4 30969 36595 6166 28624
13115 3 16801 4490 27579
13116 1 25131
13117 1 26840
13118 1 38125
13119 3 23266 15097 49756
13120 3 26208 14288 30828
13121 3 12124 36221 36583
13122 0
13123 1 18091
13124 2 30819 12376
13125 4 39489 36986 12924 11151
13126 0
13127 3 43215 38672 7094
13128 1 9403
13129 2 43133 19476
13130 0
13131 1 10904
13132 1 12011
13133 5 49444 44127 17424 48828 5309
13134 3 5134 43523 40457
13135 1 18230
13136 1 21012
13137 3 6436 22990 43926
13138 0
13139 1 40008
13140 5 48581 2520 35187 40243 48706
13141 0
13142 4 43509 34780 32763 34387
13143 2 28257 27856
13144 3 1064 47739 25363
13145 2 8674 29550
13146 0
13147 2 19251 20944
13148 1 30802
13149 1 13804
13150 1 28821
13151 3 2014 2591 15127
13152 1 14843
13153 3 46075 20963 16342
13154 2 18904 39653
13155 1 235
13156 4 30400 605 34906 8283
13157 5 3092 5351 26246 28397 32661
13158 1 7458
13159 1 19354
13160 3 45454 47804 18824
13161 1 48040
13162 4 5627 9895 13527 49887
13163 6 31659 47588 21698 37195 20867 23551
13164 2 11506 45447
13165 2 3274 40670
13166 2 11365 24099
13167 2 39123 24170
13168 1 18250
13169 1 21789
13170 6 29858 35453 18496 14358 43194 17781
13171 0
13172 2 37131 32725
13173 2 32718 21994
13174 3 5395 8125 39926
13175 1 36140
13176 4 825 6009 38444 33653
13177 3 29673 7012 1257
13178 2 33203 44809
13179 1 41610
13180 6 7591 17455 11955 907 17532 22466
13181 1 4109
13182 0
13183 3 21275 12863 37773
13184 2 24487 3905
13185 4 38455 12499 11124 17462
13186 1 41471
13187 3 26316 39046 10183
13188 1 44315
13189 4 25862 31992 5435 18326
13190 0
13191 6 45404 41376 32529 37000 1852 29009
13192 1 42422
13193 1 12094
13194 2 11782 33881
13195 0
13196 6 39637 34390 49182 46363 29147 11072
13197 3 40024 18610 4956
13198 4 43793 3887 11961 10637
13199 4 8858 5597 14622 9815
13200 3 49721 28867 9418
13201 2 35045 24412
13202 2 28003 34713
13203 1 15768
13204 2 24175 49179
13205 4 24203 4470 14532 24130
13206 2 2276 12509
13207 0
13208 2 34789 35507
13209 4 47606 29525 45251 41946
13210 2 30123 35242
13211 0
13212 0
13213 0
13214 2 30267 32812
13215 2 47012 42391
13216 5 15962 5245 7741 34087 34579
13217 3 6131 48880 33575
13218 0
13219 4 32983 20860 35825 26510
13220 1 896
13221 3 22654 45997 28855
13222 1 7112
13223 0
13224 3 14936 25604 28259
13225 1 5215
13226 2 36535 34282
13227 4 4854 17655 3649 41950
13228 3 46077 21932 1377
13229 2 34094 34868
13230 2 41631 33321
13231 0
13232 1 26586
13233 0
13234 4 5041 2511 20246 12876
13235 0
13236 2 5870 15907
13237 1 46793
13238 2 10080 19543
13239 3 33222 40871 31865
13240 2 13578 42306
13241 0
13242 1 24900
13243 1 26793
13244 3 31074 5548 18482
13245 2 1474 29597
13246 1 6238
13247 3 23862 27321 20578
13248 3 16878 7884 6215
13249 3 32486 44973 13707
13250 2 24432 20513
13251 3 17657 32761 18784
13252 1 22651
13253 1 5009
13254 3 31171 14334 4896
13255 3 36400 27234 21172
13256 1 24576
13257 1 33156
13258 2 41915 36470
13259 2 24785 19685
13260 2 17989 23695
13261 3 9234 41 34356
13262 0
13263 2 49496 21645
13264 1 42858
13265 1 8217
13266 4 18600 5721 42940 9607
13267 1 49494
13268 1 34785
13269 3 32863 38966 40184
13270 0
13271 3 38831 13941 42900
13272 1 38123
13273 0
13274 2 46604 31735
13275 4 12251 1218 30408 30667
13276 3 6632 42356 4799
13277 2 16110 40640
13278 2 14499 48542
13279 1 33347
13280 0
13281 1 38532
13282 1 19276
13283 1 44178
13284 3 32761 37751 32945
13285 2 12736 46613
13286 1 20136
13287 1 35733
13288 1 35500
13289 1 30132
13290 3 23533 38913 41704
13291 1 20992
13292 5 46158 23043 7229 41185 41525
13293 1 47787
13294 3 10596 17257 8409
13295 0
13296 3 8368 15778 22615
13297 0
13298 5 45481 39994 21198 44075 45467
13299 3 37299 30600 24445
13300 2 38387 45327
13301 2 26486 20326
13302 1 28027
13303 3 21339 18475 5397
13304 2 3081 46866
13305 2 31619 31973
13306 4 45119 27268 2135 35013
13307 4 42803 38954 8978 26059
13308 1 47723
13309 3 24574 21932 27252
13310 1 26053
13311 1 41115
13312 3 33645 47445 47318
13313 1 29148
13314 2 9074 8217
13315 5 33611 44523 18771 26174 39246
13316 6 37703 19655 5500 15200 1867 25974
13317 2 46501 31714
13318 2 19482 29736
13319 2 15729 32129
13320 3 27108 18459 28555
13321 2 6196 28003
13322 4 31558 1998 7684 25652
13323 1 40112
13324 1 28257
13325 5 13674 1960 8264 12517 19988
13326 2 23263 8259
13327 3 27218 44574 38909
13328 3 5719 24527 33548
13329 5 29987 8824 33111 11581 1907
13330 2 44593 28176
13331 3 7022 10933 35224
13332 0
13333 3 18308 14887 10495
13334 1 16769
13335 1 587
13336 1 19869
13337 1 12626
13338 1 13671
13339 2 22029 25976
13340 1 7802
13341 2 34592 47083
13342 1 41894
13343 1 11811
13344 2 28816 21460
13345 4 31778 40986 1757 22347
13346 1 4117
13347 3 32330 3717 29202
13348 1 27071
13349 3 1662 42900 40687
13350 4 11028 36500 18495 39896
13351 1 21630
13352 1 41364
13353 0
13354 0
13355 1 24147
13356 3 4647 40250 6327
13357 0
13358 0
13359 2 26655 19343
13360 1 47451
13361 2 33908 17849
13362 2 24525 15863
13363 0
13364 2 35495 9393
13365 4 22157 5312 38686 31685
13366 3 12633 46784 39473
13367 3 18345 4617 3677
13368 4 12693 24829 28910 5569
13369 3 17531 27310 21684
13370 3 22629 13162 9882
13371 3 5798 42118 38496
13372 4 47400 12445 16071 29994
13373 2 5386 18154
13374 3 18729 8208 3394
13375 2 35381 18774
13376 2 15903 25622
13377 1 5725
13378 0
13379 1 21803
13380 3 13407 26313 33230
13381 3 41995 8879 39213
13382 2 15590 30918
13383 2 24097 5604
13384 0
13385 1 15729
13386 2 39055 39856
13387 2 19658 38899
13388 4 24274 26500 25757 38578
13389 3 235 40497 7
13390 1 38188
13391 2 14489 43007
13392 1 16303
13393 3 34210 32110 17362
13394 2 45888 26897
13395 2 13297 4845
13396 2 2029 45444
13397 1 34468
13398 0
13399 1 33429
13400 1 46462
13401 2 7993 19230
13402 1 46246
13403 3 22054 7420 10064
13404 1 38397
13405 1 33706
13406 2 2398 14226
13407 2 10161 36519
13408 0
13409 2 6653 396
13410 2 36181 10452
13411 0
13412 4 12083 46845 39697 32860
13413 3 42176 46671 22139
13414 3 43105 40500 37152
13415 4 13265 14513 16017 31731
13416 2 45559 9307
13417 3 12247 28771 11256
13418 3 42772 47968 10979
13419 1 2736
13420 2 13948 17287
13421 1 39928
13422 1 5388
13423 1 15491
13424 2 49114 41475
13425 2 22150 6933
13426 2 7843 40844
13427 3 45989 4933 20995
13428 4 31431 20076 22084 4125
13429 3 46238 8537 5915
13430 1 20259
13431 1 2637
13432 0
13433 2 26931 38333
13434 2 680 34735
13435 1 23698
13436 0
13437 2 18905 41568
13438 5 40860 14932 13919 12462 6705
13439 2 24683 36063
13440 1 4273
13441 1 9244
13442 4 5438 43852 48389 48516
13443 2 41394 8006
13444 0
13445 3 11508 1999 226
13446 3 28780 43170 8466
13447 0
13448 0
13449 3 21505 27143 15604
13450 4 49819 150 24161 40430
13451 2 20085 43395
13452 4 8115 17290 45964 8182
13453 1 40301
13454 2 10268 44437
13455 4 19908 23604 10780 341
13456 2 35326 16992
13457 3 7363 41389 14508
13458 3 40366 7313 28837
13459 2 44182 16085
13460 0
13461 3 1596 23058 23860
13462 2 9529 14734
13463 1 13154
13464 3 22796 48807 29393
13465 2 19748 7668
13466 4 28691 39745 35259 41140
13467 3 38067 789 47355
13468 1 36617
13469 4 3551 27263 27597 13403
13470 4 28698 26503 30654 22436
13471 4 4738 48763 1016 25445
13472 2 12909 24670
13473 2 20897 13552
13474 0
13475 1 597
13476 0
13477 5 37444 37327 2429 11823 48163
13478 4 1376 28518 48029 44079
13479 1 5848
13480 1 2481
13481 3 26626 44678 41466
13482 0
13483 2 21164 44487
13484 2 45432 28536
13485 4 32847 49011 17323 39072
13486 0
13487 2 49753 8373
13488 4 38001 24705 2136 43805
13489 1 24707
13490 1 1637
13491 1 10940
13492 0
13493 2 40828 12475
13494 2 22635 2152
13495 2 44057 43490
13496 1 20726
13497 3 26992 6741 31754
13498 1 26249
13499 1 16036
13500 3 1034 21913 42306
13501 2 12291 11323
13502 4 18191 1065 27771 27403
13503 1 30589
13504 1 9761
13505 2 11281 3745
13506 0
13507 3 44706 34433 23206
13508 2 7054 30664
13509 2 38454 23380
13510 2 16583 7613
13511 1 468
13512 2 6532 2589
13513 1 45576
13514 4 26953 9904 45867 26527
13515 0
13516 3 33201 45001 30332
13517 3 44041 18832 27569
13518 1 20408
13519 0
13520 1 26990
13521 0
13522 0
13523 1 25790
13524 2 9690 34647
13525 3 48450 20335 46179
13526 1 32149
13527 2 35489 44807
13528 2 46580 40050
13529 2 20603 13086
13530 0
13531 2 30675 38442
13532 3 15857 23889 16928
13533 2 21228 3245
13534 1 31413
13535 3 36465 3913 11056
13536 1 24886
13537 4 24774 40240 1613 41174
13538 3 35563 43397 38832
13539 3 14377 43645 42460
13540 1 44937
13541 2 14866 42397
13542 4 3970 47692 44426 16644
13543 3 10827 9009 8884
13544 1 6719
13545 4 23840 45971 41812 11407
13546 0
13547 1 9452
13548 1 35053
13549 0
13550 3 45763 18120 4762
13551 1 19580
13552 4 47061 5865 3937 36452
13553 5 1673 19912 22220 32652 35999
13554 0
13555 2 23826 24674
13556 4 47076 39434 43570 22855
13557 3 48459 5502 47507
13558 2 23778 28659
13559 1 35253
13560 2 47099 16599
13561 2 39778 28230
13562 3 31131 11973 39439
13563 3 27445 33016 13150
13564 1 8543
13565 3 32309 15728 19156
13566 5 3839 28296 44956 46260 22906
13567 1 25342
13568 1 2649
13569 1 31666
13570 2 37496 18398
13571 1 27113
13572 3 26835 34851 17056
13573 0
13574 5 44284 14633 11780 8884 9057
13575 2 19201 1174
13576 2 48720 12595
13577 0
13578 2 29460 33149
13579 1 27074
13580 4 9161 14374 17309 8228
13581 3 45813 33308 19671
13582 2 41164 19322
13583 1 2751
13584 2 5094 19349
13585 6 18316 6100 47612 7004 41180 42009
13586 4 39417 19689 35379 20751
13587 5 4273 19652 33461 26312 6908
13588 2 23144 6650
13589 1 12843
13590 2 7523 23610
13591 1 34340
13592 2 36407 49711
13593 3 24409 26210 46912
13594 1 40294
13595 1 16014
13596 0
13597 1 46411
13598 2 48197 43118
13599 1 12079
13600 0
13601 1 39736
13602 3 15890 20495 15290
13603 1 33063
13604 1 31625
13605 3 17571 40316 44561
13606 2 2578 23272
13607 3 13792 14984 34502
13608 4 3899 45772 3589 10154
13609 2 28146 26385
13610 2 10625 7437
13611 4 18044 13685 17185 35995
13612 1 26844
13613 3 23575 17676 349
13614 3 26351 23436 43510
13615 3 31607 10946 44122
13616 2 31719 25930
13617 2 21467 11012
13618 2 47786 42353
13619 2 12805 5595
13620 4 3230 14171 1543 45700
13621 0
13622 2 26709 48422
13623 2 29940 20373
13624 6 49302 12144 6931 24652 30869 17346
13625 1 27540
13626 3 971 35729 15726
13627 0
13628 2 42527 44243
13629 2 10989 27543
13630 2 6146 45547
13631 3 11187 45738 28594
13632 2 46013 27868
13633 4 7051 5537 46579 7593
13634 3 30646 47484 2017
13635 2 14776 30720
13636 2 27629 17553
13637 2 8882 17646
13638 3 23535 6897 26134
13639 2 24215 23037
13640 0
13641 1 35840
13642 2 49761 44713
13643 4 39294 35123 20620 40935
13644 1 48630
13645 3 29065 28802 39331
13646 2 31309 44202
13647 2 35769 806
13648 3 11450 29284 16218
13649 2 10164 48728
13650 0
13651 2 742 25194
13652 1 17914
13653 1 10223
13654 4 2404 21342 21844 46801
13655 2 16799 22336
13656 0
13657 4 44491 2003 13152 32685
13658 2 16203 3125
13659 2 35841 4774
13660 0
13661 1 19397
13662 1 28257
13663 6 11695 37891 38812 7313 40063 44706
13664 3 18075 48933 41701
13665 1 28043
13666 1 22353
13667 3 14354 23117 40819
13668 3 16562 741 38006
13669 0
13670 1 39733
13671 4 16663 12403 38990 21093
13672 6 21060 33242 46631 14788 23894 4762
13673 5 38696 47899 21589 19153 30615
13674 5 19955 30528 24296 26380 11513
13675 3 4156 19675 30652
13676 0
13677 3 36331 25992 18313
13678 0
13679 3 27400 43 27675
13680 1 9632
13681 3 19836 25377 14178
13682 1 22131
13683 1 38864
13684 0
13685 2 12527 34843
13686 1 4316
13687 1 26982
13688 0
13689 0
13690 2 47893 28975
13691 0
13692 4 18542 23097 27300 7161
13693 1 40660
13694 2 42931 16755
13695 2 382 10758
13696 5 4393 18103 5646 32164 46576
13697 3 12868 10631 18040
13698 2 45993 9942
13699 3 27764 21807 39446
13700 1 41371
13701 3 3871 49352 49486
13702 1 11394
13703 1 47793
13704 1 35274
13705 3 12804 28841 26631
13706 2 42608 34680
13707 1 48691
13708 1 47693
13709 1 25206
13710 5 31404 10141 48290 35560 34058
13711 2 30787 42682
13712 5 45697 23998 40950 2898 2914
13713 2 40533 21640
13714 3 29913 49682 23229
13715 3 43902 18318 48082
13716 4 26551 40085 21110 7002
13717 2 7525 5481
13718 4 11101 21588 32636 45407
13719 0
13720 1 34418
13721 2 35865 35030
13722 5 1771 30205 30469 34200 9051
13723 3 27628 34946 48677
13724 0
13725 3 48053 47275 15591
13726 2 22561 41183
13727 2 18155 47045
13728 3 36306 2771 19718
13729 0
13730 2 33375 42299
13731 2 36451 23677
13732 2 21594 36561
13733 5 2052 30084 8802 36914 19407
13734 4 19171 545 46894 22541
13735 2 139 25002
13736 2 9914 7584
13737 2 7162 24829
13738 3 36637 31836 3544
13739 2 12367 5059
13740 4 34301 41962 3655 1002
13741 2 2031 37033
13742 5 24994 42408 45476 30956 40611
13743 0
13744 2 8038 43093
13745 1 10099
13746 4 46135 25194 30494 24598
13747 2 12069 46999
13748 4 22476 32000 49969 49398
13749 1 30103
13750 2 37341 30145
13751 3 24944 238 7827
13752 1 18911
13753 2 18310 731
13754 0
13755 1 46475
13756 3 17050 3450 32455
13757 1 49127
13758 3 4805 31934 16521
13759 3 25906 49575 24711
13760 4 1621 38105 6125 33016
13761 4 36012 20849 1925 10296
13762 2 10253 17053
13763 6 18334 23935 31254 38259 12871 19859
13764 2 42277 21608
13765 2 38291 39976
13766 0
13767 1 19479
13768 7 14395 31856 33618 19067 49330 35379 39518
13769 3 4316 20049 42797
13770 1 29984
13771 1 17242
13772 1 25155
13773 4 39414 1665 15833 23850
13774 1 26826
13775 5 17741 27837 17039 16313 26869
13776 3 28337 16559 17758
13777 2 36692 47329
13778 2 16701 6490
13779 1 3131
13780 2 29116 1834
13781 0
13782 1 13709
13783 2 29840 25550
13784 1 27602
13785 1 18624
13786 0
13787 4 26629 4997 33287 35985
13788 3 25502 40852 18651
13789 3 29286 2884 42970
13790 6 24411 37217 1329 39231 22051 6139
13791 1 37350
13792 4 14939 15724 12172 6788
13793 1 37874
13794 4 9309 31263 30852 32277
13795 1 16923
13796 3 9191 31561 43224
13797 1 24108
13798 0
13799 4 49861 24082 12887 39459
13800 2 14683 47576
13801 2 38286 1531
13802 5 9443 15437 39591 42183 11690
13803 1 28229
13804 4 41407 4324 37515 7011
13805 1 44056
13806 0
13807 4 10751 19034 31045 8224
13808 5 31041 44058 4728 11458 31696
13809 4 15858 44686 29806 10929
13810 0
13811 2 47952 9167
13812 4 21574 31663 12738 1665
13813 1 42098
13814 3 654 6601 25690
13815 2 8236 39763
13816 2 24276 15729
13817 2 25232 20677
13818 2 8700 5074
13819 1 19077
13820 1 5894
13821 2 19348 18689
13822 3 44994 35613 13314
13823 0
13824 1 22087
13825 2 6992 25387
13826 0
13827 4 11258 20063 43616 31888
13828 0
13829 1 3476
13830 4 7450 18041 25084 14194
13831 1 26479
13832 4 21434 5959 20672 37081
13833 2 23525 45868
13834 2 24735 12506
13835 1 1838
13836 2 31377 9288
13837 2 39555 43996
13838 3 36188 31080 3621
13839 0
13840 1 43857
13841 1 9192
13842 1 30009
13843 0
13844 0
13845 2 7677 33655
13846 2 34622 9716
13847 1 32859
13848 2 14104 27794
13849 4 13013 3514 22471 4857
13850 2 37453 8070
13851 2 9049 12868
13852 5 2569 33104 6558 19476 21747
13853 3 40887 21803 26814
13854 3 41239 41711 18833
13855 1 8768
13856 3 1608 10099 9162
13857 3 8110 10456 45762
13858 1 27264
13859 0
13860 3 4251 40995 7900
13861 3 33990 33715 911
13862 3 48869 11478 5408
13863 5 19249 11533 10005 21558 44508
13864 4 25014 14584 43986 46643
13865 4 28321 25077 49500 48393
13866 3 27874 43027 23636
13867 3 39776 38903 48421
13868 2 3354 45458
13869 2 3947 22376
13870 3 34800 34195 22553
13871 0
13872 5 39593 39212 31937 24532 33634
13873 0
13874 5 27727 23208 44567 35087 14150
13875 2 22673 47826
13876 1 38173
13877 3 35359 5308 18823
13878 2 8950 40567
13879 2 32570 4883
13880 3 49223 8362 1109
13881 1 11880
13882 1 43964
13883 2 26562 36358
13884 3 19118 3778 46076
13885 3 32540 7191 15180
13886 3 36708 18508 28298
13887 2 4191 1457
13888 2 8253 32756
13889 3 31482 12147 37387
13890 1 11505
13891 0
13892 2 7822 45185
13893 3 12464 21514 12770
13894 2 31099 22458
13895 3 17631 26536 25434
13896 2 5136 32785
13897 5 4323 14500 39034 38239 5850
13898 1 4628
13899 0
13900 0
13901 1 12817
13902 2 40502 2424
13903 2 10351 48414
13904 1 28065
13905 3 39899 33276 28193
13906 2 19548 42287
13907 0
13908 0
13909 2 14249 8460
13910 2 31517 887
13911 1 19823
13912 1 3874
13913 1 39985
13914 2 45893 44293
13915 3 7244 4569 20464
13916 4 31588 16306 28152 15563
13917 2 13536 24732
13918 1 34072
13919 3 447 530 47662
13920 3 12007 43759 1029
13921 1 30138
13922 3 19823 10158 41957
13923 3 35122 20388 20957
13924 1 77
13925 4 43265 16599 28248 39134
13926 3 17170 36218 31559
13927 2 3450 34415
13928 0
13929 4 45322 11412 49099 3798
13930 3 4530 8909 5460
13931 2 42293 7763
13932 4 37577 4038 34185 31236
13933 2 32898 47347
13934 3 5986 959 37423
13935 5 42295 21760 9674 3417 27938
13936 2 28735 6589
13937 2 25803 3934
13938 0
13939 5 11386 41341 19549 31598 32131
13940 2 3009 14311
13941 2 34233 23713
13942 4 30135 25666 17786 26501
13943 3 2905 17334 11016
13944 2 37491 28601
13945 4 41237 45721 25837 16500
13946 1 16296
13947 6 48629 42171 42607 12550 39266 9112
13948 3 22709 16477 46545
13949 5 7752 18962 2733 21804 5053
13950 2 22880 19154
13951 2 40327 17628
13952 2 7705 15549
13953 5 41083 49210 42897 21223 26687
13954 1 35819
13955 2 48434 19520
13956 3 33854 16894 45801
13957 2 47653 4306
13958 2 40535 2857
13959 0
13960 2 24323 49841
13961 2 1207 48358
13962 0
13963 2 36613 34757
13964 3 5987 29696 31982
13965 0
13966 2 46691 24055
13967 2 15030 14572
13968 1 48652
13969 5 19382 9219 32117 46758 7891
13970 2 25206 26696
13971 1 27954
13972 1 17938
13973 3 21045 8487 5010
13974 0
13975 0
13976 4 7040 30785 38538 25871
13977 4 4407 42872 783 42840
13978 1 34038
13979 1 19212
13980 1 9183
13981 2 19786 7077
13982 1 49200
13983 1 23019
13984 2 26627 5879
13985 1 45324
13986 3 44411 7516 30454
13987 5 39602 17818 37847 27970 21828
13988 0
13989 1 27849
13990 1 9865
13991 4 47359 10072 43269 35637
13992 2 23992 31608
13993 0
13994 3 26200 11957 43066
13995 5 14951 10000 21163 27660 38784
13996 2 49530 2995
13997 4 18105 44204 22689 24769
13998 1 12005
13999 1 10057
14000 3 14146 47784 12438
14001 2 38486 40187
14002 6 32286 36156 49751 8978 10437 41171
14003 2 22692 44787
14004 1 12103
14005 1 2611
14006 1 24963
14007 2 43422 37646
14008 0
14009 3 34104 45758 18824
14010 0
14011 4 45483 11135 32833 14557
14012 3 22966 7595 26656
14013 2 45930 42416
14014 2 36776 6203
14015 2 17109 41005
14016 1 7826
14017 5 30240 9226 2140 12236 2708
14018 0
14019 3 35126 14543 21745
14020 0
14021 1 14560
14022 0
14023 5 14593 9195 33434 49518 36130
14024 1 29117
14025 1 46274
14026 1 47005
14027 3 47601 32758 18582
14028 1 34307
14029 2 30882 29079
14030 3 1722 45376 34537
14031 4 15975 1478 4641 29563
14032 5 26890 7759 4779 26482 35609
14033 3 15194 3836 17666
14034 0
14035 0
14036 1 31839
14037 3 28929 47884 22544
14038 0
14039 0
14040 4 23585 19502 39248 49774
14041 0
14042 2 9320 33942
14043 2 17761 38519
14044 3 14851 43231 34037
14045 1 39082
14046 2 32560 32080
14047 0
14048 3 40675 11006 39348
14049 3 42601 49636 25768
14050 1 39517
14051 0
14052 1 10061
14053 2 38255 24830
14054 4 17613 2643 5464 7817
14055 3 45594 32150 14324
14056 2 43857 25011
14057 3 22303 48160 12097
14058 2 32501 39272
14059 3 43947 33995 37814
14060 1 2776
14061 2 9328 46238
14062 1 47216
14063 0
14064 2 41873 27864
14065 3 23393 40162 49558
14066 1 1148
14067 1 30494
14068 2 48532 18993
14069 2 5862 48198
14070 1 362
14071 6 6877 38214 42903 24966 39975 17779
14072 0
14073 1 16679
14074 3 47970 3662 16148
14075 2 37172 19576
14076 4 24524 28823 23258 2716
14077 2 32270 17760
14078 1 12103
14079 1 40695
14080 2 12099 21994
14081 3 25133 24467 12827
14082 2 37501 41548
14083 1 25130
14084 3 38970 3729 38329
14085 1 11297
14086 1 14707
14087 2 35082 14968
14088 2 39221 18409
14089 2 38578 15383
14090 2 2438 13379
14091 3 48144 26411 47676
14092 0
14093 2 46884 8854
14094 4 17155 47501 23275 16858
14095 2 27112 18280
14096 4 32500 9518 23096 9690
14097 1 18200
14098 3 45921 43551 23173
14099 2 33062 24837
14100 1 38365
14101 3 16063 35910 3579
14102 2 6121 13501
14103 2 36750 26904
14104 2 11120 10768
14105 2 15331 23414
14106 6 40048 38017 21020 46300 6942 41913
14107 2 12653 49453
14108 2 1401 39798
14109 3 19573 3425 39469
14110 2 30143 34963
14111 2 49703 25814
14112 0
14113 1 21956
14114 2 25505 14811
14115 1 22244
14116 2 64 8872
14117 3 36366 22796 33854
14118 0
14119 1 19994
14120 3 9219 7707 1477
14121 2 39531 48760
14122 4 4220 19733 18020 25699
14123 3 39907 42239 10384
14124 4 46206 10524 21114 15954
14125 2 6990 43680
14126 1 25872
14127 1 26753
14128 3 35990 34600 14740
14129 2 27856 18261
14130 3 26635 11200 8765
14131 1 24
14132 1 47706
14133 2 17620 10177
14134 5 22340 16158 45889 2764 47120
14135 1 13292
14136 6 36533 24718 20480 3354 45855 41250
14137 2 27074 8242
14138 3 16615 7122 32651
14139 4 34152 8922 29101 16174
14140 3 27558 31253 27397
14141 2 21607 13400
14142 1 6693
14143 1 31900
14144 1 35168
14145 1 30187
14146 3 17263 14716 16947
14147 1 27288
14148 0
14149 4 39374 15855 6463 44577
14150 2 45188 15683
14151 2 42640 43006
14152 1 45146
14153 2 35747 13100
14154 1 44948
14155 1 7082
14156 0
14157 4 14996 12975 5558 17728
14158 3 19915 29489 22789
14159 1 9378
14160 1 42244
14161 1 45412
14162 0
14163 2 25899 35983
14164 2 30254 7673
14165 2 8222 49924
14166 2 650 26645
14167 1 15610
14168 2 20161 26031
14169 1 29161
14170 4 2113 32484 34964 10312
14171 1 33859
14172 0
14173 6 12980 32388 44638 30236 37105 25705
14174 3 5531 40496 38615
14175 2 15600 6255
14176 4 32282 38119 33322 13046
14177 6 37454 43473 41054 49834 21326 49817
14178 1 2808
14179 5 20414 12548 20115 21907 19389
14180 1 43478
14181 3 10013 41770 22115
14182 3 39791 11009 41273
14183 2 2869 12918
14184 4 587 45149 21080 30049
14185 4 24200 38795 20071 42382
14186 2 24987 49276
14187 2 33713 9036
14188 1 9135
14189 2 31963 30154
14190 3 4434 13696 8694
14191 1 35131
14192 3 5263 8533 38617
14193 1 25707
14194 1 41011
14195 5 24748 20013 19468 1914 10647
14196 4 49926 42177 27663 14682
14197 4 18719 28804 39195 894
14198 5 14042 41257 30511 29075 48905
14199 2 20229 14832
14200 2 39562 31770
14201 2 9959 2422
14202 2 39168 41045
14203 1 2200
14204 0
14205 4 5539 43788 8838 26206
14206 1 41875
14207 2 29157 27572
14208 1 24943
14209 0
14210 1 35566
14211 1 12688
14212 2 26790 10142
14213 4 11422 43689 13021 910
14214 1 48131
14215 5 2553 47246 7102 12982 5497
14216 0
14217 0
14218 3 30169 42139 39319
14219 1 29907
14220 2 29480 11072
14221 3 35803 14449 48934
14222 4 25573 24704 35991 40933
14223 2 22641 27579
14224 2 611 18265
14225 4 31697 15321 16779 29078
14226 2 13965 43879
14227 3 13537 39704 19573
14228 1 44163
14229 2 37675 41605
14230 5 21075 47726 7058 18068 25137
14231 0
14232 2 29204 14612
14233 2 18037 47508
14234 3 25432 21406 26486
14235 1 41668
14236 0
14237 5 28047 13980 13883 49059 24214
14238 4 6362 11051 26938 47455
14239 1 49079
14240 1 40419
14241 2 39815 27957
14242 2 31344 16211
14243 3 48121 31401 31851
14244 2 47094 44348
14245 1 14967
14246 3 34513 15309 2619
14247 2 41080 18728
14248 0
14249 1 17322
14250 0
14251 1 817
14252 4 13444 37688 28074 38979
14253 1 19925
14254 1 24521
14255 2 30826 33663
14256 1 47939
14257 1 14341
14258 3 2691 29094 22482
14259 2 18413 40904
14260 3 22390 45471 25492
14261 3 31356 24639 15793
14262 4 20360 15689 40006 5434
14263 0
14264 2 10362 22190
14265 0
14266 0
14267 2 8542 352
14268 2 48256 46627
14269 4 46417 40446 49262 7602
14270 2 41994 44475
14271 0
14272 2 2348 43259
14273 0
14274 2 26810 14378
14275 2 21267 40844
14276 2 36066 8440
14277 1 37413
14278 2 19514 48851
14279 4 28331 29612 39774 28181
14280 1 40078
14281 2 40143 25
14282 2 42106 9196
14283 2 5622 26282
14284 1 21301
14285 3 3090 35647 34646
14286 2 42674 21772
14287 4 41987 19782 32730 46261
14288 2 13933 2074
14289 3 47481 43924 22972
14290 0
14291 2 11162 27351
14292 5 37170 34073 23563 38500 24420
14293 2 14083 23730
14294 4 34843 34682 14272 6878
14295 0
14296 2 32591 3975
14297 1 7246
14298 1 5126
14299 1 32317
14300 3 34985 36600 37273
14301 3 13199 31318 48336
14302 1 31706
14303 4 18095 8160 1573 19228
14304 3 29003 40395 49066
14305 5 18068 13710 21391 12751 36709
14306 3 29699 45121 21788
14307 1 30112
14308 3 21904 35158 26384
14309 0
14310 4 37427 33916 41651 46643
14311 2 19352 1287
14312 1 39810
14313 1 47238
14314 3 43506 25194 44575
14315 1 19423
14316 5 29933 9888 46786 23581 22948
14317 1 34939
14318 0
14319 2 43918 38169
14320 1 41559
14321 2 46917 15182
14322 5 35398 34220 10841 33881 43822
14323 2 43635 27212
14324 0
14325 1 17350
14326 1 29160
14327 2 36569 47995
14328 3 25341 3133 342
14329 2 44565 33196
14330 0
14331 5 31936 29431 9305 24847 48185
14332 3 16513 25199 17167
14333 2 8580 5871
14334 0
14335 2 6467 37698
14336 1 41043
14337 1 20071
14338 2 10998 10697
14339 3 42530 17552 28566
14340 3 20424 37729 18154
14341 1 22412
14342 3 27717 49356 31642
14343 1 10055
14344 3 4947 39006 36781
14345 2 43530 12217
14346 3 23860 2369 35726
14347 0
14348 1 2842
14349 2 8343 33994
14350 0
14351 0
14352 0
14353 3 36328 203 11396
14354 0
14355 2 7375 1965
14356 0
14357 0
14358 3 19184 5917 20961
14359 2 44932 12951
14360 2 17076 15450
14361 3 5992 30799 28406
14362 4 30172 5015 40276 41804
14363 1 20846
14364 1 45135
14365 2 47442 19305
14366 2 34549 12511
14367 3 2702 48412 22808
14368 2 43559 37951
14369 1 25384
14370 3 1106 10070 8376
14371 2 37264 3436
14372 3 4902 49935 24645
14373 1 30185
14374 3 22065 47056 3576
14375 2 38199 29574
14376 1 45370
14377 5 15915 28062 39120 24561 16294
14378 2 38592 48251
14379 2 551 31623
14380 3 10994 29037 39063
14381 2 11359 28557
14382 2 35226 14020
14383 3 17358 22818 1511
14384 2 22548 46872
14385 1 28320
14386 3 33157 48000 32411
14387 1 33289
14388 1 3588
14389 3 22437 41027 321
14390 1 42455
14391 4 7180 47224 23043 49535
14392 2 10560 26924
14393 0
14394 1 45032
14395 4 39296 12597 268 43072
14396 3 49384 33151 35764
14397 1 6829
14398 2 8817 35908
14399 1 40627
14400 3 27869 46148 8444
14401 2 26592 31589
14402 4 36460 17576 28803 27090
14403 1 15034
14404 0
14405 3 41713 45861 22781
14406 1 34267
14407 3 11967 21505 30354
14408 0
14409 1 4230
14410 4 18512 22512 5931 48857
14411 3 41637 9506 1547
14412 0
14413 0
14414 2 3094 40610
14415 0
14416 1 44489
14417 3 26523 32002 48228
14418 1 38233
14419 5 30170 42569 635 13933 48116
14420 2 23580 12407
14421 5 44249 20410 26974 2198 38613
14422 1 31360
14423 1 21836
14424 4 5832 25839 5239 46679
14425 1 34344
14426 1 49029
14427 3 4164 44707 43593
14428 4 48471 24225 37834 22875
14429 2 7035 29925
14430 2 42968 24669
14431 1 27704
14432 1 3559
14433 5 43048 37994 6877 29174 26703
14434 0
14435 0
14436 4 9583 38169 40839 1067
14437 1 19505
14438 0
14439 5 24775 17588 37128 47829 17509
14440 0
14441 1 22569
14442 4 39612 42145 38003 20305
14443 0
14444 2 34714 37276
14445 0
14446 4 45225 30993 8548 47125
14447 4 24069 4628 3263 24597
14448 1 35819
14449 2 28024 40177
14450 6 38250 31926 3255 20231 10299 42292
14451 2 48024 25880
14452 2 2830 33529
14453 3 21371 725 31657
14454 3 5532 40584 23987
14455 3 23436 37905 31127
14456 0
14457 2 7671 35636
14458 3 41339 34893 23275
14459 3 45670 39833 33335
14460 2 11949 22218
14461 0
14462 0
14463 3 14106 14891 44198
14464 2 178 23742
14465 1 30789
14466 2 14111 20410
14467 2 22899 44068
14468 2 45038 13811
14469 3 10432 22046 29590
14470 0
14471 3 32450 11983 43724
14472 3 9902 24174 23224
14473 1 4623
14474 4 6963 17728 34862 46651
14475 1 30460
14476 2 38376 28653
14477 1 4969
14478 1 1240
14479 0
14480 0
14481 3 11892 19790 24372
14482 1 31981
14483 1 29962
14484 0
14485 1 18463
14486 1 5315
14487 1 49441
14488 0
14489 1 49755
14490 1 36592
14491 5 4055 26116 9995 36720 46989
14492 1 31511
14493 1 47987
14494 2 25893 39355
14495 1 43283
14496 1 18619
14497 2 46237 49836
14498 1 17917
14499 3 23278 5547 23500
14500 3 24440 33546 15354
14501 2 3407 45977
14502 2 7899 43112
14503 4 270 28153 43812 32555
14504 3 14930 26599 18419
14505 2 42785 34359
14506 2 15938 8844
14507 3 28450 2086 25204
14508 0
14509 1 49741
14510 3 31892 13190 27767
14511 2 3352 23689
14512 0
14513 0
14514 2 6473 41124
14515 6 32811 41784 28941 46531 39010 44821
14516 2 38051 26659
14517 1 44483
14518 0
14519 2 4005 41196
14520 2 11150 11903
14521 1 5627
14522 3 6200 29113 36740
14523 2 8744 33726
14524 1 3050
14525 2 26993 28095
14526 2 3643 14245
14527 1 25994
14528 5 21805 14934 917 1697 33231
14529 3 40092 24077 25833
14530 3 26347 2511 7193
14531 3 48426 46162 36963
14532 2 17684 14025
14533 3 7484 19691 38392
14534 1 3998
14535 3 44313 46039 37689
14536 2 36938 26495
14537 4 8902 43852 19175 26055
14538 5 21334 46266 45205 32655 4964
14539 4 38325 1379 31046 42964
14540 2 35287 40857
14541 2 45787 19860
14542 1 48388
14543 0
14544 1 35911
14545 3 5874 18050 16583
14546 1 43332
14547 1 4304
14548 2 11862 6910
14549 4 23810 16750 18503 43050
14550 4 8204 20831 48877 41132
14551 3 1502 24181 33556
14552 2 26214 43631
14553 2 20420 19629
14554 0
14555 3 48561 42473 49745
14556 1 21520
14557 0
14558 2 25290 38859
14559 4 43669 35337 14890 31605
14560 2 827 2976
14561 2 22786 30339
14562 1 49132
14563 1 18483
14564 1 47188
14565 2 34767 23183
14566 0
14567 1 21529
14568 1 37047
14569 2 7135 6784
14570 2 10606 39293
14571 3 17748 25898 20023
14572 2 43461 15202
14573 1 40921
14574 3 21918 22865 884
14575 0
14576 3 47570 13907 7566
14577 1 19907
14578 2 265 34749
14579 1 21470
14580 0
14581 0
14582 1 32007
14583 3 27049 40664 37329
14584 2 43597 7060
14585 1 12046
14586 2 14106 15081
14587 0
14588 1 13869
14589 1 19241
14590 3 28523 5664 21924
14591 1 38131
14592 2 34313 22110
14593 3 13663 31914 22493
14594 2 17039 6442
14595 1 6878
14596 3 8805 20304 28232
14597 1 35082
14598 1 43728
14599 1 29613
14600 2 36072 13623
14601 2 8523 34152
14602 2 19758 881
14603 0
14604 0
14605 3 33286 7746 4430
14606 2 39359 27989
14607 4 20063 49365 22940 24197
14608 4 25119 16946 25007 9361
14609 0
14610 3 15701 34697 15885
14611 3 38221 44836 13201
14612 0
14613 1 5264
14614 3 42596 8065 24059
14615 3 15701 3864 48693
14616 4 10089 41855 30425 47655
14617 1 4777
14618 1 15261
14619 1 9977
14620 4 41470 11250 42242 22880
14621 3 19296 6893 22210
14622 1 34936
14623 2 18950 14745
14624 3 20235 26967 11104
14625 0
14626 4 7227 28698 9078 49043
14627 2 30170 36866
14628 2 42036 24740
14629 2 1108 16111
14630 5 49830 34656 7711 40158 35872
14631 4 31348 43615 7986 2901
14632 1 512
14633 1 43705
14634 0
14635 2 27668 46715
14636 1 31764
14637 6 29898 27670 17763 3571 46239 28196
14638 1 42224
14639 4 46814 5223 18890 24597
14640 4 32057 28227 8031 42150
14641 1 11802
14642 3 29376 41544 18845
14643 1 13643
14644 1 12136
14645 3 33718 41573 9710
14646 4 45103 28223 13059 40095
14647 1 44232
14648 4 32050 40686 19767 47776
14649 4 36522 37796 14354 22383
14650 1 32893
14651 2 13598 6759
14652 0
14653 4 30305 36049 28950 23931
14654 1 3982
14655 2 48705 21790
14656 0
14657 3 37388 40127 36641
14658 0
14659 2 14601 43152
14660 6 5341 8715 4507 44722 30315 17850
14661 0
14662 0
14663 3 36877 27630 32633
14664 0
14665 3 42483 46260 6163
14666 0
14667 1 32162
14668 4 41462 48413 48734 44856
14669 1 30340
14670 2 33911 31292
14671 3 27198 37284 2335
14672 0
14673 3 46096 24186 48930
14674 1 40136
14675 0
14676 1 37339
14677 2 4208 11643
14678 0
14679 0
14680 1 42930
14681 0
14682 2 48479 40153
14683 2 42726 16516
14684 4 35779 22693 31939 62
14685 1 13816
14686 0
14687 0
14688 1 20219
14689 3 22696 7672 19318
14690 4 8816 17375 15904 18595
14691 2 49938 21625
14692 3 47811 30709 41816
14693 1 35845
14694 0
14695 3 6643 25826 44914
14696 0
14697 3 9674 30222 30236
14698 1 32370
14699 3 30434 35386 40474
14700 3 8790 4039 23743
14701 0
14702 1 12779
14703 1 3583
14704 4 30416 34791 8400 40776
14705 2 28832 9424
14706 2 11137 11124
14707 2 12124 15049
14708 1 25479
14709 3 3606 38168 23232
14710 5 15531 2602 1758 21725 33690
14711 1 15702
14712 3 41374 32464 45274
14713 2 4302 21380
14714 2 40757 3752
14715 3 41498 38633 30644
14716 6 11483 4621 22538 13364 32798 22528
14717 2 419 19930
14718 2 8528 37734
14719 1 5623
14720 3 35383 14506 27185
14721 1 7212
14722 0
14723 1 23097
14724 3 15922 36725 9701
14725 2 8500 9588
14726 1 37909
14727 2 46301 15732
14728 4 20015 6904 23597 16370
14729 1 22094
14730 4 30536 17575 33628 21084
14731 2 5605 5340
14732 5 39326 32245 4229 22771 13283
14733 3 14205 31550 38546
14734 2 49348 25020
14735 3 30180 11954 11813
14736 1 34363
14737 4 8290 34025 33145 15553
14738 2 48256 49250
14739 2 30289 36927
14740 0
14741 2 30918 3141
14742 2 12264 49309
14743 1 7826
14744 2 17698 13147
14745 3 49274 32146 5528
14746 2 9923 49188
14747 2 48673 45592
14748 2 34115 13609
14749 2 28410 8988
14750 2 16674 29306
14751 5 47865 29993 39811 1442 27961
14752 1 21139
14753 2 42552 41142
14754 1 21790
14755 1 12409
14756 4 26144 32546 28424 46617
14757 1 9184
14758 2 37975 30836
14759 4 9362 39968 45436 20448
14760 3 5519 42975 1474
14761 0
14762 0
14763 3 31045 14781 1654
14764 3 22365 31276 43669
14765 1 8036
14766 1 33672
14767 4 30342 36585 28557 39980
14768 1 35911
14769 2 19201 27179
14770 1 3438
14771 1 22669
14772 3 5526 31386 18389
14773 1 15910
14774 2 18605 3928
14775 3 15498 34598 16078
14776 2 46020 10654
14777 1 25493
14778 0
14779 3 13241 22673 33006
14780 2 49472 6947
14781 2 23733 29246
14782 0
14783 3 19426 32901 29654
14784 0
14785 1 34121
14786 2 41443 4541
14787 3 30990 758 14316
14788 3 17195 5913 33346
14789 0
14790 4 44849 33037 25550 20644
14791 1 16328
14792 1 40328
14793 2 41175 11397
14794 1 23360
14795 3 38700 12191 30894
14796 5 24663 11304 24165 37765 35613
14797 4 14492 34315 45863 40563
14798 1 36526
14799 2 46485 29570
14800 4 26149 31164 2265 10807
14801 0
14802 2 14406 9850
14803 3 21876 33758 47548
14804 0
14805 3 31771 33254 10381
14806 5 8444 7426 26399 15279 37922
14807 0
14808 3 32214 27951 2528
14809 2 10299 23692
14810 5 45780 47423 18172 34908 32682
14811 4 3420 41096 19792 9703
14812 6 21241 41473 5960 21838 45243 1510
14813 2 573 48543
14814 2 42046 49932
14815 2 40126 5394
14816 2 11751 34547
14817 3 16234 28214 38987
14818 6 31598 25384 43592 17347 3605 13426
14819 1 32404
14820 1 48782
14821 2 27312 43366
14822 2 46014 18629
14823 3 2273 3639 7801
14824 3 17903 10653 32247
14825 4 39293 40538 31446 2110
14826 0
14827 6 14570 34683 19808 29622 43589 38995
14828 3 28089 7209 3587
14829 1 40194
14830 5 8605 25332 37496 48924 34028
14831 0
14832 4 29862 48214 9521 28354
14833 2 24486 21167
14834 3 1474 16583 32568
14835 1 30619
14836 1 35204
14837 0
14838 2 4783 49858
14839 1 23807
14840 3 40534 30957 42461
14841 1 11915
14842 2 5954 7995
14843 4 33719 35977 30908 17711
14844 3 25613 21027 5663
14845 1 25407
14846 4 1220 39818 21773 30302
14847 1 47987
14848 4 39536 49355 26182 49145
14849 1 3552
14850 1 23091
14851 2 36368 12408
14852 0
14853 2 10136 18014
14854 1 19801
14855 3 5266 26876 10173
14856 0
14857 1 41861
14858 2 10118 31517
14859 2 10029 23907
14860 1 42906
14861 0
14862 0
14863 4 29011 39723 37404 43295
14864 1 30477
14865 2 26550 5022
14866 4 342 31513 13258 43557
14867 1 23502
14868 2 14478 23136
14869 2 18733 15494
14870 0
14871 2 29845 30587
14872 1 47262
14873 2 8044 17847
14874 1 22523
14875 1 2151
14876 2 9047 26816
14877 1 3394
14878 3 27487 10899 31691
14879 3 5462 42021 47737
14880 2 22416 19723
14881 0
14882 2 34996 10767
14883 1 46308
14884 2 19546 2020
14885 6 45316 21451 30560 33956 34516 26986
14886 0
14887 5 19634 9159 29578 48503 18445
14888 4 7584 18280 24705 21807
14889 1 2307
14890 2 11977 47846
14891 3 30078 27549 8573
14892 2 14242 48143
14893 4 13770 15900 41316 14135
14894 5 36473 49228 35093 28406 38722
14895 2 49408 10968
14896 2 45097 40952
14897 2 15612 39079
14898 3 14000 36494 41834
14899 1 443
14900 4 17079 31096 12689 43315
14901 0
14902 3 11682 1164 3313
14903 0
14904 2 4378 6283
14905 2 30062 600
14906 1 9348
14907 0
14908 3 12065 28590 15902
14909 1 14344
14910 3 43646 46123 16672
14911 4 2807 8931 37121 39913
14912 2 41131 46486
14913 1 29375
14914 1 30902
14915 0
14916 0
14917 2 38382 37259
14918 4 11591 8744 266 14070
14919 3 588 41461 41058
14920 0
14921 5 18670 44060 2965 12535 3050
14922 1 7093
14923 2 37107 10461
14924 6 27703 8180 1064 38770 29797 21835
14925 2 12764 45174
14926 3 5283 8499 19088
14927 3 41974 42500 42222
14928 2 33546 46678
14929 3 47926 47413 35157
14930 4 16499 48291 18493 49065
14931 2 35188 28060
14932 6 35768 31929 26939 24705 2168 11199
14933 1 44319
14934 3 4370 32212 24695
14935 2 23686 8675
14936 4 14446 3654 16906 43365
14937 3 24324 15239 26668
14938 0
14939 2 16838 419
14940 3 3433 16971 7923
14941 5 1197 33637 45686 43034 44923
14942 3 21602 16739 22583
14943 1 39209
14944 3 11282 13598 11816
14945 0
14946 2 2939 24990
14947 2 966 11435
14948 0
14949 1 5188
14950 3 30557 35154 48448
14951 3 11999 36337 11970
14952 0
14953 0
14954 2 7510 18695
14955 2 19940 21741
14956 3 45474 41480 25882
14957 2 40823 14388
14958 2 23030 44693
14959 3 17227 47436 32923
14960 0
14961 1 30436
14962 1 26983
14963 2 19847 21143
14964 1 20355
14965 0
14966 0
14967 2 29690 12651
14968 2 13746 10688
14969 2 15036 46230
14970 3 17788 19409 24230
14971 1 44000
14972 1 22751
14973 3 3699 7993 17698
14974 1 8740
14975 4 26846 6324 48064 22188
14976 1 11389
14977 2 40018 25739
14978 2 29164 44926
14979 3 39814 35276 10969
14980 2 18416 28825
14981 1 2771
14982 0
14983 0
14984 2 29077 18637
14985 1 9301
14986 1 1633
14987 5 39267 26521 41519 30704 26216
14988 1 24003
14989 2 43901 44862
14990 1 37648
14991 5 11141 41200 17497 15654 786
14992 2 46446 15618
14993 2 44914 38491
14994 0
14995 1 32086
14996 3 49261 34231 9087
14997 0
14998 1 28677
14999 4 41785 18489 47682 37734
15000 1 13514
15001 0
15002 2 43142 47489
15003 1 23911
15004 1 45764
15005 4 33274 677 15288 37245
15006 5 46521 29044 22729 41782 46289
15007 1 38261
15008 5 20237 33647 17849 42295 30247
15009 1 31927
15010 5 44355 7413 1280 8041 29619
15011 1 20867
15012 3 5530 3346 47886
15013 0
15014 1 1255
15015 4 47392 24671 24900 44626
15016 4 28367 5698 20620 44553
15017 1 2638
15018 0
15019 0
15020 6 9254 1966 42138 42199 28494 18335
15021 4 16888 26833 37810 17121
15022 2 22798 23620
15023 0
15024 1 44657
15025 2 42547 43847
15026 3 1872 31672 13812
15027 1 31779
15028 0
15029 2 32277 4993
15030 1 44615
15031 6 40207 2007 48788 25150 38988 33862
15032 2 29661 21605
15033 6 14673 44156 8199 44390 2092 41245
15034 4 33321 39403 7086 43629
15035 2 39536 29184
15036 3 26257 2884 49486
15037 1 25186
15038 1 16320
15039 0
15040 1 9364
15041 4 38294 41559 17419 25832
15042 2 39554 37668
15043 3 42666 43873 5905
15044 0
15045 3 20200 32933 42828
15046 4 26872 24091 11048 42774
15047 3 10799 31166 26254
15048 3 10874 21454 29307
15049 3 22355 24533 7017
15050 2 28928 33224
15051 2 32740 21945
15052 0
15053 1 3096
15054 2 20556 5968
15055 2 39222 34020
15056 3 1448 19297 48770
15057 3 17413 3572 39295
15058 3 12688 49457 30651
15059 1 23586
15060 2 4775 32390
15061 3 16364 31537 22130
15062 3 24722 3356 31355
15063 2 15697 3006
15064 0
15065 1 26875
15066 2 25832 15626
15067 6 25965 4254 29217 29009 47154 18234
15068 4 13203 34855 33838 3825
15069 0
15070 1 16460
15071 1 4118
15072 0
15073 1 49798
15074 2 30287 39433
15075 0
15076 1 30736
15077 2 39908 36595
15078 0
15079 2 26454 7710
15080 0
15081 1 20929
15082 1 45765
15083 4 9545 41768 11168 2778
15084 2 22140 15362
15085 1 38062
15086 4 39629 11231 5920 29850
15087 5 23798 19437 43611 32239 2051
15088 1 11014
15089 2 44650 35161
15090 2 11963 28944
15091 0
15092 1 23785
15093 5 1943 29125 14906 5540 17194
15094 0
15095 1 13099
15096 3 37510 35079 2645
15097 1 35759
15098 4 20771 47109 3506 8713
15099 1 18688
15100 0
15101 2 43560 47841
15102 1 29136
15103 2 5368 48340
15104 2 22903 39899
15105 5 10690 11013 7110 15017 46390
15106 1 25845
15107 3 48699 35537 28094
15108 1 12876
15109 0
15110 3 31394 33045 3387
15111 0
15112 3 7798 36241 31982
15113 2 27138 30935
15114 2 483 386
15115 1 48051
15116 1 48355
15117 1 19284
15118 2 14218 17798
15119 4 10579 25584 18236 22669
15120 1 10318
15121 3 9596 22147 12612
15122 3 4211 10174 48212
15123 4 30472 6300 31424 21297
15124 3 41052 47971 35110
15125 1 22287
15126 0
15127 3 15565 34674 36973
15128 2 20017 10433
15129 0
15130 2 48746 15335
15131 5 5331 20641 5177 41264 42683
15132 2 19049 19586
15133 1 30398
15134 4 25692 42776 28783 13533
15135 0
15136 1 28998
15137 4 23743 3093 29716 3839
15138 1 19130
15139 3 46949 29062 14059
15140 1 30889
15141 3 22783 3562 31926
15142 2 33794 27473
15143 3 28573 31708 26637
15144 2 32948 6339
15145 0
15146 1 2746
15147 0
15148 0
15149 5 39552 3188 2557 37687 12670
15150 1 39886
15151 2 18006 22224
15152 1 47437
15153 4 5988 49078 10362 2435
15154 3 24670 35421 1651
15155 1 48866
15156 0
15157 1 13283
15158 1 9891
15159 2 38743 32105
15160 1 33777
15161 1 19039
15162 3 24107 1744 29838
15163 3 36144 16971 45637
15164 3 10903 47214 5191
15165 3 15492 34331 5231
15166 2 11870 16669
15167 1 21925
15168 1 12766
15169 4 22292 23632 26096 39317
15170 3 14825 21175 11131
15171 1 7715
15172 3 25984 37201 43998
15173 3 41604 37364 13820
15174 3 47528 19039 27280
15175 0
15176 1 23894
15177 2 43601 41369
15178 3 21720 389 10399
15179 3 17450 43656 12379
15180 4 45012 45770 19235 46593
15181 2 47218 27449
15182 0
15183 4 46301 11370 33953 497
15184 2 44299 9289
15185 1 9921
15186 2 36500 45860
15187 1 36583
15188 1 16750
15189 4 19838 15733 20047 18786
15190 4 18674 36768 49650 15048
15191 1 2254
15192 4 45566 27653 41612 12389
15193 5 19384 19637 39165 7510 44092
15194 2 48899 42985
15195 2 12071 9064
15196 2 45644 38863
15197 2 42547 48636
15198 4 46059 20806 19311 5427
15199 0
15200 1 1545
15201 2 18265 39611
15202 1 45269
15203 2 20132 9225
15204 3 4599 18608 16147
15205 1 13719
15206 3 29690 47566 25788
15207 1 41488
15208 0
15209 1 4306
15210 2 15127 49204
15211 4 24442 5649 4735 49814
15212 2 18201 34716
15213 2 14879 36923
15214 1 47722
15215 1 24498
15216 2 39118 24294
15217 4 38364 43853 5256 268
15218 0
15219 0
15220 1 49249
15221 1 12332
15222 1 15856
15223 3 3210 34759 32984
15224 1 7132
15225 3 9526 4229 42650
15226 3 18131 45414 16116
15227 2 24822 16991
15228 3 2517 18720 25011
15229 1 28323
15230 4 25158 15886 6679 18852
15231 3 43755 35462 13939
15232 4 10385 31738 46590 29208
15233 0
15234 1 48155
15235 3 36782 15382 49624
15236 1 21132
15237 3 46574 38005 8058
15238 2 25024 47063
15239 3 28654 22701 29062
15240 3 45415 9501 8244
15241 3 41884 28175 32942
15242 0
15243 0
15244 4 20806 1023 36082 44426
15245 0
15246 0
15247 2 45792 37229
15248 0
15249 2 38165 23825
15250 3 35954 9968 26428
15251 1 40361
15252 3 969 34550 2544
15253 2 15610 16206
15254 1 41014
15255 4 2196 13605 43174 39957
15256 4 32845 108 15971 5062
15257 3 42290 15506 5629
15258 3 36297 23025 26323
15259 2 21368 33687
15260 4 46627 25518 4203 29438
15261 0
15262 3 5728 7932 14410
15263 1 7419
15264 2 2415 7980
15265 1 23344
15266 4 16917 41925 48760 33302
15267 2 39899 12639
15268 0
15269 1 24122
15270 3 42389 27921 20998
15271 2 18918 31696
15272 2 15495 4074
15273 2 29030 22490
15274 3 37685 7968 37298
15275 2 24842 47436
15276 1 37346
15277 2 40423 30921
15278 3 15965 39470 13104
15279 4 43954 5519 22836 20439
15280 3 33076 45442 2869
15281 1 2392
15282 1 3181
15283 3 101 1179 43809
15284 2 25420 2847
15285 1 12684
15286 0
15287 3 36378 46434 9326
15288 1 18085
15289 1 7777
15290 4 28118 19215 4102 26559
15291 5 23379 25418 29443 29978 45807
15292 2 22949 49787
15293 1 10597
15294 5 667 32755 18967 32981 44174
15295 5 22411 793 31552 2458 12002
15296 0
15297 3 25662 6996 23856
15298 1 5409
15299 2 9948 15530
15300 4 18971 43255 19931 22272
15301 2 24723 43361
15302 3 34179 6370 49080
15303 1 43391
15304 1 12337
15305 2 38156 39604
15306 1 25508
15307 2 6291 22332
15308 0
15309 1 17142
15310 1 44154
15311 2 26102 14013
15312 0
15313 2 16710 24200
15314 4 34771 13427 1821 1611
15315 2 34448 12656
15316 3 21474 35313 11732
15317 4 10550 11546 20734 14941
15318 2 8091 3787
15319 4 36784 37163 40674 1939
15320 1 46741
15321 2 22135 18948
15322 3 32252 4620 23700
15323 5 44079 32394 37886 3008 15344
15324 5 4626 15057 12069 42473 46754
15325 4 47083 26835 23958 18467
15326 1 14051
15327 1 30538
15328 2 34038 38179
15329 1 40514
15330 3 15898 44265 43230
15331 2 18053 17817
15332 1 46173
15333 3 24090 7888 27269
15334 3 25142 18046 21791
15335 5 45214 28816 6708 45732 38540
15336 3 28278 31229 1241
15337 1 49182
15338 2 18602 31331
15339 1 523
15340 5 10211 49827 45917 47398 36581
15341 3 38227 31024 2184
15342 1 2568
15343 1 1246
15344 1 1696
15345 3 20595 48497 16455
15346 3 49131 18213 24326
15347 3 10480 26443 19399
15348 3 6465 41259 40216
15349 1 23201
15350 1 6207
15351 5 25987 24774 32627 12109 21
15352 3 4513 44663 23071
15353 0
15354 1 12618
15355 3 16332 38663 48198
15356 1 49364
15357 4 45030 4779 49214 8382
15358 0
15359 3 387 14119 43716
15360 3 24554 14285 23006
15361 2 20045 44821
15362 3 19757 25695 40649
15363 4 16735 4538 38972 38853
15364 2 24833 9938
15365 4 45171 8138 14961 25062
15366 1 35230
15367 1 41503
15368 1 33411
15369 3 35449 8032 23707
15370 1 20074
15371 2 43977 21927
15372 3 49707 17765 18942
15373 2 18380 10866
15374 1 7482
15375 0
15376 4 18675 4965 6713 10957
15377 1 24708
15378 1 8624
15379 1 2204
15380 3 25857 45176 19160
15381 4 5485 39581 46049 48758
15382 0
15383 3 3257 32431 32743
15384 1 9999
15385 1 897
15386 3 5778 48373 17913
15387 4 6478 49215 13859 39581
15388 2 16863 21204
15389 5 19011 47140 2533 46213 8760
15390 2 22367 30114
15391 1 8378
15392 4 45964 5356 45677 18003
15393 3 5869 4139 18140
15394 3 32498 33482 35187
15395 1 38426
15396 1 22696
15397 2 36226 36611
15398 1 3717
15399 5 7166 44157 14182 45138 30629
15400 3 8148 23932 26890
15401 0
15402 5 30335 24456 14658 26108 34531
15403 4 2958 26710 23599 12405
15404 0
15405 2 38292 40927
15406 1 5404
15407 0
15408 1 2967
15409 1 28957
15410 2 5593 18860
15411 1 40982
15412 1 48036
15413 3 42935 26325 24833
15414 0
15415 0
15416 4 12494 12726 25411 46041
15417 5 24589 38094 6648 2212 3560
15418 2 8066 8406
15419 1 9076
15420 0
15421 0
15422 0
15423 2 25777 28758
15424 4 44881 6083 46507 24409
15425 0
15426 1 44136
15427 1 26369
15428 1 31831
15429 0
15430 0
15431 3 700 16660 39999
15432 2 16079 19039
15433 2 23836 43105
15434 2 19852 46914
15435 2 28141 31006
15436 4 41302 5259 38901 41197
15437 2 1624 52
15438 3 43082 41155 31755
15439 1 22369
15440 2 44536 31206
15441 2 2311 14943
15442 2 25126 17953
15443 1 28438
15444 2 43656 832
15445 4 28114 44637 48509 6760
15446 3 49053 21142 47644
15447 2 40143 27592
15448 2 23191 42240
15449 0
15450 0
15451 1 9053
15452 3 45807 32392 31213
15453 3 31934 26881 25132
15454 3 38751 45999 21168
15455 0
15456 1 17347
15457 2 45498 2075
15458 1 13445
15459 1 33240
15460 2 462 8366
15461 1 27837
15462 1 11065
15463 2 41321 41674
15464 2 19943 45837
15465 3 13177 11744 35604
15466 0
15467 2 22030 21445
15468 3 25440 23299 37593
15469 1 20897
15470 2 15057 11916
15471 2 8402 6819
15472 5 22093 42200 47915 44225 21158
15473 1 11169
15474 2 48964 6823
15475 2 42822 42875
15476 4 47643 16937 11277 49466
15477 0
15478 3 19025 16133 26603
15479 1 10988
15480 0
15481 1 9678
15482 6 38176 48558 15886 38737 44080 9911
15483 2 41936 34954
15484 5 16497 10436 28481 2338 9921
15485 1 22663
15486 1 30614
15487 3 21194 23061 23173
15488 3 34177 22228 28524
15489 4 1235 27141 47945 32831
15490 4 8088 48968 20482 12224
15491 0
15492 1 18387
15493 2 6516 29430
15494 5 35161 32548 2918 47387 32110
15495 2 34705 23303
15496 3 713 32603 44724
15497 4 21806 44501 49168 23641
15498 1 595
15499 1 30384
15500 2 5861 2734
15501 3 47910 3147 40486
15502 2 22335 12247
15503 2 7903 40983
15504 0
15505 1 48664
15506 5 7811 18976 11657 40819 48631
15507 0
15508 2 12346 19068
15509 2 15857 33075
15510 1 43561
15511 0
15512 1 47655
15513 3 32373 31908 26467
15514 2 48037 20160
15515 0
15516 5 35277 48203 25446 13093 15199
15517 2 30515 1493
15518 0
15519 3 42432 22395 28944
15520 4 4569 32993 40658 47004
15521 1 4348
15522 2 22929 7135
15523 2 24237 21940
15524 0
15525 2 9583 6420
15526 3 14510 28127 35353
15527 3 17101 15831 17987
15528 2 48518 48566
15529 1 39093
15530 4 9917 5718 273 149
15531 2 16149 7801
15532 3 29786 16318 11969
15533 1 24009
15534 3 12510 1757 42270
15535 1 31446
15536 6 6814 32118 48684 26436 45646 7335
15537 3 44582 49835 27524
15538 1 12210
15539 3 27522 20040 43623
15540 0
15541 3 35369 535 16502
15542 2 13327 42914
15543 2 4985 18606
15544 1 1304
15545 2 35311 36365
15546 3 8731 14498 42619
15547 2 8426 6408
15548 0
15549 4 38532 7418 44619 7507
15550 2 16331 20955
15551 3 1301 27937 7198
15552 1 31426
15553 0
15554 4 3924 19021 23498 6592
15555 0
15556 2 43129 42194
15557 2 16355 8880
15558 3 33187 2165 16417
15559 4 10673 10788 1874 2906
15560 3 31247 11911 39381
15561 1 2704
15562 2 3751 8410
15563 2 25527 35886
15564 4 2215 29307 16888 28959
15565 4 10045 32779 17897 11531
15566 2 28379 17598
15567 2 46889 49724
15568 3 6049 30010 40593
15569 5 16527 22211 18613 34534 19613
15570 2 5543 30686
15571 6 6797 8022 40469 9198 40503 5985
15572 2 11477 26632
15573 3 37824 30553 2418
15574 1 27645
15575 2 30762 8557
15576 3 45974 44538 45785
15577 2 46054 39515
15578 1 12240
15579 0
15580 2 31174 44957
15581 2 13950 30076
15582 1 72
15583 3 33799 44225 9589
15584 4 17438 45642 2401 31116
15585 0
15586 4 15283 36840 2251 7420
15587 2 5082 44243
15588 1 33852
15589 4 8 22801 9724 34700
15590 3 24511 31133 21065
15591 2 6745 12128
15592 1 10804
15593 3 5055 36314 36938
15594 3 35182 41655 32771
15595 1 48122
15596 4 20752 35493 37851 5052
15597 1 41564
15598 0
15599 3 25916 13361 21044
15600 0
15601 2 24369 31679
15602 1 45970
15603 1 47369
15604 0
15605 5 3923 46840 7089 1596 28749
15606 0
15607 3 49204 34915 3756
15608 4 7600 4913 9916 12326
15609 0
15610 2 49732 15949
15611 0
15612 1 24106
15613 2 35680 49615
15614 2 8702 37462
15615 1 42395
15616 2 41629 12866
15617 2 43653 34788
15618 1 31687
15619 2 40326 44916
15620 0
15621 2 11622 46951
15622 1 40772
15623 2 24313 30262
15624 1 26161
15625 2 35623 24293
15626 2 45026 47245
15627 2 7191 3541
15628 4 9310 31458 49478 32805
15629 1 40612
15630 5 3934 42686 35746 31325 49653
15631 0
15632 3 25886 45756 9135
15633 3 26681 46536 17000
15634 2 39175 12875
15635 1 12865
15636 5 36433 37968 35364 18572 7863
15637 1 46572
15638 2 3218 36193
15639 2 41030 15951
15640 2 14796 19422
15641 5 16981 25951 12697 38437 39770
15642 2 30052 2618
15643 2 17359 36161
15644 1 27799
15645 3 20432 30992 7822
15646 1 3027
15647 2 44495 9269
15648 1 45154
15649 4 17832 31539 46595 29100
15650 1 43090
15651 2 10780 44024
15652 4 17769 14961 9702 3066
15653 1 16014
15654 1 41925
15655 5 248 17174 1902 3258 91
15656 1 24981
15657 1 32446
15658 0
15659 1 18847
15660 1 24585
15661 1 33676
15662 1 37859
15663 2 6966 27896
15664 2 9636 46439
15665 1 48405
15666 4 17244 15389 41496 28759
15667 1 40171
15668 1 16152
15669 4 24354 28647 20577 47549
15670 1 44029
15671 2 28247 11625
15672 4 36884 38521 6628 38361
15673 4 43084 8974 39526 17069
15674 2 23634 7698
15675 1 15135
15676 2 208 11081
15677 3 16568 4229 43413
15678 4 26196 43570 34977 7797
15679 1 3865
15680 1 6882
15681 3 25153 45166 39349
15682 3 17880 7976 718
15683 1 31740
15684 1 8835
15685 2 31787 7007
15686 4 37986 40545 23029 36443
15687 3 13722 22706 13130
15688 0
15689 3 25840 34694 35081
15690 3 36283 40502 27268
15691 3 30012 25033 28052
15692 3 7478 11887 12171
15693 0
15694 0
15695 5 31311 16317 12606 41463 9821
15696 0
15697 0
15698 2 47719 8063
15699 0
15700 2 18322 21937
15701 0
15702 2 22748 23344
15703 2 10681 13361
15704 1 37671
15705 2 21150 46688
15706 8 25860 16923 12873 12296 27271 1701 1354 28301
15707 1 31263
15708 1 30000
15709 4 5584 32050 41042 4520
15710 3 7852 14127 15594
15711 0
15712 1 10893
15713 1 44613
15714 2 27257 11571
15715 3 8848 39043 14924
15716 1 2718
15717 0
15718 2 10770 19862
15719 5 36603 20617 19792 23681 17047
15720 3 15833 28284 4631
15721 2 16370 29004
15722 6 37799 6558 3694 43620 12674 1079
15723 1 21773
15724 2 2120 39057
15725 4 13281 34392 28848 20043
15726 2 40459 21346
15727 0
15728 2 42598 1005
15729 1 9555
15730 2 28188 16259
15731 3 21242 30635 39643
15732 0
15733 3 4701 22506 696
15734 3 29925 29508 49322
15735 2 6133 15868
15736 4 40983 41477 25071 21194
15737 4 30877 37118 45786 42272
15738 1 37673
15739 4 6792 18733 24942 410
15740 1 38158
15741 0
15742 3 461 48389 10039
15743 1 44133
15744 2 24635 39095
15745 1 40505
15746 1 26318
15747 5 44726 5080 22979 49403 13364
15748 3 28114 32001 47813
15749 2 6518 21187
15750 3 19950 7936 33048
15751 2 35539 36911
15752 4 31663 23191 1615 36239
15753 5 2480 12567 3823 37983 16969
15754 5 27822 45239 20482 46382 18893
15755 0
15756 0
15757 2 762 40958
15758 2 30452 42236
15759 1 14699
15760 1 9398
15761 2 47690 23624
15762 3 3373 32957 22462
15763 0
15764 1 22462
15765 3 37910 42329 47539
15766 1 35786
15767 1 32480
15768 0
15769 1 19226
15770 2 46260 8629
15771 2 27082 44715
15772 2 10783 16464
15773 1 28357
15774 3 593 28988 6549
15775 2 35017 38504
15776 2 45817 16023
15777 0
15778 0
15779 3 25366 38971 5546
15780 3 11452 46601 6742
15781 1 36267
15782 6 16245 18306 5722 18922 12047 16574
15783 1 17993
15784 0
15785 2 9484 30669
15786 1 616
15787 1 45828
15788 0
15789 2 7144 43866
15790 2 32739 4701
15791 3 9142 47578 6621
15792 1 23080
15793 2 29689 45979
15794 1 10029
15795 2 43506 3372
15796 2 49213 45603
15797 4 46855 16452 2785 10134
15798 2 39860 26206
15799 3 25086 15686 6372
15800 1 3594
15801 2 22021 24729
15802 1 21432
15803 3 4672 44780 40844
15804 0
15805 0
15806 1 15569
15807 3 46518 20790 40351
15808 3 47635 34905 26342
15809 3 18406 44058 31737
15810 0
15811 2 29980 29149
15812 5 44152 22989 28350 8418 27423
15813 2 15946 26204
15814 1 34089
15815 6 21611 37268 27546 5223 32137 12441
15816 1 4610
15817 3 38939 7110 37199
15818 3 39154 3800 20674
15819 3 20048 40564 25401
15820 1 47112
15821 3 29936 33375 38950
15822 2 36121 16513
15823 3 49031 36311 12876
15824 3 7388 22221 14605
15825 1 7355
15826 5 46992 139 32130 15525 47875
15827 1 7659
15828 1 40498
15829 0
15830 3 2914 32467 21627
15831 4 98 40307 10508 17457
15832 3 38942 49118 32128
15833 0
15834 2 2581 46624
15835 1 3170
15836 1 44342
15837 2 24903 21973
15838 3 11800 18825 37142
15839 1 19912
15840 3 38610 42938 35570
15841 1 3614
15842 1 30262
15843 1 7932
15844 2 21584 48293
15845 3 30215 42119 39565
15846 1 9097
15847 2 41823 40380
15848 0
15849 3 34828 9971 10202
15850 4 24457 48526 2392 3460
15851 0
15852 0
15853 2 29028 25695
15854 3 17655 47853 33904
15855 4 5025 31503 7187 28703
15856 1 4476
15857 3 15450 16794 6112
15858 1 45768
15859 1 30487
15860 1 32099
15861 3 23473 30510 4927
15862 2 5036 12663
15863 4 8077 44557 38041 48831
15864 2 13613 9811
15865 0
15866 2 6240 47945
15867 1 30383
15868 2 21492 47794
15869 1 4064
15870 3 13978 38523 264
15871 2 150 18517
15872 4 2006 7650 39338 5868
15873 1 35072
15874 2 16461 38506
15875 1 26550
15876 3 9835 34929 43563
15877 1 10793
15878 1 7157
15879 2 39906 2923
15880 2 28530 24578
15881 2 48831 13835
15882 3 28955 33256 28236
15883 1 33977
15884 1 6648
15885 1 16659
15886 2 10335 23301
15887 2 3678 3804
15888 2 9522 8133
15889 3 48815 44356 6896
15890 0
15891 3 11231 19577 9979
15892 1 21426
15893 1 43237
15894 2 25063 48127
15895 1 46412
15896 3 34063 14320 45861
15897 1 33952
15898 1 44684
15899 4 27048 48303 16244 24118
15900 3 16884 44942 809
15901 0
15902 2 17976 39134
15903 6 2952 24755 28016 18792 48626 32784
15904 1 33499
15905 2 34708 31671
15906 3 47330 25265 13950
15907 0
15908 1 46241
15909 1 10065
15910 1 32600
15911 1 25305
15912 1 4738
15913 2 36517 5673
15914 2 34645 41142
15915 4 35450 21469 10238 23244
15916 2 16566 28937
15917 0
15918 3 46474 1138 17001
15919 1 10098
15920 4 11234 27879 16342 21387
15921 1 14870
15922 3 21533 48051 22933
15923 6 16877 3927 38521 33254 3973 31777
15924 3 8559 38791 49252
15925 2 44047 42760
15926 0
15927 1 34090
15928 3 25382 14760 10859
15929 0
15930 0
15931 1 14695
15932 0
15933 3 15722 27366 11186
15934 1 40925
15935 1 2918
15936 2 37694 37735
15937 3 30532 27232 12615
15938 2 4415 11469
15939 0
15940 5 38742 25195 39293 39962 48743
15941 2 13565 29895
15942 4 40629 17599 22837 21167
15943 1 24448
15944 3 47346 19097 34218
15945 0
15946 5 42595 49169 35142 36537 2587
15947 1 1881
15948 2 23104 39634
15949 3 41284 22992 40151
15950 0
15951 0
15952 2 48349 20956
15953 4 15795 29084 32208 46161
15954 1 42733
15955 0
15956 3 45169 13384 14625
15957 2 26066 24295
15958 5 2481 3222 12923 25411 9010
15959 1 37844
15960 1 31523
15961 1 29445
15962 5 9431 32263 10511 11779 1463
15963 4 10563 2835 35474 43380
15964 2 19662 44944
15965 3 34894 46886 32604
15966 2 25756 16104
15967 1 10260
15968 0
15969 4 41661 38520 25043 33259
15970 1 42238
15971 0
15972 3 37484 2511 25971
15973 0
15974 1 31144
15975 1 27921
15976 2 6173 36131
15977 1 21298
15978 1 1956
15979 3 36062 20152 5288
15980 1 28489
15981 3 653 22605 19852
15982 3 46640 22519 44303
15983 2 39993 16888
15984 1 28187
15985 1 28264
15986 1 39593
15987 0
15988 3 5483 23087 41241
15989 1 41338
15990 0
15991 5 44329 2603 33427 5365 25235
15992 1 28230
15993 1 3169
15994 1 2191
15995 0
15996 4 22352 1076 39626 36216
15997 1 6473
15998 2 43980 35793
15999 3 2566 7226 28255
16000 0
16001 1 16972
16002 2 44213 20844
16003 1 49787
16004 1 46435
16005 1 1937
16006 0
16007 4 20571 13532 45699 33619
16008 4 28825 36011 23821 16934
16009 0
16010 3 48497 15371 33170
16011 1 48153
16012 6 12756 23372 43452 24498 14824 3749
16013 1 36751
16014 4 45178 49694 46403 40398
16015 1 47009
16016 0
16017 5 1535 20220 23982 9721 34489
16018 1 41642
16019 2 47140 2299
16020 1 35507
16021 3 16244 25046 9684
16022 1 27946
16023 0
16024 4 32640 11416 26815 48229
16025 2 25728 22845
16026 3 247 3523 35361
16027 2 48216 37393
16028 2 30533 26924
16029 4 9381 49442 20758 28840
16030 2 48545 8768
16031 0
16032 2 17960 19030
16033 2 8133 1682
16034 4 9699 35092 6352 43507
16035 5 19221 15801 2259 7187 38896
16036 2 45632 43720
16037 2 20660 22912
16038 2 31129 29270
16039 3 35698 43797 2513
16040 2 29976 39262
16041 2 19335 25605
16042 2 9132 19260
16043 1 34050
16044 2 3104 33232
16045 0
16046 3 13271 4455 21830
16047 1 19767
16048 2 31013 2000
16049 4 13901 24358 4474 23599
16050 1 47747
16051 2 30567 22983
16052 4 25381 48607 19533 45115
16053 3 10802 31905 20178
16054 1 18354
16055 2 36708 35742
16056 0
16057 2 47838 9420
16058 3 33017 49049 36518
16059 3 4410 26675 4552
16060 4 6798 8428 21598 10592
16061 5 685 38051 24230 39450 23889
16062 0
16063 5 44469 43873 42932 35987 2149
16064 0
16065 0
16066 1 29715
16067 3 24007 12740 49331
16068 3 6140 39667 37896
16069 4 17714 29209 8036 49674
16070 2 5499 33034
16071 2 22207 3194
16072 2 837 6977
16073 0
16074 3 47830 43040 41871
16075 3 16288 17641 13336
16076 2 16739 38042
16077 1 7844
16078 2 28065 34823
16079 2 38281 16218
16080 3 26270 43000 5489
16081 5 22858 20567 29931 28409 49080
16082 1 11969
16083 4 37715 44199 49725 20915
16084 0
16085 1 15311
16086 2 47555 38280
16087 2 28884 35575
16088 0
16089 1 39851
16090 6 26327 18717 11806 9014 9676 32742
16091 2 8625 26086
16092 1 7763
16093 3 5755 12468 49488
16094 0
16095 2 4622 44152
16096 0
16097 3 7482 45985 40451
16098 5 48965 14024 29767 49580 21571
16099 3 19125 13972 14464
16100 2 30811 23230
16101 1 30173
16102 1 47086
16103 3 45867 5816 28916
16104 2 1955 15942
16105 1 21654
16106 3 34805 23727 13193
16107 3 34900 43789 9346
16108 1 2789
16109 3 27030 16704 4641
16110 0
16111 1 12277
16112 0
16113 3 45081 28159 10717
16114 4 33543 19555 32929 8868
16115 0
16116 2 11009 39777
16117 2 38524 17076
16118 2 12039 32336
16119 1 14302
16120 1 32667
16121 1 21904
16122 1 32608
16123 1 36016
16124 5 13400 32613 20793 26271 47386
16125 0
16126 1 24991
16127 3 21219 34226 13852
16128 2 41414 44836
16129 1 35696
16130 1 1282
16131 4 29367 28408 5582 21714
16132 4 25894 29886 21108 19361
16133 3 1836 32296 26305
16134 2 4899 49395
16135 5 29592 19075 12146 5252 36167
16136 2 25444 2700
16137 0
16138 4 11750 49827 20347 19552
16139 6 12263 7950 21887 24169 10898 43254
16140 0
16141 2 3485 37966
16142 3 33033 3242 13193
16143 4 34904 26849 27731 8735
16144 0
16145 4 35705 26014 43856 1833
16146 0
16147 2 30946 33690
16148 7 48767 43830 9830 24979 39887 37815 7330
16149 1 10227
16150 0
16151 3 27581 44351 15757
16152 5 28665 5032 21503 44739 46274
16153 3 45719 36555 17141
16154 1 17381
16155 4 38796 4493 43421 49712
16156 2 36926 33918
16157 1 17833
16158 2 14355 24499
16159 1 23149
16160 4 14442 30177 12465 39958
16161 3 16398 23481 34211
16162 0
16163 1 15382
16164 2 43547 31059
16165 1 48064
16166 1 15961
16167 7 25682 22032 14215 32885 40454 48564 9543
16168 2 47330 287
16169 3 14916 33294 40273
16170 0
16171 4 16679 7675 21978 31326
16172 4 40869 44431 5198 47673
16173 0
16174 1 48689
16175 2 19044 24731
16176 3 28122 31353 26547
16177 0
16178 2 1939 39445
16179 2 661 17156
16180 2 38469 35586
16181 5 31282 24652 13666 6166 17397
16182 2 25380 31379
16183 1 26604
16184 2 45403 21516
16185 0
16186 2 18706 22834
16187 0
16188 4 35764 19069 15649 29331
16189 2 12028 42785
16190 2 26009 23282
16191 1 5332
16192 6 35640 49910 18374 20552 8115 8612
16193 2 25205 34748
16194 2 46297 49330
16195 6 23818 14153 36569 17015 20370 22731
16196 1 44442
16197 3 41327 43498 46525
16198 2 35246 338
16199 0
16200 5 11674 38388 17017 26783 14260
16201 2 39825 45208
16202 1 19137
16203 1 49525
16204 1 45973
16205 0
16206 6 6210 12938 16342 37160 15526 31042
16207 1 40774
16208 0
16209 2 27685 42289
16210 2 24000 5414
16211 4 25119 15527 27236 10397
16212 3 9570 17989 4598
16213 1 38815
16214 2 11737 29320
16215 2 31737 34361
16216 1 21355
16217 3 4018 28618 31822
16218 4 558 18592 8456 8356
16219 5 33874 13486 41084 28560 28851
16220 2 25341 41363
16221 1 657
16222 1 46236
16223 1 32209
16224 3 1117 43320 38790
16225 2 12897 13065
16226 3 31252 12727 20491
16227 1 13546
16228 3 7719 26399 7516
16229 0
16230 3 37406 32154 41704
16231 1 4848
16232 3 17528 22104 48755
16233 0
16234 2 24927 24722
16235 5 10441 36777 10867 17911 21734
16236 1 13638
16237 2 28887 17272
16238 0
16239 1 953
16240 0
16241 2 9613 3258
16242 3 1796 22692 2773
16243 2 957 39500
16244 2 14048 38794
16245 1 3413
16246 1 4221
16247 2 43825 41819
16248 1 40247
16249 1 14234
16250 4 33529 8430 19842 3827
16251 2 37171 32631
16252 3 32598 12154 1404
16253 2 49116 30265
16254 1 15207
16255 2 43757 18001
16256 4 13884 10229 17307 7547
16257 2 288 27760
16258 2 13910 30206
16259 0
16260 2 20028 13605
16261 2 34269 45239
16262 2 32227 44212
16263 2 23714 42234
16264 1 42330
16265 1 18905
16266 1 22246
16267 3 45170 49811 2745
16268 2 8284 46537
16269 2 30877 48346
16270 0
16271 3 36727 46662 20460
16272 3 17352 16478 12191
16273 0
16274 1 38491
16275 6 2397 16904 27003 25923 464 49069
16276 3 16022 18326 44675
16277 2 36033 34580
16278 1 19472
16279 0
16280 2 7537 49349
16281 3 31147 42393 32940
16282 3 49613 31793 14384
16283 4 8515 38413 43616 45317
16284 5 25291 3021 3187 39947 5954
16285 3 48688 46309 8900
16286 3 14432 944 2807
16287 0
16288 0
16289 2 19674 42787
16290 1 14423
16291 3 14114 23533 3753
16292 2 34625 37199
16293 1 41833
16294 2 42227 18787
16295 3 37449 36445 19840
16296 0
16297 2 11554 31525
16298 2 23733 12194
16299 2 25888 15475
16300 0
16301 3 24949 24910 26014
16302 1 28586
16303 3 5137 35252 49258
16304 0
16305 1 32477
16306 1 14843
16307 2 19854 20282
16308 4 4688 45759 36930 49754
16309 2 8037 4329
16310 2 48338 43256
16311 2 33666 37734
16312 2 2594 20872
16313 1 19722
16314 1 45675
16315 1 11486
16316 1 20088
16317 4 21059 30743 26316 34097
16318 1 13990
16319 1 11313
16320 3 29421 18236 4649
16321 4 38567 45406 34534 17734
16322 4 19995 21992 34042 20489
16323 2 18214 12776
16324 1 2969
16325 1 47772
16326 1 36011
16327 1 34609
16328 0
16329 1 19474
16330 1 29630
16331 0
16332 2 7151 9976
16333 6 14614 508 31324 34819 23947 31800
16334 2 26074 34470
16335 4 9357 38278 49262 27032
16336 4 26627 45678 28101 45369
16337 0
16338 1 41339
16339 4 15159 33402 33394 48450
16340 4 45146 36091 35241 22107
16341 2 28951 45719
16342 0
16343 2 9038 45153
16344 1 31674
16345 1 6800
16346 2 11389 33210
16347 1 4614
16348 0
16349 3 8235 29249 4982
16350 3 46317 29561 3118
16351 5 31983 6254 15274 22696 46008
16352 2 9183 39560
16353 0
16354 2 38821 15011
16355 2 42210 32371
16356 2 39572 36528
16357 1 44999
16358 0
16359 1 6948
16360 3 42472 29366 43894
16361 1 31425
16362 2 47286 43745
16363 2 42986 7798
16364 3 37901 9345 47137
16365 2 40622 6920
16366 2 27275 24903
16367 2 15744 22684
16368 2 11717 49686
16369 3 19291 8113 34718
16370 1 361
16371 2 27221 43098
16372 3 32860 43039 49084
16373 0
16374 2 11674 7297
16375 1 15424
16376 2 22584 46831
16377 1 33933
16378 2 17541 33730
16379 2 9173 3668
16380 1 23895
16381 2 40176 42915
16382 2 44262 25290
16383 1 49843
16384 2 20127 6764
16385 2 32559 8956
16386 2 18555 3003
16387 2 10034 38885
16388 2 2172 6734
16389 3 29891 31555 34603
16390 2 13467 4621
16391 2 30060 29122
16392 1 32716
16393 1 16496
16394 1 47145
16395 3 46002 15556 27546
16396 0
16397 3 2676 33403 30737
16398 2 20591 41164
16399 2 13761 43697
16400 0
16401 4 21868 5714 16530 17100
16402 1 47575
16403 0
16404 3 12592 36884 38988
16405 0
16406 0
16407 0
16408 2 36831 7647
16409 1 2178
16410 1 1224
16411 1 5913
16412 1 42109
16413 2 42035 37115
16414 1 20331
16415 2 47737 10328
16416 1 10872
16417 2 29650 5849
16418 3 21329 43925 10715
16419 1 18118
16420 0
16421 1 19722
16422 1 3259
16423 2 26302 29359
16424 3 36942 48061 46072
16425 3 37971 1237 4590
16426 3 22750 1771 21355
16427 2 44427 40931
16428 2 25350 7952
16429 0
16430 0
16431 3 3971 14983 47115
16432 3 44484 13922 41176
16433 2 28975 19247
16434 2 14720 21698
16435 3 45644 48620 49541
16436 2 24316 4488
16437 2 6422 4508
16438 3 36139 21638 11200
16439 2 19467 21155
16440 2 17787 47307
16441 1 27065
16442 3 38034 23482 30139
16443 2 22771 29250
16444 1 7163
16445 2 8398 37151
16446 1 11417
16447 1 16759
16448 3 31898 15520 18736
16449 1 12615
16450 4 37272 46952 21967 9483
16451 0
16452 2 42710 18264
16453 1 10032
16454 2 27119 39321
16455 3 11223 15519 31853
16456 2 48369 41124
16457 1 11385
16458 1 49425
16459 3 47302 5456 11246
16460 2 22152 37888
16461 4 45180 26577 12072 36404
16462 2 40237 21934
16463 1 41358
16464 1 39732
16465 3 18564 30067 29452
16466 2 18926 4738
16467 3 81 16669 28735
16468 2 30101 3360
16469 2 20764 39664
16470 4 49682 26136 18975 1077
16471 2 19284 34569
16472 1 45938
16473 1 49135
16474 1 41341
16475 2 49188 41701
16476 3 14905 19391 37120
16477 0
16478 1 6736
16479 1 47609
16480 1 9978
16481 1 21556
16482 0
16483 1 41908
16484 1 39235
16485 1 28678
16486 1 483
16487 4 19313 3803 33304 29857
16488 1 35788
16489 2 14025 9367
16490 2 48020 35544
16491 1 23047
16492 2 30711 21467
16493 3 21294 37978 18290
16494 1 37887
16495 3 26037 527 15796
16496 3 25088 31458 23096
16497 5 27804 34749 27313 2530 9925
16498 2 40700 2254
16499 3 6700 5006 18296
16500 3 23091 8657 1682
16501 4 5531 40662 19223 31968
16502 1 47709
16503 1 16708
16504 4 25161 7560 9243 5515
16505 1 34153
16506 2 32399 13617
16507 3 36706 40620 26209
16508 1 33631
16509 4 30333 13012 19640 24751
16510 2 16090 5384
16511 2 2844 48549
16512 4 31448 24057 13252 33753
16513 3 28612 33118 32785
16514 5 40700 28107 47492 25753 4774
16515 2 30211 30466
16516 3 7855 12090 32965
16517 1 5985
16518 0
16519 3 1040 15614 21591
16520 7 45268 41942 17430 27688 9504 32724 7749
16521 4 2798 31796 48449 19921
16522 0
16523 3 45962 37298 35148
16524 2 25709 4372
16525 1 29869
16526 5 25835 22098 11816 32271 1618
16527 4 11131 4119 23810 30988
16528 3 43258 16667 20316
16529 2 24900 38333
16530 0
16531 2 47896 12525
16532 2 27144 47246
16533 5 4495 16256 4488 34079 8263
16534 5 3022 34072 14502 40051 12702
16535 0
16536 2 33620 11658
16537 0
16538 1 24202
16539 3 32087 8852 43423
16540 1 23027
16541 2 6228 43759
16542 0
16543 0
16544 1 44918
16545 2 25726 29111
16546 1 40202
16547 2 31899 6816
16548 1 4260
16549 3 17497 149 1387
16550 1 48557
16551 6 37118 24998 23248 8236 35349 219
16552 2 18524 39917
16553 3 36966 36215 18123
16554 3 41895 28470 14238
16555 3 13094 11152 28480
16556 0
16557 0
16558 1 41877
16559 2 18758 13998
16560 1 972
16561 2 37546 34139
16562 4 29701 5273 41818 42688
16563 1 39544
16564 2 42260 49160
16565 0
16566 0
16567 1 8021
16568 2 33572 8132
16569 2 33988 33756
16570 1 49083
16571 2 34475 34391
16572 4 12380 25322 41610 35928
16573 3 24680 37547 12901
16574 2 46571 30667
16575 4 8617 3257 10084 79
16576 6 35293 8243 764 8644 38410 46212
16577 2 1215 27060
16578 2 16806 1629
16579 1 19201
16580 1 11207
16581 4 12726 14423 49710 2838
16582 5 21969 20513 39660 19778 35603
16583 1 41755
16584 4 26935 14978 40781 9555
16585 4 23720 9938 496 5749
16586 1 9556
16587 0
16588 3 49657 24268 33819
16589 1 38493
16590 1 45009
16591 2 47709 2066
16592 2 22843 6685
16593 2 19634 1926
16594 3 4728 39586 28592
16595 1 532
16596 0
16597 2 35107 1603
16598 1 34632
16599 6 7334 45118 26697 14971 41814 14028
16600 2 9980 32242
16601 1 9799
16602 1 941
16603 0
16604 1 33164
16605 3 8631 1798 25568
16606 1 31882
16607 3 21777 9831 2078
16608 5 1160 14862 42991 29009 5111
16609 2 2195 2512
16610 4 29339 48063 35864 34771
16611 0
16612 1 48363
16613 1 21902
16614 1 20881
16615 4 2923 25552 45746 37124
16616 1 23760
16617 3 34546 47445 43609
16618 1 18292
16619 1 26972
16620 0
16621 4 15021 3538 47853 39730
16622 4 30954 21322 19432 40666
16623 2 6824 49596
16624 3 16283 37886 17524
16625 5 15390 19568 38664 11429 47829
16626 2 26330 32633
16627 4 5302 19841 12542 22005
16628 1 21082
16629 1 32796
16630 3 15121 19657 7700
16631 3 47943 8688 25935
16632 2 16934 3230
16633 3 21885 5505 5901
16634 6 2112 24224 12390 20642 21259 11578
16635 2 47328 40061
16636 1 18923
16637 1 11027
16638 0
16639 0
16640 1 12943
16641 2 6410 11135
16642 2 47133 9428
16643 3 17246 43342 579
16644 1 41635
16645 3 13427 17256 15694
16646 1 11818
16647 2 7023 12794
16648 0
16649 1 29366
16650 2 32936 11960
16651 1 4039
16652 1 21916
16653 3 4734 4071 8631
16654 1 18089
16655 1 34999
16656 0
16657 2 18932 30963
16658 6 39057 43402 31924 39358 38970 30510
16659 0
16660 3 34902 15136 15270
16661 0
16662 0
16663 2 2125 8744
16664 2 46981 32446
16665 1 1007
16666 0
16667 2 24104 11004
16668 3 30410 46311 44365
16669 1 33672
16670 4 14473 45565 25249 9202
16671 3 7549 4876 49327
16672 1 45466
16673 4 30891 27759 37921 20463
16674 1 26803
16675 1 27408
16676 4 41734 17799 22506 25786
16677 3 24005 18002 39319
16678 1 41560
16679 0
16680 0
16681 2 39512 6771
16682 1 13447
16683 2 15867 6330
16684 4 9195 47935 2164 5114
16685 3 23953 43904 42723
16686 2 37059 43456
16687 2 29278 38631
16688 1 9923
16689 0
16690 0
16691 0
16692 4 12731 41341 41623 35568
16693 3 43144 39146 46976
16694 4 41042 8792 46163 11221
16695 8 15087 7171 17024 35841 1950 17111 5107 28726
16696 2 19271 28003
16697 2 43212 26024
16698 1 26397
16699 1 26866
16700 1 35842
16701 0
16702 4 11491 47384 11308 15337
16703 0
16704 3 46016 288 4217
16705 0
16706 0
16707 4 16769 8932 15313 25833
16708 4 40621 19210 4197 30949
16709 3 12024 4214 30420
16710 4 6962 31303 25107 32763
16711 1 43353
16712 1 26771
16713 1 37073
16714 3 7621 33493 27941
16715 2 8169 31737
16716 1 41430
16717 4 20743 13771 22669 15172
16718 0
16719 2 13511 10745
16720 1 31236
16721 2 49500 27732
16722 0
16723 2 6753 33158
16724 2 44773 17009
16725 2 11007 26754
16726 2 5781 22704
16727 1 48284
16728 2 48380 12750
16729 3 4760 44298 3162
16730 0
16731 1 15698
16732 1 33931
16733 2 32109 47666
16734 3 21025 6655 4423
16735 3 14864 9240 38478
16736 2 45203 22
16737 2 44693 5214
16738 4 34086 23336 40845 47066
16739 5 8711 3805 33159 38448 48924
16740 2 36975 37910
16741 4 19552 44052 48251 33694
16742 3 44299 41222 41106
16743 3 11809 42245 1860
16744 2 6161 35636
16745 1 29999
16746 3 24036 8069 44809
16747 3 36073 38255 17572
16748 1 12575
16749 1 2932
16750 4 14727 11680 1127 35094
16751 2 43711 21597
16752 2 10115 37809
16753 1 26982
16754 1 4738
16755 2 38947 3940
16756 1 28648
16757 0
16758 4 21404 20671 560 11503
16759 2 33904 42895
16760 4 38561 35566 12283 6635
16761 2 8042 44199
16762 0
16763 2 45077 47960
16764 2 8987 49102
16765 0
16766 4 5175 48069 38212 8047
16767 3 21056 8717 29562
16768 1 3760
16769 1 7440
16770 4 36206 18341 23637 5225
16771 2 45065 43789
16772 0
16773 1 11929
16774 3 18034 28459 19136
16775 2 38594 21862
16776 4 35842 17584 5790 48230
16777 2 9509 38588
16778 1 37802
16779 1 24874
16780 1 8569
16781 2 44208 28750
16782 1 18590
16783 1 17998
16784 1 7822
16785 1 8559
16786 1 11
16787 2 47205 15821
16788 2 8697 20108
16789 3 47081 43581 29100
16790 1 43462
16791 0
16792 1 42147
16793 3 24721 122 26871
16794 1 14391
16795 2 31289 17925
16796 2 8734 22444
16797 2 19703 35630
16798 1 45081
16799 1 44687
16800 2 10637 11947
16801 2 1063 41042
16802 4 35654 25386 11906 21199
16803 1 29996
16804 1 5094
16805 2 36579 35992
16806 1 21908
16807 2 12106 22570
16808 1 49190
16809 5 2468 5160 1398 47115 41278
16810 2 39022 3402
16811 0
16812 2 12320 37674
16813 2 16000 46877
16814 0
16815 2 22527 440
16816 3 10590 39513 44253
16817 3 46492 9041 38192
16818 5 33398 12094 21760 19310 17377
16819 1 33011
16820 2 36066 32976
16821 1 13121
16822 1 14189
16823 1 28277
16824 3 28115 36228 45296
16825 3 19527 12078 17598
16826 1 35204
16827 4 9411 6634 40863 29006
16828 0
16829 3 42225 29256 26078
16830 3 9915 2572 46236
16831 1 12144
16832 1 21098
16833 0
16834 2 7399 19888
16835 2 5026 4591
16836 3 38338 28950 24697
16837 4 41238 34934 568 31502
16838 3 7293 32772 44666
16839 1 4437
16840 3 39745 46352 42210
16841 2 37617 41757
16842 3 2043 24568 26316
16843 2 30676 47317
16844 4 25830 17531 28321 42135
16845 0
16846 0
16847 3 23547 19242 21696
16848 1 40313
16849 1 19311
16850 0
16851 1 43934
16852 1 17870
16853 2 34730 25678
16854 3 48597 29586 37672
16855 3 25983 36697 17874
16856 2 16298 47185
16857 4 47759 37051 14709 19169
16858 1 31445
16859 1 2025
16860 1 507
16861 1 7082
16862 1 476
16863 3 13048 36789 23944
16864 1 26712
16865 3 35392 42039 2737
16866 5 23659 22535 23946 1491 48210
16867 1 39666
16868 5 19353 37555 11019 34562 8540
16869 0
16870 1 83
16871 1 34278
16872 2 20644 35978
16873 1 42612
16874 2 37016 31701
16875 1 13307
16876 1 3960
16877 1 34919
16878 1 40066
16879 2 22827 41356
16880 1 12689
16881 0
16882 5 33932 2031 19446 15509 34025
16883 1 14681
16884 2 46061 23006
16885 0
16886 1 36494
16887 2 585 17767
16888 3 19474 19789 17215
16889 3 39482 754 35528
16890 1 4488
16891 2 35794 962
16892 3 30756 16552 3882
16893 1 41338
16894 2 43220 31959
16895 1 34348
16896 2 42769 38587
16897 5 25663 25465 33880 40728 14682
16898 1 10115
16899 3 8573 28848 20027
16900 3 34551 31082 3701
16901 3 18930 47622 22267
16902 3 38735 989 39027
16903 1 31705
16904 2 44867 19742
16905 1 3809
16906 0
16907 3 30726 10588 36740
16908 3 21264 40193 38712
16909 1 20900
16910 5 42145 35372 39674 1495 34024
16911 2 29312 31442
16912 1 1932
16913 1 25814
16914 2 43220 14715
16915 6 23222 23588 31483 15459 7482 46531
16916 3 12483 8449 3158
16917 2 39216 6368
16918 4 17595 33111 45161 9259
16919 4 10856 49792 21490 12172
16920 1 11740
16921 1 17603
16922 4 2625 47211 40238 38556
16923 4 41178 46220 36056 40099
16924 2 47276 20701
16925 2 17427 12027
16926 5 45219 6459 3299 45608 47690
16927 2 37153 26058
16928 2 47700 42158
16929 3 3832 40195 31536
16930 0
16931 3 33522 994 8420
16932 0
16933 5 38235 11575 3367 42127 17374
16934 3 39210 37995 31167
16935 1 46996
16936 3 57 14823 35671
16937 1 1119
16938 3 7833 18294 5765
16939 1 28436
16940 5 8925 46529 30896 12855 6453
16941 4 49691 48659 3689 40644
16942 1 41338
16943 3 13316 3265 34473
16944 1 1514
16945 1 16940
16946 4 40817 10518 2517 48325
16947 4 39751 4781 10353 21725
16948 3 41994 27739 30197
16949 2 33819 4649
16950 1 43647
16951 2 22448 8860
16952 0
16953 5 44974 38914 47280 12074 20786
16954 1 30202
16955 4 14225 14017 5012 33937
16956 7 28601 49100 8538 30373 43326 22424 41058
16957 1 30995
16958 2 11878 1101
16959 1 30856
16960 1 43434
16961 1 48433
16962 0
16963 1 30816
16964 2 6476 20336
16965 1 42805
16966 3 41309 37196 2382
16967 0
16968 2 5755 15258
16969 0
16970 3 4973 26709 22898
16971 2 34487 27692
16972 2 31699 18392
16973 2 36376 4281
16974 4 17814 9367 23421 30297
16975 1 48675
16976 1 37676
16977 2 21596 45646
16978 1 33033
16979 1 1521
16980 1 24251
16981 2 226 3898
16982 2 9971 19735
16983 4 33573 37294 5843 26612
16984 4 33894 1674 37220 24972
16985 1 43021
16986 1 19063
16987 0
16988 1 49550
16989 4 12720 41243 22359 8030
16990 0
16991 4 14226 6371 44894 10701
16992 0
16993 1 4444
16994 1 38382
16995 0
16996 1 33928
16997 1 4191
16998 0
16999 0
17000 3 7417 2493 48778
17001 2 42381 35481
17002 4 16239 10915 3137 48400
17003 1 15219
17004 1 44584
17005 2 44561 8291
17006 0
17007 1 32070
17008 2 48919 6249
17009 2 2498 35368
17010 1 14963
17011 2 30007 46502
17012 1 30413
17013 2 20781 31474
17014 4 27842 6317 582 26036
17015 0
17016 5 26338 17082 33171 30830 27353
17017 4 31500 38672 19081 9038
17018 0
17019 2 41620 47533
17020 1 42441
17021 0
17022 2 27682 2798
17023 3 36977 18138 38987
17024 2 7435 10221
17025 3 4852 7290 7282
17026 0
17027 1 20452
17028 3 41057 47603 467
17029 1 16254
17030 2 1717 33257
17031 2 39498 49562
17032 1 41570
17033 3 6932 34194 39213
17034 4 4746 23155 14846 25839
17035 1 9161
17036 1 13142
17037 1 23951
17038 1 45581
17039 2 17437 21509
17040 2 2664 36378
17041 3 40006 23429 7035
17042 2 5317 47640
17043 2 12874 38067
17044 2 49418 453
17045 3 30884 31951 49549
17046 0
17047 0
17048 4 11301 35493 20648 32594
17049 3 18320 40791 9257
17050 4 23443 42784 40002 18480
17051 8 38890 32653 4485 40643 41055 39224 45243 40468
17052 4 42400 16795 42378 8387
17053 1 8453
17054 4 13196 512 21301 28797
17055 1 38782
17056 3 21387 46947 729
17057 0
17058 1 19394
17059 5 15891 5283 22023 1394 18648
17060 2 47671 45414
17061 3 22799 29511 4127
17062 1 34206
17063 2 9250 7586
17064 2 3656 28894
17065 1 1859
17066 2 22427 16317
17067 3 12943 44440 46
17068 1 20612
17069 1 46902
17070 3 8253 24106 15513
17071 1 49492
17072 0
17073 1 40862
17074 5 14916 18960 31581 249 27291
17075 1 13930
17076 3 20828 3642 956
17077 3 7035 1162 35561
17078 2 11668 7357
17079 2 17237 1218
17080 0
17081 3 27787 11658 26844
17082 2 32838 35967
17083 0
17084 1 39837
17085 5 24555 23396 1791 42582 40218
17086 1 5164
17087 2 37960 31359
17088 3 26611 40229 31327
17089 1 35277
17090 6 41502 17686 16226 35790 28281 37705
17091 1 26222
17092 3 46540 39743 36126
17093 3 36314 34742 30150
17094 4 28523 30671 37977 21196
17095 1 15812
17096 0
17097 4 11892 41848 31493 41376
17098 4 10928 3136 37760 37750
17099 2 8328 20512
17100 3 35958 5034 4466
17101 3 28741 3005 31965
17102 2 24273 7448
17103 1 20179
17104 1 39567
17105 4 29015 34069 2761 18870
17106 0
17107 1 39016
17108 2 5045 14368
17109 3 46458 43849 254
17110 2 27687 26637
17111 3 32812 37419 36744
17112 0
17113 4 11319 34271 27381 2387
17114 2 44214 45249
17115 1 34378
17116 2 716 26650
17117 0
17118 1 19441
17119 1 13651
17120 2 18369 12127
17121 2 30987 30480
17122 2 34799 28839
17123 0
17124 2 5470 13481
17125 0
17126 3 16346 1519 31209
17127 2 8676 6135
17128 4 27470 44679 44028 47308
17129 2 18566 46290
17130 1 35020
17131 4 37319 26090 44372 24492
17132 0
17133 2 23071 31024
17134 0
17135 2 47627 62
17136 0
17137 2 15723 48033
17138 1 31393
17139 2 22365 41580
17140 3 44431 49327 27233
17141 3 33295 12197 2657
17142 1 3029
17143 3 49558 6979 20197
17144 5 18581 44524 30476 18095 32426
17145 1 15163
17146 2 30130 583
17147 3 46576 26472 26426
17148 2 35970 24088
17149 0
17150 1 3416
17151 1 44981
17152 1 32513
17153 1 40542
17154 4 33850 13804 19122 42310
17155 4 38324 45074 40869 42358
17156 0
17157 4 36473 46879 49326 112
17158 3 13291 25204 31037
17159 2 17210 29720
17160 2 2756 11912
17161 2 26824 44184
17162 1 4559
17163 1 45891
17164 3 48989 19085 43960
17165 3 20859 17691 27276
17166 1 4556
17167 0
17168 1 7571
17169 3 21913 9591 12401
17170 2 21434 31880
17171 0
17172 2 17475 16021
17173 0
17174 3 45781 19541 45115
17175 1 35072
17176 1 18354
17177 1 23966
17178 0
17179 4 9937 36612 26098 42557
17180 1 13589
17181 3 11964 47915 14084
17182 1 39808
17183 5 1336 26325 40642 9553 22808
17184 1 22705
17185 2 38603 47078
17186 1 38997
17187 2 9497 37090
17188 2 35648 21655
17189 1 7319
17190 2 25061 14272
17191 3 41134 6551 3798
17192 4 31086 34175 37928 15169
17193 6 47341 6164 13076 49140 40617 23509
17194 2 12285 32800
17195 0
17196 2 913 29733
17197 1 44867
17198 2 24439 34287
17199 3 20929 33806 9317
17200 1 25105
17201 4 23854 18313 27996 38051
17202 3 20791 3576 45018
17203 2 10828 43476
17204 3 43285 2920 22500
17205 1 8038
17206 1 17601
17207 2 18691 40661
17208 1 650
17209 1 2966
17210 1 5177
17211 3 27146 34602 17112
17212 2 31375 22665
17213 3 47615 14430 13601
17214 3 25262 15907 15419
17215 6 3647 10802 16590 19991 15383 45519
17216 0
17217 0
17218 1 24060
17219 1 10575
17220 1 21606
17221 2 33586 23530
17222 0
17223 1 17883
17224 2 29146 37487
17225 5 12213 48355 9574 16396 34691
17226 4 19450 36802 28843 35265
17227 3 40375 40661 17476
17228 1 13720
17229 1 16391
17230 1 19127
17231 3 14467 26631 33504
17232 1 5676
17233 3 2366 25008 19924
17234 2 48940 24772
17235 3 36055 4956 31242
17236 2 24381 20321
17237 0
17238 3 34972 46797 46336
17239 4 43183 8846 34135 42046
17240 2 7389 36357
17241 1 16205
17242 1 11105
17243 0
17244 1 27086
17245 2 32761 46126
17246 3 44402 4741 23448
17247 1 14738
17248 0
17249 0
17250 1 41064
17251 1 46172
17252 1 38198
17253 0
17254 3 2545 11444 30310
17255 2 18945 24161
17256 0
17257 2 38720 43107
17258 2 40273 40874
17259 2 21579 20803
17260 2 30897 37887
17261 5 18253 28406 43380 46743 10676
17262 1 14871
17263 2 10770 27957
17264 4 38557 327 11931 4282
17265 2 25700 9936
17266 1 27811
17267 4 18593 18360 34084 12784
17268 4 12167 38077 21526 37074
17269 1 22066
17270 1 27026
17271 1 49344
17272 2 7723 39554
17273 3 33685 29823 20467
17274 3 47290 22310 17232
17275 3 30501 49983 5831
17276 4 36889 46901 8143 17779
17277 5 20659 36259 40497 20361 7372
17278 2 8447 41395
17279 2 35482 8966
17280 3 3549 9870 39414
17281 2 31990 15538
17282 0
17283 2 48485 6824
17284 3 26704 14314 20214
17285 2 42823 46616
17286 1 45132
17287 2 9315 32860
17288 0
17289 3 13508 37818 32836
17290 3 2302 45177 8822
17291 4 26165 25520 45873 23094
17292 2 33142 44171
17293 4 43939 2726 36884 7065
17294 0
17295 2 30926 1743
17296 1 40567
17297 1 10699
17298 0
17299 1 27944
17300 4 41206 46966 952 28034
17301 3 25807 16771 3087
17302 2 29741 44983
17303 2 31595 44882
17304 0
17305 2 38813 44492
17306 1 22374
17307 1 6259
17308 0
17309 5 32964 6333 45673 41506 15156
17310 1 47610
17311 3 42262 22166 17335
17312 3 25111 40158 47772
17313 2 5683 17408
17314 1 12851
17315 1 43153
17316 1 22449
17317 3 13704 34028 38662
17318 1 11178
17319 1 29798
17320 0
17321 1 18460
17322 1 20758
17323 3 13133 14276 36727
17324 2 48079 5837
17325 2 21776 28217
17326 2 15125 7984
17327 2 35342 32154
17328 2 32997 27811
17329 2 10997 44722
17330 0
17331 2 48117 23028
17332 0
17333 2 34519 47166
17334 5 37732 16334 8789 47611 17223
17335 0
17336 2 46340 49960
17337 2 41708 40588
17338 1 20443
17339 1 21491
17340 2 46338 18841
17341 2 11259 17189
17342 4 13476 39947 42470 15515
17343 1 4227
17344 0
17345 1 29898
17346 1 28602
17347 0
17348 2 14329 2709
17349 2 24727 21241
17350 1 43902
17351 0
17352 0
17353 1 54
17354 3 8988 40411 31527
17355 2 26743 33467
17356 1 37276
17357 3 7445 3553 44351
17358 3 22152 40583 29420
17359 0
17360 2 34700 48567
17361 2 44520 10959
17362 2 17394 10781
17363 0
17364 3 4820 4136 40070
17365 1 44323
17366 1 46121
17367 3 8412 20593 9102
17368 1 39504
17369 1 27156
17370 3 30333 29068 17332
17371 3 7799 24721 6768
17372 2 41748 16350
17373 2 1302 22591
17374 1 1876
17375 2 12487 17147
17376 2 27553 3885
17377 1 35772
17378 7 38763 15587 28302 43522 13609 35945 46141
17379 5 42334 11598 26751 40797 16738
17380 2 19933 29123
17381 4 1418 12459 9154 32048
17382 2 33239 38305
17383 4 35490 18822 37830 3501
17384 3 15628 47004 7484
17385 1 37414
17386 3 26993 35038 19912
17387 1 1384
17388 1 25705
17389 1 48518
17390 3 17295 14891 40980
17391 4 5564 32389 42706 5175
17392 7 13563 25186 25582 27869 2524 43802 34873
17393 4 37093 18278 4044 4984
17394 3 49992 3430 21307
17395 1 15996
17396 1 6052
17397 4 13042 41434 39423 3754
17398 0
17399 3 32351 47640 21511
17400 2 30580 40841
17401 4 26781 43420 28828 10840
17402 3 17907 27648 29105
17403 0
17404 2 14203 24609
17405 2 42500 33388
17406 0
17407 2 3073 40319
17408 1 43801
17409 4 40519 36596 8873 30486
17410 2 4486 9272
17411 2 37518 46799
17412 3 583 25020 34240
17413 2 24091 45929
17414 3 1888 34719 23483
17415 2 14803 3622
17416 2 17574 17477
17417 1 41804
17418 1 9258
17419 5 9466 6071 25147 33064 20646
17420 2 42972 45743
17421 1 49239
17422 3 5510 20112 36115
17423 1 12235
17424 4 38722 48168 47384 1659
17425 2 19009 7
17426 3 8499 11989 35800
17427 3 38724 544 22954
17428 2 23953 6350
17429 2 9360 21263
17430 1 19383
17431 0
17432 4 43224 37949 27602 49963
17433 0
17434 3 8482 31057 29484
17435 1 7343
17436 1 706
17437 3 46158 18515 6648
17438 4 14840 43119 47778 38661
17439 1 43728
17440 1 1057
17441 3 1701 26988 44230
17442 0
17443 3 34619 23161 36797
17444 2 43350 39444
17445 5 41384 2380 5800 14509 3280
17446 4 36740 14384 37612 33992
17447 1 44102
17448 0
17449 1 33528
17450 2 21003 22419
17451 5 2966 18025 5275 24295 48136
17452 0
17453 4 35827 49977 14520 14234
17454 3 42579 36585 31905
17455 5 18192 26161 5280 18363 36580
17456 3 39197 22750 26212
17457 1 33643
17458 1 12803
17459 3 3463 33048 25151
17460 1 43183
17461 3 37757 13643 34823
17462 2 17838 13433
17463 3 35918 29955 24431
17464 1 31900
17465 2 41998 28025
17466 3 46956 1227 33846
17467 1 4536
17468 1 16190
17469 1 42666
17470 2 44878 15764
17471 1 49924
17472 1 720
17473 3 47417 47744 30077
17474 4 9986 18080 37477 47434
17475 2 43536 20859
17476 2 39851 5809
17477 4 27366 32888 37942 32538
17478 1 13899
17479 1 27192
17480 1 670
17481 2 35620 9014
17482 1 42614
17483 1 47140
17484 4 6115 35320 41424 4001
17485 1 40817
17486 0
17487 3 32054 35007 22271
17488 1 46398
17489 1 34843
17490 2 20566 4495
17491 4 15812 33680 22856 21158
17492 1 28441
17493 0
17494 4 28152 20253 34252 7387
17495 2 33429 21912
17496 1 28334
17497 5 10779 42496 3544 36893 3022
17498 2 39859 37438
17499 2 41845 31217
17500 4 38020 4046 13295 30242
17501 3 24080 25031 7646
17502 2 46907 9161
17503 2 29387 37892
17504 1 3682
17505 0
17506 1 28439
17507 2 10714 16360
17508 1 49934
17509 1 27227
17510 3 24265 38947 27192
17511 4 41232 20556 23704 16285
17512 1 11291
17513 3 22754 31766 28988
17514 3 26366 25626 9444
17515 1 25058
17516 2 46863 36670
17517 2 6454 32
17518 8 49996 39587 48510 45264 21478 33256 1376 33433
17519 4 17310 35333 31918 42797
17520 4 43477 1698 34442 30696
17521 3 12284 33257 33309
17522 4 34997 44312 47802 30799
17523 2 45856 20781
17524 2 5441 20150
17525 1 48183
17526 3 23498 27580 11656
17527 2 2709 18217
17528 0
17529 2 25061 3022
17530 3 16929 18808 15996
17531 1 39353
17532 0
17533 1 12286
17534 0
17535 0
17536 1 30012
17537 0
17538 1 14734
17539 3 16432 667 43899
17540 4 13281 34962 12088 45269
17541 5 46983 16355 28735 222 33626
17542 3 31270 17232 32401
17543 4 33687 13372 3773 14460
17544 2 32422 3732
17545 1 3340
17546 2 39561 19577
17547 1 47657
17548 3 4609 49533 16206
17549 1 34016
17550 4 48707 25138 33970 43226
17551 2 12194 7462
17552 2 47187 4288
17553 2 31632 10934
17554 4 22175 39398 27668 40847
17555 1 37851
17556 3 31181 45139 18330
17557 3 29778 32406 35220
17558 1 42065
17559 3 6280 24191 12995
17560 0
17561 2 29464 17804
17562 2 9674 43025
17563 3 12012 19600 28434
17564 1 6020
17565 0
17566 1 44381
17567 3 26261 3663 12013
17568 1 42350
17569 1 10754
17570 2 12756 4594
17571 0
17572 1 42600
17573 7 4654 45336 49599 1642 25808 36281 14924
17574 4 5391 29585 3097 35489
17575 2 1300 4523
17576 3 23121 19557 38516
17577 0
17578 3 40729 34151 5542
17579 1 29961
17580 1 19007
17581 0
17582 1 12177
17583 3 26069 47737 3433
17584 3 3190 28919 32062
17585 4 35826 5081 14071 5651
17586 3 5122 2872 46955
17587 2 3060 30968
17588 1 7469
17589 3 42399 39444 31356
17590 2 14554 27177
17591 1 47132
17592 3 25646 36888 619
17593 1 32109
17594 2 12635 30488
17595 3 47650 9512 46690
17596 0
17597 2 35936 29244
17598 0
17599 2 33048 30824
17600 4 18920 3569 28387 47904
17601 1 38161
17602 4 45099 6402 46258 27329
17603 0
17604 2 5971 20027
17605 3 20115 23536 33692
17606 2 33035 21506
17607 2 37840 38127
17608 4 12877 12380 19803 19432
17609 1 31903
17610 2 10708 15242
17611 1 19002
17612 3 48943 25643 32536
17613 2 5051 24810
17614 5 24346 37547 47791 10680 19183
17615 0
17616 3 44084 21045 26167
17617 2 22938 49568
17618 1 41471
17619 6 32011 28590 19664 25110 25709 26329
17620 3 28672 23904 33668
17621 2 16707 42693
17622 3 35803 15749 2244
17623 3 5839 21513 670
17624 1 19906
17625 2 25648 5885
17626 4 48522 4576 435 16101
17627 3 38329 15797 49248
17628 3 40040 8589 26169
17629 3 30006 6641 18549
17630 0
17631 0
17632 3 2523 2299 11036
17633 1 13008
17634 2 12540 22359
17635 1 19235
17636 4 17972 30493 11244 35559
17637 3 20091 41847 4653
17638 1 26142
17639 1 19756
17640 1 39328
17641 4 41698 34777 43381 35758
17642 2 12998 23469
17643 2 13521 8324
17644 5 36779 48493 3212 12526 37801
17645 3 46748 35450 27977
17646 4 6998 7294 43747 18245
17647 1 6513
17648 3 40060 3931 11832
17649 1 3307
17650 1 8543
17651 4 3481 10618 4229 22633
17652 0
17653 2 4690 39889
17654 0
17655 1 5116
17656 2 10751 29973
17657 3 40356 17912 35179
17658 1 17404
17659 3 18344 42214 5333
17660 2 5370 19959
17661 2 27511 178
17662 2 8068 31289
17663 3 29985 45452 7954
17664 1 5727
17665 2 30027 20258
17666 3 2628 24220 36366
17667 3 22739 10888 21360
17668 2 25841 41522
17669 1 17112
17670 1 11783
17671 6 49742 2130 44131 46144 40164 14402
17672 2 34456 46791
17673 2 26651 39695
17674 2 37476 32606
17675 3 30656 9177 18444
17676 1 22283
17677 0
17678 0
17679 2 25519 7695
17680 1 46078
17681 1 4626
17682 3 48561 19643 14733
17683 1 6807
17684 2 38148 32209
17685 1 779
17686 2 43543 42258
17687 2 42565 18325
17688 5 48104 21934 18650 34453 32156
17689 2 10330 23216
17690 2 35224 41790
17691 1 12599
17692 2 47562 39993
17693 1 31151
17694 1 39891
17695 1 38106
17696 0
17697 1 15428
17698 3 43796 44257 48128
17699 1 38759
17700 1 9883
17701 4 15486 40717 25205 2420
17702 0
17703 2 9702 25487
17704 1 41833
17705 1 18983
17706 4 36900 834 711 17670
17707 3 20702 12376 22059
17708 1 1626
17709 3 8204 35137 23998
17710 0
17711 4 48682 47727 41917 43171
17712 1 1403
17713 0
17714 2 544 22007
17715 1 11057
17716 3 33863 47714 26506
17717 1 21361
17718 0
17719 2 39598 47677
17720 2 13246 22895
17721 3 7348 38127 44930
17722 3 47532 44462 33073
17723 6 42524 26412 46376 12663 20073 2825
17724 1 39098
17725 3 31420 28118 17478
17726 0
17727 1 9513
17728 2 1897 16268
17729 3 9647 10735 48498
17730 2 9079 38047
17731 3 35310 41990 13144
17732 2 1390 48703
17733 2 29127 4077
17734 5 44529 20693 17445 21318 46368
17735 1 38681
17736 1 13640
17737 5 25140 4742 17992 39893 34657
17738 3 47945 16095 14225
17739 1 39600
17740 2 28568 23881
17741 1 32323
17742 6 47823 46308 33412 25544 28223 22968
17743 1 9952
17744 5 41826 26501 46801 10041 16848
17745 2 544 12741
17746 6 11551 28542 18354 22196 45548 26250
17747 2 16979 270
17748 1 49936
17749 2 9454 33249
17750 1 26689
17751 2 33790 1783
17752 2 4739 19271
17753 2 46445 17849
17754 3 1515 2921 31536
17755 1 43842
17756 4 15973 19937 36722 16413
17757 2 10391 27492
17758 3 39869 4957 47531
17759 1 7127
17760 2 5314 23778
17761 1 14926
17762 4 40354 15351 27403 24729
17763 1 33346
17764 2 6220 36994
17765 4 2224 11456 4306 24885
17766 2 41736 11993
17767 2 19838 1616
17768 2 39353 7735
17769 0
17770 2 10235 49249
17771 1 39620
17772 2 35624 29913
17773 3 43745 22442 25536
17774 1 6240
17775 2 37788 42268
17776 3 20447 39930 32024
17777 5 42921 36625 6299 40659 6426
17778 1 26458
17779 3 30320 20675 12466
17780 2 26585 12253
17781 2 27109 185
17782 1 18881
17783 2 43488 38083
17784 1 30569
17785 1 4225
17786 1 21399
17787 2 20595 24009
17788 0
17789 2 18341 16549
17790 3 19315 27153 1007
17791 0
17792 3 24154 37128 20497
17793 4 36164 43501 19423 16508
17794 0
17795 7 19658 29742 30190 38256 35530 38159 5374
17796 3 14636 12365 39790
17797 1 31353
17798 2 33778 45151
17799 3 25939 25054 38756
17800 0
17801 3 17346 599 29964
17802 2 38629 4326
17803 1 5575
17804 1 39921
17805 0
17806 3 30868 48232 12110
17807 4 42496 13536 20520 6744
17808 2 31905 42659
17809 0
17810 2 22481 5161
17811 2 36239 2076
17812 2 26781 9973
17813 2 477 17036
17814 3 34842 36261 2477
17815 1 3294
17816 2 19913 27633
17817 3 44578 4371 25984
17818 2 8389 2266
17819 2 49835 17071
17820 1 21035
17821 3 2480 6337 29048
17822 3 34834 10416 10608
17823 1 79
17824 2 27389 32000
17825 2 36121 1062
17826 0
17827 0
17828 1 25503
17829 3 3940 2371 21553
17830 0
17831 6 19914 3279 49693 25994 13657 18903
17832 4 13741 14246 12339 31356
17833 0
17834 1 34132
17835 5 43135 38385 22980 27281 7826
17836 1 12069
17837 2 42247 24759
17838 3 48172 29921 27887
17839 1 15932
17840 3 36752 2002 19725
17841 1 1107
17842 1 10829
17843 1 27192
17844 5 24640 11860 10885 24166 4032
17845 2 18393 18230
17846 3 708 28820 8550
17847 4 47559 40510 13744 42820
17848 1 33348
17849 0
17850 1 1269
17851 0
17852 2 29190 22241
17853 1 23445
17854 2 25214 26549
17855 3 12239 6261 12461
17856 2 12713 9295
17857 2 31071 49485
17858 4 546 8487 17310 6765
17859 1 30578
17860 1 28675
17861 4 29018 20767 46608 2340
17862 1 22725
17863 2 36978 2601
17864 3 39063 31108 41517
17865 2 23600 20101
17866 4 45796 22597 17795 38505
17867 3 23054 9631 7955
17868 2 39854 7402
17869 2 15989 35891
17870 3 900 21559 32769
17871 2 14211 23508
17872 1 42473
17873 1 25748
17874 2 48708 48475
17875 0
17876 2 39361 21076
17877 1 19215
17878 3 17283 11068 11135
17879 3 42745 40666 32342
17880 6 45353 36779 15338 17579 16307 13820
17881 3 46047 43704 48025
17882 1 12392
17883 0
17884 1 37571
17885 2 16921 49413
17886 4 13945 38723 16453 12581
17887 3 18197 44877 1172
17888 2 2297 26747
17889 3 30963 26247 10323
17890 1 19927
17891 0
17892 1 38391
17893 0
17894 3 49516 20818 26854
17895 1 37937
17896 1 46641
17897 2 23600 6368
17898 0
17899 0
17900 1 37480
17901 3 47012 45515 8293
17902 3 43713 43061 47813
17903 3 15807 10621 8699
17904 1 42225
17905 1 19719
17906 4 13309 17726 36240 31445
17907 2 47909 30395
17908 3 32976 5630 31038
17909 5 26538 4999 47223 27980 8847
17910 3 1982 32291 10971
17911 1 41481
17912 0
17913 2 44310 44929
17914 0
17915 3 30795 26371 28543
17916 3 29583 9960 6393
17917 3 12706 21606 28036
17918 0
17919 2 26776 36678
17920 3 11696 6833 13177
17921 3 25406 13252 21600
17922 0
17923 5 32964 26917 10053 49895 4156
17924 2 10805 37274
17925 1 13968
17926 1 26037
17927 1 30988
17928 1 5531
17929 2 13238 33278
17930 1 31542
17931 2 49942 9153
17932 2 101 36723
17933 5 46939 24779 44268 32304 42789
17934 0
17935 4 11875 11341 9348 1920
17936 3 10532 42133 34647
17937 0
17938 7 43770 6732 24776 25354 24389 30040 48369
17939 0
17940 2 37460 43411
17941 1 39463
17942 3 6907 19344 23376
17943 0
17944 2 1738 37218
17945 4 20741 37324 9485 41588
17946 2 13302 45968
17947 2 48974 5403
17948 1 26790
17949 2 45007 6520
17950 4 5029 23137 43631 436
17951 4 12523 36304 35850 45808
17952 0
17953 0
17954 2 10552 20168
17955 2 47647 26957
17956 0
17957 7 37395 39050 34402 2196 1691 2006 20105
17958 2 923 40609
17959 1 25228
17960 2 32911 23674
17961 0
17962 3 588 48366 48662
17963 1 49330
17964 1 1564
17965 2 27382 4087
17966 3 24689 3874 35101
17967 1 46651
17968 1 46375
17969 3 8411 23431 1381
17970 0
17971 0
17972 3 28339 28753 48953
17973 0
17974 3 36714 25035 9292
17975 1 15110
17976 2 41755 7689
17977 0
17978 0
17979 1 43806
17980 7 9135 29691 44934 26398 11691 14562 7434
17981 2 14955 41854
17982 2 45931 36284
17983 2 176 26364
17984 2 4043 38996
17985 2 31317 46394
17986 2 25568 11689
17987 0
17988 5 45874 28254 39222 18473 31430
17989 0
17990 1 44380
17991 2 31563 20279
17992 3 38384 5992 43127
17993 2 32678 37819
17994 1 23050
17995 1 30237
17996 0
17997 2 31888 14050
17998 2 7022 35230
17999 3 35229 19785 8390
18000 1 25600
18001 5 34769 10505 2974 39413 29323
18002 2 28799 48731
18003 0
18004 1 31115
18005 1 45861
18006 1 41749
18007 0
18008 1 11310
18009 1 1537
18010 3 20297 42134 24741
18011 2 2317 18523
18012 0
18013 2 38851 2746
18014 4 15962 1192 28277 12022
18015 2 11957 46976
18016 2 37097 28119
18017 1 33805
18018 2 33213 48570
18019 5 49838 27374 30993 23137 25652
18020 1 2591
18021 5 15332 21765 20331 13653 28445
18022 3 21329 1645 48961
18023 1 21257
18024 0
18025 1 26624
18026 2 39996 2188
18027 2 30923 29643
18028 1 44834
18029 2 22747 41716
18030 1 17766
18031 5 22372 37164 19517 34167 11730
18032 2 44334 49346
18033 1 3469
18034 0
18035 3 36230 47763 22135
18036 2 24849 49765
18037 4 12224 33189 8271 25483
18038 0
18039 2 42452 42203
18040 0
18041 4 15700 20258 16113 31894
18042 1 10147
18043 1 44541
18044 1 8928
18045 1 39493
18046 0
18047 1 13219
18048 1 16880
18049 1 22904
18050 1 5913
18051 0
18052 0
18053 1 28651
18054 1 40812
18055 0
18056 6 15694 40775 10760 47601 35297 24683
18057 2 10308 36743
18058 4 28633 2790 18566 11631
18059 1 49402
18060 3 33419 23725 26149
18061 0
18062 3 4637 33572 8609
18063 0
18064 2 18120 711
18065 2 28171 42386
18066 0
18067 0
18068 6 44624 2985 40222 26703 43728 1553
18069 1 2660
18070 1 4332
18071 0
18072 3 42703 46169 3316
18073 2 35728 48626
18074 2 113 15736
18075 0
18076 0
18077 4 36956 40937 38736 36608
18078 4 42367 21778 17646 49655
18079 0
18080 3 10944 43019 2329
18081 1 178
18082 6 27270 32229 12982 15912 36658 35563
18083 5 44419 48332 19943 6617 40318
18084 2 31542 10753
18085 3 36565 12912 13876
18086 0
18087 0
18088 1 20652
18089 1 43143
18090 3 37563 16202 13368
18091 3 44755 39636 39802
18092 2 41294 24399
18093 2 39110 11199
18094 3 35658 41079 37636
18095 1 11209
18096 1 5148
18097 1 32485
18098 3 19791 38699 23812
18099 0
18100 2 4707 1315
18101 1 28020
18102 2 44934 729
18103 1 8319
18104 1 33272
18105 2 41265 1951
18106 3 41287 10803 43940
18107 2 10824 34310
18108 0
18109 3 1700 15160 46263
18110 1 5716
18111 2 35598 16899
18112 1 37771
18113 1 22303
18114 2 15193 11634
18115 1 18712
18116 0
18117 1 41125
18118 0
18119 2 5588 44529
18120 2 36010 4992
18121 2 49645 10555
18122 1 9760
18123 3 18588 7339 22536
18124 1 9156
18125 3 390 2126 32354
18126 0
18127 2 11436 4619
18128 0
18129 1 42184
18130 3 22904 5894 43857
18131 1 38303
18132 2 3116 13904
18133 1 43071
18134 3 7922 46194 3644
18135 5 13564 42067 23847 13236 15064
18136 2 43985 39974
18137 0
18138 3 23172 44456 6417
18139 1 29783
18140 4 35933 41865 40604 25631
18141 2 27563 24585
18142 1 37176
18143 1 47464
18144 3 9750 3565 35467
18145 1 3056
18146 2 15225 15765
18147 2 27852 22535
18148 2 28126 18485
18149 6 20177 2327 3633 3323 16356 28618
18150 4 23002 9571 3700 10644
18151 3 26726 7079 35576
18152 0
18153 3 23521 38219 40340
18154 5 19689 11778 1609 18786 28434
18155 2 29887 46453
18156 0
18157 0
18158 1 43198
18159 1 48951
18160 3 16792 7313 29863
18161 3 26147 26130 36093
18162 1 47218
18163 1 37058
18164 1 32708
18165 0
18166 2 8165 17763
18167 5 45691 40903 33559 17818 14806
18168 2 19413 17541
18169 2 42074 17524
18170 1 44441
18171 2 43775 16918
18172 1 7322
18173 1 35441
18174 2 28071 36409
18175 2 23366 31478
18176 2 18105 38010
18177 2 17479 10428
18178 0
18179 1 17856
18180 1 8833
18181 2 40394 2252
18182 2 10758 7994
18183 4 16592 39855 43724 39847
18184 1 25295
18185 0
18186 0
18187 0
18188 0
18189 0
18190 2 19766 18927
18191 3 40679 44570 3457
18192 2 2909 17617
18193 3 14442 6101 27041
18194 1 11692
18195 1 17266
18196 2 30390 17102
18197 2 34490 18796
18198 2 44122 36639
18199 1 30713
18200 3 38362 19011 10407
18201 2 29363 15408
18202 3 38073 34995 47747
18203 1 16833
18204 1 3244
18205 1 26645
18206 2 40222 47948
18207 1 16826
18208 0
18209 3 5600 27320 32651
18210 3 45735 44381 39161
18211 5 8395 6279 22487 37158 17825
18212 1 42949
18213 1 30369
18214 2 2009 12296
18215 1 40647
18216 3 2119 35270 12368
18217 2 43043 29068
18218 4 17068 47525 25585 22566
18219 2 42099 6680
18220 0
18221 1 30056
18222 0
18223 2 32313 38816
18224 0
18225 2 21605 15150
18226 1 14995
18227 1 8476
18228 2 37441 13590
18229 2 6428 26398
18230 3 13818 45863 1310
18231 2 28431 19144
18232 4 40351 41537 3173 46014
18233 0
18234 1 49575
18235 5 37084 3219 24582 43621 26419
18236 4 25397 3352 21690 39745
18237 1 35042
18238 2 31125 48834
18239 3 32646 25368 12372
18240 4 9888 37380 14054 19910
18241 1 29859
18242 1 27071
18243 2 15448 45355
18244 3 2449 44125 23162
18245 1 17860
18246 2 23019 17253
18247 2 19483 27263
18248 0
18249 3 19727 49745 44074
18250 1 48562
18251 5 2301 4566 28900 11798 12690
18252 4 34910 9499 12643 41829
18253 2 21579 27658
18254 2 23634 27352
18255 0
18256 4 3676 9736 882 44777
18257 0
18258 1 22986
18259 0
18260 5 357 45984 37326 45698 17623
18261 0
18262 3 26541 16965 45935
18263 2 10124 37011
18264 3 11 25558 41895
18265 3 45797 1098 13429
18266 3 4230 18958 40114
18267 0
18268 1 2242
18269 1 23688
18270 4 12839 34328 41610 5767
18271 1 8700
18272 2 5341 5222
18273 1 6888
18274 1 37316
18275 6 27712 31315 5819 2275 6594 30543
18276 1 693
18277 2 8631 18910
18278 1 45270
18279 1 18177
18280 0
18281 2 7882 45668
18282 1 13660
18283 2 23028 45789
18284 3 27527 35095 4783
18285 0
18286 3 4397 19561 2201
18287 2 37500 19520
18288 1 2730
18289 1 17621
18290 1 15766
18291 2 21345 30164
18292 1 32193
18293 0
18294 1 39497
18295 1 47360
18296 2 43201 48733
18297 3 33762 26107 41951
18298 0
18299 1 27466
18300 2 14600 46312
18301 2 25641 42194
18302 2 22387 2406
18303 0
18304 1 2534
18305 4 21339 2248 46407 49163
18306 2 25591 39502
18307 1 28862
18308 4 49703 95 2294 11755
18309 3 10547 31118 39678
18310 2 41652 36905
18311 4 47640 24351 45826 29810
18312 1 5090
18313 0
18314 2 21266 15102
18315 2 12892 33813
18316 2 2047 35434
18317 2 7040 14660
18318 2 21188 21706
18319 6 47068 43961 20624 27453 20276 9860
18320 1 26759
18321 1 35541
18322 3 44681 31662 47718
18323 1 18359
18324 1 5751
18325 0
18326 3 48170 44952 34603
18327 0
18328 2 13431 20155
18329 0
18330 1 12497
18331 3 18894 9421 4405
18332 4 23809 18290 18593 42167
18333 1 12690
18334 1 11134
18335 1 33366
18336 2 14480 22870
18337 4 11196 2743 44431 41481
18338 1 2238
18339 2 45124 17101
18340 1 37663
18341 3 46413 21337 42371
18342 3 37579 11845 40513
18343 1 36404
18344 2 39485 5624
18345 2 47253 13011
18346 1 40649
18347 1 15980
18348 1 48778
18349 2 46978 5364
18350 2 10854 20012
18351 3 7742 28236 29865
18352 3 19383 8996 16249
18353 4 23316 49645 16320 16188
18354 4 35542 8710 9859 32578
18355 2 15327 3445
18356 2 28199 34125
18357 2 48110 34133
18358 1 41215
18359 3 38935 9642 17560
18360 4 26536 13113 30501 41365
18361 1 41445
18362 3 13672 25477 20222
18363 0
18364 2 33806 6799
18365 0
18366 2 48439 8410
18367 2 25950 29717
18368 3 10116 6463 29540
18369 2 20708 47945
18370 4 34400 13201 26911 20875
18371 1 24474
18372 3 6937 10781 42362
18373 4 15538 4114 11677 35499
18374 1 28438
18375 2 43348 19323
18376 0
18377 1 45823
18378 2 34593 23347
18379 1 45356
18380 2 3100 10747
18381 1 43739
18382 0
18383 1 19675
18384 3 3028 38219 16709
18385 0
18386 2 8069 21382
18387 3 41548 101 19804
18388 2 33683 17864
18389 1 15542
18390 3 20423 33430 4090
18391 0
18392 2 26761 5884
18393 1 33022
18394 0
18395 3 25273 651 26281
18396 1 14603
18397 3 32155 4973 15806
18398 3 21311 9101 28314
18399 1 46394
18400 2 42733 27731
18401 4 37418 21671 16421 26951
18402 3 8538 49015 27433
18403 2 7025 33298
18404 3 43280 7201 32596
18405 4 12514 14788 2764 46594
18406 3 37567 38461 42846
18407 3 12221 45260 18714
18408 0
18409 2 17843 8032
18410 3 15825 36601 46735
18411 1 12341
18412 0
18413 3 13617 41775 11636
18414 4 3258 33488 3543 5150
18415 0
18416 1 33451
18417 5 20607 2241 47428 46312 27572
18418 6 46502 5015 47859 22414 39395 29872
18419 0
18420 2 31548 33779
18421 3 19536 49980 8912
18422 2 40379 17272
18423 4 1729 30580 27686 19271
18424 0
18425 3 28982 29468 40771
18426 1 35805
18427 5 735 9248 24899 18040 10460
18428 5 3423 17660 21266 33446 40719
18429 2 28561 3423
18430 0
18431 1 31498
18432 1 4526
18433 3 38839 8352 18141
18434 3 10235 36561 14445
18435 3 40694 31750 40118
18436 1 40966
18437 2 30958 5509
18438 2 35118 9432
18439 2 39368 27829
18440 1 39170
18441 2 40730 16231
18442 2 13260 1774
18443 3 4105 36738 33079
18444 1 9814
18445 0
18446 1 17049
18447 1 33395
18448 2 36156 36308
18449 1 3171
18450 2 25411 7119
18451 2 1385 47723
18452 0
18453 4 35597 36273 35734 24719
18454 1 25835
18455 3 22418 23537 2016
18456 4 30451 25144 3409 41780
18457 1 47621
18458 1 37244
18459 5 41184 33618 32559 5099 22124
18460 1 38656
18461 3 19090 18909 17927
18462 0
18463 3 30678 23393 20426
18464 2 2979 20998
18465 0
18466 3 24388 38583 26819
18467 4 43301 2125 38861 21389
18468 1 48129
18469 0
18470 2 11510 41095
18471 1 12428
18472 1 20374
18473 2 23128 1552
18474 3 13304 24741 44515
18475 0
18476 3 29680 3244 40100
18477 1 45516
18478 1 42109
18479 1 3755
18480 1 26389
18481 1 22695
18482 2 21516 8855
18483 1 10500
18484 1 32499
18485 0
18486 1 46345
18487 1 4371
18488 2 44988 4065
18489 3 31908 44896 12673
18490 1 32644
18491 2 38258 12783
18492 3 20672 43394 10197
18493 3 18144 28749 6464
18494 2 26719 22570
18495 1 40189
18496 3 39376 825 47746
18497 1 25996
18498 1 7259
18499 0
18500 2 31333 114
18501 2 39216 10777
18502 2 32719 36198
18503 1 8783
18504 2 25730 13223
18505 3 3032 29869 39020
18506 1 15752
18507 0
18508 1 44832
18509 2 23983 40937
18510 3 23122 16650 15596
18511 4 8163 519 42482 20090
18512 3 657 3486 27662
18513 1 11618
18514 3 4369 17962 30446
18515 2 39924 35467
18516 0
18517 1 43622
18518 4 6132 1760 26174 42016
18519 0
18520 3 21722 31944 28833
18521 0
18522 2 49634 38129
18523 2 21129 47520
18524 5 8715 15422 17196 40404 36675
18525 3 20428 30495 30393
18526 1 15763
18527 1 38242
18528 0
18529 3 49961 24530 26902
18530 2 13542 3901
18531 1 28414
18532 3 19423 35861 28897
18533 5 6806 4297 46822 1156 33597
18534 3 29300 32862 21875
18535 2 5173 37813
18536 2 22121 30877
18537 0
18538 0
18539 3 3456 32191 38448
18540 1 2370
18541 3 25345 3844 28606
18542 0
18543 0
18544 1 31359
18545 1 31512
18546 3 25224 46072 6227
18547 3 17351 38877 14134
18548 1 36943
18549 0
18550 5 12005 27634 11200 36846 11704
18551 0
18552 0
18553 1 27356
18554 2 29340 40292
18555 1 12745
18556 2 27065 21375
18557 0
18558 2 6949 38533
18559 1 29553
18560 3 4162 20632 11497
18561 0
18562 3 4173 13752 3584
18563 4 49632 8116 26534 16738
18564 1 12160
18565 0
18566 3 20296 16775 1032
18567 0
18568 1 14650
18569 4 45589 49175 8374 30103
18570 5 29765 24923 145 17951 41010
18571 3 7170 1037 38962
18572 2 32374 5109
18573 5 18819 42455 22724 5005 24703
18574 0
18575 2 38495 41076
18576 5 12512 25917 17172 40191 18900
18577 4 1733 24018 30102 18012
18578 2 17172 1282
18579 2 39899 5348
18580 0
18581 2 37303 12760
18582 1 40490
18583 3 35472 28200 29585
18584 1 46936
18585 3 15037 22803 28359
18586 2 27865 20681
18587 0
18588 2 34903 17809
18589 1 38128
18590 1 23328
18591 1 44383
18592 3 33195 36382 12841
18593 3 2780 30826 32985
18594 2 12221 2434
18595 0
18596 3 5988 22765 2826
18597 3 11643 3739 6532
18598 4 47599 42888 28673 41902
18599 1 44877
18600 3 12939 46045 14535
18601 4 42496 47225 31034 11330
18602 2 15609 8247
18603 3 26474 9080 29808
18604 1 44791
18605 2 24467 37423
18606 1 41096
18607 1 20397
18608 0
18609 4 39436 44650 42399 48249
18610 0
18611 0
18612 2 9709 22935
18613 2 40320 5782
18614 3 31749 45960 25894
18615 1 15359
18616 2 6167 39220
18617 3 3761 28560 45756
18618 1 7804
18619 3 34365 37731 27188
18620 2 37937 26019
18621 0
18622 1 27908
18623 0
18624 4 16951 3713 6793 28411
18625 0
18626 0
18627 4 1029 20520 38239 45085
18628 1 43346
18629 1 48314
18630 1 6029
18631 1 49667
18632 1 31175
18633 2 28860 20333
18634 3 41227 39759 5115
18635 1 13134
18636 0
18637 1 46984
18638 2 22630 33433
18639 2 14913 46013
18640 3 2561 45218 7578
18641 0
18642 2 19388 41668
18643 3 32040 15746 36235
18644 1 28082
18645 3 49059 30519 24471
18646 0
18647 2 42361 9702
18648 1 47052
18649 2 43643 49728
18650 2 27577 20776
18651 0
18652 3 35373 28925 22234
18653 5 20229 38706 26561 45696 17650
18654 0
18655 2 16438 46150
18656 1 42374
18657 0
18658 2 13462 9134
18659 1 45833
18660 1 6108
18661 3 45360 13885 14108
18662 4 33985 17849 22249 36451
18663 2 23994 49898
18664 3 2437 22892 14783
18665 2 11411 9350
18666 3 9493 11672 32153
18667 2 43149 31343
18668 0
18669 4 34669 16877 47892 28916
18670 1 2369
18671 2 12885 38126
18672 2 11934 48428
18673 3 36083 883 33578
18674 2 10277 47605
18675 1 45680
18676 3 29877 48739 4304
18677 2 15266 3905
18678 3 6585 29318 29448
18679 7 41579 35578 3096 11312 26632 4196 3301
18680 1 16820
18681 3 10993 42309 39336
18682 1 46758
18683 3 46663 48374 72
18684 1 26209
18685 1 47287
18686 2 10071 18460
18687 3 4173 39364 36845
18688 2 14742 15435
18689 3 6822 12146 4019
18690 3 7793 23981 14722
18691 2 7856 47593
18692 2 49646 6628
18693 2 26496 19372
18694 0
18695 3 28808 28865 18569
18696 2 17662 23504
18697 4 22680 5179 20627 6008
18698 2 511 39186
18699 3 8348 29052 42929
18700 0
18701 2 35764 32570
18702 1 31177
18703 0
18704 2 1903 21028
18705 2 36545 4879
18706 3 43290 2337 359
18707 1 1148
18708 3 40333 23206 7665
18709 3 23836 25166 35876
18710 0
18711 4 26944 19421 49594 38650
18712 0
18713 4 48955 4999 21786 45092
18714 3 26584 7333 40673
18715 4 4673 19028 26828 19917
18716 2 47647 22781
18717 2 575 9878
18718 0
18719 4 19169 9046 37654 25603
18720 3 26053 44291 23422
18721 1 43299
18722 5 13802 26183 40845 48533 1140
18723 1 28323
18724 0
18725 2 42691 21285
18726 1 9748
18727 0
18728 0
18729 1 33191
18730 3 8778 36460 13103
18731 1 48489
18732 3 12704 27078 12508
18733 0
18734 2 29613 8647
18735 7 30049 4887 20574 18977 13214 4274 19736
18736 3 41298 4127 26643
18737 1 30524
18738 1 21152
18739 2 23663 27570
18740 0
18741 0
18742 2 33945 31522
18743 0
18744 2 13550 24275
18745 2 6450 9234
18746 2 9071 42873
18747 0
18748 2 19951 2519
18749 7 32256 32791 21926 25466 26389 4133 29696
18750 2 30105 12252
18751 3 13774 14853 13216
18752 2 34931 7028
18753 1 21766
18754 4 30947 25260 2135 6669
18755 2 29852 42750
18756 2 49680 18805
18757 3 48158 46810 14250
18758 3 4413 38860 35516
18759 1 48436
18760 1 43310
18761 3 33298 49307 3554
18762 4 39630 48504 36410 44886
18763 1 36379
18764 2 43432 42652
18765 0
18766 4 19226 10795 12554 26716
18767 1 32861
18768 4 31128 18032 39111 18293
18769 3 21473 15638 47589
18770 4 15045 21007 36646 35207
18771 1 25477
18772 1 8111
18773 1 23808
18774 2 47930 9730
18775 1 37866
18776 1 960
18777 0
18778 3 15935 5941 11994
18779 3 38788 3558 17612
18780 0
18781 0
18782 4 24264 6003 5661 4445
18783 2 10460 49344
18784 0
18785 0
18786 2 45567 31879
18787 3 49728 40895 37633
18788 3 29895 38372 41223
18789 3 8602 34101 25662
18790 1 28900
18791 3 29725 26950 1819
18792 0
18793 5 3132 19711 26669 9118 45374
18794 1 6110
18795 1 8775
18796 0
18797 2 11425 43219
18798 1 47219
18799 1 31355
18800 1 6296
18801 3 36616 5213 46249
18802 1 42123
18803 1 33138
18804 3 40088 17426 23571
18805 5 31414 47758 33211 3251 39086
18806 0
18807 1 29842
18808 1 45427
18809 2 10894 28164
18810 2 37824 6608
18811 1 47197
18812 2 13590 48538
18813 1 26591
18814 3 30115 12692 26042
18815 2 18659 48271
18816 0
18817 2 27033 18358
18818 4 47594 42758 16897 34289
18819 2 4736 49650
18820 4 11274 9728 1841 37292
18821 1 33755
18822 1 29616
18823 0
18824 1 35037
18825 0
18826 0
18827 1 41456
18828 1 34687
18829 0
18830 4 11284 14309 25591 986
18831 2 46909 12499
18832 0
18833 2 11735 26791
18834 3 13460 30068 9803
18835 2 43013 42653
18836 0
18837 3 32530 34012 7065
18838 3 35061 41855 23273
18839 2 23179 46718
18840 0
18841 3 38793 49989 9754
18842 1 34091
18843 1 43292
18844 0
18845 3 23042 38053 22886
18846 0
18847 1 48368
18848 2 26156 11707
18849 1 16854
18850 1 552
18851 3 33889 5365 32658
18852 1 47707
18853 2 18526 3362
18854 3 7970 15153 45748
18855 0
18856 2 30524 40400
18857 2 47249 1204
18858 1 43869
18859 3 13233 49050 14397
18860 1 30040
18861 3 30995 16235 47725
18862 2 29439 3675
18863 2 45847 26405
18864 4 40934 22034 46641 6032
18865 5 44456 39479 16410 8205 33970
18866 1 6054
18867 3 37964 23994 40279
18868 3 33203 24972 24601
18869 1 18487
18870 6 12966 21839 34884 11380 18132 42046
18871 2 30534 20532
18872 7 44366 13339 33020 4106 4763 18212 26
18873 3 20585 46868 7531
18874 0
18875 1 42892
18876 1 42201
18877 1 38399
18878 5 42386 335 26290 7150 49307
18879 1 23522
18880 4 20592 23960 29985 28560
18881 3 19495 12277 49599
18882 3 27829 39361 17523
18883 1 31531
18884 2 17261 1789
18885 1 38405
18886 1 23415
18887 1 22213
18888 3 8681 25518 7391
18889 4 20374 4581 26836 610
18890 6 27894 21825 8113 17748 25551 49651
18891 2 1644 32248
18892 2 32264 20982
18893 2 20193 4294
18894 3 4834 24397 3170
18895 0
18896 4 7785 39930 8824 39986
18897 1 28100
18898 5 19049 27172 1681 5154 33366
18899 4 6205 47283 44917 21935
18900 1 29519
18901 1 15220
18902 2 35880 40331
18903 2 4413 33742
18904 2 43778 38901
18905 0
18906 2 28278 20669
18907 1 17918
18908 1 28938
18909 1 15140
18910 1 41003
18911 4 38954 11540 22681 28252
18912 2 29595 2927
18913 0
18914 2 15780 34563
18915 1 41228
18916 3 10720 45938 1516
18917 2 45197 22993
18918 3 7432 22948 40985
18919 4 36812 13983 8274 23210
18920 3 32651 17814 2450
18921 2 32954 15453
18922 3 1193 33918 21434
18923 1 38364
18924 3 42757 34627 13185
18925 1 36843
18926 4 35638 22627 22404 20713
18927 2 9336 17705
18928 2 13684 39983
18929 2 8348 1905
18930 2 3014 17094
18931 1 48898
18932 0
18933 1 31240
18934 2 35155 20900
18935 0
18936 2 28067 15107
18937 3 36748 4190 7470
18938 2 29874 44178
18939 3 27750 40315 1842
18940 1 32708
18941 3 10269 5444 49761
18942 1 36571
18943 1 35956
18944 5 26886 48914 48674 13909 8038
18945 1 7087
18946 1 42236
18947 5 34954 19474 26292 21621 1501
18948 0
18949 5 23728 38384 43263 31449 18096
18950 1 9634
18951 0
18952 2 16431 11808
18953 2 4913 42144
18954 2 45415 34634
18955 4 44500 11924 8300 16901
18956 3 27778 42756 35505
18957 3 35427 4405 3622
18958 3 1634 7696 30509
18959 1 36372
18960 2 9121 22
18961 2 46237 15825
18962 2 9338 41399
18963 1 20280
18964 1 7156
18965 1 6592
18966 1 24332
18967 1 4146
18968 0
18969 3 46213 38959 21997
18970 2 4203 16665
18971 2 42060 16586
18972 1 9827
18973 0
18974 4 38787 9957 27722 24618
18975 0
18976 2 46892 9144
18977 1 3146
18978 2 28936 24729
18979 1 34481
18980 1 4774
18981 2 42136 32677
18982 4 1811 12880 20110 24348
18983 1 6079
18984 0
18985 2 5429 3855
18986 3 9734 35277 44064
18987 4 3615 44320 1771 31473
18988 2 45017 48119
18989 1 24441
18990 3 24333 43001 26932
18991 2 16001 47690
18992 1 16258
18993 4 5867 43132 377 14374
18994 2 10529 9774
18995 2 32881 2629
18996 0
18997 2 26927 2036
18998 2 19213 21999
18999 1 22269
19000 2 1468 11550
19001 2 12792 9176
19002 1 3175
19003 2 16491 38548
19004 1 34356
19005 3 36577 3322 16035
19006 0
19007 1 29400
19008 4 9664 4550 468 37796
19009 1 41001
19010 2 26764 25028
19011 4 26738 32054 2193 16362
19012 0
19013 0
19014 0
19015 0
19016 0
19017 3 26335 17645 7854
19018 0
19019 3 38600 9081 14487
19020 2 10196 19359
19021 1 17355
19022 0
19023 2 10143 2240
19024 3 20281 21725 21388
19025 1 48653
19026 2 49983 31087
19027 0
19028 2 8239 8082
19029 0
19030 3 7544 45224 45820
19031 0
19032 2 11472 28618
19033 4 17001 7682 2141 9236
19034 2 28174 34988
19035 0
19036 1 32607
19037 0
19038 3 40096 14953 4526
19039 4 28187 45666 10774 17208
19040 0
19041 2 47960 12343
19042 3 43016 49995 44142
19043 2 38622 19448
19044 2 21839 12626
19045 1 41268
19046 2 19944 49805
19047 1 46754
19048 0
19049 3 8694 41571 44555
19050 3 1023 13132 46846
19051 3 11845 5446 30609
19052 0
19053 1 34801
19054 0
19055 6 34935 26621 15490 42647 12036 2361
19056 1 6952
19057 2 12847 36630
19058 2 39243 10699
19059 5 39584 4739 25615 16909 33576
19060 3 16767 13686 45532
19061 0
19062 3 44748 16010 14803
19063 2 20171 32240
19064 1 19124
19065 0
19066 2 44788 46400
19067 1 1293
19068 3 21195 49782 6040
19069 1 3494
19070 2 16775 10433
19071 3 5829 39093 37116
19072 2 46332 30788
19073 2 48854 43104
19074 2 24531 455
19075 2 11702 40250
19076 4 49062 42103 37633 17872
19077 2 46332 33291
19078 2 18250 11517
19079 1 15974
19080 3 17497 37717 22229
19081 2 26612 15723
19082 3 23650 14589 40564
19083 1 18362
19084 3 45312 25735 45790
19085 1 32107
19086 2 12262 13647
19087 3 16065 41912 41917
19088 0
19089 2 32878 42739
19090 1 49471
19091 1 16382
19092 0
19093 4 49398 34936 11508 11044
19094 4 18852 19545 32807 21840
19095 0
19096 1 13863
19097 2 33814 3510
19098 2 42276 35215
19099 1 17169
19100 0
19101 2 46573 34464
19102 2 14475 52
19103 4 39893 1848 17201 22722
19104 5 13636 47939 19199 31942 36
19105 5 11884 13856 31266 10381 26604
19106 2 12111 15016
19107 3 11775 11487 3505
19108 3 11020 48621 28436
19109 2 25024 18497
19110 2 3567 16858
19111 3 37857 42597 26096
19112 2 4370 24842
19113 4 24257 39692 27441 10963
19114 1 8098
19115 4 45637 41313 25891 6377
19116 3 24069 33182 16184
19117 1 15878
19118 1 30980
19119 3 41401 2093 22215
19120 4 37154 4250 16224 26924
19121 2 20858 27789
19122 2 23500 18154
19123 1 13430
19124 4 25591 34146 12664 25416
19125 0
19126 2 20313 9520
19127 3 12125 12421 12836
19128 1 49982
19129 2 30500 25632
19130 4 27678 35946 32282 9738
19131 3 28971 14222 12763
19132 1 38253
19133 2 45622 39053
19134 0
19135 1 35731
19136 4 48764 3984 49725 48639
19137 6 6780 49569 46677 31694 5273 48821
19138 8 7449 43644 13279 48192 337 31720 21286 28901
19139 0
19140 0
19141 0
19142 1 10417
19143 1 4525
19144 2 39419 36414
19145 2 33133 30037
19146 3 15915 10777 22856
19147 0
19148 3 31416 33006 7445
19149 2 4654 31516
19150 1 40274
19151 2 16922 13159
19152 2 14709 38327
19153 1 32753
19154 3 44222 4010 22875
19155 1 46491
19156 2 17532 566
19157 2 15028 37011
19158 1 14044
19159 1 48695
19160 0
19161 0
19162 3 22221 17772 33356
19163 4 18864 14619 35378 41109
19164 4 40282 18796 29949 7208
19165 1 9814
19166 4 47147 42328 89 24337
19167 1 10471
19168 2 30268 38859
19169 0
19170 3 4710 25667 40818
19171 4 47034 44629 36662 10291
19172 3 27030 6449 42790
19173 0
19174 2 48582 31394
19175 2 17136 3015
19176 3 15764 49630 49033
19177 3 29808 11250 16827
19178 0
19179 0
19180 2 44996 31910
19181 1 2649
19182 3 8439 20857 40223
19183 2 13485 16331
19184 3 9261 7891 40132
19185 3 13145 17295 28617
19186 2 30411 3259
19187 1 27764
19188 5 18620 14567 19119 36075 28224
19189 2 37105 29277
19190 3 10406 44067 36657
19191 2 20203 10053
19192 1 35875
19193 4 28763 16875 10691 41
19194 5 11778 37320 22021 8103 26541
19195 1 22736
19196 2 21729 48248
19197 5 5481 15004 29949 2719 38858
19198 1 3453
19199 1 33881
19200 5 1127 12387 11662 19469 20537
19201 3 38118 29993 26274
19202 1 27137
19203 3 20845 21859 19465
19204 3 39883 47935 8135
19205 0
19206 3 32134 1757 46493
19207 0
19208 3 7319 23632 18408
19209 1 6308
19210 1 15857
19211 2 10739 13922
19212 1 18091
19213 2 49567 6267
19214 0
19215 4 22224 4431 45613 29117
19216 2 4825 46684
19217 3 28772 9948 22512
19218 3 36084 17390 11102
19219 2 48401 31383
19220 0
19221 1 45740
19222 1 16827
19223 0
19224 3 37644 22812 8602
19225 3 25474 7335 37155
19226 0
19227 2 32720 40913
19228 1 7642
19229 1 6371
19230 5 7828 18393 10751 35963 42074
19231 0
19232 2 28476 47404
19233 2 9377 7025
19234 2 21316 32737
19235 2 25481 12598
19236 2 41579 37199
19237 4 24000 9959 432 42081
19238 1 43439
19239 3 25635 1937 15386
19240 2 36773 21135
19241 0
19242 2 1346 34125
19243 3 39451 19917 14397
19244 4 25584 31409 18384 39059
19245 3 17903 6740 2176
19246 2 3019 30561
19247 0
19248 1 21832
19249 0
19250 1 42587
19251 3 23374 33913 7971
19252 3 24694 39161 22609
19253 3 35819 19497 15915
19254 0
19255 2 47125 48344
19256 0
19257 1 26957
19258 1 49037
19259 0
19260 2 4611 40920
19261 1 39680
19262 2 3103 44506
19263 2 12550 31470
19264 0
19265 1 33009
19266 2 5871 32761
19267 2 31980 24677
19268 0
19269 1 17193
19270 3 2553 3693 49273
19271 1 19357
19272 1 7459
19273 1 34936
19274 0
19275 0
19276 0
19277 3 25688 32155 27065
19278 2 20106 283
19279 2 41605 13335
19280 1 14379
19281 2 37274 25536
19282 0
19283 4 35300 21236 16899 32182
19284 2 25690 4500
19285 1 22114
19286 1 48729
19287 0
19288 1 15177
19289 2 13912 37868
19290 5 22748 2264 27380 22492 7600
19291 0
19292 3 5412 36400 26471
19293 0
19294 0
19295 2 24388 16331
19296 4 20081 19849 48157 17385
19297 1 14125
19298 4 3755 25180 27716 7548
19299 3 42326 15545 25599
19300 2 46387 39999
19301 1 44854
19302 3 9127 42987 17918
19303 2 20222 34846
19304 3 23953 49835 5364
19305 1 29881
19306 2 17050 41431
19307 2 8781 16740
19308 2 21112 17365
19309 1 5072
19310 2 11734 40429
19311 2 2923 18880
19312 1 46897
19313 2 22625 45921
19314 4 44267 30970 20994 45683
19315 1 17417
19316 1 9667
19317 2 10272 21919
19318 1 42570
19319 0
19320 0
19321 3 18571 24496 33356
19322 2 3828 47737
19323 2 43339 46462
19324 3 38084 13018 15534
19325 1 34191
19326 2 30592 45370
19327 3 42712 24969 36012
19328 2 143 41425
19329 2 16027 8325
19330 5 32647 35243 44296 25441 12166
19331 0
19332 2 9310 31256
19333 1 47412
19334 3 19119 32288 12733
19335 2 31185 11912
19336 2 30150 18295
19337 2 19010 22207
19338 2 19694 21588
19339 3 4141 16058 6853
19340 1 43415
19341 2 22682 36121
19342 2 12896 38329
19343 0
19344 0
19345 1 27433
19346 0
19347 4 22416 33294 39902 16022
19348 0
19349 4 26928 39835 24493 34468
19350 3 37788 28617 9549
19351 2 29982 29238
19352 2 18000 15675
19353 3 28789 6023 19717
19354 0
19355 1 3592
19356 2 17595 24034
19357 4 41697 26751 45217 600
19358 3 19513 44539 49194
19359 0
19360 2 22130 7162
19361 2 32960 194
19362 4 15659 9209 17223 19165
19363 0
19364 1 39461
19365 6 1238 39959 20719 26541 2738 94
19366 3 35701 25437 28038
19367 3 29757 629 30685
19368 0
19369 2 12645 17170
19370 1 1146
19371 2 14019 12242
19372 0
19373 1 29046
19374 3 28444 4597 31822
19375 3 3483 34272 11722
19376 3 40422 38670 41705
19377 4 26406 30548 33247 33523
19378 5 7245 33610 17671 12189 20592
19379 0
19380 1 30123
19381 2 43966 3158
19382 3 23842 47607 9461
19383 2 29946 5427
19384 1 20339
19385 2 33967 15808
19386 5 22683 21055 37424 25040 20703
19387 1 16852
19388 1 37086
19389 4 12867 3114 41753 48275
19390 3 40661 12317 41923
19391 1 36416
19392 3 17574 24520 11500
19393 2 10223 6699
19394 6 46746 16784 28349 30194 8092 21749
19395 2 18592 29260
19396 2 9617 42372
19397 1 45909
19398 2 32774 18359
19399 1 20713
19400 1 13999
19401 3 11755 31874 3865
19402 7 15116 31520 9304 42918 27077 36128 20382
19403 2 34115 815
19404 1 39769
19405 5 28237 4257 15575 25916 42872
19406 1 21958
19407 3 24454 383 46896
19408 5 11177 26647 16745 8905 328
19409 0
19410 0
19411 4 6761 30920 20444 5120
19412 4 45071 2587 4160 39963
19413 2 11813 21948
19414 3 26546 26706 39344
19415 2 7335 14548
19416 3 39076 21329 13141
19417 2 25845 26496
19418 0
19419 2 9067 9798
19420 2 35310 47102
19421 0
19422 1 22488
19423 3 48388 47971 39159
19424 1 21044
19425 1 13492
19426 4 39871 21447 4102 46632
19427 1 36006
19428 1 27846
19429 2 5739 34413
19430 2 10170 9643
19431 1 11750
19432 1 24291
19433 0
19434 5 37116 38553 36354 15065 14197
19435 2 21843 32366
19436 1 36141
19437 0
19438 3 25159 1314 18967
19439 3 39603 6204 13720
19440 3 26291 48046 14459
19441 4 33453 48200 5257 42404
19442 5 45166 10100 39727 1435 18447
19443 1 27303
19444 1 4373
19445 1 12425
19446 1 41160
19447 1 17034
19448 0
19449 2 23214 37640
19450 5 26095 16935 44452 20990 2706
19451 1 37919
19452 2 28352 40367
19453 1 47573
19454 1 17843
19455 2 1507 39142
19456 2 15774 30464
19457 2 41649 17362
19458 3 27025 49904 20324
19459 0
19460 3 35327 35404 23574
19461 0
19462 2 42146 31544
19463 2 21904 7831
19464 4 26218 15890 28748 32602
19465 4 25222 42667 13854 41176
19466 1 35515
19467 4 43903 44977 48278 6112
19468 1 46063
19469 2 20199 26054
19470 2 28580 35801
19471 2 12365 26794
19472 2 4359 37202
19473 1 49966
19474 3 46657 40102 20781
19475 2 6990 42683
19476 3 44702 8574 16789
19477 0
19478 3 14733 7071 24586
19479 1 45091
19480 2 25297 3061
19481 4 9051 6895 25926 19749
19482 1 48148
19483 3 8940 2725 13723
19484 2 15110 25380
19485 0
19486 1 9821
19487 1 1850
19488 1 2439
19489 2 10142 6744
19490 2 15356 42832
19491 0
19492 3 24717 1680 40278
19493 3 16134 32428 30226
19494 4 7931 35416 27992 28666
19495 2 33008 23905
19496 3 22025 36669 43144
19497 2 17729 19203
19498 5 15428 11273 14165 23053 38835
19499 2 4527 29831
19500 2 31464 39413
19501 1 11393
19502 4 22851 16518 18742 31049
19503 5 6725 5282 7573 12005 5975
19504 1 28092
19505 3 43935 37875 13098
19506 4 27952 36745 31215 39318
19507 1 25720
19508 2 27857 2684
19509 3 45100 8896 40281
19510 4 39763 18385 15117 10218
19511 4 48191 4185 32252 5119
19512 3 15447 7977 28960
19513 0
19514 3 48123 21710 40067
19515 2 23005 16244
19516 2 10942 43972
19517 1 14323
19518 1 2582
19519 3 30129 27210 2806
19520 4 6620 6598 5168 35228
19521 3 32211 10570 2149
19522 1 26140
19523 4 3642 11830 34332 33236
19524 0
19525 1 30821
19526 1 17012
19527 1 1106
19528 3 26755 20963 29413
19529 5 31772 18367 35511 43942 45158
19530 4 42543 33502 10615 44155
19531 0
19532 2 22744 108
19533 0
19534 1 48508
19535 3 34563 26084 15467
19536 1 10386
19537 5 8080 17461 13356 22972 13195
19538 2 36831 4767
19539 2 44505 14675
19540 5 4333 5576 32013 15679 37046
19541 0
19542 4 31712 38264 48387 34376
19543 2 45350 19984
19544 3 12364 8890 29506
19545 5 3189 23262 37505 33244 35267
19546 3 34950 38421 3665
19547 0
19548 1 13266
19549 2 31940 47436
19550 1 17104
19551 0
19552 0
19553 2 3440 10660
19554 2 49432 47348
19555 5 35516 10710 31058 20041 46702
19556 2 33001 26265
19557 2 22097 36607
19558 2 19300 38804
19559 4 26610 11371 32850 46681
19560 1 20636
19561 1 14192
19562 3 21096 5263 35950
19563 3 16248 37050 30257
19564 0
19565 1 2303
19566 1 44224
19567 2 14792 38996
19568 2 5022 46020
19569 1 13582
19570 3 3971 16722 5297
19571 2 18584 6170
19572 1 30209
19573 0
19574 2 35004 12603
19575 1 25779
19576 4 12324 38070 7402 14380
19577 4 40982 34881 19711 16391
19578 2 2346 44139
19579 3 40599 30797 29834
19580 2 19361 1138
19581 0
19582 3 11351 37167 48239
19583 2 15812 38604
19584 2 42033 19537
19585 1 2628
19586 2 46240 38910
19587 1 19622
19588 2 7551 44568
19589 2 24785 37735
19590 4 2071 17224 21963 5964
19591 1 41038
19592 1 34061
19593 2 46494 15782
19594 1 39488
19595 5 49046 8012 39941 10226 22373
19596 2 28156 11957
19597 4 33236 22907 37015 9358
19598 3 28549 39674 31142
19599 3 30732 42266 24966
19600 4 40900 1287 13407 41069
19601 0
19602 2 39701 20408
19603 3 1884 2807 29583
19604 2 21825 43518
19605 2 12906 28758
19606 2 29187 6978
19607 1 41895
19608 1 12536
19609 0
19610 1 7921
19611 5 44530 4217 46831 33637 38698
19612 2 36466 32906
19613 2 4081 4381
19614 3 23233 6019 1114
19615 4 15726 37842 42708 48924
19616 0
19617 2 1641 40230
19618 2 7042 3851
19619 2 8731 12386
19620 1 26736
19621 6 3099 13509 49120 7692 20629 23014
19622 4 25700 7441 15748 6509
19623 4 47711 17793 10346 39984
19624 3 25743 38431 12647
19625 1 18852
19626 3 47929 4661 16354
19627 1 11490
19628 1 7966
19629 1 15384
19630 2 23438 31971
19631 3 7522 16758 14944
19632 1 24452
19633 1 1563
19634 2 37116 44199
19635 1 27536
19636 1 34232
19637 1 45495
19638 2 15909 49431
19639 6 17034 31520 5237 25485 9325 37693
19640 6 24872 20164 31475 43419 41374 22342
19641 1 34935
19642 2 37668 23118
19643 3 11048 28055 6729
19644 1 16157
19645 1 8831
19646 1 7017
19647 1 29345
19648 3 25498 33632 47297
19649 0
19650 2 36031 9979
19651 1 27833
19652 1 45261
19653 0
19654 2 34289 35615
19655 2 23744 24520
19656 1 9263
19657 1 38648
19658 2 41714 44690
19659 0
19660 1 8430
19661 3 43376 11140 13471
19662 0
19663 2 46327 20877
19664 4 49451 46578 14278 25923
19665 2 4586 409
19666 0
19667 1 32615
19668 2 23891 21920
19669 2 10060 40114
19670 2 23705 379
19671 5 32403 44963 7951 46003 10954
19672 0
19673 4 22317 40533 16077 22206
19674 1 17163
19675 4 13046 23620 42439 40227
19676 0
19677 5 1970 33403 12773 17633 44201
19678 2 12765 26806
19679 1 14778
19680 4 47572 40213 1869 1471
19681 1 31671
19682 2 37135 24732
19683 2 13776 39506
19684 2 15271 46054
19685 2 18182 18146
19686 3 20716 43181 48510
19687 1 5238
19688 1 8698
19689 2 41745 22775
19690 0
19691 0
19692 3 42452 18158 1336
19693 1 32704
19694 1 16709
19695 2 17985 33971
19696 0
19697 4 31705 42845 20074 9703
19698 2 15303 23979
19699 2 11445 40188
19700 3 46815 47497 37595
19701 2 47360 26053
19702 2 28711 33593
19703 4 11983 27084 28852 27898
19704 2 6822 15200
19705 1 10053
19706 3 48520 40351 2774
19707 3 42533 16019 4289
19708 2 26025 36869
19709 1 28574
19710 1 18054
19711 3 25489 8351 36331
19712 0
19713 1 15959
19714 1 12309
19715 2 25354 79
19716 4 29744 25757 7219 19610
19717 0
19718 2 22021 31670
19719 2 26468 34268
19720 2 20888 49604
19721 1 17289
19722 4 32096 6790 27725 8350
19723 2 42419 44031
19724 4 2040 41682 6655 31769
19725 3 38849 32908 31852
19726 1 29967
19727 0
19728 1 9625
19729 2 42275 43444
19730 3 24526 26731 47493
19731 0
19732 0
19733 3 5297 18886 5926
19734 4 26314 22538 44550 2557
19735 1 34974
19736 4 37215 41928 46049 22594
19737 0
19738 5 32504 10563 4954 14724 16302
19739 1 38099
19740 0
19741 1 15231
19742 2 13022 18482
19743 2 41989 37391
19744 3 4597 39261 24637
19745 3 36626 29762 1903
19746 1 13856
19747 2 29316 38375
19748 4 4018 7245 35658 34885
19749 0
19750 3 37808 29820 1997
19751 0
19752 0
19753 1 22160
19754 2 42527 16496
19755 4 33738 17173 12944 28432
19756 3 8461 8681 10607
19757 1 4700
19758 2 12478 32510
19759 1 34800
19760 4 36552 14478 771 37801
19761 2 3193 39784
19762 2 37396 18514
19763 1 33919
19764 0
19765 3 3070 27387 42473
19766 3 15856 23104 40835
19767 2 46634 24271
19768 1 897
19769 1 29204
19770 3 45530 40564 29790
19771 2 39469 34184
19772 1 23924
19773 4 49289 6799 27191 7643
19774 1 9938
19775 1 5046
19776 3 9706 20469 46475
19777 1 33703
19778 1 27292
19779 1 17825
19780 1 23840
19781 2 12397 16925
19782 2 47988 38189
19783 3 18033 22283 15593
19784 4 24423 20020 13342 14459
19785 1 947
19786 4 10198 46964 31865 8493
19787 2 13694 17196
19788 1 22951
19789 2 1716 18853
19790 2 11599 20604
19791 2 17619 42884
19792 3 428 17734 11502
19793 1 28816
19794 5 45852 5426 25623 46644 27077
19795 4 8925 38456 17620 22392
19796 4 24959 38137 1751 10595
19797 4 6908 33391 46318 37728
19798 3 23505 23927 25650
19799 1 15439
19800 3 48847 15753 38151
19801 2 38211 3506
19802 0
19803 0
19804 4 42434 36434 10980 48629
19805 4 42478 35766 1202 26569
19806 3 26480 35732 37935
19807 2 7918 18177
19808 2 4151 43150
19809 6 13778 41956 42025 16516 40331 34739
19810 0
19811 1 40420
19812 0
19813 0
19814 0
19815 4 25255 25372 33951 14118
19816 1 42844
19817 1 15567
19818 1 21692
19819 7 31016 8724 43149 31209 2048 6476 46345
19820 2 49835 17435
19821 2 36310 33102
19822 2 46997 15740
19823 2 34229 16003
19824 2 3541 38582
19825 1 11862
19826 4 1388 18925 42834 5273
19827 3 13857 20527 33131
19828 0
19829 2 33446 36484
19830 1 43381
19831 1 47391
19832 3 6864 7242 4466
19833 2 2682 47939
19834 1 24050
19835 2 18704 26665
19836 3 45033 32885 39534
19837 2 18648 26683
19838 3 24833 37392 30417
19839 6 39368 6566 20124 11115 35973 41607
19840 3 13370 48793 21329
19841 0
19842 0
19843 1 28617
19844 0
19845 2 23890 42746
19846 1 16045
19847 1 15010
19848 2 3603 916
19849 3 31667 11359 6817
19850 2 15710 1326
19851 5 39838 46999 4835 31434 353
19852 1 2203
19853 2 3732 31964
19854 1 47463
19855 0
19856 6 21512 42119 3542 22063 15115 10815
19857 2 25049 17885
19858 1 42013
19859 3 24072 23123 33066
19860 3 6060 31476 40201
19861 2 7160 45524
19862 3 46176 11639 45299
19863 3 19398 35843 27633
19864 1 41410
19865 5 41980 42171 32868 15877 18913
19866 2 7671 12385
19867 2 43209 39432
19868 2 9621 43353
19869 2 3216 48486
19870 0
19871 0
19872 0
19873 0
19874 3 42210 30501 13432
19875 3 44800 17079 27488
19876 1 38187
19877 0
19878 1 26836
19879 2 26919 37542
19880 1 29910
19881 4 29897 11365 3641 21475
19882 1 49198
19883 2 30492 4277
19884 1 24473
19885 6 17217 40766 48891 9043 46933 17564
19886 0
19887 2 39273 13636
19888 5 32247 48556 3410 17239 35501
19889 2 48640 8899
19890 1 45417
19891 3 45071 7235 34955
19892 1 31207
19893 3 22702 13665 40209
19894 2 31318 42395
19895 1 32935
19896 1 39247
19897 2 36159 25248
19898 1 11989
19899 0
19900 1 48683
19901 5 40478 25367 31838 33620 27841
19902 4 22482 34507 47484 35786
19903 1 15815
19904 0
19905 3 48284 38850 25255
19906 1 6366
19907 2 29131 30205
19908 1 36371
19909 2 20371 37709
19910 4 23767 19857 20951 34938
19911 4 4478 16078 4732 15023
19912 2 1039 19698
19913 4 14971 47802 6409 24389
19914 1 48495
19915 4 40179 15798 39302 21449
19916 1 12288
19917 3 39414 42066 43419
19918 1 47151
19919 3 8766 5600 1707
19920 1 2947
19921 2 29750 22079
19922 0
19923 1 15989
19924 2 5758 41809
19925 6 14934 8494 19096 12885 4007 49089
19926 0
19927 1 47304
19928 2 21409 30843
19929 2 4340 41149
19930 4 28909 21605 41041 42466
19931 4 22592 23773 8842 10442
19932 1 43309
19933 1 15433
19934 2 33788 12252
19935 4 19911 15216 35660 28173
19936 3 15259 29058 41058
19937 6 31288 19361 38168 5119 38400 33725
19938 1 43011
19939 1 6038
19940 2 20925 22214
19941 0
19942 2 48950 33242
19943 3 34087 41188 37402
19944 1 43207
19945 0
19946 0
19947 0
19948 1 27186
19949 4 14928 49435 8902 1119
19950 3 46352 46776 363
19951 0
19952 1 43857
19953 0
19954 2 49663 5692
19955 2 49813 39189
19956 3 13216 30924 14121
19957 3 22432 11482 8632
19958 2 45675 26106
19959 0
19960 2 33023 5318
19961 2 9305 49692
19962 4 5532 35849 24531 3785
19963 3 5732 19423 45582
19964 3 35545 28232 24237
19965 4 7204 41152 31830 27805
19966 2 14132 24143
19967 1 38141
19968 2 8318 26165
19969 2 25917 5628
19970 0
19971 6 1785 13494 45872 9567 28208 49225
19972 3 16293 39311 10880
19973 2 16856 31216
19974 1 22278
19975 3 4947 43011 23780
19976 3 14607 18777 30352
19977 1 5509
19978 2 3608 43904
19979 3 21354 42941 26454
19980 1 5131
19981 1 38539
19982 1 42721
19983 1 21997
19984 0
19985 2 13177 11950
19986 4 37113 18579 35779 33037
19987 1 32691
19988 1 21711
19989 2 42168 45808
19990 2 23373 15199
19991 1 17393
19992 3 24088 33530 36743
19993 2 45522 10260
19994 3 24149 21700 40091
19995 1 4549
19996 0
19997 1 15508
19998 1 10980
19999 5 22459 46502 46233 552 27349
20000 4 41439 6637 46219 44511
20001 0
20002 3 1729 45138 34080
20003 3 43430 41924 12975
20004 0
20005 3 19548 36246 35728
20006 0
20007 6 25923 21889 35506 49146 3829 16438
20008 3 29543 37478 33762
20009 2 27481 18875
20010 2 5637 45563
20011 3 10373 44671 37600
20012 3 47168 4690 45060
20013 3 14292 44045 5838
20014 2 38244 47559
20015 0
20016 2 6913 27684
20017 4 47174 43572 43718 39275
20018 2 9618 26988
20019 3 41352 36436 2147
20020 1 37072
20021 3 2841 16531 17335
20022 3 40028 16157 541
20023 2 20813 33039
20024 0
20025 3 13719 15086 22275
20026 4 799 40517 3857 41904
20027 2 41783 8020
20028 1 28546
20029 3 29454 1855 43806
20030 2 8464 12907
20031 4 28026 8011 18296 6373
20032 2 23480 22519
20033 3 25986 14415 19632
20034 1 42644
20035 3 43674 16733 27809
20036 0
20037 1 33514
20038 2 18756 14284
20039 2 48287 9015
20040 2 12360 26430
20041 0
20042 4 40831 43620 45342 2298
20043 3 14001 4298 28073
20044 1 18079
20045 1 21545
20046 0
20047 4 21823 19481 12482 22692
20048 4 6162 37391 27380 31703
20049 2 29732 43913
20050 0
20051 2 16297 13716
20052 5 1751 4508 31463 8859 36611
20053 2 47193 25681
20054 5 9909 16905 27866 11596 43156
20055 2 222 3330
20056 3 46683 12236 29992
20057 2 22330 46195
20058 1 34360
20059 2 48510 35326
20060 2 13211 37338
20061 4 35822 14572 48142 48252
20062 1 4899
20063 0
20064 4 38601 25835 45120 49083
20065 4 19961 40090 38222 28847
20066 4 41345 6409 45492 15872
20067 5 3932 12991 214 20720 15923
20068 2 27797 27915
20069 4 23464 48426 31182 15023
20070 0
20071 0
20072 3 14705 9474 38656
20073 1 39005
20074 4 46411 25816 37555 25073
20075 2 46808 2312
20076 2 38248 25238
20077 1 15652
20078 5 10454 24637 25044 23061 43132
20079 0
20080 5 44121 35936 18313 11432 1821
20081 2 29514 35496
20082 2 25460 15014
20083 1 45569
20084 4 10509 9943 20621 3309
20085 0
20086 1 27994
20087 2 26270 12937
20088 2 11582 33648
20089 3 45837 37116 45196
20090 2 12274 16630
20091 0
20092 2 19275 41042
20093 1 49726
20094 2 47511 11245
20095 3 39602 4287 35143
20096 1 12556
20097 1 23896
20098 6 35660 364 16104 8158 1471 5920
20099 1 38109
20100 5 26824 31112 45974 40041 37500
20101 2 48325 10393
20102 0
20103 2 14341 3678
20104 1 5590
20105 1 14307
20106 2 39786 30323
20107 3 27786 34554 21052
20108 2 28631 23684
20109 1 42512
20110 3 32841 36979 35655
20111 1 20679
20112 2 26614 11407
20113 1 14687
20114 2 8282 12228
20115 3 18216 17420 3593
20116 1 29412
20117 2 8759 42870
20118 4 20314 2096 37796 12230
20119 2 34702 9703
20120 3 22419 47113 42817
20121 2 9931 35548
20122 0
20123 4 25176 4198 28576 23037
20124 1 11667
20125 1 8142
20126 3 25908 27199 37158
20127 6 13113 25350 15989 17223 10488 26962
20128 1 44983
20129 2 38789 37577
20130 3 40143 14042 24551
20131 1 7611
20132 0
20133 3 3188 11506 47013
20134 2 28953 19281
20135 1 35705
20136 3 22759 32989 23010
20137 1 13251
20138 1 11236
20139 1 24641
20140 3 12485 1417 4987
20141 2 8858 9345
20142 2 4071 7720
20143 1 35385
20144 3 20330 21611 40702
20145 1 28307
20146 2 3414 26861
20147 0
20148 2 17425 8321
20149 1 47318
20150 1 24241
20151 1 27116
20152 1 30834
20153 4 11472 37281 40343 32152
20154 4 15761 32273 41110 36346
20155 1 42969
20156 0
20157 0
20158 0
20159 3 21094 21634 18149
20160 1 20986
20161 1 19791
20162 1 35994
20163 2 32198 28716
20164 1 5739
20165 2 40648 1492
20166 2 17856 27737
20167 3 44551 7046 12040
20168 1 45008
20169 2 25312 39311
20170 1 28781
20171 1 41091
20172 1 22275
20173 0
20174 1 46467
20175 0
20176 0
20177 1 2919
20178 3 29963 27984 43239
20179 0
20180 3 14408 45105 46238
20181 3 43874 43193 44793
20182 1 15895
20183 0
20184 1 5444
20185 4 4310 27059 48393 27236
20186 1 14965
20187 5 20977 28140 40104 42208 23374
20188 3 6192 46462 45454
20189 1 42916
20190 2 36550 48292
20191 0
20192 1 5942
20193 3 36887 7464 43975
20194 3 12909 823 29171
20195 0
20196 1 6953
20197 0
20198 1 9553
20199 3 44044 41552 27603
20200 3 45913 47433 24096
20201 0
20202 3 475 29446 15007
20203 1 17981
20204 0
20205 1 33489
20206 2 27594 15658
20207 3 11058 17953 24925
20208 1 42225
20209 0
20210 2 38883 25218
20211 2 8346 17864
20212 3 126 21540 26071
20213 2 36414 38912
20214 1 44792
20215 3 13272 24009 37660
20216 3 13979 36997 822
20217 1 24447
20218 0
20219 0
20220 4 28858 17391 41625 37954
20221 2 9137 49338
20222 3 7118 36409 33496
20223 6 39094 4594 39120 38327 34536 14504
20224 3 2555 45931 23329
20225 4 23305 41082 45608 22929
20226 2 36808 41866
20227 1 39956
20228 1 11653
20229 2 40151 11111
20230 3 38392 40088 36256
20231 1 49478
20232 3 17107 47609 36018
20233 2 1446 516
20234 2 21002 11663
20235 0
20236 0
20237 3 6351 33769 35199
20238 4 44803 7153 37036 5621
20239 1 33126
20240 4 20008 8562 44459 36443
20241 2 12585 45021
20242 0
20243 3 36477 49624 44262
20244 0
20245 4 12816 49714 4044 33320
20246 3 39886 11596 5017
20247 1 7423
20248 5 2166 45608 24871 5357 44281
20249 1 24776
20250 0
20251 3 40948 19484 10547
20252 3 19957 20953 3723
20253 2 27705 23160
20254 2 32809 19156
20255 6 34182 40302 2039 49744 1063 2188
20256 2 28843 45784
20257 4 35351 24600 22009 26592
20258 1 29267
20259 1 13855
20260 4 36968 3321 17369 18610
20261 2 22111 11553
20262 3 44514 29550 43649
20263 0
20264 1 13404
20265 1 42830
20266 3 23136 32275 49534
20267 1 41327
20268 2 7581 40496
20269 2 29200 45893
20270 4 24484 9960 26642 12066
20271 1 25632
20272 4 29767 19414 7611 10422
20273 2 37262 36839
20274 3 13586 12412 2935
20275 3 10222 27665 41740
20276 1 8819
20277 1 41046
20278 3 3856 48831 21603
20279 2 912 22699
20280 0
20281 1 24067
20282 3 6608 39662 23027
20283 0
20284 1 3907
20285 3 7897 41829 2323
20286 2 38664 18325
20287 3 33404 29328 17663
20288 0
20289 4 45037 14274 47418 47415
20290 3 26386 30192 44564
20291 0
20292 2 13879 42876
20293 2 44144 39322
20294 4 22345 24613 7356 22506
20295 2 2649 10550
20296 0
20297 5 35358 4797 46774 18035 33720
20298 2 27474 19007
20299 2 14426 23932
20300 1 9931
20301 1 32315
20302 1 23038
20303 0
20304 0
20305 2 45610 2818
20306 2 45656 42622
20307 1 3737
20308 3 9324 17486 40287
20309 4 29783 47679 32486 22907
20310 1 42977
20311 5 44076 39539 32046 14833 24965
20312 2 48795 29321
20313 2 13025 32801
20314 2 41090 29606
20315 0
20316 4 303 22143 40781 6218
20317 1 41242
20318 1 7026
20319 1 24322
20320 2 14148 25238
20321 4 36558 17478 28812 33650
20322 1 15056
20323 3 45116 31002 33431
20324 3 32074 44605 48967
20325 1 39504
20326 2 357 20045
20327 1 8653
20328 3 30044 42820 19795
20329 1 21373
20330 0
20331 4 25854 48081 2672 8187
20332 0
20333 5 36582 13165 33813 4644 47631
20334 1 12456
20335 0
20336 1 6603
20337 1 2432
20338 0
20339 4 23869 18631 3594 19392
20340 2 535 24232
20341 1 47446
20342 2 31970 35097
20343 2 1001 12763
20344 1 28357
20345 2 39560 8869
20346 5 8440 33378 26937 11413 12327
20347 0
20348 4 40395 19712 45850 48038
20349 1 9491
20350 3 27389 47730 13377
20351 2 48508 39477
20352 2 5697 5369
20353 3 24002 8557 38601
20354 1 6718
20355 1 20904
20356 2 11970 4650
20357 1 47729
20358 0
20359 2 20351 29784
20360 1 32478
20361 0
20362 1 5192
20363 2 6941 45867
20364 0
20365 1 43883
20366 2 31750 35906
20367 0
20368 4 13281 13299 19011 535
20369 2 40563 6866
20370 2 48355 33694
20371 1 15520
20372 3 21717 18957 31266
20373 1 44488
20374 1 15340
20375 5 49371 30142 332 28845 27870
20376 2 23130 40599
20377 1 29072
20378 2 48853 19522
20379 2 894 14068
20380 0
20381 1 48002
20382 5 14219 42123 12898 18004 26687
20383 0
20384 1 943
20385 1 41825
20386 1 43647
20387 2 49175 44642
20388 3 4095 40985 43020
20389 3 2786 11317 32508
20390 2 24169 15610
20391 1 9686
20392 0
20393 3 31931 26182 13539
20394 1 49548
20395 2 36411 48979
20396 1 22004
20397 0
20398 1 48398
20399 1 13786
20400 0
20401 1 39471
20402 3 42709 23128 13545
20403 1 25348
20404 1 24525
20405 1 28390
20406 1 28683
20407 4 38156 31927 30208 26246
20408 0
20409 2 32095 21487
20410 1 4866
20411 2 21827 24911
20412 0
20413 2 48263 27990
20414 1 3463
20415 6 48666 1268 8720 48699 22188 10500
20416 0
20417 1 16364
20418 3 3298 23433 37976
20419 2 32989 37655
20420 4 33374 25919 28872 18382
20421 2 5073 26429
20422 0
20423 3 34583 33661 18160
20424 1 19422
20425 2 47071 35987
20426 0
20427 2 26759 18124
20428 4 19075 7454 17807 26484
20429 3 31471 46341 8304
20430 1 40750
20431 0
20432 2 2477 3257
20433 3 21932 45204 4682
20434 2 23285 21050
20435 2 42566 46643
20436 2 28581 1167
20437 1 3459
20438 3 6142 44649 32227
20439 1 15303
20440 2 40804 38578
20441 1 24357
20442 2 23449 41573
20443 1 30279
20444 4 31765 7252 24115 2570
20445 2 42194 28215
20446 0
20447 4 35167 28265 14750 11057
20448 3 16578 24259 38967
20449 1 4802
20450 2 17290 15994
20451 3 39045 40560 35719
20452 4 37810 300 4465 28526
20453 2 29243 11581
20454 3 35028 42849 41911
20455 1 28927
20456 1 7623
20457 0
20458 2 29070 6087
20459 1 42466
20460 1 47077
20461 3 25920 13843 9406
20462 3 48535 14558 43755
20463 0
20464 5 47812 37912 1336 1333 27149
20465 3 36340 36677 838
20466 3 18567 36881 9447
20467 3 2685 23200 3380
20468 1 39534
20469 7 26432 14758 22968 18444 32797 29369 29726
20470 3 35168 36058 2415
20471 2 3283 23065
20472 5 49637 2293 47668 3996 23957
20473 4 18210 38435 15751 37204
20474 4 48309 38046 32464 840
20475 1 20232
20476 3 26242 10231 4110
20477 3 19509 39816 34993
20478 4 2170 6215 9082 10027
20479 0
20480 1 48677
20481 3 31286 38342 33762
20482 0
20483 3 26161 39796 3195
20484 1 46355
20485 0
20486 1 45440
20487 4 38850 5777 14819 13793
20488 1 21655
20489 3 26442 20903 31754
20490 4 43404 48231 17886 38350
20491 2 23228 17388
20492 2 20012 6539
20493 1 34177
20494 3 47832 33815 16475
20495 2 16415 16447
20496 1 43599
20497 3 15519 9868 5435
20498 2 13252 27055
20499 3 33569 4889 9961
20500 0
20501 4 26871 13198 13261 24305
20502 3 19849 32292 20229
20503 2 150 7069
20504 2 3555 31493
20505 1 12824
20506 0
20507 3 20649 5860 33615
20508 2 36002 18475
20509 2 43609 42674
20510 1 15117
20511 1 14311
20512 2 7067 4145
20513 1 27215
20514 1 18981
20515 3 49743 2361 9166
20516 2 34649 28959
20517 0
20518 3 47293 29330 4551
20519 1 10066
20520 4 14409 26580 40330 20121
20521 0
20522 2 27090 21485
20523 1 26060
20524 0
20525 1 34847
20526 6 12682 25818 38178 32713 19346 18155
20527 5 29341 39848 38981 33710 25249
20528 1 15794
20529 0
20530 2 36661 6721
20531 2 12555 41563
20532 2 22483 35430
20533 4 35153 29858 43733 11573
20534 1 33524
20535 1 27957
20536 3 28285 7089 18373
20537 3 31491 49527 14430
20538 0
20539 0
20540 4 38176 27353 32564 1701
20541 2 47950 49172
20542 7 42004 39156 30317 37280 47217 13257 39656
20543 4 30812 34394 34898 41876
20544 0
20545 1 21320
20546 1 16473
20547 1 439
20548 4 32601 17958 33626 40943
20549 6 29544 22910 29479 42401 46582 38099
20550 2 33445 4396
20551 1 41511
20552 1 14304
20553 1 16306
20554 0
20555 0
20556 1 11832
20557 1 14353
20558 3 36726 32691 40104
20559 2 40129 9052
20560 0
20561 2 15435 27396
20562 3 17916 12213 42262
20563 0
20564 0
20565 1 8831
20566 1 4632
20567 1 444
20568 3 45872 30928 35653
20569 1 36781
20570 1 15298
20571 2 15309 17554
20572 5 18425 203 22827 2816 35431
20573 2 43254 37071
20574 1 43862
20575 5 38871 45635 38718 14665 23998
20576 3 22170 6023 48117
20577 1 49956
20578 1 42284
20579 1 27626
20580 2 8118 38253
20581 0
20582 3 3611 8481 37070
20583 1 30064
20584 3 12525 12604 35328
20585 2 19546 31340
20586 2 7252 20645
20587 0
20588 1 28893
20589 2 30449 26188
20590 2 29575 26351
20591 2 27410 29732
20592 4 5154 21074 32091 36503
20593 0
20594 3 9380 28617 38157
20595 1 29223
20596 1 20295
20597 1 41968
20598 2 15989 43469
20599 2 17396 28287
20600 0
20601 3 8034 16438 20220
20602 3 21285 23181 37955
20603 2 29691 32983
20604 3 29588 43088 18885
20605 1 43505
20606 2 34993 1312
20607 3 37113 29053 11377
20608 1 27487
20609 1 20493
20610 1 45823
20611 0
20612 2 46319 26157
20613 4 13377 10755 33880 37544
20614 2 34900 9158
20615 2 38710 49656
20616 1 46309
20617 2 3068 42427
20618 2 25565 9764
20619 0
20620 3 11334 22708 19783
20621 1 9209
20622 5 24601 12784 26756 5489 6455
20623 6 47762 49577 5032 21108 21825 48544
20624 1 15282
20625 2 28271 10060
20626 3 3290 15855 30291
20627 5 21191 7795 41527 42165 7798
20628 4 36215 47165 25174 7880
20629 2 35377 20142
20630 0
20631 2 9603 10656
20632 3 8318 49145 36646
20633 1 16419
20634 4 40098 16051 23194 4859
20635 3 6715 220 32598
20636 1 36020
20637 4 48657 14423 6208 20465
20638 2 10607 32282
20639 2 9506 3843
20640 3 6309 16900 44914
20641 2 48316 8101
20642 3 2510 43751 20002
20643 1 37412
20644 3 49478 28190 27337
20645 4 44223 1201 22624 49806
20646 1 16851
20647 2 12469 18782
20648 0
20649 4 7393 34112 10104 44090
20650 2 37051 19666
20651 0
20652 2 34992 34475
20653 4 42427 16212 32033 25454
20654 5 21878 44937 27106 38411 37065
20655 3 43648 24457 48728
20656 2 48798 34957
20657 4 45774 14680 13514 29711
20658 4 32735 10744 27683 18859
20659 3 30247 23919 37217
20660 1 45097
20661 5 26224 44794 16553 27878 28248
20662 2 11027 17981
20663 2 35828 13304
20664 3 19392 40679 21816
20665 2 3704 30646
20666 3 48944 8407 41141
20667 2 10634 25475
20668 2 37015 28119
20669 3 2890 34188 15312
20670 3 41590 32052 17108
20671 3 33714 44862 8698
20672 1 41844
20673 3 38697 49305 31500
20674 3 18253 29179 45543
20675 1 20271
20676 2 37654 39591
20677 3 8659 32279 10486
20678 5 23573 30700 499 6177 22559
20679 0
20680 2 13713 19938
20681 2 34966 46556
20682 2 28797 12502
20683 1 36061
20684 1 6798
20685 3 7119 23833 24371
20686 4 15040 11732 41148 5714
20687 1 33152
20688 1 37023
20689 0
20690 2 7122 44645
20691 2 19197 35523
20692 3 14682 37342 42179
20693 1 40665
20694 2 18341 9817
20695 2 33916 10382
20696 2 28734 45738
20697 1 1796
20698 1 47546
20699 2 48117 3193
20700 5 21961 38321 26694 3752 13084
20701 1 39960
20702 0
20703 0
20704 3 17824 42953 38464
20705 2 33423 29894
20706 1 34076
20707 1 21808
20708 0
20709 2 6128 20571
20710 3 38435 3136 9338
20711 3 39494 43004 18451
20712 2 46033 32797
20713 1 31947
20714 4 2424 16435 37260 37644
20715 1 1715
20716 0
20717 1 44734
20718 2 9347 27640
20719 1 26055
20720 2 43251 22591
20721 2 3912 48880
20722 2 3887 6099
20723 1 30855
20724 2 8608 13887
20725 1 31736
20726 2 39917 27451
20727 2 15527 37421
20728 2 6545 15947
20729 3 45174 26772 7202
20730 0
20731 3 18105 4631 40735
20732 2 23654 28461
20733 2 37457 11733
20734 3 2757 14069 12449
20735 0
20736 3 40950 5087 24628
20737 1 29833
20738 1 37139
20739 1 11659
20740 4 39090 11587 48227 10179
20741 3 21410 38576 17505
20742 3 20036 47380 19594
20743 3 31752 41507 35293
20744 3 21635 46780 42065
20745 3 28555 28471 32714
20746 4 7465 43173 15928 28765
20747 0
20748 1 25884
20749 1 21750
20750 3 3201 31184 33186
20751 0
20752 2 35498 15730
20753 2 13678 26243
20754 3 27327 27748 40911
20755 1 24127
20756 1 23347
20757 1 30934
20758 0
20759 2 11461 19864
20760 2 43691 45069
20761 1 49739
20762 2 14933 14802
20763 4 25620 39853 39505 18892
20764 3 6225 46455 25982
20765 6 28358 34447 38897 49962 40787 21457
20766 1 43348
20767 3 40832 11031 8739
20768 3 20338 47295 47
20769 2 49267 7012
20770 1 12768
20771 3 34768 13478 40071
20772 2 39063 35358
20773 0
20774 2 16416 34873
20775 1 15488
20776 2 503 17435
20777 2 29209 715
20778 2 25668 39982
20779 2 8580 2481
20780 2 5086 9161
20781 1 6009
20782 3 34595 10162 46350
20783 3 47448 35861 30797
20784 2 26100 30648
20785 1 31660
20786 1 49587
20787 1 7290
20788 3 26743 46596 37982
20789 2 40616 21591
20790 1 17163
20791 2 48516 34258
20792 2 30752 1918
20793 0
20794 1 41662
20795 2 38663 9446
20796 4 12762 17340 23077 31002
20797 3 25976 9717 35554
20798 1 14708
20799 1 15271
20800 2 40386 8999
20801 2 34387 8236
20802 4 28139 7798 30077 24468
20803 1 14775
20804 2 31939 13328
20805 2 6773 13063
20806 5 11503 456 27735 11833 47616
20807 3 14940 5060 46021
20808 1 32226
20809 2 9417 31881
20810 2 45116 31965
20811 0
20812 2 14930 20342
20813 3 10831 45147 15609
20814 2 41455 36081
20815 0
20816 1 5930
20817 4 48350 6040 42202 26394
20818 3 22641 3007 43170
20819 1 14044
20820 1 46953
20821 4 44103 42114 9613 20341
20822 1 14657
20823 0
20824 2 28302 4990
20825 1 3694
20826 1 12275
20827 1 11978
20828 0
20829 1 43098
20830 2 32154 43092
20831 3 32811 41180 8429
20832 1 12164
20833 0
20834 3 36527 12590 5435
20835 2 39533 415
20836 1 34411
20837 1 30437
20838 0
20839 1 48218
20840 4 4903 7861 43108 14629
20841 0
20842 1 34062
20843 0
20844 4 42273 7873 45753 3543
20845 3 44162 31558 49622
20846 2 32861 8140
20847 3 21119 11199 11060
20848 2 2709 7919
20849 3 19826 479 18600
20850 0
20851 1 38454
20852 2 33850 39245
20853 1 48041
20854 0
20855 1 30202
20856 0
20857 3 41544 34967 1801
20858 2 14789 14957
20859 1 44982
20860 2 42347 11524
20861 1 22404
20862 3 29538 19404 13582
20863 3 10155 46516 21471
20864 2 46417 42866
20865 4 7931 5586 43293 10881
20866 2 41665 32086
20867 1 24645
20868 2 24060 32291
20869 4 20106 40850 14931 39239
20870 2 5232 1093
20871 1 6312
20872 0
20873 0
20874 2 318 47947
20875 1 2968
20876 1 1393
20877 2 39272 9453
20878 3 8415 48645 11315
20879 2 41883 48431
20880 2 34288 49914
20881 2 3073 42829
20882 3 21825 7921 21386
20883 4 23128 31342 41053 902
20884 2 19893 9666
20885 3 44473 39688 3292
20886 2 42669 10894
20887 5 17354 2452 35145 38210 6708
20888 0
20889 2 31540 10890
20890 2 46961 13750
20891 4 48380 28401 23449 43628
20892 2 41231 47171
20893 1 4956
20894 1 24116
20895 3 5321 41976 49278
20896 3 48928 12345 9292
20897 2 12520 43198
20898 1 27727
20899 4 48230 47865 26771 12467
20900 2 42517 35917
20901 1 27592
20902 4 34857 5492 4007 14497
20903 1 32248
20904 2 13540 27189
20905 1 16507
20906 4 14394 47470 18549 9898
20907 3 32499 27307 44496
20908 0
20909 5 27110 27717 27358 13320 42957
20910 2 41352 11651
20911 4 1565 19760 8004 33142
20912 2 23878 48682
20913 2 34808 1342
20914 0
20915 2 38501 39725
20916 4 39682 26895 44952 36009
20917 1 41313
20918 4 22107 32546 47573 15632
20919 0
20920 2 44118 25098
20921 1 12369
20922 1 6580
20923 0
20924 2 47465 38143
20925 2 49335 25318
20926 1 12693
20927 5 40981 38623 21764 25594 778
20928 0
20929 0
20930 3 38983 15110 40030
20931 4 12613 36343 19081 3230
20932 4 20279 5697 31250 17675
20933 6 38284 23832 23608 15997 43099 26341
20934 1 13947
20935 1 15381
20936 0
20937 3 23079 45417 4312
20938 3 26057 32678 6992
20939 3 48699 17920 30326
20940 2 13954 16979
20941 4 21170 39501 18173 14460
20942 1 561
20943 4 11324 16924 6079 29281
20944 5 42391 15227 41259 49970 3152
20945 0
20946 3 27887 31614 43948
20947 2 26446 44035
20948 3 22015 47819 19741
20949 3 7977 19364 37454
20950 1 5616
20951 3 36782 33603 5993
20952 2 9641 35277
20953 2 48565 9461
20954 2 25437 38991
20955 1 41371
20956 1 14314
20957 1 47263
20958 4 30975 41389 42775 15683
20959 0
20960 1 20575
20961 0
20962 2 19663 12503
20963 1 42096
20964 0
20965 2 39439 40655
20966 0
20967 3 35011 28292 34937
20968 1 48093
20969 3 24984 11396 4824
20970 4 18162 30445 426 19185
20971 0
20972 4 4621 37556 8005 12146
20973 2 32708 24220
20974 3 40207 12473 19776
20975 1 15196
20976 3 8570 37104 49404
20977 2 32972 28000
20978 0
20979 2 9394 19724
20980 2 23354 14271
20981 2 19754 26584
20982 3 32710 8893 12417
20983 2 45271 8431
20984 2 23311 9487
20985 0
20986 3 27487 46388 22095
20987 2 34942 892
20988 2 36846 12360
20989 2 39358 724
20990 2 42495 29073
20991 1 27279
20992 0
20993 3 21477 46450 36490
20994 0
20995 1 9103
20996 0
20997 2 17509 6052
20998 0
20999 2 37376 2107
21000 4 21656 19309 49215 14818
21001 3 457 12902 31816
21002 2 1903 6401
21003 1 27829
21004 2 13930 27012
21005 2 22822 36049
21006 2 24496 4918
21007 4 5074 35155 10072 28715
21008 0
21009 4 36330 14550 12816 20252
21010 2 6293 36125
21011 2 6503 28729
21012 2 39348 48714
21013 3 25657 11551 38125
21014 0
21015 2 1557 3123
21016 1 49198
21017 1 27599
21018 1 18560
21019 2 7797 30143
21020 0
21021 3 41792 25081 15784
21022 2 22209 27542
21023 8 5970 9866 11052 40531 3268 7550 22556 27207
21024 5 15887 14232 31081 42822 47208
21025 3 21928 19248 26854
21026 4 3190 19227 9688 35325
21027 2 3227 32618
21028 0
21029 6 10675 32978 31334 35483 12265 18762
21030 3 2550 34816 7488
21031 3 32256 4250 48958
21032 2 4865 19455
21033 1 41742
21034 0
21035 1 40316
21036 3 20629 47787 19494
21037 4 28158 46048 5624 9967
21038 1 24683
21039 4 22999 14148 14417 5950
21040 0
21041 3 14453 4405 39818
21042 1 15028
21043 2 13555 30228
21044 3 48208 31481 36333
21045 2 9554 49709
21046 0
21047 3 3121 5487 35946
21048 2 16678 39817
21049 2 38035 35038
21050 0
21051 1 39506
21052 1 46779
21053 2 36606 14337
21054 3 41543 25806 39704
21055 0
21056 1 41445
21057 2 41563 5029
21058 1 13015
21059 1 33088
21060 4 16392 6907 9109 25236
21061 0
21062 3 49914 15800 30689
21063 2 48087 17973
21064 0
21065 0
21066 0
21067 0
21068 3 32721 14600 7067
21069 2 26858 45252
21070 2 41473 21688
21071 1 34615
21072 3 27258 27831 35116
21073 2 9182 5848
21074 3 38554 40427 42161
21075 2 44909 31500
21076 1 12429
21077 0
21078 1 6444
21079 5 7033 49793 42384 24544 5338
21080 1 23531
21081 0
21082 5 29309 11839 6625 2437 12452
21083 3 4211 12016 26390
21084 5 21206 579 23572 17518 49668
21085 4 2365 32290 1116 42907
21086 3 2699 47342 48489
21087 4 46315 24553 41986 4504
21088 3 33080 10484 41774
21089 1 519
21090 2 43929 31358
21091 2 6157 11514
21092 3 33223 41190 2875
21093 0
21094 1 22334
21095 2 47603 16350
21096 1 21836
21097 4 45316 9389 9073 32
21098 2 14967 8110
21099 3 6110 2644 22368
21100 2 8079 45325
21101 1 21188
21102 1 46321
21103 3 35155 34948 17482
21104 3 41592 45374 32037
21105 1 14848
21106 3 47434 1290 24726
21107 0
21108 3 28308 8866 14816
21109 3 48193 46724 11507
21110 2 36985 15127
21111 4 8252 43840 44001 39269
21112 3 20730 31887 31614
21113 2 46458 17514
21114 2 19085 39316
21115 1 48199
21116 1 36623
21117 2 44890 37331
21118 1 6238
21119 1 9988
21120 3 46979 17364 30682
21121 1 47757
21122 1 29362
21123 2 8644 38141
21124 4 28541 30740 44448 41146
21125 2 40027 9733
21126 0
21127 3 18066 23203 12277
21128 1 14398
21129 2 6800 47483
21130 4 28723 35201 5457 34212
21131 2 9330 46015
21132 6 35698 7295 33229 35552 27521 38590
21133 3 22293 13197 8139
21134 0
21135 5 27692 41733 25657 37125 37624
21136 1 49010
21137 2 41426 1432
21138 4 24287 10557 2474 35813
21139 1 39687
21140 3 28513 1870 29290
21141 1 28867
21142 1 2817
21143 4 28171 36312 39479 32746
21144 3 20984 23354 43916
21145 1 37068
21146 1 44706
21147 3 45591 22173 8669
21148 0
21149 1 9619
21150 1 4753
21151 2 34875 33526
21152 2 11817 24254
21153 2 40526 21412
21154 4 46027 7036 12317 39917
21155 0
21156 2 21054 45020
21157 3 6888 21317 13138
21158 3 16040 42395 34217
21159 0
21160 5 7469 16495 8765 49202 5271
21161 1 49388
21162 0
21163 1 33694
21164 1 2099
21165 3 48777 45651 21551
21166 2 46260 36840
21167 3 34872 45730 44365
21168 3 48386 24968 2232
21169 1 45244
21170 5 20027 35819 9773 12060 40416
21171 3 13955 18504 27237
21172 3 9032 43284 34344
21173 5 7571 10926 30651 47902 28409
21174 2 45383 5293
21175 4 20334 5269 30296 2552
21176 0
21177 0
21178 1 33211
21179 2 34139 17
21180 3 10343 42068 15984
21181 3 34651 16384 28077
21182 1 28709
21183 4 12435 33244 43567 43218
21184 0
21185 2 20304 632
21186 3 35676 38590 150
21187 1 14235
21188 4 47604 29123 36447 40997
21189 4 18973 21087 29701 26314
21190 3 40582 11795 24024
21191 2 14398 19060
21192 3 37752 859 38143
21193 2 25224 25431
21194 1 40813
21195 3 30482 21210 33206
21196 2 39452 980
21197 1 30283
21198 0
21199 3 49066 25412 37878
21200 0
21201 3 12824 35044 36462
21202 0
21203 2 43940 5216
21204 2 31522 33058
21205 0
21206 2 11669 47729
21207 0
21208 2 44088 45674
21209 3 23371 45884 19937
21210 5 31275 34767 24205 1747 47197
21211 2 7152 2593
21212 5 4532 14751 40425 33806 49896
21213 2 38242 30465
21214 2 33112 36066
21215 0
21216 3 26987 13902 35459
21217 0
21218 2 49924 3226
21219 1 23137
21220 0
21221 3 11407 16152 40094
21222 1 9002
21223 1 25511
21224 2 19859 26835
21225 1 742
21226 1 11914
21227 1 10521
21228 2 28052 36641
21229 0
21230 1 47108
21231 2 37106 35256
21232 0
21233 0
21234 4 23718 49766 49352 37109
21235 1 14905
21236 2 16237 38819
21237 4 39202 45863 40363 39949
21238 3 33210 234 3245
21239 2 4627 30046
21240 1 40094
21241 2 19820 18137
21242 1 43714
21243 3 29132 44846 8343
21244 0
21245 2 7918 30168
21246 0
21247 1 13303
21248 0
21249 2 31949 48741
21250 1 327
21251 0
21252 4 33042 32824 9172 15977
21253 1 8032
21254 2 43727 19985
21255 4 19808 41900 24602 20307
21256 2 29845 15170
21257 0
21258 2 45015 46446
21259 2 32411 32356
21260 0
21261 1 45762
21262 1 28416
21263 2 7981 48202
21264 1 3135
21265 3 15558 35462 24212
21266 1 27963
21267 1 1122
21268 4 12353 47617 23809 11334
21269 4 39412 4383 22121 33263
21270 1 33020
21271 1 35219
21272 4 38111 26779 19391 46922
21273 1 10655
21274 3 17892 48349 15536
21275 3 21984 13604 39863
21276 3 25598 2456 4338
21277 4 30727 2663 36135 4670
21278 2 20807 16211
21279 4 42333 18838 15778 703
21280 1 49202
21281 2 43473 45751
21282 1 46149
21283 2 15778 39137
21284 3 45372 39553 19147
21285 3 983 15388 19508
21286 2 473 42713
21287 3 13093 3380 12997
21288 1 25730
21289 1 8763
21290 2 13116 24273
21291 3 10451 15603 45662
21292 0
21293 3 48573 7781 3062
21294 1 48826
21295 0
21296 2 13611 24083
21297 2 41413 13960
21298 0
21299 1 12230
21300 1 19110
21301 2 15064 34423
21302 4 42380 25612 14085 49739
21303 3 13538 37944 1389
21304 2 16280 24840
21305 2 15235 42716
21306 0
21307 2 3709 27882
21308 3 41076 24186 28809
21309 2 44057 31812
21310 2 12205 36417
21311 6 25810 43639 49896 32439 4678 46400
21312 2 33022 15996
21313 1 29795
21314 0
21315 1 47341
21316 3 25641 28769 44855
21317 2 43423 43896
21318 3 14709 39532 42597
21319 3 45023 13260 68
21320 1 23703
21321 1 37761
21322 2 25765 42177
21323 3 46411 24516 30532
21324 4 28463 29105 22668 48188
21325 2 47200 1250
21326 5 35057 1667 22596 26877 3862
21327 4 3550 5401 30695 12656
21328 4 40524 41837 49608 21362
21329 2 18251 41338
21330 3 19169 38356 476
21331 1 1937
21332 2 41667 28797
21333 2 13820 7755
21334 4 3829 7368 29966 11197
21335 3 20123 21973 37945
21336 3 38619 22841 8123
21337 2 10016 26008
21338 4 28734 19044 44967 28459
21339 0
21340 1 7045
21341 2 30781 41141
21342 0
21343 2 39302 18233
21344 2 34826 21470
21345 4 17449 7878 2280 18315
21346 2 19703 6981
21347 2 45257 11686
21348 2 49020 1199
21349 1 36811
21350 1 29838
21351 2 17684 40213
21352 1 17541
21353 2 22178 6585
21354 3 35820 16609 8445
21355 5 17956 11414 47348 6532 32375
21356 2 34673 14430
21357 1 17194
21358 3 36122 41473 17155
21359 1 14544
21360 3 4531 23972 12223
21361 0
21362 4 21928 20185 21686 24259
21363 0
21364 3 3362 30453 24651
21365 0
21366 2 8962 31640
21367 2 31442 44713
21368 2 26056 36234
21369 4 5676 12687 36063 29360
21370 2 5985 20799
21371 5 41026 42487 36155 22560 3700
21372 2 9498 21306
21373 2 13575 17844
21374 0
21375 1 48138
21376 1 34814
21377 2 39072 8407
21378 2 36376 19149
21379 2 31248 20824
21380 3 41904 4911 39105
21381 5 20454 46121 40509 32768 33027
21382 2 250 2980
21383 0
21384 3 28884 20992 33759
21385 2 27287 32417
21386 0
21387 2 29259 20672
21388 5 43745 12839 19074 29398 16347
21389 2 3118 4682
21390 0
21391 0
21392 3 13016 24047 39994
21393 3 27956 49114 43108
21394 1 22665
21395 1 40128
21396 0
21397 4 22366 38788 8309 1467
21398 2 13780 11292
21399 2 37499 15954
21400 3 37909 41370 29594
21401 2 9961 32261
21402 1 40431
21403 2 12085 38424
21404 3 35520 30831 11345
21405 2 30040 10418
21406 2 49829 18961
21407 2 37123 47441
21408 3 5178 18650 25078
21409 0
21410 4 44730 26501 12145 9558
21411 2 2645 33328
21412 1 16565
21413 5 42797 12721 36182 24961 24445
21414 3 17705 1684 3360
21415 3 6674 12903 37520
21416 1 34615
21417 1 18281
21418 1 21670
21419 5 38626 17589 40307 37847 4699
21420 1 1424
21421 1 46927
21422 3 7828 2565 38759
21423 1 39087
21424 3 9760 16572 38886
21425 1 5318
21426 2 46181 9671
21427 1 39863
21428 3 13573 39321 27600
21429 2 10769 4208
21430 1 41004
21431 6 38453 38576 38497 23197 13072 1875
21432 1 45077
21433 2 26034 44786
21434 1 31203
21435 2 1342 42148
21436 4 4573 4913 47939 35289
21437 2 26070 45848
21438 3 35503 213 12160
21439 3 20135 17253 38240
21440 1 15880
21441 2 45709 46691
21442 2 46286 11755
21443 5 25406 44536 12079 23918 21804
21444 5 21358 3162 28871 36000 26295
21445 2 27106 28673
21446 2 18338 4398
21447 0
21448 4 43219 41133 49335 35511
21449 2 33439 19267
21450 3 46133 4479 33435
21451 3 32686 12724 33724
21452 3 18783 6594 15994
21453 6 18333 15243 46722 10837 41282 14021
21454 0
21455 6 20335 16489 32914 17696 2532 4163
21456 2 32558 19755
21457 4 28019 17549 43509 38233
21458 2 33888 26477
21459 2 28770 22263
21460 1 31013
21461 2 36438 25558
21462 3 29192 39395 43410
21463 3 46548 42846 37333
21464 3 48836 9083 17393
21465 2 27999 10223
21466 1 40042
21467 1 36211
21468 4 21165 39828 42526 17171
21469 2 43070 7009
21470 0
21471 0
21472 0
21473 2 41786 9745
21474 4 29285 19849 47341 24594
21475 2 36393 4222
21476 2 42380 11786
21477 0
21478 0
21479 5 12943 2260 43007 37990 37769
21480 2 8239 39057
21481 2 48252 28510
21482 5 19166 6810 35630 6932 45884
21483 1 31145
21484 2 35437 2175
21485 3 6247 36014 4068
21486 1 31733
21487 0
21488 4 38368 44658 48037 23085
21489 1 49675
21490 2 5482 10614
21491 1 32870
21492 4 10052 5396 37854 24778
21493 2 41309 43875
21494 2 17570 8174
21495 2 33789 49149
21496 3 10325 20608 41315
21497 2 48496 356
21498 3 9968 10348 44864
21499 3 20684 46855 38915
21500 3 31780 28642 27519
21501 1 48922
21502 0
21503 3 37975 8897 1863
21504 1 8491
21505 0
21506 2 12040 14306
21507 4 47117 45036 42096 43372
21508 2 21478 47222
21509 0
21510 1 12237
21511 1 18104
21512 2 43836 38297
21513 2 31084 25200
21514 2 6577 49476
21515 1 37536
21516 5 15991 39026 16158 49612 39194
21517 1 31271
21518 3 26380 35488 3879
21519 3 14322 34789 3269
21520 4 42882 34574 18187 9479
21521 1 32971
21522 1 44670
21523 2 15128 26147
21524 3 24142 27071 5062
21525 1 40555
21526 2 28348 20586
21527 1 43832
21528 2 25328 4537
21529 1 26398
21530 3 23316 47410 2937
21531 2 4179 26785
21532 3 40762 18660 3305
21533 1 48678
21534 4 33721 16763 16946 30437
21535 1 24740
21536 0
21537 0
21538 1 34423
21539 3 1808 11382 48410
21540 1 22306
21541 1 22610
21542 4 43453 39057 18494 41665
21543 5 8369 36249 40138 13124 42597
21544 1 7291
21545 1 9081
21546 1 10311
21547 3 44237 29606 7324
21548 2 23788 32693
21549 2 1035 26595
21550 2 11582 18516
21551 2 47609 6301
21552 1 36024
21553 2 28732 12595
21554 2 41103 20367
21555 2 39135 5077
21556 2 22598 15087
21557 2 42299 7367
21558 3 15836 12682 12915
21559 2 21760 43869
21560 4 17421 20021 28971 1386
21561 1 12300
21562 4 13156 41522 47828 38132
21563 4 39139 30324 1051 4807
21564 3 14925 5997 6640
21565 2 16668 45260
21566 2 11596 21639
21567 1 21407
21568 2 32170 43178
21569 0
21570 3 18221 31941 38574
21571 2 28249 2477
21572 1 44070
21573 2 39726 49976
21574 1 17983
21575 1 18386
21576 0
21577 0
21578 1 27812
21579 4 49642 8196 30690 28680
21580 1 6432
21581 3 2129 29430 26795
21582 3 12247 28132 20677
21583 1 19210
21584 3 24385 2085 2740
21585 1 2399
21586 3 41341 27357 9667
21587 2 30068 35179
21588 3 45639 12964 22295
21589 3 5923 23140 39914
21590 1 41968
21591 3 47131 34078 7754
21592 1 13327
21593 3 20649 26915 2907
21594 0
21595 2 30470 36372
21596 1 23214
21597 3 12642 36062 19168
21598 2 31738 40609
21599 2 9037 40503
21600 1 17892
21601 1 41020
21602 3 42773 49644 20595
21603 0
21604 3 8553 34671 40556
21605 3 4657 22106 30291
21606 1 19490
21607 2 45759 9021
21608 2 924 41069
21609 4 1386 29961 11850 37136
21610 3 13728 38507 40826
21611 2 33820 13789
21612 2 10229 11778
21613 1 15936
21614 2 24318 25947
21615 2 7086 35928
21616 2 14826 33059
21617 3 33393 15411 27247
21618 1 17766
21619 2 29593 30521
21620 1 17918
21621 3 41332 25793 16672
21622 1 29922
21623 4 25314 2081 31691 173
21624 1 17536
21625 2 41051 23934
21626 1 6058
21627 0
21628 0
21629 1 15562
21630 2 5103 43890
21631 2 25179 32184
21632 2 2995 39023
21633 1 76
21634 4 15042 45858 2308 44576
21635 2 16117 36249
21636 3 40426 43826 46896
21637 1 29807
21638 2 12980 25094
21639 1 2556
21640 3 44511 47314 39698
21641 1 41668
21642 3 18391 19414 32909
21643 2 47964 47543
21644 2 12619 39050
21645 0
21646 0
21647 0
21648 3 38348 48361 36608
21649 1 14998
21650 1 36502
21651 1 24231
21652 3 30657 45537 17614
21653 2 44783 4253
21654 0
21655 2 23703 27107
21656 1 5768
21657 3 743 36687 589
21658 0
21659 2 41438 25338
21660 1 28589
21661 5 20219 7612 6706 468 23819
21662 2 14333 24684
21663 2 34517 12490
21664 3 33834 1175 34345
21665 1 34191
21666 2 40371 11372
21667 6 9741 5118 28876 37286 15091 36102
21668 3 27205 27074 5304
21669 1 5944
21670 1 17303
21671 2 3955 36678
21672 4 3676 21794 38379 12088
21673 3 33307 45120 39979
21674 2 36130 18645
21675 3 44501 29718 22109
21676 2 44854 7371
21677 4 49512 48592 22545 21754
21678 3 18180 22456 513
21679 2 41501 10005
21680 4 46087 1907 34578 19509
21681 2 8045 30743
21682 1 41704
21683 1 4912
21684 3 30299 2120 2755
21685 1 23253
21686 1 11465
21687 5 7054 37074 47841 30786 7362
21688 2 46878 24045
21689 2 12292 36024
21690 2 25248 8096
21691 3 47786 24915 5234
21692 4 35303 47933 20137 20452
21693 2 36269 12036
21694 1 5256
21695 1 93
21696 1 39732
21697 0
21698 1 32650
21699 2 39292 11230
21700 2 14210 47543
21701 5 40115 49154 6402 30509 28546
21702 4 3875 43500 45702 23359
21703 3 7526 37716 6264
21704 3 26811 43423 28529
21705 2 15666 47642
21706 3 44096 2367 48361
21707 0
21708 3 22231 40718 46681
21709 0
21710 3 11810 25603 12188
21711 3 7752 47929 36477
21712 2 46957 23689
21713 0
21714 4 34525 35113 41174 46622
21715 0
21716 2 48114 1449
21717 3 27976 43617 19112
21718 1 3508
21719 3 5563 25325 29336
21720 1 33757
21721 2 29132 22440
21722 1 12455
21723 0
21724 1 2328
21725 2 49510 30768
21726 2 1477 7467
21727 1 37664
21728 3 26669 32119 24743
21729 0
21730 2 17404 44841
21731 1 15684
21732 0
21733 1 42688
21734 0
21735 5 5596 39542 21902 34755 4878
21736 0
21737 3 48523 10103 2319
21738 1 9371
21739 2 15777 3940
21740 2 19454 2151
21741 2 47849 33259
21742 3 32516 44898 43332
21743 1 23441
21744 0
21745 3 46165 44695 20680
21746 2 42497 2111
21747 3 16342 16345 31632
21748 1 14088
21749 2 34591 36483
21750 0
21751 1 43894
21752 4 19559 43208 5012 3580
21753 0
21754 2 41487 26763
21755 5 23465 46574 14072 18429 14619
21756 0
21757 0
21758 0
21759 1 8901
21760 1 3835
21761 2 28565 17998
21762 4 41067 2398 31027 18394
21763 0
21764 1 9110
21765 2 49547 7933
21766 2 3011 5318
21767 0
21768 2 9738 23513
21769 1 28583
21770 2 31189 1018
21771 4 17259 5775 6151 26315
21772 1 29178
21773 2 30554 20912
21774 4 16128 11834 41936 32634
21775 0
21776 0
21777 1 25584
21778 2 17834 22212
21779 2 23417 1486
21780 5 25215 9208 45736 23321 44572
21781 3 5345 21459 992
21782 4 19759 8875 21880 48260
21783 2 5110 16229
21784 0
21785 2 24112 30585
21786 2 46782 48059
21787 2 36111 6429
21788 0
21789 2 34899 31749
21790 2 31542 10642
21791 5 12576 19878 12093 22344 18872
21792 2 8050 1809
21793 2 2481 49052
21794 1 36101
21795 0
21796 5 39411 9510 37539 6939 16166
21797 2 16606 46001
21798 3 8353 45003 38726
21799 1 27313
21800 2 37087 5249
21801 2 46190 6803
21802 3 40871 43535 49052
21803 1 3253
21804 3 1923 38673 12508
21805 5 35274 2591 799 6194 11628
21806 1 3871
21807 1 13397
21808 2 20911 16620
21809 1 17130
21810 1 22372
21811 2 22312 27181
21812 0
21813 3 3351 27920 19503
21814 1 5546
21815 2 39901 31055
21816 2 40904 30448
21817 3 41126 13802 15029
21818 2 6315 27878
21819 1 43624
21820 1 1623
21821 4 33718 32105 40667 48950
21822 3 29976 4210 41194
21823 2 22264 21462
21824 2 45680 26511
21825 1 48205
21826 3 18559 23473 33431
21827 2 36179 43161
21828 2 8367 40500
21829 1 6968
21830 1 38009
21831 3 47502 16784 32509
21832 5 31796 16799 21040 39264 3429
21833 3 43652 25778 8628
21834 2 6067 19229
21835 3 1996 38240 48894
21836 8 12518 6127 39116 35436 34119 630 44978 47697
21837 3 44659 47418 20042
21838 3 34124 20979 36409
21839 2 34885 8574
21840 2 48990 7874
21841 1 18446
21842 2 38084 35189
21843 3 34845 35879 21872
21844 2 37326 42292
21845 2 1291 4655
21846 1 3701
21847 0
21848 3 17498 36884 12235
21849 0
21850 1 47906
21851 1 49898
21852 4 20041 30036 43646 27072
21853 5 16807 5116 22081 46958 37506
21854 2 14721 34625
21855 6 13325 27282 26091 49418 5006 19504
21856 3 3953 46372 15129
21857 3 37056 42226 27451
21858 3 27425 1081 36910
21859 4 16654 20940 39398 22739
21860 3 41944 22240 45317
21861 1 22649
21862 2 28047 23053
21863 2 34231 17891
21864 2 41781 35651
21865 1 11266
21866 0
21867 1 6675
21868 0
21869 1 32261
21870 1 16491
21871 3 46154 21955 8661
21872 1 43620
21873 2 47077 3508
21874 3 32485 14210 42667
21875 1 35329
21876 1 34754
21877 2 6481 44019
21878 2 8014 26779
21879 3 18796 43061 38069
21880 2 42304 40713
21881 2 9818 4238
21882 0
21883 2 6134 40347
21884 5 6987 42508 40269 5621 10062
21885 2 3577 49680
21886 2 33462 32957
21887 0
21888 1 13790
21889 0
21890 0
21891 3 18227 40933 42272
21892 0
21893 0
21894 3 27529 28493 13291
21895 1 2525
21896 1 11443
21897 5 6149 16597 8314 16367 19964
21898 0
21899 2 39229 49787
21900 0
21901 3 24691 21983 42440
21902 1 9373
21903 2 2210 32958
21904 2 48206 44993
21905 3 2140 22612 48506
21906 0
21907 1 21769
21908 1 38635
21909 5 10983 43464 33578 13358 36599
21910 1 27234
21911 2 47485 42947
21912 4 42029 24004 43692 15087
21913 2 31907 48716
21914 2 12944 44396
21915 0
21916 0
21917 4 39612 13176 4165 44840
21918 0
21919 5 11690 29954 21068 28254 28499
21920 1 9922
21921 2 25824 42853
21922 2 35452 32312
21923 0
21924 0
21925 2 7565 34281
21926 2 1059 4178
21927 2 1756 27737
21928 3 32658 7154 25947
21929 2 5476 42424
21930 3 20920 15709 14762
21931 1 29569
21932 0
21933 2 37879 33794
21934 3 40730 33944 35275
21935 2 14409 8799
21936 2 4704 29428
21937 2 13120 15285
21938 4 10376 25821 1861 32161
21939 1 29007
21940 0
21941 1 28688
21942 2 19538 48593
21943 4 20338 44649 10280 28265
21944 0
21945 1 42819
21946 2 44876 46980
21947 1 21821
21948 1 25167
21949 4 44530 18650 39268 5053
21950 0
21951 2 15486 30131
21952 2 17575 46385
21953 2 2739 38961
21954 0
21955 2 7712 33860
21956 2 49362 21
21957 1 10159
21958 3 8615 8423 9485
21959 4 9648 44973 20862 43488
21960 3 42515 7311 24188
21961 2 6273 2402
21962 1 27002
21963 3 16072 48541 18034
21964 2 47106 23838
21965 1 30084
21966 0
21967 2 6773 14018
21968 5 49818 27413 5935 33551 3992
21969 1 31417
21970 1 17735
21971 4 15514 28088 14183 35000
21972 2 34264 42753
21973 1 34253
21974 3 41074 47670 25661
21975 1 16262
21976 1 6135
21977 2 4979 7212
21978 3 21586 17537 22692
21979 0
21980 1 33885
21981 2 41650 10195
21982 0
21983 0
21984 5 29419 46390 42414 37097 28035
21985 4 17595 4832 37762 13381
21986 2 27929 16417
21987 1 28111
21988 2 41765 7218
21989 1 24197
21990 3 31630 33647 38909
21991 2 31016 24973
21992 1 48082
21993 6 9573 30465 18117 28176 17221 34063
21994 4 15946 15635 3039 44313
21995 3 21184 40729 42898
21996 1 34208
21997 2 23004 2174
21998 0
21999 1 25550
22000 4 33474 39238 4945 27432
22001 3 6354 10450 21092
22002 2 4346 7385
22003 3 19608 25443 31033
22004 0
22005 1 34830
22006 1 36266
22007 1 38262
22008 5 22157 18392 39879 35955 12139
22009 5 16329 32674 4359 20771 22686
22010 0
22011 1 22158
22012 1 35359
22013 0
22014 2 31175 31107
22015 3 13735 13948 45162
22016 5 48150 14055 16711 15583 31103
22017 2 18456 26154
22018 3 24423 49897 15107
22019 2 16473 31405
22020 0
22021 1 202
22022 1 4198
22023 3 19787 26488 30550
22024 0
22025 2 40872 8726
22026 2 8031 18985
22027 1 39433
22028 0
22029 5 47844 7630 33606 12098 27127
22030 1 44353
22031 0
22032 4 45883 30185 9874 11172
22033 4 4595 31207 24887 22748
22034 2 10571 41475
22035 3 4022 12689 23039
22036 1 5014
22037 6 31873 22714 45667 20843 3571 8210
22038 1 13500
22039 1 21533
22040 1 23273
22041 0
22042 4 16238 27653 18783 23295
22043 3 15999 15414 21297
22044 2 3305 46327
22045 3 44987 23131 1657
22046 6 28150 26924 413 38638 9074 40664
22047 2 43969 42549
22048 1 20519
22049 1 46007
22050 3 7944 21117 25086
22051 6 11850 45810 39587 26077 14595 40633
22052 2 20176 7051
22053 4 43657 41245 32407 13572
22054 1 35796
22055 3 22330 43466 33381
22056 2 40727 12742
22057 0
22058 3 31086 10742 41636
22059 3 8667 42484 24517
22060 5 44357 45183 12086 9938 4341
22061 0
22062 3 2181 24919 16766
22063 1 11095
22064 0
22065 3 7823 3553 21000
22066 1 39844
22067 3 21482 41965 21339
22068 2 23946 30257
22069 1 45287
22070 0
22071 2 18437 8885
22072 1 4964
22073 1 30210
22074 2 32359 5684
22075 2 10240 39444
22076 0
22077 3 45882 15467 46030
22078 1 1766
22079 1 41486
22080 1 13768
22081 1 19379
22082 1 8493
22083 3 30880 39652 48040
22084 4 20650 1732 14944 26269
22085 1 18888
22086 2 38091 18358
22087 3 20054 46425 3711
22088 0
22089 1 48978
22090 1 33044
22091 0
22092 4 32339 12879 43304 47830
22093 4 14815 22846 45452 15094
22094 2 36 24550
22095 1 43156
22096 2 25651 30556
22097 3 11398 34136 12919
22098 1 14235
22099 2 6310 42417
22100 2 35768 5784
22101 6 42754 35598 2128 26199 31913 33376
22102 0
22103 2 38230 19997
22104 1 8407
22105 2 18578 31100
22106 1 47790
22107 4 18266 14617 12004 37759
22108 0
22109 2 3461 43497
22110 3 14052 12743 29480
22111 1 23248
22112 3 36465 22543 3950
22113 3 21676 29749 3472
22114 3 44340 29119 11829
22115 3 16413 32287 47166
22116 1 6802
22117 1 36638
22118 1 9521
22119 3 45676 27472 2906
22120 3 37054 15595 9278
22121 1 20490
22122 1 18357
22123 1 23604
22124 2 46031 44977
22125 2 25005 25250
22126 4 40465 34728 45873 20505
22127 2 16220 24870
22128 3 19175 17112 41108
22129 1 34757
22130 4 30125 11185 4958 2481
22131 2 4107 2612
22132 2 37307 41804
22133 1 43387
22134 2 24330 13415
22135 2 24405 8728
22136 2 2660 24079
22137 1 45729
22138 3 47295 34426 34054
22139 0
22140 0
22141 2 36396 23936
22142 1 43679
22143 2 160 34042
22144 2 8947 27324
22145 0
22146 0
22147 2 14613 42751
22148 1 9824
22149 2 48887 29109
22150 3 33389 20472 38115
22151 2 4771 27526
22152 4 33229 34647 33952 972
22153 2 11341 8853
22154 1 47131
22155 2 37072 6065
22156 1 1786
22157 2 21696 3079
22158 0
22159 1 43151
22160 0
22161 0
22162 5 38685 29069 39325 8520 8540
22163 2 12089 21225
22164 0
22165 3 12372 20928 41972
22166 2 8560 39409
22167 2 21040 46836
22168 2 9941 3117
22169 2 46334 34494
22170 3 35953 46091 6406
22171 0
22172 1 23572
22173 1 49544
22174 2 6532 19851
22175 3 43531 40942 17470
22176 2 14126 6579
22177 2 16053 33161
22178 4 49544 23032 10712 8361
22179 3 15258 8270 16161
22180 3 4615 12103 35042
22181 2 34555 25407
22182 2 22460 1529
22183 1 32950
22184 4 19609 33255 48309 16857
22185 1 11682
22186 1 39556
22187 5 3102 40727 10016 34543 49430
22188 1 14471
22189 2 31532 13904
22190 1 40374
22191 2 5186 18811
22192 2 47225 37019
22193 4 7367 21448 15528 28103
22194 3 16684 12183 42671
22195 0
22196 2 2834 21682
22197 6 5144 31592 31294 33405 25483 18647
22198 5 17415 32697 7504 10444 24974
22199 4 2656 8359 23135 2312
22200 6 29218 48757 25241 17465 45778 10531
22201 3 6525 22382 47261
22202 0
22203 5 42305 3129 25903 44277 22842
22204 3 44026 10707 38891
22205 1 47747
22206 1 6573
22207 3 7965 27713 42078
22208 3 4128 10030 6606
22209 1 9881
22210 1 14226
22211 0
22212 4 3834 20330 46095 12838
22213 0
22214 3 23292 45998 2839
22215 3 44494 39684 11627
22216 1 47302
22217 5 32346 626 20474 46914 5240
22218 2 3592 29706
22219 1 9580
22220 2 7602 6546
22221 4 31849 7976 14315 43563
22222 5 4555 23569 12258 26251 1878
22223 2 24926 4502
22224 1 40655
22225 2 43774 10708
22226 1 43738
22227 3 22952 48133 5067
22228 1 1501
22229 0
22230 1 29521
22231 1 40008
22232 3 10331 29738 18255
22233 3 10426 15865 47156
22234 1 28636
22235 1 19747
22236 3 3998 18760 43396
22237 0
22238 2 34793 33529
22239 1 23114
22240 1 31083
22241 2 26641 19097
22242 2 36157 38862
22243 2 16490 2256
22244 1 12532
22245 0
22246 3 19214 18616 5738
22247 1 17583
22248 5 47477 27561 19638 17025 14517
22249 0
22250 0
22251 5 42108 22283 37953 3088 14269
22252 4 10010 33675 19548 8140
22253 0
22254 3 27746 3099 37268
22255 1 34742
22256 1 23434
22257 3 21157 14880 40859
22258 2 47395 46154
22259 2 20491 355
22260 2 37628 4769
22261 4 17894 5612 49127 12196
22262 0
22263 1 8296
22264 1 1824
22265 2 14536 18633
22266 1 29816
22267 1 19363
22268 0
22269 1 20158
22270 3 8745 17142 14070
22271 1 23667
22272 1 11862
22273 2 3005 20258
22274 0
22275 3 3170 45762 41759
22276 2 13866 14559
22277 5 31197 47132 25319 2967 42992
22278 2 34422 38618
22279 0
22280 3 1347 20448 49182
22281 1 22725
22282 1 22615
22283 2 20156 30479
22284 1 8023
22285 3 14509 23907 24850
22286 1 10911
22287 2 2 17339
22288 2 12181 9346
22289 4 4680 41577 46348 4494
22290 1 40689
22291 4 8023 39417 28943 43525
22292 0
22293 1 27908
22294 3 6269 6214 48488
22295 3 24924 13716 24472
22296 3 5244 11207 28687
22297 3 19442 45623 1260
22298 2 24689 986
22299 1 29432
22300 0
22301 0
22302 4 34738 28335 34770 4172
22303 1 15789
22304 2 9994 5465
22305 1 21102
22306 2 4388 20310
22307 5 44123 45322 46248 16105 2766
22308 4 36002 34547 35187 38194
22309 0
22310 2 35559 15293
22311 1 45129
22312 3 29789 48766 43306
22313 2 42542 46954
22314 2 20474 42668
22315 4 12773 39756 18196 8675
22316 3 22768 16795 9965
22317 3 22996 25123 43967
22318 1 15118
22319 3 22787 11093 971
22320 1 41385
22321 1 28328
22322 4 17912 4402 33475 30567
22323 2 44060 7860
22324 4 18371 48431 23404 49798
22325 4 37834 14969 3561 314
22326 2 46530 18344
22327 1 24644
22328 1 4502
22329 3 30899 21547 20210
22330 2 26304 42867
22331 4 14338 42973 31078 23688
22332 1 45821
22333 1 25483
22334 1 44446
22335 2 20464 23695
22336 1 14836
22337 1 3551
22338 1 1026
22339 0
22340 0
22341 0
22342 0
22343 3 7498 29931 39007
22344 4 38275 10245 6048 15396
22345 1 22314
22346 3 30607 16131 43740
22347 2 1303 42807
22348 2 47820 12695
22349 2 45098 10630
22350 0
22351 1 35091
22352 1 16910
22353 3 7279 12157 29095
22354 1 14214
22355 2 10875 8516
22356 0
22357 1 11759
22358 3 9292 7549 19291
22359 2 3414 48863
22360 1 44394
22361 0
22362 2 5627 25183
22363 4 6201 49843 11612 39526
22364 1 28695
22365 1 14969
22366 4 8766 33922 25546 29613
22367 1 10442
22368 1 29499
22369 0
22370 1 24546
22371 2 48423 38122
22372 1 8593
22373 3 22459 30150 47376
22374 0
22375 2 7230 2900
22376 2 20122 43368
22377 1 5265
22378 4 28840 4385 43551 13918
22379 0
22380 1 4464
22381 1 34438
22382 1 5363
22383 1 2903
22384 4 46613 15567 24669 39044
22385 1 47480
22386 1 19087
22387 3 16662 17040 34394
22388 2 22454 42489
22389 0
22390 3 5926 20325 42018
22391 3 43242 5141 1747
22392 2 24397 29619
22393 1 18116
22394 1 11176
22395 0
22396 4 16439 34030 26737 46339
22397 4 33320 35306 3720 40500
22398 4 29313 7828 29916 14935
22399 2 30111 37615
22400 1 32303
22401 2 36953 5729
22402 1 41235
22403 2 29974 12768
22404 4 29487 31247 19794 41734
22405 2 27485 19776
22406 2 32158 37065
22407 1 45233
22408 0
22409 2 9960 44443
22410 3 22200 48355 48381
22411 3 30467 24633 49118
22412 3 17910 31666 20069
22413 2 43801 1367
22414 2 15039 47966
22415 2 42914 11742
22416 4 8909 32371 21051 15433
22417 1 10211
22418 1 32025
22419 5 45201 162 39389 9882 30675
22420 4 48468 29627 14024 24210
22421 0
22422 2 31918 4584
22423 2 11834 2423
22424 2 350 39967
22425 3 47979 41234 28674
22426 0
22427 3 48174 33008 31026
22428 2 6952 23874
22429 1 34359
22430 1 4576
22431 4 42675 10757 32401 34297
22432 1 9971
22433 2 31858 8177
22434 0
22435 2 29936 4689
22436 0
22437 2 45282 4521
22438 5 38113 35493 16032 38239 38045
22439 2 44755 25489
22440 0
22441 2 40901 47997
22442 3 33769 43321 45280
22443 2 24968 40318
22444 1 38515
22445 3 6271 23326 6236
22446 7 3512 29426 14628 43086 40883 37024 46133
22447 3 29718 1980 30498
22448 3 36684 13129 33036
22449 3 32818 31656 40106
22450 3 3635 29960 36805
22451 2 49868 33265
22452 2 9228 6288
22453 0
22454 2 3060 18327
22455 2 42548 35642
22456 2 8062 27374
22457 1 37705
22458 1 10446
22459 1 41222
22460 1 37796
22461 0
22462 1 40348
22463 2 5957 39877
22464 0
22465 1 11263
22466 1 33651
22467 1 165
22468 1 40933
22469 2 26166 11124
22470 3 742 25511 47913
22471 0
22472 1 19285
22473 3 10633 9936 18623
22474 2 31101 39457
22475 2 2143 22140
22476 2 36676 44645
22477 2 14461 3698
22478 3 25624 41931 12908
22479 2 4250 28728
22480 2 28575 19292
22481 2 42972 46570
22482 1 44285
22483 1 39763
22484 3 16273 12074 48105
22485 0
22486 1 39625
22487 3 38631 17582 26075
22488 1 5914
22489 2 32574 35332
22490 4 2612 9968 34724 1318
22491 2 10132 11977
22492 2 49895 18013
22493 2 16587 23306
22494 2 2570 25838
22495 3 27844 43126 46741
22496 3 12098 22014 21263
22497 2 32793 18164
22498 2 35080 40041
22499 2 44283 1653
22500 2 32874 14826
22501 2 29832 10182
22502 2 21085 31712
22503 1 32587
22504 1 6294
22505 3 16120 16236 21081
22506 5 40732 30874 45324 34050 26508
22507 3 4141 37221 20481
22508 4 42480 16078 32416 46280
22509 2 22888 29043
22510 2 8497 44040
22511 0
22512 5 19650 44390 31093 42992 23670
22513 3 11412 42374 1144
22514 3 27939 22364 41623
22515 2 33312 1340
22516 0
22517 0
22518 2 937 29082
22519 1 19757
22520 2 37451 29293
22521 0
22522 2 35177 20818
22523 0
22524 1 29705
22525 2 12643 44031
22526 1 4165
22527 1 20610
22528 3 10274 41131 47074
22529 0
22530 0
22531 3 12322 39731 40095
22532 3 9709 33185 39971
22533 0
22534 3 26762 16714 16335
22535 1 12745
22536 0
22537 0
22538 2 32065 22462
22539 0
22540 3 39072 30945 26489
22541 3 40121 5684 8259
22542 5 15479 28526 27209 18664 6413
22543 3 23506 5632 22992
22544 1 24949
22545 1 46970
22546 3 6852 20048 33073
22547 3 36679 41843 11444
22548 2 28007 38122
22549 2 49092 10405
22550 0
22551 1 26460
22552 2 3153 7629
22553 1 18611
22554 0
22555 3 11370 33113 38903
22556 3 18223 45143 10042
22557 3 20166 8569 13609
22558 0
22559 1 31258
22560 1 37395
22561 2 18319 9493
22562 5 27018 25278 43464 10012 24182
22563 3 48772 10412 27668
22564 1 29243
22565 3 43441 11969 11558
22566 1 1257
22567 3 20904 15017 16844
22568 7 14377 32575 28275 36430 3451 30479 7225
22569 1 17746
22570 0
22571 2 40532 33436
22572 3 3951 11607 12279
22573 1 48304
22574 2 33548 31839
22575 3 31551 14022 26241
22576 3 4903 42204 45316
22577 2 46050 39569
22578 3 25782 38902 47869
22579 3 2755 16606 28469
22580 1 28575
22581 0
22582 0
22583 1 1016
22584 0
22585 2 12337 47331
22586 2 15134 47910
22587 1 46791
22588 1 2262
22589 5 34879 1783 37547 5103 38259
22590 1 2148
22591 1 37132
22592 3 41729 33777 21283
22593 3 44260 13715 32617
22594 3 33728 14604 18692
22595 0
22596 1 29918
22597 1 42708
22598 2 34774 1958
22599 2 27406 42736
22600 1 22051
22601 3 13743 48416 12212
22602 2 4260 930
22603 1 11131
22604 3 39895 27147 15025
22605 1 9513
22606 1 22726
22607 1 32336
22608 1 45442
22609 2 5069 7825
22610 4 8544 5855 4941 7433
22611 1 15206
22612 3 16661 18609 24898
22613 4 8198 43511 2797 1112
22614 5 22768 32398 46023 19820 20298
22615 0
22616 3 37977 20771 3040
22617 2 49842 34343
22618 4 18957 48075 39680 18230
22619 2 35055 13874
22620 2 35005 11304
22621 1 2910
22622 1 34350
22623 0
22624 4 20199 36768 13449 45632
22625 5 21029 34117 20659 9060 31919
22626 1 13472
22627 5 35386 13532 22519 35485 11941
22628 3 34608 32095 8824
22629 5 46623 34006 21691 16083 45395
22630 1 37620
22631 1 24256
22632 0
22633 3 49241 41937 11973
22634 2 25524 28666
22635 2 23849 26321
22636 5 49457 27583 28474 10712 22983
22637 2 26357 27121
22638 1 16806
22639 3 27362 12932 8510
22640 2 6306 25993
22641 3 24817 21211 219
22642 1 9874
22643 1 5660
22644 0
22645 1 9034
22646 0
22647 1 46150
22648 1 29617
22649 1 17999
22650 3 19443 24214 504
22651 2 16730 24359
22652 1 21862
22653 0
22654 3 24439 21799 44654
22655 2 42553 23272
22656 0
22657 2 20526 3490
22658 0
22659 2 41333 13884
22660 2 16766 4512
22661 4 26020 19388 49578 15677
22662 2 44971 41674
22663 2 29720 40296
22664 1 14533
22665 1 33241
22666 1 31596
22667 0
22668 1 43152
22669 4 39409 43353 44240 33325
22670 3 48039 38020 12736
22671 1 21848
22672 1 47231
22673 0
22674 1 13152
22675 0
22676 1 6839
22677 2 11462 17985
22678 2 3742 22646
22679 1 29988
22680 5 10349 31737 35575 21877 11372
22681 2 42591 49756
22682 4 42171 37289 2384 21419
22683 1 11379
22684 2 20860 18381
22685 2 11595 11365
22686 0
22687 8 11715 9719 1517 35402 3185 21261 6148 38238
22688 2 11542 31909
22689 5 29433 29446 24294 6115 2254
22690 2 5200 29073
22691 2 30911 13648
22692 2 17014 31072
22693 2 32198 21733
22694 3 25521 11400 20757
22695 2 37274 14112
22696 6 8240 4029 44686 2287 16338 30350
22697 1 31347
22698 4 20485 13462 34618 35197
22699 2 12775 47544
22700 1 12688
22701 3 14480 46407 40382
22702 2 42689 16361
22703 3 33343 29882 44437
22704 3 33977 29789 27652
22705 3 30503 24955 19419
22706 0
22707 3 45066 17686 39049
22708 1 1722
22709 3 8007 13554 40317
22710 1 8573
22711 1 32705
22712 1 35882
22713 2 45297 42685
22714 2 20318 16340
22715 3 27246 10295 32058
22716 5 49271 48980 36858 5672 4532
22717 2 46601 26700
22718 6 14584 49437 14338 2159 5005 26219
22719 1 18937
22720 1 19272
22721 2 27835 32639
22722 1 43588
22723 1 8821
22724 5 40044 27271 34235 19901 49437
22725 1 2783
22726 1 4735
22727 3 47500 41010 27297
22728 2 39151 33301
22729 1 840
22730 2 2843 7619
22731 3 6242 21575 43550
22732 5 2394 6233 19165 10052 34559
22733 4 47533 38391 7044 20468
22734 1 35032
22735 1 8417
22736 2 49880 46261
22737 2 32749 28259
22738 4 46826 34926 274 42095
22739 1 41394
22740 2 41569 35097
22741 1 40079
22742 2 14287 33607
22743 3 42179 24416 17437
22744 2 42884 16529
22745 0
22746 2 32864 5362
22747 4 15879 44007 13502 23211
22748 1 17728
22749 5 14076 1915 30245 49231 30348
22750 2 19209 47022
22751 4 20278 32265 40222 32493
22752 2 48594 22203
22753 1 8013
22754 0
22755 4 17254 48091 29335 17852
22756 1 20210
22757 2 14436 36776
22758 4 49793 6337 22339 22149
22759 1 3717
22760 3 14551 19623 23855
22761 4 27409 4364 23731 34442
22762 2 21101 7939
22763 4 28216 32885 24323 21644
22764 1 46540
22765 2 19158 16895
22766 4 2010 20100 18059 3891
22767 1 39438
22768 1 17608
22769 3 42238 37490 28084
22770 1 6838
22771 1 30470
22772 4 45336 25387 34762 17608
22773 2 23335 38216
22774 1 35625
22775 1 2543
22776 3 26912 6155 48557
22777 1 15159
22778 5 41893 41056 6650 26812 8191
22779 4 43322 25044 24765 973
22780 4 32954 15319 33132 25124
22781 7 2406 31936 33819 34820 36122 37536 44409
22782 3 22261 7471 33878
22783 4 22993 6510 17775 2430
22784 3 38570 39992 4282
22785 3 30403 21515 23173
22786 1 34415
22787 2 32021 46079
22788 0
22789 3 33093 45074 36528
22790 2 34658 18008
22791 1 41027
22792 3 5879 20924 45990
22793 3 21690 14944 45469
22794 3 534 26917 11234
22795 3 7896 9455 5106
22796 2 22041 12339
22797 4 36026 22047 9109 35110
22798 0
22799 2 38575 18441
22800 1 13118
22801 3 45780 33813 24345
22802 1 23447
22803 0
22804 4 40171 43582 26641 43738
22805 1 33529
22806 1 5398
22807 1 18853
22808 3 23904 8003 30719
22809 3 39243 49101 15507
22810 4 12664 940 22348 1764
22811 3 31704 18316 43559
22812 1 44312
22813 4 19904 2336 18052 39693
22814 3 12400 1213 16941
22815 4 3321 20129 4654 7913
22816 0
22817 3 42184 19656 13236
22818 1 40973
22819 3 13453 36415 33406
22820 1 34787
22821 0
22822 4 28792 2919 20424 41056
22823 2 35588 30067
22824 3 5518 43387 12299
22825 2 34308 4002
22826 1 34517
22827 3 24928 25805 19976
22828 3 9520 22151 42845
22829 0
22830 2 17674 8793
22831 2 33239 24060
22832 2 36181 19260
22833 3 1367 2389 47137
22834 2 34633 44210
22835 3 10297 34090 21464
22836 3 8535 21379 13724
22837 0
22838 0
22839 4 18441 10670 38690 15499
22840 2 13833 9163
22841 1 48179
22842 2 4288 5405
22843 2 1897 35937
22844 4 40970 32272 20170 21825
22845 2 19333 15126
22846 2 11720 31312
22847 1 12111
22848 0
22849 1 20242
22850 2 18777 11156
22851 3 39917 11525 42167
22852 3 10740 33991 14885
22853 1 13672
22854 2 13947 31402
22855 1 5319
22856 1 23886
22857 1 24705
22858 2 27152 27840
22859 0
22860 3 24966 20387 43003
22861 1 45954
22862 4 43139 10391 45905 48387
22863 5 33639 5552 25082 32258 36130
22864 0
22865 4 38802 38299 47777 47810
22866 3 14494 12167 36035
22867 2 4618 36097
22868 1 14898
22869 3 20922 9727 17670
22870 1 11629
22871 2 11915 36096
22872 0
22873 0
22874 1 31289
22875 2 18052 46431
22876 3 13608 6049 6550
22877 2 30955 46873
22878 2 42237 38248
22879 1 37297
22880 0
22881 3 45872 45338 36050
22882 2 23979 73
22883 2 29304 26963
22884 4 21842 18477 10054 26342
22885 3 23760 8520 40523
22886 3 47234 38426 28078
22887 0
22888 2 26673 20810
22889 1 31062
22890 4 34381 32060 6433 1555
22891 4 49988 49737 16244 49261
22892 3 14876 16765 4177
22893 2 14399 29337
22894 3 4542 44524 8650
22895 1 13846
22896 3 13172 29348 13285
22897 0
22898 5 32097 16793 16020 28010 4308
22899 1 35553
22900 1 39299
22901 3 32906 42410 15519
22902 2 36655 39983
22903 3 26528 2578 49683
22904 1 17958
22905 2 11771 26634
22906 2 34393 17533
22907 2 34503 27157
22908 4 37605 2694 13690 36002
22909 2 7456 40488
22910 4 41714 19932 18011 17412
22911 1 34447
22912 1 5768
22913 3 38345 19656 25518
22914 2 31343 31854
22915 6 11487 30800 30843 13356 35487 7144
22916 1 21491
22917 0
22918 4 35897 29146 7917 1126
22919 2 43364 346
22920 3 23321 21859 13990
22921 2 34397 31053
22922 1 35212
22923 0
22924 2 8636 47569
22925 3 38095 13281 29822
22926 3 14351 23979 46706
22927 3 41390 14318 28904
22928 5 17380 12633 30783 28799 42713
22929 7 29303 43017 36307 6322 4048 22164 14489
22930 4 8966 4230 33433 31248
22931 3 7216 4975 47051
22932 2 16901 49616
22933 1 14906
22934 3 20215 29712 26022
22935 2 5672 7757
22936 1 7056
22937 2 77 47913
22938 0
22939 4 43768 11093 22232 3215
22940 2 22262 30650
22941 0
22942 1 24897
22943 1 16645
22944 0
22945 2 27471 19163
22946 2 10885 47595
22947 1 18678
22948 3 23548 34035 41201
22949 5 3013 16421 47860 22663 30523
22950 5 47682 16011 33164 26340 25265
22951 2 35533 17147
22952 0
22953 4 38514 20866 33490 39321
22954 5 47925 36036 33663 36132 30514
22955 2 13853 38001
22956 2 26696 32150
22957 5 29584 36183 44064 36138 49670
22958 1 16542
22959 0
22960 3 30555 1094 15200
22961 2 21979 14045
22962 0
22963 3 13353 4539 46879
22964 1 6047
22965 4 4412 47696 29027 23527
22966 2 28298 38322
22967 7 43879 2994 47701 18876 23266 17695 1425
22968 3 34597 19046 18902
22969 1 23928
22970 1 24349
22971 2 710 1736
22972 0
22973 1 2119
22974 1 12853
22975 1 33758
22976 1 49744
22977 3 748 30188 24543
22978 2 45280 40428
22979 3 7325 20178 24812
22980 1 43030
22981 1 15300
22982 5 26567 47114 41728 29868 24832
22983 0
22984 1 40375
22985 3 30160 12976 32971
22986 1 597
22987 1 28198
22988 0
22989 3 39562 27697 9481
22990 2 19669 38627
22991 0
22992 2 10843 10128
22993 2 16409 15977
22994 1 9607
22995 1 39456
22996 2 18280 40214
22997 0
22998 4 22764 34725 24542 43422
22999 4 21574 11032 41252 46186
23000 0
23001 3 17892 924 563
23002 2 34867 14920
23003 2 28094 47463
23004 2 11715 9003
23005 0
23006 2 36858 47768
23007 1 39796
23008 2 216 24809
23009 1 12341
23010 3 31117 11285 38023
23011 3 18307 3524 11329
23012 0
23013 1 48424
23014 2 26674 624
23015 3 41968 2539 44136
23016 0
23017 5 5594 36385 30706 25951 28066
23018 2 16083 43115
23019 2 31326 17943
23020 1 36236
23021 2 601 25120
23022 1 40384
23023 1 26876
23024 0
23025 2 21769 17366
23026 2 44741 37636
23027 2 35547 37839
23028 3 11580 18551 12904
23029 4 41161 23893 3436 29381
23030 0
23031 2 3974 28695
23032 0
23033 3 17128 28091 35600
23034 2 9773 36029
23035 2 30964 24515
23036 0
23037 3 32768 28812 30369
23038 3 2371 12287 30228
23039 2 40111 22082
23040 1 1227
23041 2 19442 38896
23042 1 22656
23043 0
23044 3 14947 17941 33601
23045 1 48820
23046 0
23047 1 17839
23048 2 43238 33235
23049 1 41626
23050 1 1710
23051 3 25961 14327 2875
23052 3 26565 23443 45289
23053 4 47014 41265 20636 15889
23054 1 48254
23055 0
23056 3 15310 15605 30939
23057 3 39397 41429 35862
23058 2 32980 41895
23059 3 47479 2046 46219
23060 1 46643
23061 0
23062 2 18099 5382
23063 1 14037
23064 1 20569
23065 2 20111 13244
23066 2 49353 38829
23067 3 21895 49019 22908
23068 1 9159
23069 3 43527 30670 11589
23070 3 43483 24539 2305
23071 1 41520
23072 1 37745
23073 1 22161
23074 2 37921 44749
23075 2 5515 1711
23076 3 19308 31782 14952
23077 3 39821 9476 40930
23078 1 41917
23079 2 19213 34834
23080 1 9715
23081 0
23082 3 4565 16097 18473
23083 4 23212 7484 275 31550
23084 3 33628 37561 4522
23085 2 42297 45045
23086 2 12648 34302
23087 4 47319 40412 2943 11900
23088 3 38478 16210 30077
23089 2 19602 42780
23090 4 44582 28770 36228 4887
23091 2 22310 38555
23092 1 4870
23093 3 49351 11942 10045
23094 0
23095 0
23096 2 37801 42254
23097 1 29545
23098 1 28018
23099 4 24600 5604 8566 2266
23100 4 49647 995 25473 2545
23101 1 654
23102 1 47867
23103 2 29574 37276
23104 3 36543 26439 18652
23105 2 47734 42039
23106 3 36066 19265 42899
23107 1 7216
23108 2 33394 14524
23109 1 8949
23110 3 46759 2626 23220
23111 0
23112 0
23113 2 29505 40545
23114 2 3444 33108
23115 1 2545
23116 0
23117 1 36325
23118 1 34432
23119 2 12842 33659
23120 1 4120
23121 1 38625
23122 1 20270
23123 0
23124 1 6802
23125 0
23126 1 13710
23127 1 15563
23128 0
23129 3 49369 46523 7773
23130 3 15472 40454 13266
23131 1 8648
23132 1 8012
23133 1 29012
23134 1 7745
23135 2 26999 34173
23136 1 42157
23137 2 32664 32639
23138 2 22801 36873
23139 3 6607 39431 16234
23140 3 8743 2374 30307
23141 0
23142 1 49355
23143 5 34038 15388 30762 862 9593
23144 3 20444 43762 36321
23145 0
23146 3 28502 48089 42052
23147 4 44568 33643 17322 27116
23148 2 37117 34552
23149 3 34779 15496 46161
23150 2 28472 21524
23151 1 33943
23152 2 27544 40457
23153 2 49029 27254
23154 1 15330
23155 2 47773 45908
23156 1 30034
23157 0
23158 1 32937
23159 0
23160 0
23161 4 41822 33164 16848 14140
23162 3 16636 39516 39997
23163 1 24331
23164 2 47530 1974
23165 1 20966
23166 0
23167 2 30240 10468
23168 3 13670 17574 9887
23169 2 19002 9051
23170 0
23171 0
23172 0
23173 3 44614 7887 31247
23174 0
23175 1 41291
23176 3 20826 12856 48347
23177 5 21551 18971 41168 48959 2433
23178 2 27791 14043
23179 1 49712
23180 0
23181 2 44237 17717
23182 2 45348 3246
23183 2 33660 14470
23184 0
23185 4 39812 29062 40613 32717
23186 6 21339 25409 31546 32483 13987 46079
23187 1 15638
23188 1 14047
23189 3 3798 35235 7384
23190 2 29383 11446
23191 1 38615
23192 0
23193 0
23194 0
23195 2 15015 35311
23196 0
23197 3 19500 26457 35461
23198 4 36775 24159 31250 42654
23199 1 9175
23200 2 4868 26725
23201 2 11314 30253
23202 2 32650 41129
23203 0
23204 2 40069 5112
23205 3 6837 22347 29035
23206 0
23207 2 176 40860
23208 4 48121 28232 14949 43868
23209 0
23210 1 5233
23211 2 32045 46990
23212 5 31880 25761 17085 44315 8559
23213 4 6826 34997 45541 10089
23214 1 26117
23215 0
23216 1 22633
23217 2 11800 5873
23218 1 40157
23219 1 9262
23220 4 41933 31028 41669 35130
23221 1 828
23222 0
23223 1 24604
23224 3 8598 12378 49865
23225 1 37129
23226 2 4671 40112
23227 1 40076
23228 8 1336 8639 42533 653 33631 22979 18394 47689
23229 6 458 20681 3155 27211 32851 45336
23230 4 26744 32646 29035 44395
23231 3 47202 14283 3336
23232 1 34070
23233 2 47320 49967
23234 3 27787 16867 9812
23235 1 24926
23236 1 28099
23237 2 8763 28556
23238 2 26927 30229
23239 0
23240 2 44280 19957
23241 4 11398 21440 28 2145
23242 2 39265 24251
23243 3 20413 37378 26103
23244 6 4968 23984 26088 36261 40546 14932
23245 2 34474 24494
23246 2 33330 11924
23247 3 6352 17999 5658
23248 4 21390 25457 21655 729
23249 0
23250 5 8673 37961 33093 14692 43922
23251 3 18358 10894 10330
23252 3 37128 13133 47191
23253 3 36958 3387 40420
23254 2 14431 35133
23255 2 18175 11065
23256 3 24868 45679 45202
23257 4 21091 48889 43402 997
23258 3 20711 15945 30154
23259 8 28498 24560 41189 15226 27122 4727 18402 25208
23260 2 19464 45855
23261 2 44803 47910
23262 3 22886 37868 756
23263 2 25766 31897
23264 2 653 22287
23265 2 43139 41855
23266 1 1451
23267 1 2408
23268 1 132
23269 1 12951
23270 4 36088 21895 25193 8964
23271 2 49281 38222
23272 2 9467 1255
23273 2 36495 10490
23274 0
23275 2 7312 20764
23276 4 15277 45688 18703 2193
23277 0
23278 1 18342
23279 2 42769 39166
23280 4 34272 12641 6183 4648
23281 4 4005 4423 29491 26983
23282 0
23283 3 39858 31103 43914
23284 2 25762 12368
23285 1 26160
23286 3 12475 23133 29639
23287 1 22746
23288 4 27702 19700 49102 25900
23289 2 24584 1007
23290 4 41702 48481 3109 8481
23291 1 26525
23292 2 49228 18893
23293 1 2970
23294 3 24953 22091 35424
23295 1 7685
23296 4 7916 7873 10647 37985
23297 2 41675 45782
23298 4 30978 6493 45263 27124
23299 4 7848 39455 19351 33893
23300 2 13172 41483
23301 2 5048 21598
23302 1 20001
23303 1 40875
23304 3 32736 13157 44024
23305 3 20247 40126 724
23306 2 34092 20686
23307 1 46076
23308 3 38874 16165 39925
23309 2 8283 49244
23310 3 15124 16119 19784
23311 3 4108 21972 48651
23312 1 21146
23313 3 17967 48529 31918
23314 1 1800
23315 1 29960
23316 5 14240 4222 39445 46585 31968
23317 2 23214 32861
23318 2 12294 40029
23319 3 20606 49517 20176
23320 0
23321 4 36366 17825 43478 8401
23322 0
23323 1 25350
23324 5 38706 28515 13899 11520 13495
23325 0
23326 0
23327 1 20910
23328 2 38834 6901
23329 1 26498
23330 1 34067
23331 2 46733 2707
23332 0
23333 0
23334 1 46587
23335 1 24833
23336 1 16856
23337 0
23338 2 36186 8314
23339 0
23340 4 25463 20246 22060 1286
23341 4 44526 7799 9570 20414
23342 3 10184 45768 11746
23343 2 17409 6642
23344 3 3347 20781 23319
23345 1 13027
23346 3 17423 6920 46793
23347 2 45919 30955
23348 4 16762 8479 2013 547
23349 3 19515 26247 46170
23350 3 41635 822 43630
23351 1 13525
23352 1 16652
23353 2 31767 5041
23354 2 27349 12791
23355 2 25530 21690
23356 2 25643 35735
23357 0
23358 2 6209 19129
23359 7 33662 1019 37855 48216 44127 29564 40712
23360 3 25509 19397 32546
23361 2 46946 152
23362 3 32618 17978 36165
23363 6 23701 47280 37660 32601 46735 37706
23364 3 14582 18609 28784
23365 2 38562 38624
23366 3 33029 48905 23744
23367 3 5011 45621 27003
23368 0
23369 2 5038 36696
23370 2 28690 15735
23371 3 27517 15030 33546
23372 1 3159
23373 2 38523 23599
23374 1 32847
23375 0
23376 1 11928
23377 1 6253
23378 5 6176 37501 5792 45432 47684
23379 4 42912 32099 782 39034
23380 3 3763 35317 26442
23381 1 13365
23382 1 42398
23383 1 33529
23384 3 22089 9755 32038
23385 2 5904 27428
23386 1 7780
23387 0
23388 2 4827 29285
23389 1 13662
23390 1 26462
23391 3 941 13265 27668
23392 0
23393 1 38810
23394 3 25233 4885 42313
23395 2 31262 40694
23396 1 13417
23397 2 14493 22706
23398 0
23399 3 42126 27689 29249
23400 4 8469 20703 13188 41559
23401 2 45842 34087
23402 1 28772
23403 2 25558 41602
23404 1 35766
23405 5 13369 45518 6358 26237 2946
23406 1 11108
23407 0
23408 1 17101
23409 1 5785
23410 3 20259 15777 7584
23411 1 8925
23412 3 37353 113 37083
23413 2 15133 29130
23414 1 13765
23415 2 16088 48619
23416 1 13455
23417 0
23418 4 12248 40005 38552 6821
23419 3 33000 12843 40492
23420 5 10503 21399 12928 2263 28616
23421 2 14275 39795
23422 2 19849 1400
23423 3 32383 13652 48707
23424 0
23425 4 34373 42095 41161 46434
23426 4 17776 43892 921 15434
23427 2 13729 46509
23428 3 31804 44756 19356
23429 2 26852 33851
23430 3 2301 33191 41038
23431 0
23432 3 6734 30762 22337
23433 2 38637 20644
23434 0
23435 0
23436 1 20256
23437 0
23438 2 22969 19988
23439 5 10989 15276 34875 37744 16018
23440 1 46769
23441 1 42386
23442 4 28239 40944 9978 8212
23443 4 44823 34242 43048 14154
23444 1 14661
23445 2 11636 25236
23446 1 42878
23447 3 8628 39255 7113
23448 3 1794 19269 25653
23449 0
23450 2 11763 16986
23451 4 32546 2955 45141 25417
23452 2 1715 48863
23453 4 15928 42323 3678 47121
23454 3 21992 13581 37840
23455 1 36846
23456 1 32921
23457 3 49674 7188 1250
23458 3 3029 27001 37588
23459 1 39110
23460 1 35933
23461 4 10619 48071 47501 2967
23462 3 17245 29702 8910
23463 5 43529 29922 13888 25219 45588
23464 4 20492 29434 18707 10204
23465 2 6665 48143
23466 3 36854 22035 48183
23467 1 12947
23468 2 11693 16672
23469 3 31386 26814 43883
23470 0
23471 1 27005
23472 0
23473 6 44183 38016 20900 4918 29287 28464
23474 2 2872 6506
23475 3 31355 40218 42850
23476 3 9005 1757 2210
23477 1 21536
23478 0
23479 4 39096 7318 29136 27821
23480 3 8748 24005 38716
23481 1 13712
23482 1 7783
23483 0
23484 3 8413 22566 11423
23485 6 25906 980 45162 14852 47724 2839
23486 3 302 34411 17802
23487 0
23488 3 45884 23487 25255
23489 1 452
23490 1 31918
23491 3 12187 16315 47781
23492 4 39363 20183 4688 37585
23493 4 47742 47061 22909 27397
23494 1 31568
23495 0
23496 1 31962
23497 2 16725 15950
23498 2 2619 33546
23499 0
23500 3 42343 15964 34305
23501 2 16453 866
23502 2 23491 8371
23503 3 42275 48560 24380
23504 1 38568
23505 4 27044 6229 8937 21322
23506 3 39632 22010 32068
23507 4 1664 43943 31829 39208
23508 7 23994 9786 3187 31553 7867 3155 47047
23509 1 40340
23510 5 38818 107 7907 27871 14814
23511 6 34803 18424 44918 48687 46028 3571
23512 0
23513 4 27723 4930 1344 47817
23514 0
23515 3 23206 10251 32083
23516 3 12288 11688 35654
23517 1 45501
23518 2 29578 27485
23519 1 46707
23520 2 15036 24700
23521 1 12993
23522 4 48278 1137 34283 25408
23523 0
23524 4 6941 34857 2082 7607
23525 5 36684 49223 9121 21676 25575
23526 0
23527 2 13511 37302
23528 1 8614
23529 2 23184 13401
23530 2 17946 20536
23531 1 42524
23532 2 36485 49103
23533 3 24242 36471 22515
23534 3 12906 40528 10971
23535 2 26456 17888
23536 1 15068
23537 3 42954 30761 35807
23538 6 3698 42869 47954 35616 5479 39714
23539 1 14176
23540 4 37089 38499 14000 15615
23541 2 30758 32420
23542 2 15417 13087
23543 1 2027
23544 2 263 39978
23545 1 15300
23546 0
23547 3 40356 47508 20025
23548 1 16043
23549 2 33054 4837
23550 2 11033 36618
23551 1 23471
23552 1 29347
23553 1 33675
23554 1 29326
23555 1 17608
23556 3 2275 20334 42531
23557 2 43872 9400
23558 1 46454
23559 0
23560 2 27918 1321
23561 3 21490 46313 86
23562 3 7638 38291 48580
23563 1 12355
23564 3 34104 34009 34993
23565 3 13180 43133 39032
23566 4 8398 205 48625 27473
23567 2 34312 37033
23568 1 44646
23569 4 23779 10841 36060 38803
23570 0
23571 4 18941 1867 15010 30736
23572 2 47895 34140
23573 4 22103 4623 4619 12087
23574 2 39487 42890
23575 6 31399 43341 4921 3231 745 7966
23576 2 48290 8041
23577 2 22697 47881
23578 1 16925
23579 3 44752 21904 9449
23580 1 4934
23581 1 25473
23582 2 25666 33368
23583 1 31962
23584 3 32823 29841 5394
23585 2 9751 4428
23586 2 40771 28651
23587 1 20293
23588 2 46709 4852
23589 0
23590 5 30804 20389 46001 39629 10908
23591 3 30871 4042 32575
23592 0
23593 1 10303
23594 3 40313 31670 31099
23595 1 12175
23596 2 18276 13017
23597 2 19181 18399
23598 3 17911 13707 43909
23599 2 22515 22682
23600 1 43691
23601 3 9139 7273 28585
23602 1 39202
23603 2 26092 15155
23604 0
23605 4 24842 45371 112 16517
23606 1 41615
23607 3 12537 15992 27282
23608 1 13146
23609 4 18635 21147 8500 38331
23610 3 31009 48756 3526
23611 3 27099 48536 7423
23612 1 46324
23613 0
23614 2 17505 40543
23615 1 5986
23616 0
23617 2 17510 47368
23618 2 26146 12583
23619 2 2170 29303
23620 2 38536 45154
23621 1 40351
23622 3 20030 42716 3886
23623 2 23316 22262
23624 4 27434 723 38183 46733
23625 4 2197 23545 12515 45508
23626 2 41206 44881
23627 1 46289
23628 5 30256 48424 15190 10029 31535
23629 2 6994 30465
23630 3 36306 25636 31701
23631 1 18869
23632 1 40773
23633 1 28205
23634 1 10889
23635 2 16315 39044
23636 1 28255
23637 1 11845
23638 1 30706
23639 0
23640 1 32105
23641 5 27065 44517 22427 11279 17705
23642 1 33461
23643 2 26221 46686
23644 3 24981 14028 25745
23645 4 28736 1557 40079 48111
23646 1 799
23647 1 45839
23648 0
23649 1 14846
23650 0
23651 1 10118
23652 1 29006
23653 3 17539 36942 25407
23654 3 6224 4458 20398
23655 1 21062
23656 5 16871 21294 47299 44831 33961
23657 3 35309 10985 31261
23658 2 8412 32159
23659 0
23660 1 12248
23661 2 43175 3374
23662 1 43576
23663 4 21641 49949 4453 14170
23664 2 39285 12173
23665 4 19840 4297 1152 3877
23666 3 16557 25638 37968
23667 1 24251
23668 0
23669 2 24119 35651
23670 3 37724 26172 46203
23671 2 33736 4579
23672 2 41538 46330
23673 3 9848 22561 3085
23674 1 20985
23675 4 32434 36534 44021 28865
23676 1 25769
23677 0
23678 1 21533
23679 2 34788 15095
23680 0
23681 3 15925 41995 5488
23682 1 34777
23683 0
23684 0
23685 6 5080 15299 43472 48393 25306 43248
23686 2 10693 1919
23687 3 29944 33410 28063
23688 4 22277 49992 38843 20224
23689 3 42135 2086 24314
23690 2 23174 36047
23691 0
23692 2 25742 1548
23693 3 6164 8723 29947
23694 3 12573 43878 29183
23695 3 33389 22038 38232
23696 5 9879 45551 20800 37951 10570
23697 1 48002
23698 1 3306
23699 2 568 47779
23700 2 1566 9120
23701 1 46925
23702 4 44412 16419 13804 32754
23703 4 6114 35965 17629 940
23704 2 34170 27467
23705 4 36585 10302 3667 21214
23706 0
23707 0
23708 2 36482 47226
23709 2 6848 2062
23710 1 9480
23711 2 5196 41175
23712 1 2699
23713 3 6778 46141 20272
23714 2 26298 40752
23715 1 15897
23716 3 44084 27389 29802
23717 3 9607 41831 17233
23718 3 13856 18785 34148
23719 3 49107 36621 14235
23720 1 40519
23721 0
23722 2 32411 44788
23723 1 48657
23724 0
23725 3 44539 30344 27123
23726 1 13014
23727 3 46693 14077 48262
23728 0
23729 2 21906 6202
23730 1 20960
23731 3 18167 8868 38028
23732 2 18070 8848
23733 4 33823 17374 16401 32520
23734 2 32266 9473
23735 0
23736 4 17094 43348 18314 8807
23737 4 34967 4425 8173 25178
23738 2 19845 21800
23739 2 25158 41702
23740 3 19903 42428 23766
23741 0
23742 1 10081
23743 1 25172
23744 5 4686 47118 6865 49959 23588
23745 2 15086 35895
23746 3 2485 8201 14587
23747 2 2673 42149
23748 1 40870
23749 5 45144 10224 7839 43454 31776
23750 1 44516
23751 3 31569 20061 26092
23752 1 4791
23753 3 38114 41901 4089
23754 2 31791 44699
23755 4 33850 36894 5772 39086
23756 2 14279 13377
23757 0
23758 2 44301 49475
23759 2 30473 35549
23760 2 45155 38838
23761 1 46217
23762 0
23763 2 16723 3147
23764 1 7283
23765 1 47416
23766 2 13181 2177
23767 0
23768 4 21410 4731 28350 20693
23769 3 37399 24535 3384
23770 4 30789 25331 13261 29498
23771 3 3471 7814 27597
23772 1 7770
23773 4 7512 43278 3771 16887
23774 1 41551
23775 2 42359 24544
23776 1 31047
23777 4 12013 22290 1444 28661
23778 2 16536 48901
23779 2 3783 21452
23780 3 3255 32524 44586
23781 2 25942 47360
23782 2 3355 22183
23783 3 21849 6334 35295
23784 2 8274 30850
23785 6 14639 31175 9181 34409 29057 14176
23786 2 408 32149
23787 0
23788 3 20662 33967 47570
23789 1 26512
23790 3 23434 38561 33865
23791 2 19268 854
23792 0
23793 1 26724
23794 3 36561 39684 25101
23795 3 37435 44672 7930
23796 5 6507 12797 15928 106 14215
23797 1 23223
23798 2 37521 37715
23799 0
23800 1 25754
23801 3 34153 18030 19478
23802 4 33263 35933 16341 36360
23803 3 32609 35671 49906
23804 2 49218 7088
23805 1 27431
23806 2 22251 21308
23807 1 33424
23808 0
23809 1 35869
23810 4 10965 3058 23399 3823
23811 1 14916
23812 1 45994
23813 1 26609
23814 1 31148
23815 3 41728 28227 13739
23816 0
23817 0
23818 1 27145
23819 3 9243 11582 39342
23820 7 28876 7747 6748 7146 22498 33095 18277
23821 1 46067
23822 3 22094 18365 21195
23823 3 33942 47705 1054
23824 2 16642 8460
23825 1 12131
23826 3 34606 9320 7210
23827 2 38505 4689
23828 3 43555 37134 35659
23829 1 16139
23830 0
23831 2 23094 11094
23832 0
23833 1 21366
23834 1 39263
23835 1 33322
23836 3 40428 33240 28162
23837 4 20310 43318 34493 45149
23838 6 5488 1841 30818 909 23495 11166
23839 1 20790
23840 4 3257 12969 42086 39138
23841 3 4215 44825 10410
23842 1 38447
23843 3 19207 14981 22075
23844 4 5991 48828 23846 29634
23845 2 42467 48380
23846 1 23481
23847 0
23848 1 9078
23849 3 9124 46430 39652
23850 3 48695 42395 18823
23851 2 24764 7267
23852 0
23853 1 41217
23854 2 839 5848
23855 3 26291 15504 44626
23856 3 3139 18113 42671
23857 3 33145 26617 46824
23858 3 6759 22534 48045
23859 2 23163 23214
23860 3 8515 37983 32536
23861 0
23862 1 48985
23863 2 21966 48661
23864 1 3088
23865 4 1909 76 38461 39373
23866 4 29995 39328 39173 74
23867 3 18019 26826 31440
23868 1 35556
23869 3 25712 7171 28824
23870 3 48532 28416 4242
23871 6 20767 4220 36140 18267 7109 1623
23872 4 44891 31194 36796 48221
23873 0
23874 1 15182
23875 5 48398 45758 19620 21292 46244
23876 4 38399 33583 25957 12770
23877 5 31492 16025 47175 2684 48951
23878 3 30500 20778 24236
23879 2 44401 10702
23880 5 16409 17187 34940 32797 48768
23881 1 7841
23882 1 1033
23883 0
23884 1 35883
23885 2 26379 11090
23886 2 35274 24774
23887 2 10476 38012
23888 1 8982
23889 2 45087 16399
23890 1 19095
23891 0
23892 0
23893 3 7877 7287 45676
23894 4 3000 45101 26795 26482
23895 4 46841 45835 9991 47986
23896 4 20849 47961 21085 557
23897 2 34764 41302
23898 0
23899 4 17446 34377 38320 27183
23900 3 27879 40213 49253
23901 3 2252 48483 49605
23902 3 8988 43398 41235
23903 3 976 42736 39886
23904 2 42579 16621
23905 1 35881
23906 1 27984
23907 2 8349 46799
23908 0
23909 1 40498
23910 2 23396 23849
23911 2 29819 40109
23912 2 7797 26986
23913 4 9759 9376 19307 37981
23914 2 13046 22783
23915 3 47326 896 40279
23916 1 19740
23917 1 32367
23918 1 42003
23919 2 19820 39905
23920 4 38862 45426 26207 34601
23921 0
23922 2 44857 26488
23923 1 35653
23924 3 40430 3507 30183
23925 2 34583 6633
23926 5 32367 22971 19914 20384 2611
23927 4 21844 35559 1806 12052
23928 3 16412 25345 16702
23929 2 22195 41032
23930 4 42056 35293 7237 20352
23931 2 3753 24902
23932 2 18657 46877
23933 0
23934 4 30964 39758 40853 6187
23935 2 41136 15379
23936 2 36780 33832
23937 0
23938 4 3573 24167 40190 3739
23939 1 45988
23940 1 12033
23941 1 46922
23942 1 16896
23943 3 16049 49670 39741
23944 2 33265 28365
23945 2 28106 11626
23946 2 15027 47800
23947 4 8156 33010 49078 17030
23948 1 10458
23949 1 23892
23950 2 20950 47496
23951 2 33244 22862
23952 3 27201 10548 40361
23953 3 42410 37617 16546
23954 2 29189 20234
23955 3 47145 1847 27854
23956 3 9837 21654 20332
23957 2 4236 36828
23958 4 48758 14871 20845 32519
23959 2 22245 27796
23960 6 29310 11360 22424 12212 20717 16712
23961 2 513 49299
23962 0
23963 1 22915
23964 0
23965 0
23966 2 1483 44507
23967 0
23968 1 3643
23969 4 46999 49804 49721 38777
23970 2 19405 16214
23971 0
23972 1 19849
23973 4 2329 10834 47759 23024
23974 0
23975 2 29420 27636
23976 1 47691
23977 2 8724 17945
23978 1 14719
23979 7 30984 45787 36372 6276 4910 10816 31587
23980 2 47157 35607
23981 0
23982 1 47045
23983 0
23984 3 26944 24794 26717
23985 1 5088
23986 0
23987 2 31490 17701
23988 3 21027 31046 20462
23989 2 17098 17265
23990 4 11638 41311 34387 12704
23991 4 5692 23603 41023 44496
23992 1 29265
23993 3 17638 41551 16180
23994 1 21305
23995 0
23996 5 22727 1269 436 12025 28047
23997 2 32884 4039
23998 3 8758 43016 957
23999 2 44159 2322
24000 1 46738
24001 0
24002 1 4873
24003 0
24004 2 15346 38485
24005 2 10837 27159
24006 3 33093 35651 18889
24007 4 45929 8149 40334 33454
24008 1 505
24009 2 39193 32164
24010 2 19385 29818
24011 1 17658
24012 2 43592 42650
24013 2 32976 38634
24014 5 47890 30727 1860 34301 22335
24015 2 31907 34686
24016 3 32024 35087 21430
24017 1 1963
24018 1 32050
24019 3 18322 49524 26610
24020 0
24021 1 18030
24022 1 6530
24023 1 31302
24024 2 3009 20455
24025 5 47844 34891 5322 39370 35607
24026 2 36535 3200
24027 1 40399
24028 3 5779 16458 43156
24029 3 3149 8135 26247
24030 1 40440
24031 4 30406 42260 14428 19456
24032 3 45633 49852 2909
24033 3 9917 38562 4372
24034 2 6660 47199
24035 2 2826 19650
24036 0
24037 4 7779 14990 37553 22109
24038 1 34119
24039 1 8824
24040 3 7440 42358 37175
24041 0
24042 2 5614 5509
24043 2 36319 2209
24044 4 22785 30954 31401 5142
24045 4 36574 3263 29180 45793
24046 1 12006
24047 1 3769
24048 2 10310 29335
24049 2 30086 43500
24050 0
24051 3 642 44269 8695
24052 3 30913 22741 19435
24053 2 20975 18510
24054 2 4343 24399
24055 3 25814 34408 49786
24056 3 31208 27150 34283
24057 1 19142
24058 0
24059 2 29632 2670
24060 1 24842
24061 2 46609 30401
24062 3 41007 16633 6642
24063 1 11953
24064 2 27567 4770
24065 2 33265 11235
24066 2 20728 23513
24067 3 31830 22210 29894
24068 2 13016 22665
24069 1 23285
24070 0
24071 5 16972 40477 42299 40446 30387
24072 0
24073 4 323 37093 18430 36170
24074 4 21006 13390 18571 507
24075 3 16944 46009 46700
24076 2 42420 6976
24077 1 3333
24078 1 43617
24079 1 26704
24080 2 13648 26201
24081 2 39723 20346
24082 0
24083 0
24084 3 42273 39811 37992
24085 3 9694 27297 4798
24086 3 45272 39055 44139
24087 0
24088 1 46329
24089 1 27614
24090 2 32854 43654
24091 2 25018 42369
24092 2 7170 19280
24093 1 14424
24094 4 4076 8076 14112 37072
24095 2 25132 42338
24096 2 27295 7455
24097 2 7247 22507
24098 1 35661
24099 2 23420 40603
24100 0
24101 2 34427 15383
24102 3 47112 5561 13380
24103 0
24104 4 37997 12246 37163 11991
24105 3 9153 33591 11389
24106 0
24107 0
24108 2 4318 19821
24109 3 35532 31405 28395
24110 0
24111 4 38603 28601 16164 33133
24112 4 36088 33265 9858 43987
24113 2 46405 42909
24114 1 210
24115 2 33502 9170
24116 0
24117 0
24118 1 21505
24119 4 37978 36693 44049 47709
24120 0
24121 4 36707 40673 5524 28225
24122 1 27097
24123 0
24124 1 43367
24125 3 31933 18304 49816
24126 0
24127 3 15363 2122 18188
24128 0
24129 0
24130 2 3790 8895
24131 0
24132 3 33112 48100 21051
24133 2 49250 49346
24134 1 40507
24135 0
24136 2 11438 47126
24137 2 19346 5797
24138 0
24139 2 45369 47257
24140 2 4897 36164
24141 4 5491 31207 5150 36161
24142 3 1130 18818 17606
24143 2 8041 33106
24144 2 23434 48412
24145 3 13749 3415 33351
24146 0
24147 1 1708
24148 2 32706 15472
24149 2 39048 13231
24150 1 35515
24151 1 44883
24152 2 8595 2191
24153 1 44797
24154 1 8920
24155 2 44003 25430
24156 1 22268
24157 1 27771
24158 2 15302 20214
24159 1 1680
24160 3 32111 43607 7143
24161 2 884 6592
24162 3 40814 48346 5439
24163 1 47206
24164 2 27013 45792
24165 3 49227 974 9654
24166 1 13789
24167 3 13009 19248 44800
24168 0
24169 0
24170 2 31881 12420
24171 2 27536 39637
24172 1 28826
24173 2 15017 6267
24174 2 44311 17411
24175 1 35092
24176 6 10248 11239 33611 15007 29662 45396
24177 2 49480 47161
24178 0
24179 2 3433 9891
24180 1 27666
24181 5 37888 33228 42781 545 8614
24182 4 15200 6738 16410 31290
24183 0
24184 0
24185 1 41612
24186 1 645
24187 1 33550
24188 1 26745
24189 3 14863 48041 7691
24190 2 43181 32772
24191 0
24192 2 3576 14821
24193 0
24194 2 10069 36791
24195 3 13713 18124 29850
24196 1 27210
24197 3 10207 14280 22245
24198 3 17285 839 6818
24199 2 38827 47915
24200 0
24201 3 5559 14284 40725
24202 6 15859 14468 39716 22215 44030 13054
24203 0
24204 0
24205 2 7409 48554
24206 3 2959 5977 37209
24207 1 40868
24208 2 24530 20602
24209 4 21092 4846 6692 27795
24210 3 2533 7703 2908
24211 2 34831 21751
24212 3 24032 38316 30079
24213 2 5117 24600
24214 1 29678
24215 1 21159
24216 3 10147 22776 15824
24217 0
24218 2 4691 42781
24219 3 7754 33128 18742
24220 1 21172
24221 3 17826 15811 34210
24222 1 12132
24223 0
24224 3 35942 33245 9009
24225 2 3739 7255
24226 2 40088 16584
24227 1 48763
24228 2 35285 11824
24229 2 45906 2098
24230 2 10088 4412
24231 6 16197 25285 25138 40923 4202 42265
24232 1 32123
24233 2 46580 33999
24234 2 1509 46975
24235 4 22802 38445 23001 5835
24236 2 1137 32375
24237 0
24238 1 13730
24239 0
24240 2 24623 32697
24241 0
24242 4 5237 1331 27696 15977
24243 1 18284
24244 3 31085 29602 39304
24245 4 42763 8951 9268 27701
24246 2 31060 46963
24247 1 8628
24248 2 20404 8960
24249 1 42437
24250 2 46955 36018
24251 1 15758
24252 1 16718
24253 1 9217
24254 1 15619
24255 1 46404
24256 3 10138 32247 13040
24257 3 12891 27551 11873
24258 3 41942 1429 1832
24259 4 37241 34276 23909 35239
24260 1 14494
24261 2 10732 14877
24262 2 46589 29400
24263 2 26783 7196
24264 2 8274 34787
24265 2 42700 43223
24266 4 21968 24119 1677 31778
24267 3 32510 31425 30667
24268 4 5146 5428 40641 43936
24269 0
24270 1 13927
24271 3 34505 20286 36027
24272 1 23122
24273 0
24274 0
24275 3 16751 14567 45717
24276 3 30065 42999 16901
24277 2 49217 28907
24278 2 23143 6405
24279 3 41916 7855 42861
24280 3 2334 2915 9052
24281 3 49043 45525 35650
24282 1 12835
24283 2 48749 43931
24284 2 15546 4966
24285 2 45364 32868
24286 3 8857 42538 47947
24287 1 24902
24288 1 11012
24289 1 46794
24290 0
24291 3 13825 636 46002
24292 0
24293 3 7340 17469 24033
24294 2 29587 578
24295 2 34202 24378
24296 2 18626 6169
24297 3 36597 28831 49425
24298 2 48384 26741
24299 2 22636 14872
24300 3 19049 13247 28366
24301 2 1966 38274
24302 2 23155 47948
24303 0
24304 2 5134 49046
24305 2 47514 48215
24306 0
24307 6 18744 4964 49572 7063 35758 8380
24308 2 38765 46692
24309 2 14003 25436
24310 1 47842
24311 0
24312 1 34477
24313 1 38313
24314 3 19206 5423 40291
24315 1 26852
24316 3 41916 29361 20581
24317 2 33614 45496
24318 2 38258 20301
24319 1 43237
24320 2 38252 11011
24321 2 41578 2259
24322 1 18912
24323 4 11678 26622 660 7797
24324 3 8729 31060 25785
24325 0
24326 5 18342 2731 23299 27040 31052
24327 0
24328 0
24329 0
24330 3 21250 37460 28344
24331 4 16408 22586 402 31151
24332 2 34871 30859
24333 1 3694
24334 1 28488
24335 2 7027 12786
24336 4 26178 34430 30551 45946
24337 4 18898 30533 41026 7594
24338 3 5546 1367 31371
24339 2 37525 32830
24340 2 48159 46683
24341 0
24342 5 33136 14573 40474 14908 36900
24343 1 33387
24344 0
24345 4 44000 8154 22166 37189
24346 1 13155
24347 4 47066 6082 2457 5298
24348 1 35051
24349 3 46249 35844 8359
24350 1 46502
24351 4 34364 27734 12309 25217
24352 2 49787 45519
24353 0
24354 2 23504 46326
24355 1 11257
24356 0
24357 3 18108 45164 42053
24358 4 35566 13893 12290 12375
24359 4 24608 8434 22683 40085
24360 3 39311 45475 21587
24361 4 8589 3161 15404 20099
24362 1 12830
24363 3 38935 46688 48240
24364 4 41258 27834 43920 43166
24365 2 41809 41643
24366 1 31685
24367 3 36322 7765 29167
24368 1 48754
24369 1 32710
24370 3 32964 17861 2873
24371 3 19473 43411 37001
24372 3 20746 22008 46533
24373 2 44286 21474
24374 0
24375 4 22249 27112 49537 36470
24376 2 45678 21315
24377 3 38941 49109 39732
24378 1 268
24379 5 4759 41679 12276 9673 26521
24380 4 21449 49559 10446 31883
24381 1 23416
24382 1 29393
24383 5 34805 32623 16879 21270 21406
24384 5 28887 10286 45565 33818 15221
24385 5 17168 3914 31627 39262 25227
24386 0
24387 0
24388 4 32180 31729 4911 28843
24389 0
24390 2 18280 10361
24391 2 24630 28328
24392 2 47055 32707
24393 2 46076 10093
24394 1 13562
24395 4 5892 15810 759 45003
24396 3 11606 24102 48346
24397 2 31076 3892
24398 4 46582 30989 19974 32531
24399 2 32899 3119
24400 3 8938 39048 13424
24401 1 28543
24402 2 7071 5224
24403 1 34625
24404 1 40166
24405 7 30389 4652 42385 42789 15766 12494 45173
24406 3 11931 3122 27569
24407 3 6333 37375 41370
24408 2 7179 26767
24409 3 19439 25442 13157
24410 4 26830 17964 23079 23069
24411 2 35916 9808
24412 3 29039 25237 21636
24413 2 19330 43201
24414 1 14458
24415 0
24416 0
24417 1 48902
24418 3 35276 7558 2038
24419 1 15375
24420 4 14481 37438 48139 38497
24421 2 4251 40753
24422 2 49510 29011
24423 0
24424 1 25819
24425 4 13279 45563 24915 12799
24426 3 30711 19554 47352
24427 4 23733 40195 20947 19515
24428 2 24145 41409
24429 4 39507 30278 26264 9588
24430 4 13715 12146 15690 23390
24431 3 42446 8090 46521
24432 4 28083 30057 12727 7177
24433 1 4457
24434 0
24435 3 34528 1659 20660
24436 1 43137
24437 0
24438 0
24439 4 5129 27545 29384 41380
24440 1 41589
24441 0
24442 4 3223 37124 12936 42192
24443 3 8073 15628 30750
24444 5 46303 14205 23841 40910 43926
24445 2 45365 44238
24446 5 41793 24309 9824 17480 29244
24447 4 43781 37042 1082 15916
24448 1 47073
24449 3 39786 43376 39573
24450 0
24451 2 22449 13145
24452 2 45352 35095
24453 1 43484
24454 2 18582 37159
24455 2 19045 45173
24456 2 19950 5196
24457 5 16200 21212 32944 10250 46242
24458 3 1498 32361 34292
24459 2 46131 5502
24460 5 25650 4415 38742 44509 16524
24461 1 44093
24462 1 597
24463 1 6650
24464 2 32980 34153
24465 2 9906 39753
24466 6 35509 38031 2194 21817 46708 2507
24467 3 28486 7103 29865
24468 1 40052
24469 1 35482
24470 2 38311 32051
24471 0
24472 3 5096 1049 43940
24473 1 26382
24474 1 3957
24475 5 670 27411 41028 7051 3586
24476 2 40909 30058
24477 3 31377 22353 17182
24478 2 46639 4858
24479 0
24480 2 12258 33130
24481 1 10694
24482 2 36851 49993
24483 0
24484 4 14287 17325 13431 48714
24485 0
24486 4 34334 33321 4393 46621
24487 4 5967 15318 45706 9062
24488 2 17332 5437
24489 4 25089 45666 25614 11982
24490 4 12903 30273 37099 9130
24491 1 12705
24492 4 980 10065 25660 12831
24493 1 5823
24494 3 4598 37725 21283
24495 2 35064 41354
24496 0
24497 0
24498 2 40137 20619
24499 3 48180 14477 28121
24500 2 3237 44076
24501 1 14888
24502 3 6526 1712 14449
24503 1 40373
24504 4 30070 34832 13064 6262
24505 0
24506 1 11299
24507 1 20945
24508 0
24509 0
24510 3 25748 7246 25086
24511 0
24512 1 19855
24513 1 17842
24514 2 41657 35230
24515 3 7022 28730 20821
24516 1 5460
24517 2 1854 16247
24518 2 29586 34661
24519 1 10335
24520 1 26055
24521 1 31199
24522 2 13638 621
24523 0
24524 1 44621
24525 3 36831 18826 48377
24526 2 39578 29592
24527 1 20853
24528 1 1303
24529 5 25087 13269 39337 22758 26559
24530 3 15202 44943 34513
24531 2 10946 29626
24532 3 47708 35822 31028
24533 1 25004
24534 2 43220 44947
24535 1 3094
24536 0
24537 0
24538 2 11643 28264
24539 3 14719 29314 26904
24540 4 20982 609 17210 26218
24541 2 42002 1471
24542 1 48535
24543 2 47563 26300
24544 3 23916 810 47591
24545 1 7900
24546 3 2169 12627 14711
24547 1 27220
24548 0
24549 0
24550 3 11904 31869 26309
24551 1 28006
24552 2 9810 25317
24553 1 34583
24554 0
24555 1 38520
24556 2 30909 42820
24557 2 20040 22453
24558 2 28343 37147
24559 4 35311 46200 36398 11303
24560 2 23937 18652
24561 6 44277 16432 40811 23809 45779 45851
24562 0
24563 2 21533 21068
24564 0
24565 5 33774 5544 22035 8764 14876
24566 1 34620
24567 3 4240 43841 39263
24568 5 9401 39807 15149 47116 43685
24569 1 6033
24570 2 2030 39436
24571 1 13592
24572 3 14096 29795 14891
24573 1 9729
24574 2 2562 15603
24575 1 47269
24576 4 22857 13664 16365 38939
24577 2 21279 25645
24578 4 5268 46918 41327 47222
24579 3 8057 45628 28112
24580 4 39134 25359 32701 15358
24581 1 23197
24582 2 19986 24982
24583 2 13521 11549
24584 1 47164
24585 2 49911 48369
24586 1 15927
24587 3 10047 655 42690
24588 4 17781 18896 41155 26336
24589 2 12380 9057
24590 0
24591 2 23532 37060
24592 1 12812
24593 1 44306
24594 0
24595 0
24596 2 14787 39856
24597 1 15469
24598 2 37604 11105
24599 0
24600 2 39413 30649
24601 3 37626 2337 2903
24602 4 11593 28836 25414 46956
24603 3 32619 36846 19447
24604 3 26588 31903 25592
24605 2 22953 45339
24606 1 2549
24607 1 33847
24608 1 12298
24609 4 41969 12133 348 5754
24610 2 45339 39275
24611 3 37768 959 28445
24612 1 4642
24613 3 34950 8497 37656
24614 1 3020
24615 3 31881 48698 11018
24616 1 19956
24617 2 42358 26678
24618 2 42812 37807
24619 3 10761 39906 42887
24620 2 430 42001
24621 3 46506 11225 31529
24622 3 37307 44556 30655
24623 7 5132 36113 13552 31196 283 12305 19418
24624 1 11654
24625 4 41274 4671 7063 51
24626 0
24627 5 17259 15302 21986 24322 49955
24628 3 48969 2979 46277
24629 1 1480
24630 1 18116
24631 1 39182
24632 2 5917 33382
24633 3 17455 707 3453
24634 5 19686 25419 4668 1265 27849
24635 2 574 48516
24636 0
24637 1 10571
24638 2 27462 27180
24639 1 13300
24640 2 32792 45545
24641 2 23850 47980
24642 2 26454 3205
24643 3 22098 15168 28560
24644 1 39391
24645 5 38556 48942 11955 49724 32709
24646 3 27532 157 7754
24647 5 7724 30477 34602 32079 37638
24648 3 23823 24746 19918
24649 1 20240
24650 2 42268 30015
24651 4 29134 2890 42561 26011
24652 2 21446 39638
24653 3 45318 18251 12821
24654 2 11920 11407
24655 4 19792 40603 20158 40869
24656 2 43960 23620
24657 2 16487 15134
24658 1 15281
24659 2 2833 38988
24660 2 28787 8658
24661 2 8869 15622
24662 4 7176 6127 41306 9180
24663 5 21304 36842 48676 3770 47911
24664 6 14907 47964 6167 23218 8399 17093
24665 5 1763 47075 47543 23529 34863
24666 1 27870
24667 3 169 18967 30013
24668 0
24669 0
24670 2 86 7977
24671 2 14786 6419
24672 1 27174
24673 1 44495
24674 2 12693 15862
24675 3 9413 29637 35440
24676 1 7009
24677 2 3085 17468
24678 2 4664 32323
24679 1 20640
24680 2 33874 9817
24681 2 21290 31343
24682 2 29814 41364
24683 3 5194 29621 17990
24684 2 41220 49009
24685 2 33254 25990
24686 0
24687 2 49730 31650
24688 2 46812 16324
24689 4 17941 37351 6725 8678
24690 3 26968 12688 38840
24691 4 28987 20589 43297 34555
24692 2 47200 28348
24693 1 46976
24694 1 42917
24695 4 41806 7260 37381 33916
24696 2 7446 17974
24697 4 8947 8700 31065 7080
24698 7 42404 46189 48365 34714 39953 35774 45866
24699 0
24700 3 49308 2058 31360
24701 2 43710 33577
24702 1 49152
24703 0
24704 1 3589
24705 3 33680 984 46503
24706 2 25761 44934
24707 2 38066 33925
24708 0
24709 3 9665 47926 37383
24710 2 227 6656
24711 1 26472
24712 2 22018 82
24713 1 4603
24714 2 26242 8169
24715 0
24716 3 12708 217 29203
24717 1 15974
24718 1 30844
24719 1 13488
24720 0
24721 1 48553
24722 3 25246 15744 2662
24723 2 2308 32942
24724 2 2570 6890
24725 1 23723
24726 3 2236 31304 44901
24727 1 17965
24728 6 4483 11499 38084 19547 46110 42505
24729 5 41706 626 25621 39997 34876
24730 3 44976 21466 16092
24731 1 43009
24732 4 11145 10062 1530 15545
24733 1 28787
24734 0
24735 2 16066 284
24736 0
24737 4 13700 19874 46634 18985
24738 3 13375 49184 34792
24739 2 12717 22678
24740 0
24741 5 18733 23938 27443 36395 23890
24742 0
24743 2 6592 42150
24744 3 33951 39770 39270
24745 2 46247 46150
24746 2 37009 13044
24747 4 792 26973 30671 38879
24748 2 32964 45198
24749 3 47809 34522 3625
24750 4 32422 33694 38476 22089
24751 3 17699 32185 10966
24752 2 22606 8200
24753 3 4589 1875 7381
24754 3 31155 11391 9517
24755 3 39716 45013 14000
24756 2 44127 36995
24757 3 16815 15306 49048
24758 4 46107 44396 46477 48764
24759 2 26143 15159
24760 3 1604 28754 31922
24761 4 28419 18778 43963 4600
24762 2 39224 40588
24763 1 35881
24764 0
24765 1 31451
24766 0
24767 2 4996 33061
24768 2 2711 21514
24769 0
24770 0
24771 1 18586
24772 4 40917 41875 2558 15752
24773 2 34917 27679
24774 3 43841 13004 31488
24775 3 40115 33707 41135
24776 0
24777 0
24778 1 33640
24779 1 38035
24780 2 21186 30140
24781 1 2660
24782 0
24783 1 31781
24784 0
24785 0
24786 1 59
24787 3 18146 1936 46893
24788 2 8067 39163
24789 2 29681 40694
24790 0
24791 2 40616 8603
24792 3 13661 23831 1236
24793 2 13260 48450
24794 3 39654 31666 4670
24795 0
24796 2 46714 813
24797 1 42163
24798 3 10094 4687 12369
24799 2 21825 44759
24800 1 6520
24801 2 41582 26842
24802 4 44495 43961 15411 47764
24803 4 31139 49896 42576 156
24804 1 17296
24805 0
24806 2 16278 49524
24807 4 18647 48832 37183 26159
24808 2 5215 15
24809 2 26118 391
24810 6 41757 10312 13618 5483 47675 25571
24811 3 33141 24913 41497
24812 4 24121 49672 19977 21248
24813 0
24814 3 42310 31815 12565
24815 2 20048 15696
24816 2 32704 3631
24817 2 31377 22303
24818 1 5760
24819 4 49001 18331 42265 15003
24820 0
24821 3 25197 9565 46904
24822 2 28580 9787
24823 2 38590 37346
24824 5 37820 41219 45331 13763 47005
24825 2 35532 7298
24826 4 38873 28387 28165 13657
24827 0
24828 2 7501 26204
24829 1 23824
24830 2 4841 19162
24831 4 31688 9609 2809 33979
24832 3 20588 16456 38315
24833 1 45579
24834 3 21574 2951 12363
24835 3 30486 46571 48744
24836 2 33494 46991
24837 4 26086 21970 22052 304
24838 1 23668
24839 1 33390
24840 2 16900 47357
24841 5 24770 16387 743 42154 49193
24842 5 17968 9865 7760 20260 45991
24843 2 39191 8970
24844 4 47104 27450 41625 21697
24845 3 7840 46891 18918
24846 0
24847 2 9620 38797
24848 2 16284 22364
24849 1 2526
24850 2 43038 40372
24851 0
24852 1 47126
24853 1 30470
24854 0
24855 0
24856 2 38619 11941
24857 2 43599 30903
24858 1 10777
24859 1 6797
24860 1 38718
24861 1 2992
24862 1 5777
24863 1 38307
24864 1 8165
24865 3 2857 7798 48106
24866 2 32200 13485
24867 4 21138 23995 16392 29589
24868 2 9550 23129
24869 4 12899 28355 5878 23381
24870 3 26674 19745 31183
24871 1 4444
24872 0
24873 2 5941 45404
24874 2 45620 14361
24875 1 36493
24876 1 9405
24877 4 23355 43673 39887 42391
24878 2 40555 21292
24879 0
24880 0
24881 1 4524
24882 2 11458 12121
24883 1 6458
24884 3 16452 45252 590
24885 1 23398
24886 1 40273
24887 2 42164 13227
24888 2 22583 42910
24889 2 49209 14565
24890 3 46981 42479 47700
24891 6 21967 526 17287 17959 218 11261
24892 2 36829 42602
24893 2 43057 34766
24894 1 43067
24895 2 5761 45990
24896 2 18283 30109
24897 3 23681 18370 40033
24898 2 16897 36379
24899 1 39154
24900 3 4717 38895 6986
24901 1 22124
24902 1 46648
24903 1 19394
24904 0
24905 2 27516 23567
24906 2 47126 38209
24907 4 41770 26498 39306 958
24908 3 15137 42863 32070
24909 0
24910 1 9506
24911 5 27745 14920 48846 41795 6913
24912 2 7042 18738
24913 1 22831
24914 1 35753
24915 1 47979
24916 2 48378 667
24917 3 20558 49470 34987
24918 1 41761
24919 7 24728 1887 49542 19140 12665 28251 723
24920 0
24921 1 21100
24922 0
24923 2 3786 13088
24924 1 8943
24925 0
24926 2 28067 33311
24927 0
24928 1 39766
24929 3 19683 33381 15674
24930 4 5939 44335 30635 11937
24931 1 47126
24932 1 46268
24933 2 26369 18001
24934 2 18038 4308
24935 3 33760 31388 17267
24936 2 46895 37672
24937 2 1274 8881
24938 2 42554 44498
24939 1 6356
24940 4 47955 43928 263 37572
24941 1 30310
24942 0
24943 0
24944 0
24945 2 49847 27026
24946 2 45558 47740
24947 2 8593 36072
24948 3 35454 40033 35795
24949 6 12906 15043 49812 34381 30908 9365
24950 0
24951 1 45496
24952 3 48910 3656 30036
24953 3 38639 48276 42071
24954 1 42245
24955 2 2083 48273
24956 0
24957 1 11709
24958 2 39212 44503
24959 1 25731
24960 2 864 46303
24961 3 46849 15307 18002
24962 1 12621
24963 1 17553
24964 1 23752
24965 2 38067 42214
24966 2 38370 37936
24967 3 35500 17186 9912
24968 2 16432 27382
24969 8 27173 11611 34229 15229 39474 5232 4622 44053
24970 1 3453
24971 2 30438 13328
24972 1 43964
24973 3 11193 8768 21243
24974 5 18250 31768 19374 35586 43206
24975 1 17832
24976 2 45603 31748
24977 4 32778 6520 2815 8816
24978 0
24979 1 22916
24980 4 14602 40874 29542 35741
24981 1 8183
24982 3 32889 19947 33621
24983 2 44518 30161
24984 5 32509 2628 49557 17988 25596
24985 1 27045
24986 0
24987 1 35450
24988 0
24989 1 48611
24990 2 45819 49375
24991 1 39894
24992 2 27913 13013
24993 3 38574 9883 14608
24994 3 7364 42897 34749
24995 2 11659 44004
24996 1 35128
24997 1 8285
24998 2 2382 2978
24999 0
25000 4 32561 29820 9403 13190
25001 5 39581 29113 32601 1257 34007
25002 1 33118
25003 3 23309 11363 3851
25004 1 43044
25005 1 40432
25006 0
25007 2 41909 1171
25008 3 37366 22746 5637
25009 2 46583 36663
25010 3 34854 42324 23874
25011 1 46046
25012 0
25013 0
25014 2 25066 36927
25015 3 43846 31955 39074
25016 1 49452
25017 2 38901 18745
25018 2 23732 13319
25019 1 10399
25020 2 34690 10193
25021 2 40714 26991
25022 1 20415
25023 2 27774 17698
25024 0
25025 1 31603
25026 1 48516
25027 0
25028 1 19606
25029 2 7223 41660
25030 2 29852 48525
25031 2 31722 1224
25032 5 33302 43257 24141 3665 47021
25033 2 662 7913
25034 1 8803
25035 1 21164
25036 5 10889 19709 18701 12236 4227
25037 2 569 20637
25038 3 34186 39941 45595
25039 0
25040 0
25041 3 10220 7238 35137
25042 2 848 26594
25043 3 36664 16366 16552
25044 3 2000 43328 35616
25045 3 30300 28134 38779
25046 5 35009 6854 7666 44797 27548
25047 0
25048 3 43487 4438 39211
25049 4 26282 20912 6308 2338
25050 2 7619 45238
25051 2 29844 21976
25052 0
25053 1 900
25054 3 21073 20899 46761
25055 1 10405
25056 6 15901 42415 5696 40390 45041 17570
25057 3 2945 18999 45558
25058 0
25059 2 35377 45857
25060 0
25061 2 30984 36681
25062 0
25063 3 3451 15636 45058
25064 5 47466 32795 32523 31822 37794
25065 3 18582 24107 41852
25066 1 23774
25067 2 25087 39395
25068 0
25069 4 4757 17303 28575 32334
25070 2 40703 6346
25071 2 4230 21972
25072 3 5936 29239 1722
25073 1 25518
25074 1 36460
25075 1 31338
25076 2 33395 17556
25077 4 27009 45754 44053 12987
25078 2 40485 14148
25079 2 44945 31806
25080 2 14009 14279
25081 1 33124
25082 2 29014 48411
25083 1 16981
25084 0
25085 0
25086 2 14739 1334
25087 2 14454 16527
25088 3 39160 40352 37272
25089 3 5500 38380 32363
25090 2 40110 43912
25091 1 32328
25092 2 38968 61
25093 1 7406
25094 3 15804 5506 40931
25095 2 48801 17951
25096 2 37984 16684
25097 1 3403
25098 4 5433 47016 25941 46256
25099 1 31624
25100 5 15951 46010 36433 12072 31556
25101 3 18779 23817 30886
25102 5 24676 40199 29283 40568 47216
25103 2 31908 9473
25104 3 17718 34527 9354
25105 3 40886 23333 46613
25106 1 22778
25107 3 17501 1967 36562
25108 2 25167 15505
25109 0
25110 5 32280 27855 12209 31622 31251
25111 2 47140 2194
25112 0
25113 2 8757 31501
25114 1 27042
25115 6 40092 47890 32610 17146 26336 17294
25116 0
25117 4 40018 24741 43376 7968
25118 2 49471 4173
25119 3 15906 47651 16773
25120 1 36204
25121 2 5647 8695
25122 2 46168 10969
25123 1 38613
25124 3 6358 5665 15338
25125 2 35348 44962
25126 2 11620 35579
25127 0
25128 4 34157 20764 3115 9411
25129 1 40422
25130 0
25131 2 47574 29455
25132 1 19314
25133 3 36949 29867 15500
25134 2 30813 14047
25135 1 8680
25136 3 41404 16027 22419
25137 2 41253 7331
25138 3 27495 10262 9290
25139 1 9588
25140 0
25141 3 22725 1008 15193
25142 2 42019 35570
25143 0
25144 2 9051 36550
25145 3 47093 7170 7238
25146 1 29598
25147 5 40953 3580 10856 45207 48083
25148 3 27680 40933 36610
25149 1 21356
25150 3 19689 47252 25401
25151 0
25152 3 35396 23621 23358
25153 1 33505
25154 2 48104 17403
25155 4 5682 13369 44410 44784
25156 3 32674 37078 18295
25157 2 32131 32149
25158 1 46916
25159 2 32579 34611
25160 3 27829 37009 28334
25161 3 39993 29444 696
25162 1 24476
25163 0
25164 3 11322 27581 1848
25165 5 20258 35838 20299 30165 35249
25166 1 4754
25167 0
25168 1 12101
25169 1 937
25170 6 8263 11901 48499 16092 46527 5789
25171 2 36328 4330
25172 2 6999 11453
25173 2 29715 9636
25174 2 20565 48645
25175 1 45924
25176 4 6819 40088 22422 32173
25177 3 49006 19610 8979
25178 2 35362 24199
25179 3 41713 1604 47767
25180 2 40162 9133
25181 0
25182 2 2022 43957
25183 1 16183
25184 2 32246 12000
25185 2 19679 29114
25186 1 42500
25187 2 11745 21927
25188 1 19498
25189 2 29025 16109
25190 3 33232 11502 24131
25191 3 34009 16439 6047
25192 2 18862 21071
25193 1 46442
25194 3 43900 14768 23778
25195 2 35915 18797
25196 0
25197 1 22583
25198 3 46910 24730 48874
25199 1 13558
25200 2 5504 34348
25201 4 33753 33194 713 33251
25202 1 10660
25203 5 45031 13917 26806 26454 27961
25204 2 48075 24816
25205 4 41584 16964 5436 11484
25206 4 21515 13142 29181 1173
25207 3 37389 15625 21776
25208 4 40641 14654 46474 35456
25209 1 1687
25210 2 43605 22318
25211 2 4861 21755
25212 3 13445 8110 15428
25213 4 45885 46586 124 47433
25214 5 6125 26602 5593 39910 30758
25215 0
25216 0
25217 1 29725
25218 0
25219 2 9652 40565
25220 4 24831 30383 24331 427
25221 1 38852
25222 0
25223 2 10212 49165
25224 2 42269 33177
25225 0
25226 0
25227 2 17994 2578
25228 1 26169
25229 0
25230 2 13123 10288
25231 1 23300
25232 1 31547
25233 0
25234 4 21939 38634 14306 29486
25235 2 35719 2508
25236 3 23614 32187 2581
25237 2 16742 17215
25238 1 26645
25239 0
25240 4 14722 4748 42279 10921
25241 2 20429 15343
25242 2 24007 43945
25243 0
25244 4 14142 45666 26131 14440
25245 2 12614 43708
25246 2 11472 46872
25247 3 31227 24163 45784
25248 1 44610
25249 3 16832 31275 47554
25250 2 23918 29326
25251 1 10542
25252 1 21347
25253 2 39971 5510
25254 1 44678
25255 2 27182 23146
25256 3 33880 22141 27225
25257 2 43366 44896
25258 4 37101 2269 2638 886
25259 4 30623 22262 45837 14677
25260 3 17242 41911 2349
25261 1 16548
25262 2 42182 29236
25263 1 9040
25264 2 3441 19570
25265 0
25266 1 5452
25267 2 36393 1828
25268 4 38406 17795 18823 14286
25269 1 261
25270 5 17272 16005 11219 18854 44156
25271 2 27278 4098
25272 4 1019 20224 7360 48968
25273 3 30372 11676 43245
25274 2 31174 47540
25275 4 6449 7701 39739 20060
25276 2 17358 13786
25277 0
25278 0
25279 1 47763
25280 6 11205 33569 16253 8137 36990 17030
25281 3 4123 41301 1726
25282 1 14474
25283 5 23598 24956 25173 43148 39870
25284 1 894
25285 3 25845 33372 49455
25286 3 5790 49606 30039
25287 1 24431
25288 1 48409
25289 6 9211 41111 18092 10882 44360 46487
25290 2 38937 23350
25291 1 31463
25292 2 12858 43320
25293 4 2174 18710 44875 8121
25294 6 28642 1750 39341 43456 6932 31999
25295 2 19110 49450
25296 0
25297 2 34564 8057
25298 2 25466 27804
25299 2 21879 14442
25300 3 8226 16670 47265
25301 4 13614 38109 38072 11221
25302 2 32735 1714
25303 2 45607 25595
25304 3 9203 1952 19395
25305 2 3871 40819
25306 2 35469 3724
25307 5 3900 12454 10734 16200 41801
25308 1 8355
25309 3 7876 28878 32672
25310 2 47403 32910
25311 1 31108
25312 1 38307
25313 1 22832
25314 1 20368
25315 1 34833
25316 1 41670
25317 2 31509 22206
25318 0
25319 1 16914
25320 0
25321 3 15448 46979 23820
25322 1 13208
25323 3 9646 42196 6821
25324 2 6654 30025
25325 2 26294 11825
25326 1 8786
25327 2 3471 1527
25328 3 19851 217 17033
25329 1 5534
25330 2 47468 48496
25331 1 28484
25332 3 21646 21205 36567
25333 2 16220 23075
25334 2 3155 26735
25335 1 18763
25336 3 25381 3134 38462
25337 3 44367 30522 2907
25338 5 527 26690 30900 13874 30543
25339 3 9797 21636 35693
25340 2 19226 38162
25341 2 30100 20750
25342 2 41251 11737
25343 2 18372 43234
25344 3 28384 15351 22936
25345 3 26026 47683 18185
25346 1 11416
25347 3 47288 20427 38258
25348 2 13990 26882
25349 3 44574 34959 21239
25350 2 48103 31457
25351 3 38573 29324 39399
25352 1 19242
25353 2 30252 23636
25354 1 43956
25355 3 29493 75 38812
25356 2 16296 44433
25357 2 49974 25282
25358 2 39370 1196
25359 0
25360 2 21211 9168
25361 0
25362 2 25512 40607
25363 1 37088
25364 2 19215 42758
25365 3 29210 11876 33931
25366 2 40748 32591
25367 2 25944 19513
25368 4 12965 5219 19467 44622
25369 0
25370 2 19280 2789
25371 1 45213
25372 1 2725
25373 3 20224 32076 35811
25374 0
25375 5 16873 37554 11452 42441 10426
25376 1 36422
25377 6 33358 38169 6179 24092 42878 48778
25378 1 20266
25379 1 38270
25380 2 14183 28691
25381 2 7485 31099
25382 3 27175 3509 47367
25383 2 47477 38110
25384 4 30623 28588 49792 6876
25385 2 36845 38579
25386 3 45036 11437 12886
25387 2 12973 21997
25388 2 12029 20088
25389 3 41005 9106 5903
25390 2 11381 491
25391 1 21579
25392 3 10730 46818 34749
25393 0
25394 3 20747 20470 25620
25395 0
25396 1 22866
25397 0
25398 4 48950 25066 48762 37544
25399 1 4424
25400 1 7707
25401 3 35858 31069 29227
25402 1 25563
25403 1 16136
25404 0
25405 0
25406 5 20436 22293 18781 25031 16130
25407 1 32095
25408 1 4566
25409 3 31359 19833 44670
25410 3 26333 15684 12450
25411 1 44900
25412 1 24643
25413 3 9171 16238 7381
25414 3 49348 11059 42215
25415 4 26841 6671 4485 16966
25416 2 4120 31708
25417 5 15642 6994 1341 39656 27254
25418 3 21729 8070 17466
25419 1 49732
25420 0
25421 3 48111 27450 5889
25422 0
25423 2 11110 36210
25424 0
25425 4 384 31142 19148 28483
25426 3 34082 31933 17728
25427 3 43418 33960 12590
25428 0
25429 4 32496 1776 46776 29553
25430 3 40201 33878 6215
25431 2 6933 49266
25432 4 10331 13736 22419 48541
25433 1 7930
25434 1 47802
25435 2 15750 47522
25436 0
25437 2 45452 15462
25438 2 23201 5385
25439 1 10854
25440 1 39419
25441 1 22270
25442 2 39647 26101
25443 2 34094 30719
25444 3 35459 7692 20432
25445 6 45742 40465 26489 17752 44359 37725
25446 3 25662 36698 20245
25447 1 42058
25448 2 34065 40722
25449 1 22011
25450 2 26443 12972
25451 0
25452 1 16926
25453 2 39982 44391
25454 3 7800 1858 15931
25455 1 7142
25456 0
25457 2 47191 3008
25458 3 9054 44260 6414
25459 3 42588 26427 34094
25460 1 40220
25461 1 14875
25462 2 11978 29094
25463 2 33619 20258
25464 1 28615
25465 0
25466 1 32350
25467 3 13770 37951 49675
25468 4 34143 8742 22919 14036
25469 4 32548 39402 28270 27492
25470 2 18268 12572
25471 3 41818 167 47512
25472 4 27401 30027 20339 15702
25473 4 35045 28175 25194 17094
25474 1 17392
25475 1 46956
25476 2 24475 9461
25477 2 47462 49822
25478 3 10223 31763 34057
25479 3 33064 48049 43526
25480 4 37055 25748 35526 31903
25481 1 1443
25482 1 32033
25483 3 31311 37181 6161
25484 1 31529
25485 3 42765 37957 19186
25486 1 29539
25487 4 6086 10952 21301 19082
25488 1 29722
25489 0
25490 1 23821
25491 3 10678 16881 15459
25492 0
25493 2 40287 26892
25494 0
25495 2 39842 10999
25496 4 7250 46546 31843 9878
25497 3 37185 40847 45751
25498 2 18303 24652
25499 4 1965 40089 19282 9431
25500 2 10138 30315
25501 2 47372 25945
25502 1 27578
25503 4 25324 38060 49064 12672
25504 3 14689 10804 42138
25505 1 22490
25506 0
25507 2 20788 1974
25508 2 46231 10329
25509 3 21038 9335 32697
25510 3 42184 39516 3141
25511 3 22726 10752 14275
25512 2 11628 47258
25513 2 24678 40720
25514 2 42254 5087
25515 2 29426 4296
25516 1 7420
25517 2 45384 6866
25518 2 41049 20361
25519 0
25520 3 39520 47798 14068
25521 1 36947
25522 3 15426 25463 1536
25523 2 11447 26906
25524 0
25525 1 2707
25526 0
25527 0
25528 1 10695
25529 2 34948 27428
25530 0
25531 2 33027 2407
25532 3 26973 33643 7275
25533 3 46536 21233 3450
25534 4 28227 29302 30818 20606
25535 0
25536 0
25537 1 26793
25538 3 17365 31922 2163
25539 0
25540 4 248 11944 17127 31549
25541 6 14303 1492 31216 13534 1839 2568
25542 1 17430
25543 1 9314
25544 2 25322 41347
25545 4 43917 15699 34519 39776
25546 1 20053
25547 1 45489
25548 1 14694
25549 0
25550 2 14805 30353
25551 2 37873 48028
25552 3 26799 19185 22226
25553 2 14138 1677
25554 2 36717 24588
25555 2 44185 14214
25556 2 17168 19746
25557 0
25558 1 11446
25559 2 29959 31945
25560 0
25561 1 19960
25562 2 40568 11885
25563 4 30991 48338 24938 25935
25564 7 48915 10279 20470 40058 12561 29762 35881
25565 1 37325
25566 1 37319
25567 0
25568 2 21527 46632
25569 4 14173 471 43861 21904
25570 2 46985 49095
25571 0
25572 3 18359 26437 46803
25573 3 27963 25259 13863
25574 1 36979
25575 3 42045 2332 41653
25576 2 29232 49764
25577 7 267 24558 44254 41492 5846 19668 352
25578 1 32173
25579 2 10547 25205
25580 5 8238 30899 49790 271 11103
25581 4 41696 47643 16418 18235
25582 3 38486 3609 17234
25583 4 32919 24597 17390 29903
25584 4 4114 48955 21268 10841
25585 1 37760
25586 0
25587 2 39252 608
25588 6 12034 26 9377 41187 3454 45794
25589 1 39579
25590 2 3354 28390
25591 2 31867 8761
25592 3 22047 49581 26799
25593 3 8221 21132 13630
25594 2 4947 28516
25595 1 49749
25596 3 11474 22006 3798
25597 1 8443
25598 3 14900 15805 12985
25599 0
25600 1 25043
25601 2 48820 20750
25602 2 16553 31556
25603 2 8590 33083
25604 3 32856 43128 23424
25605 2 12874 13843
25606 2 22439 13136
25607 1 1812
25608 3 36618 44795 15652
25609 4 39294 13941 35564 20852
25610 3 612 11184 18770
25611 2 24774 11858
25612 2 43542 32334
25613 0
25614 2 16306 27689
25615 0
25616 1 17072
25617 2 5482 6505
25618 1 25233
25619 3 32888 22821 8920
25620 2 41632 30809
25621 2 2934 47382
25622 1 3824
25623 4 43381 10656 18362 15697
25624 3 38460 48921 11320
25625 1 12609
25626 0
25627 1 5477
25628 2 10577 34244
25629 4 9951 3941 26428 3070
25630 3 8538 29714 3620
25631 4 45434 30339 23966 29539
25632 0
25633 2 19872 15357
25634 0
25635 2 24996 3193
25636 1 27730
25637 2 32241 39274
25638 2 1439 12393
25639 5 20811 28328 35445 39887 40209
25640 3 6965 3820 38103
25641 0
25642 2 33882 8721
25643 2 44865 40722
25644 3 13802 16468 6625
25645 0
25646 3 47855 7629 6226
25647 3 3462 36362 23286
25648 2 12262 35781
25649 1 23687
25650 0
25651 2 44577 18359
25652 2 10833 8676
25653 1 25258
25654 2 17328 8659
25655 1 28544
25656 1 40155
25657 1 44345
25658 1 49393
25659 4 7638 36518 29083 23592
25660 1 28292
25661 2 27977 33298
25662 2 6991 25446
25663 1 49379
25664 0
25665 3 49389 23022 15817
25666 3 1646 40432 15958
25667 0
25668 2 19800 45424
25669 1 4666
25670 5 43750 49712 37493 44171 28335
25671 3 38039 30240 6
25672 3 2146 13197 9054
25673 2 28138 39936
25674 4 21295 6686 2647 39469
25675 2 35310 46566
25676 3 12849 42234 6064
25677 1 28527
25678 3 5445 7497 45287
25679 2 42141 30780
25680 2 40139 44182
25681 1 44059
25682 2 31788 33399
25683 3 9715 27363 27616
25684 1 48690
25685 2 16357 4607
25686 2 16079 30298
25687 3 46380 49433 47292
25688 3 27294 16293 3839
25689 2 36934 49934
25690 3 20327 9674 48395
25691 3 22464 38728 43047
25692 2 27532 29313
25693 1 25619
25694 1 21458
25695 1 30222
25696 3 42603 4667 41387
25697 3 4876 37063 34155
25698 3 19304 40802 6592
25699 3 24322 23263 15074
25700 1 39987
25701 3 35492 5118 30140
25702 2 19834 41523
25703 2 12105 8922
25704 2 42927 19116
25705 2 37249 30901
25706 1 25504
25707 2 1347 33190
25708 3 8014 23744 47891
25709 2 3222 25124
25710 5 31339 1107 30862 23934 26893
25711 1 48765
25712 3 32005 19285 39390
25713 2 26165 49822
25714 4 5663 49959 25981 47729
25715 3 40579 17091 43517
25716 1 40982
25717 1 46463
25718 2 45849 32745
25719 3 24133 1423 13769
25720 3 9753 44534 14843
25721 1 45144
25722 6 45408 237 28864 10127 17312 33697
25723 3 39532 18942 1969
25724 0
25725 1 8482
25726 1 15492
25727 3 5467 14188 39606
25728 3 21380 8944 34117
25729 2 45580 1664
25730 1 39337
25731 0
25732 1 36603
25733 0
25734 2 29928 30073
25735 4 46732 8353 44129 7845
25736 1 18479
25737 3 41987 14642 26450
25738 1 34761
25739 1 33387
25740 5 40016 36962 29327 822 47366
25741 3 41640 6861 44402
25742 3 12563 3118 2394
25743 0
25744 2 19690 708
25745 4 6575 21584 19421 21596
25746 2 24928 20967
25747 0
25748 2 18913 8854
25749 1 39871
25750 3 38668 39048 40643
25751 4 28599 2486 44577 21874
25752 2 24968 46522
25753 0
25754 2 45246 36803
25755 2 31941 43834
25756 2 3533 5723
25757 7 3674 22406 6506 7329 35541 27684 42956
25758 1 41593
25759 1 42729
25760 0
25761 2 33954 16261
25762 0
25763 2 32239 5126
25764 1 1198
25765 2 23938 46303
25766 0
25767 1 16923
25768 3 15080 35168 40827
25769 1 30504
25770 1 30651
25771 3 47195 45769 14569
25772 7 36599 31187 49639 26985 41323 40929 47937
25773 0
25774 3 17412 48540 7264
25775 1 34564
25776 2 20951 11837
25777 5 34809 19415 888 11977 10073
25778 1 17184
25779 2 44860 16828
25780 2 38255 35612
25781 3 597 31414 24226
25782 4 11758 17294 5845 10441
25783 2 2545 18080
25784 2 29755 48371
25785 2 31763 12741
25786 3 22637 34 49708
25787 1 11270
25788 1 39015
25789 0
25790 0
25791 5 24786 21259 18290 26659 29628
25792 2 40848 37074
25793 1 44621
25794 3 48204 47025 22042
25795 3 3932 47321 29820
25796 2 21768 13594
25797 3 32154 22447 28067
25798 4 10149 24718 22479 10040
25799 2 29178 46671
25800 2 22104 18916
25801 3 34430 21538 48383
25802 2 40658 9518
25803 1 12465
25804 1 42036
25805 2 41858 36272
25806 1 14538
25807 1 29188
25808 0
25809 2 30049 18300
25810 2 28946 14320
25811 4 13716 31223 10576 3530
25812 0
25813 3 32104 3809 22130
25814 3 33315 32405 10113
25815 0
25816 2 30266 19049
25817 0
25818 3 744 12410 12364
25819 2 37010 19970
25820 2 40427 28688
25821 4 16 18604 5372 6129
25822 0
25823 1 49489
25824 2 9196 39478
25825 0
25826 0
25827 2 933 35420
25828 1 118
25829 3 16407 4559 33854
25830 1 38853
25831 3 48160 33612 48202
25832 0
25833 2 21630 40982
25834 0
25835 1 36623
25836 4 31374 29209 23252 18471
25837 3 31487 343 42803
25838 1 9093
25839 6 40932 39745 46140 39625 10256 43135
25840 0
25841 3 5891 9708 31676
25842 5 39751 7389 11614 24907 9128
25843 0
25844 3 30053 12042 24840
25845 6 24771 14429 23149 32560 17349 49915
25846 2 42420 30354
25847 1 43267
25848 1 24564
25849 3 48859 44429 2746
25850 2 9103 1416
25851 0
25852 3 25129 38468 34274
25853 4 17080 21891 37719 40854
25854 0
25855 3 25481 945 41782
25856 3 13108 2079 47748
25857 2 31822 24810
25858 2 24475 12668
25859 4 28686 26792 41942 30064
25860 4 1060 14866 46762 2241
25861 0
25862 0
25863 1 13166
25864 2 7904 37726
25865 1 46163
25866 1 4323
25867 2 14772 38340
25868 3 738 16249 3584
25869 0
25870 1 43841
25871 3 29446 13832 28308
25872 0
25873 1 30823
25874 0
25875 3 2768 41060 25759
25876 3 19200 40417 6201
25877 1 41695
25878 1 39438
25879 0
25880 4 39161 801 48956 8647
25881 3 27130 45145 2067
25882 4 2247 9546 14281 46789
25883 3 28043 936 45900
25884 4 4808 27212 24832 16032
25885 1 36854
25886 2 31192 33104
25887 1 46873
25888 4 24373 29391 34661 36844
25889 2 230 34966
25890 0
25891 0
25892 2 9326 2684
25893 2 15398 1648
25894 2 32800 6118
25895 4 6649 16293 49113 24536
25896 2 42593 19263
25897 3 46687 33075 12181
25898 2 48102 36035
25899 2 705 14214
25900 3 31792 27724 44835
25901 6 20300 29800 25620 35469 31991 7370
25902 5 29439 43183 6848 45293 33988
25903 2 13630 7166
25904 5 35237 41379 33000 35505 42253
25905 1 7617
25906 1 11474
25907 1 49100
25908 1 15371
25909 2 18878 44986
25910 2 3772 7578
25911 3 19230 12101 6468
25912 1 16108
25913 0
25914 2 17131 30712
25915 0
25916 1 5945
25917 3 7374 18963 23514
25918 2 43827 19833
25919 4 22597 41167 192 19829
25920 2 28352 46365
25921 1 36137
25922 1 4654
25923 2 27546 31775
25924 0
25925 1 115
25926 1 30500
25927 4 23114 112 47945 14848
25928 5 12154 1851 46016 42751 24210
25929 4 42532 44418 43194 18813
25930 1 2593
25931 1 7845
25932 3 6625 15423 37742
25933 2 21551 30791
25934 2 46074 2900
25935 5 40382 38089 21148 40897 36743
25936 2 6539 21472
25937 1 32595
25938 1 37666
25939 1 16033
25940 2 28922 47208
25941 3 7624 13925 13525
25942 3 21365 18253 2220
25943 3 27382 43077 46706
25944 2 26898 1671
25945 2 24696 47469
25946 2 37095 48281
25947 2 711 4669
25948 5 23756 27343 25579 35152 27747
25949 2 39868 4449
25950 1 25807
25951 2 45264 41986
25952 5 31873 9364 18155 40112 5625
25953 2 31080 18059
25954 3 28837 29337 29532
25955 0
25956 0
25957 1 22825
25958 4 36146 5329 12311 13011
25959 0
25960 3 32827 48625 44532
25961 1 38865
25962 3 43976 39681 27001
25963 2 32489 49645
25964 2 48412 47401
25965 0
25966 4 23342 12195 38160 49945
25967 2 32285 41872
25968 2 13034 6946
25969 3 12616 14254 1317
25970 0
25971 2 35004 25164
25972 1 5191
25973 0
25974 2 16832 5417
25975 0
25976 2 11502 46471
25977 5 37133 31826 7669 39141 691
25978 0
25979 6 20464 38135 3023 41236 24206 10274
25980 4 49140 10033 735 11515
25981 3 26629 3168 12672
25982 0
25983 3 32128 25132 26323
25984 5 41602 32914 7727 23004 13111
25985 2 20176 29969
25986 3 27952 31786 12157
25987 2 14414 25184
25988 3 12197 36961 37071
25989 3 27911 13242 34534
25990 2 2306 15530
25991 2 26787 6244
25992 3 38812 40790 11480
25993 3 24660 4896 11313
25994 0
25995 1 14174
25996 5 36994 1987 6867 28757 32712
25997 2 20970 23538
25998 2 25803 13347
25999 2 15020 42684
26000 1 15513
26001 3 42271 45200 28697
26002 0
26003 1 29018
26004 2 22412 21652
26005 1 760
26006 1 40363
26007 2 2511 28657
26008 2 15865 15425
26009 0
26010 0
26011 3 43975 39043 3024
26012 2 28873 4898
26013 4 48720 38943 5794 11951
26014 0
26015 3 14045 7098 23203
26016 1 39200
26017 2 31172 9479
26018 3 4302 16300 28561
26019 1 14410
26020 2 45429 28468
26021 6 3683 2419 20411 7810 42752 14767
26022 1 28785
26023 1 47022
26024 2 36126 10520
26025 3 6625 31307 21309
26026 3 28018 42087 34671
26027 2 28921 1186
26028 1 26624
26029 2 23096 18748
26030 4 39029 46278 24073 41546
26031 0
26032 4 11657 47940 6984 2507
26033 0
26034 1 1616
26035 1 2451
26036 4 34475 26139 37071 4526
26037 1 45896
26038 1 32487
26039 2 43047 28837
26040 3 33814 43661 43585
26041 2 18773 42220
26042 0
26043 1 42767
26044 0
26045 4 17123 47643 4880 20088
26046 5 27094 36220 40559 38355 11889
26047 1 32052
26048 1 30478
26049 3 5126 44330 29089
26050 1 21198
26051 2 2011 49501
26052 5 28542 31472 38509 592 38000
26053 0
26054 6 10244 37411 4451 14948 38358 28161
26055 2 5217 44888
26056 1 15199
26057 1 25714
26058 2 37798 17781
26059 3 14972 47830 24312
26060 1 3957
26061 3 45684 41099 38723
26062 1 18402
26063 1 48720
26064 1 19481
26065 1 2322
26066 4 31850 26569 10761 4478
26067 1 873
26068 0
26069 1 48684
26070 5 26001 43070 13151 12694 20176
26071 1 48136
26072 2 17147 8687
26073 3 1842 20874 49483
26074 2 10042 36437
26075 1 32809
26076 0
26077 1 24363
26078 1 8499
26079 0
26080 0
26081 3 2585 1436 47922
26082 0
26083 3 46411 842 22446
26084 2 5648 2485
26085 2 14029 39617
26086 2 40240 8683
26087 1 45541
26088 0
26089 1 35216
26090 4 33150 49974 26849 9180
26091 4 43954 39170 45996 9240
26092 4 43542 27772 5977 31713
26093 5 21023 38017 48336 13137 26325
26094 2 29628 2064
26095 2 37695 33441
26096 1 34006
26097 2 33710 44054
26098 0
26099 1 23110
26100 1 22448
26101 4 40401 26349 3821 33796
26102 1 29861
26103 2 48066 42031
26104 2 22733 43090
26105 3 33529 5813 6792
26106 1 20027
26107 1 27494
26108 2 30258 4496
26109 2 37544 44374
26110 5 38273 2035 15308 26690 25532
26111 0
26112 1 30609
26113 2 13907 32933
26114 1 21717
26115 4 24797 22778 48658 19876
26116 2 42186 29571
26117 2 13179 25285
26118 2 17749 46154
26119 2 40526 25149
26120 3 27226 25522 34085
26121 3 35040 41708 26563
26122 4 41368 32505 40693 26149
26123 4 15513 13967 43993 15976
26124 2 2509 13825
26125 3 13748 44502 32976
26126 1 14485
26127 2 4574 19824
26128 2 434 37037
26129 0
26130 0
26131 4 40535 37253 41285 1888
26132 2 13922 2045
26133 1 26382
26134 2 25406 31676
26135 1 38226
26136 0
26137 1 22566
26138 1 33600
26139 2 12168 5433
26140 5 15984 29790 22906 22905 10357
26141 3 47918 36218 14781
26142 3 4262 6033 14809
26143 0
26144 2 34615 19163
26145 4 18865 19158 1374 34259
26146 2 21864 9859
26147 3 32989 16222 28829
26148 1 6942
26149 3 9793 8216 2884
26150 1 39913
26151 2 15496 13364
26152 3 35344 33644 7700
26153 1 49271
26154 0
26155 4 24804 47060 14117 40861
26156 2 39608 31026
26157 3 16527 35861 36671
26158 2 40602 27599
26159 1 9518
26160 2 17168 2104
26161 1 31109
26162 5 14299 9621 30787 15071 27596
26163 1 40161
26164 1 11693
26165 2 11542 14272
26166 2 18740 30682
26167 0
26168 4 33628 43102 33085 41983
26169 2 47473 9132
26170 0
26171 0
26172 2 36818 33480
26173 4 13281 43774 32437 9562
26174 4 45440 24848 18296 33195
26175 1 5703
26176 4 46701 1926 35719 11238
26177 4 40973 44772 1389 11856
26178 2 38892 2113
26179 2 36864 7937
26180 2 47150 16720
26181 3 38586 48679 6735
26182 3 30996 48672 37693
26183 5 6127 18701 9452 24111 25033
26184 3 29967 46008 48742
26185 2 40435 45261
26186 2 42113 32502
26187 2 32442 9757
26188 2 35633 2093
26189 4 10860 18509 37761 26638
26190 3 19074 43989 35126
26191 0
26192 6 22773 47290 23215 27614 23984 11672
26193 2 36843 32203
26194 1 9200
26195 2 1930 22845
26196 1 19902
26197 3 14361 6176 38342
26198 0
26199 2 49625 42287
26200 6 38898 40855 33663 39085 37106 49205
26201 2 32711 24358
26202 3 16528 49585 23690
26203 1 37924
26204 0
26205 1 1307
26206 1 42371
26207 3 27853 47572 38938
26208 3 2803 19034 43723
26209 0
26210 2 36426 19591
26211 2 40803 24766
26212 1 6001
26213 1 11404
26214 2 33566 46251
26215 2 33382 28708
26216 4 12885 5162 19383 22679
26217 2 38201 47762
26218 2 25635 15057
26219 0
26220 5 26829 18954 28298 29990 5659
26221 1 16653
26222 2 39368 27566
26223 3 4013 33172 3551
26224 2 24522 1442
26225 1 46084
26226 1 8426
26227 0
26228 3 27568 8276 28477
26229 2 671 16174
26230 2 8546 4364
26231 2 43808 10496
26232 2 18794 40248
26233 0
26234 2 27967 3905
26235 1 13488
26236 3 18275 41235 7902
26237 2 38418 1156
26238 1 9996
26239 1 23312
26240 1 29032
26241 4 12006 11804 28803 27682
26242 3 44010 36727 40533
26243 1 11519
26244 3 32521 8733 24432
26245 0
26246 2 44704 22461
26247 1 1442
26248 1 37968
26249 7 5531 12826 30263 18308 16607 24413 1570
26250 1 42815
26251 1 45726
26252 0
26253 2 33391 38480
26254 0
26255 1 40114
26256 2 42111 25057
26257 1 34201
26258 0
26259 4 30574 13121 13294 8789
26260 5 11159 13039 29813 32969 21797
26261 0
26262 2 17409 38750
26263 4 7613 28388 49515 7584
26264 2 5092 30631
26265 1 27329
26266 2 33297 6739
26267 2 45133 12493
26268 2 25879 9516
26269 0
26270 2 15616 6269
26271 2 19618 10401
26272 1 37938
26273 1 12554
26274 2 6417 7730
26275 2 48439 22948
26276 2 2551 22989
26277 2 12469 21902
26278 2 29122 4514
26279 2 47852 2272
26280 1 21966
26281 1 39745
26282 0
26283 4 32570 2158 5108 39458
26284 3 8169 21998 48943
26285 3 31084 32864 41167
26286 2 11918 49475
26287 2 32608 29373
26288 3 20291 46137 1335
26289 1 29709
26290 0
26291 1 10557
26292 0
26293 2 27618 15626
26294 1 27093
26295 5 25662 35675 6056 25711 34959
26296 3 10035 23089 35470
26297 4 18094 33380 38835 43234
26298 1 22055
26299 2 38045 49036
26300 4 33260 36767 26415 14510
26301 6 48902 11215 46348 28676 34705 17901
26302 3 32532 24635 13326
26303 1 3533
26304 1 16177
26305 4 9599 29400 29442 25861
26306 2 21318 24730
26307 3 33488 19391 19928
26308 5 18930 39946 31503 28812 39754
26309 4 15833 9039 25957 28600
26310 2 18037 8500
26311 0
26312 2 24450 32649
26313 1 46800
26314 1 32253
26315 1 18948
26316 1 10367
26317 1 14623
26318 2 46119 2969
26319 3 30187 21233 16109
26320 1 39758
26321 3 23927 23131 40560
26322 1 34650
26323 4 10370 30561 39616 48762
26324 5 33178 33288 15168 6253 15108
26325 3 32273 36453 4185
26326 2 48456 13055
26327 1 41929
26328 2 965 44318
26329 3 18036 41369 41332
26330 0
26331 2 44075 41326
26332 1 19299
26333 1 9962
26334 2 24817 1518
26335 1 22018
26336 1 47348
26337 6 48863 24773 44794 40943 24062 25449
26338 1 45605
26339 2 43556 854
26340 3 1265 13067 33133
26341 2 35790 34613
26342 2 30160 18035
26343 3 13057 30788 19538
26344 3 35138 6021 7103
26345 4 2192 1366 23575 42592
26346 1 933
26347 1 47534
26348 1 32230
26349 3 41398 12197 5052
26350 3 9248 35590 28874
26351 1 19062
26352 1 28148
26353 0
26354 2 40545 811
26355 3 3393 48659 47132
26356 0
26357 6 26030 154 43123 10088 21358 8493
26358 3 27586 29692 18488
26359 0
26360 4 43690 46487 9733 11249
26361 1 6783
26362 3 7668 15362 39871
26363 1 11012
26364 2 14165 22928
26365 1 25144
26366 4 19254 5824 8028 26696
26367 5 49897 19203 36617 308 14792
26368 0
26369 3 18661 24072 21857
26370 3 47037 28339 3811
26371 5 20734 4888 27059 31457 30716
26372 1 13854
26373 2 17657 26451
26374 2 40625 3889
26375 4 37792 2805 7514 26888
26376 2 20331 33474
26377 2 8411 24235
26378 3 39735 13762 5947
26379 0
26380 0
26381 0
26382 1 4031
26383 3 5276 9116 31676
26384 5 4054 25281 25969 30800 28809
26385 0
26386 0
26387 1 3955
26388 6 23577 9730 19045 30655 10079 42690
26389 2 15654 30417
26390 1 35800
26391 4 7148 25218 7575 14492
26392 0
26393 1 2966
26394 1 3722
26395 1 37370
26396 1 25538
26397 3 34927 30253 34665
26398 2 48411 11323
26399 1 12159
26400 1 18138
26401 5 32527 25985 2941 32834 2585
26402 2 5062 15729
26403 1 3653
26404 1 10040
26405 1 31677
26406 2 36145 22096
26407 4 41802 17463 9360 10849
26408 1 48613
26409 1 44560
26410 2 11864 45562
26411 2 2546 21819
26412 1 30683
26413 3 36129 28762 6259
26414 5 2478 27894 23542 12479 33037
26415 1 19218
26416 2 49298 11139
26417 2 4795 48588
26418 1 19910
26419 0
26420 2 49304 442
26421 3 3481 23661 41322
26422 4 43223 22192 6190 16752
26423 3 9233 4680 30214
26424 0
26425 2 8333 20772
26426 2 45718 4837
26427 1 1102
26428 2 12323 4755
26429 7 11928 47459 49250 18777 12883 19416 44015
26430 5 17941 40731 31269 14951 18748
26431 4 12749 34239 3008 17317
26432 0
26433 3 39172 11859 1403
26434 3 44869 28287 27180
26435 2 22240 14456
26436 2 9494 23357
26437 3 45092 45157 18295
26438 1 11470
26439 2 27081 7672
26440 7 26480 44128 29424 32218 49647 45581 35287
26441 5 46484 49927 29427 33120 25305
26442 2 19340 19084
26443 3 40874 11802 15671
26444 0
26445 2 7804 24266
26446 0
26447 1 16998
26448 0
26449 5 13769 39086 37222 5653 41338
26450 1 41139
26451 1 31064
26452 0
26453 1 27278
26454 4 4142 13094 22432 48345
26455 2 44866 15158
26456 1 36222
26457 3 27317 22928 23132
26458 0
26459 2 27172 11292
26460 1 17483
26461 4 20636 45723 22253 5135
26462 2 25549 39620
26463 3 30048 33847 4825
26464 4 49726 25559 48475 36705
26465 2 46191 1531
26466 5 33473 16725 11119 6349 24514
26467 3 46739 35261 20440
26468 3 23587 1476 1618
26469 1 44034
26470 2 40443 39127
26471 4 32784 48845 12891 33126
26472 4 33219 2969 3221 13189
26473 0
26474 1 48489
26475 2 11403 32554
26476 1 38223
26477 1 5986
26478 5 43814 47024 7176 23456 6584
26479 5 4492 13843 45685 23987 15063
26480 3 6427 27710 38601
26481 7 35831 27266 23453 7297 6776 39596 46506
26482 0
26483 3 27923 32930 45978
26484 1 35889
26485 2 13016 30873
26486 1 5343
26487 1 20751
26488 0
26489 3 34103 35689 49899
26490 0
26491 1 24396
26492 0
26493 1 48249
26494 4 42126 6242 8689 38622
26495 0
26496 1 37033
26497 4 29894 1463 28054 29826
26498 3 1489 6820 33641
26499 1 2045
26500 5 25056 44006 5034 30567 33568
26501 2 39668 958
26502 2 31752 47126
26503 2 23709 7221
26504 3 43249 21196 20062
26505 1 47426
26506 2 33867 11947
26507 1 37616
26508 0
26509 2 46329 44823
26510 1 22871
26511 3 15325 48242 49925
26512 1 21901
26513 0
26514 1 15358
26515 2 47780 45545
26516 2 42288 3595
26517 3 43728 27304 37875
26518 1 39160
26519 3 19939 18086 28262
26520 2 7557 44586
26521 4 45803 6508 45039 34364
26522 1 44146
26523 2 12466 46020
26524 5 39296 27014 20382 32298 27561
26525 0
26526 1 25973
26527 5 43154 26694 5329 25972 46389
26528 0
26529 1 14199
26530 1 26751
26531 2 26950 31293
26532 1 39399
26533 2 42555 39169
26534 3 47853 36907 3448
26535 1 19680
26536 3 27963 31376 38112
26537 2 43061 1106
26538 3 615 27235 45954
26539 0
26540 0
26541 1 22320
26542 0
26543 2 22958 7374
26544 2 7491 48357
26545 2 42591 20156
26546 1 29749
26547 4 30834 34547 17338 48893
26548 1 3943
26549 0
26550 2 2192 43020
26551 1 31535
26552 2 28772 10348
26553 0
26554 2 47094 15610
26555 3 20066 44740 36086
26556 3 1126 16070 67
26557 5 26537 25672 16735 21268 14249
26558 2 17766 15370
26559 3 38219 9678 714
26560 3 23838 44920 875
26561 1 29069
26562 2 44980 19887
26563 2 30117 40373
26564 7 6067 31807 24862 10907 27100 13975 13977
26565 1 7303
26566 2 38024 44590
26567 2 86 22312
26568 3 13899 43381 35568
26569 3 17859 44957 48696
26570 3 8153 21751 33330
26571 1 18851
26572 2 49399 36850
26573 0
26574 3 43954 19155 49618
26575 1 34219
26576 1 4227
26577 1 42304
26578 0
26579 3 35089 42979 11088
26580 3 24825 16049 20812
26581 1 28696
26582 1 20999
26583 2 37010 12526
26584 4 10521 46941 21505 48258
26585 1 42194
26586 2 5741 33913
26587 2 44216 562
26588 3 35185 35200 30488
26589 1 49273
26590 2 2874 48576
26591 2 14210 45596
26592 6 25313 5053 36040 9412 40219 38059
26593 3 11621 21261 49369
26594 3 22345 5157 38351
26595 1 10861
26596 2 6703 28009
26597 1 1487
26598 2 22470 42265
26599 0
26600 1 27676
26601 3 43525 43638 9717
26602 4 14388 20203 6100 44829
26603 3 9063 9963 17129
26604 1 36143
26605 0
26606 1 11918
26607 1 27864
26608 1 27676
26609 3 4765 11312 45310
26610 1 17733
26611 1 12447
26612 2 44093 43930
26613 1 23576
26614 3 34004 23612 8464
26615 2 12228 28499
26616 3 44750 40455 14734
26617 0
26618 1 14284
26619 2 46189 2326
26620 1 25241
26621 3 18363 6988 17021
26622 3 8679 6455 39857
26623 2 5134 38417
26624 2 15292 9249
26625 1 1705
26626 2 16776 26880
26627 0
26628 3 45025 25635 45771
26629 0
26630 1 6063
26631 0
26632 2 5818 6893
26633 2 16899 38179
26634 1 17185
26635 2 25324 28401
26636 1 21069
26637 0
26638 1 12540
26639 3 35770 4771 39163
26640 2 36414 29986
26641 1 47432
26642 2 7385 27424
26643 2 18026 14238
26644 2 40985 25866
26645 2 49770 37354
26646 1 49347
26647 0
26648 1 28053
26649 0
26650 2 27084 21136
26651 3 874 27065 32051
26652 1 48012
26653 0
26654 2 2493 47077
26655 2 7248 11354
26656 1 27710
26657 1 15407
26658 4 48442 13208 9641 24824
26659 1 42652
26660 1 21984
26661 1 26540
26662 2 3199 1861
26663 0
26664 0
26665 1 15568
26666 2 19317 32636
26667 0
26668 0
26669 2 44799 30783
26670 2 23477 23009
26671 3 2391 21292 9284
26672 2 40984 49018
26673 3 854 12740 28377
26674 4 31926 12638 5129 2167
26675 0
26676 0
26677 1 25529
26678 1 395
26679 9 7480 49315 48165 8219 1815 4668 32001 45949 25526
26680 2 14142 20657
26681 3 32125 42969 17977
26682 2 46582 45490
26683 3 28320 18536 17498
26684 1 4613
26685 2 14982 44547
26686 3 26345 35829 37933
26687 3 36223 43444 21610
26688 1 12156
26689 3 748 29105 15289
26690 2 47967 9811
26691 1 6817
26692 1 10819
26693 2 40662 43228
26694 0
26695 1 29676
26696 0
26697 1 45160
26698 1 35414
26699 2 26520 4651
26700 2 2202 45162
26701 1 44436
26702 2 22677 10935
26703 6 10926 25413 26591 33352 8824 28404
26704 0
26705 0
26706 0
26707 3 15003 18603 5667
26708 2 15745 8432
26709 2 1815 39138
26710 2 16379 2599
26711 4 22062 42762 31018 16091
26712 1 22191
26713 1 47989
26714 1 4460
26715 1 25709
26716 3 43430 17508 4325
26717 3 5037 28343 20733
26718 1 25596
26719 1 41465
26720 3 36441 10644 35205
26721 2 39380 37933
26722 6 941 24714 38588 40537 6501 48367
26723 0
26724 0
26725 2 14509 25226
26726 3 18935 99 42631
26727 1 15156
26728 2 41680 34164
26729 2 47602 10425
26730 1 4952
26731 4 22295 191 10597 4278
26732 1 24612
26733 3 28416 5785 35643
26734 2 29468 29017
26735 1 24253
26736 0
26737 1 1708
26738 3 19443 19377 13830
26739 2 24376 37320
26740 2 7915 40525
26741 3 39273 10341 2996
26742 0
26743 0
26744 1 49753
26745 5 5513 19144 32190 37921 10090
26746 2 46132 11991
26747 0
26748 1 32284
26749 4 14941 38530 16727 36303
26750 3 42148 23859 37401
26751 2 9982 33620
26752 5 23107 10034 19432 41740 29642
26753 3 12414 38244 20258
26754 5 47402 44805 30763 46234 7545
26755 1 49778
26756 2 9381 35639
26757 1 33703
26758 0
26759 3 24669 45625 2240
26760 4 5458 33492 17054 46068
26761 3 41806 44905 21647
26762 2 31479 1753
26763 2 26740 5903
26764 2 39849 43654
26765 5 5450 23243 43351 40196 31277
26766 6 30889 26922 36253 16719 4087 27433
26767 4 26107 2101 41368 40224
26768 5 30759 22693 31082 43774 17155
26769 0
26770 2 46907 42156
26771 1 45228
26772 1 34882
26773 6 33853 5032 949 13250 35649 31611
26774 1 35995
26775 0
26776 2 21197 36305
26777 2 9466 9751
26778 8 46683 25371 7812 43372 36195 37375 48238 27201
26779 6 33452 22090 47057 23259 37606 36373
26780 3 17741 47852 15231
26781 1 3262
26782 1 25192
26783 2 42294 14043
26784 1 48517
26785 2 21847 11602
26786 3 15789 39674 38994
26787 0
26788 5 49796 46110 41520 27724 16845
26789 3 45384 32633 25768
26790 0
26791 3 44093 47295 29194
26792 3 246 67 39768
26793 2 369 29398
26794 2 18260 37682
26795 2 45394 48813
26796 1 12402
26797 2 6427 37465
26798 4 44015 18954 39174 25430
26799 0
26800 0
26801 8 28414 39211 48571 5037 15454 27960 39515 2001
26802 0
26803 1 13086
26804 1 14670
26805 2 35804 36185
26806 2 34687 20856
26807 1 37206
26808 1 19791
26809 2 12062 27476
26810 0
26811 0
26812 1 43933
26813 2 37817 27947
26814 1 42367
26815 0
26816 5 14763 34988 9088 18690 2675
26817 2 43443 47458
26818 2 16284 14175
26819 0
26820 0
26821 0
26822 1 37560
26823 1 8451
26824 5 2940 38696 8116 4047 42500
26825 4 31566 803 9191 33662
26826 6 6441 28673 1381 917 18505 15775
26827 4 40818 14825 42455 39999
26828 2 49627 39975
26829 1 43873
26830 2 48962 27414
26831 3 39034 27877 21129
26832 2 252 425
26833 2 26829 32668
26834 2 12390 21714
26835 2 5875 12890
26836 2 18205 49420
26837 3 47916 22957 121
26838 2 32210 9017
26839 1 20020
26840 5 48509 5627 28666 19214 47743
26841 2 11649 10370
26842 1 21037
26843 3 36533 332 36260
26844 0
26845 1 15209
26846 1 47422
26847 0
26848 3 40496 42848 5014
26849 5 18466 29652 42468 9833 31578
26850 0
26851 2 32265 31348
26852 1 15102
26853 0
26854 3 10426 18842 32511
26855 4 29349 14580 20715 40671
26856 2 33066 11406
26857 1 2707
26858 0
26859 2 45657 7803
26860 0
26861 1 6223
26862 3 21152 47436 11009
26863 6 37724 40258 29348 42307 25629 14233
26864 1 16361
26865 3 44823 43795 38365
26866 2 15804 22608
26867 1 2068
26868 0
26869 1 6113
26870 1 23677
26871 1 15777
26872 1 25754
26873 2 48272 27126
26874 2 43898 12795
26875 2 15902 39109
26876 3 7416 49572 37326
26877 2 40588 4154
26878 2 25089 31111
26879 2 5372 4508
26880 1 36648
26881 2 12430 35182
26882 3 5671 43482 43440
26883 2 33534 23113
26884 3 1401 25472 22177
26885 0
26886 3 30892 10337 3357
26887 1 38233
26888 2 13488 39512
26889 3 31025 11794 33324
26890 1 34869
26891 3 28319 49167 36200
26892 3 41944 27313 42056
26893 2 47295 42478
26894 2 36498 7052
26895 3 3427 51 6883
26896 3 31987 23669 33119
26897 2 44269 44675
26898 2 35690 45131
26899 0
26900 2 4597 48207
26901 1 7424
26902 1 45956
26903 0
26904 2 45339 47283
26905 1 45869
26906 1 28289
26907 3 6563 15285 46363
26908 1 46984
26909 1 33604
26910 0
26911 3 47476 31176 4354
26912 1 2920
26913 2 45393 48756
26914 3 19523 30934 31103
26915 3 3361 28035 31888
26916 4 11048 19624 24859 31466
26917 3 18572 34396 41179
26918 2 2278 26504
26919 5 29897 13423 18910 37061 23453
26920 4 4940 42608 18287 10587
26921 2 328 44573
26922 2 37711 11879
26923 2 21512 18915
26924 1 27576
26925 3 17887 38945 37549
26926 3 29958 47803 14743
26927 2 8160 35386
26928 1 36821
26929 0
26930 2 4750 28013
26931 3 20910 35393 20357
26932 3 35591 9932 40806
26933 1 25904
26934 2 40967 9927
26935 2 34036 23245
26936 5 11893 25978 21073 32876 595
26937 1 19743
26938 1 18016
26939 2 32724 39931
26940 3 47250 3438 16116
26941 0
26942 2 3338 28786
26943 2 16181 5126
26944 3 2655 39849 31003
26945 4 1858 24491 29614 675
26946 0
26947 4 34314 37941 39436 10684
26948 0
26949 3 36208 28214 25787
26950 1 44982
26951 2 8572 39963
26952 1 27301
26953 2 37782 42989
26954 0
26955 4 20818 8785 27997 31442
26956 0
26957 2 49772 40333
26958 1 37949
26959 2 15459 32222
26960 2 39916 3328
26961 3 12879 260 27093
26962 2 45677 22710
26963 3 11995 48772 21699
26964 2 4065 28727
26965 1 9497
26966 0
26967 1 758
26968 0
26969 2 21792 22623
26970 2 14726 7555
26971 1 19144
26972 4 10931 8981 4083 38890
26973 1 41939
26974 1 1117
26975 2 33991 27183
26976 4 10021 33688 13579 28377
26977 1 19285
26978 1 41482
26979 1 20901
26980 3 20799 26095 5516
26981 2 8357 18976
26982 2 37557 37419
26983 1 33370
26984 0
26985 0
26986 2 38686 30840
26987 1 6043
26988 1 33084
26989 3 42152 21312 46155
26990 0
26991 1 35050
26992 3 41473 27075 43080
26993 3 33411 11501 23770
26994 4 31030 4886 32733 16963
26995 2 39745 43220
26996 4 28070 6929 48466 48316
26997 3 36982 16935 6208
26998 3 39944 44943 16739
26999 4 24578 33584 43766 28155
27000 3 45967 36468 34358
27001 1 24964
27002 1 24727
27003 0
27004 2 3468 15144
27005 2 10932 36998
27006 0
27007 4 36750 9048 31212 10418
27008 2 46463 19046
27009 2 34114 6651
27010 2 20112 7217
27011 3 2844 41517 33459
27012 1 39916
27013 2 21102 9118
27014 2 7566 12494
27015 1 19930
27016 1 37664
27017 1 22719
27018 0
27019 2 40449 124
27020 2 26322 21411
27021 1 4867
27022 2 13915 36211
27023 2 47658 48960
27024 3 1775 6783 1169
27025 1 11669
27026 0
27027 4 39633 1934 12390 29892
27028 1 40442
27029 2 35070 18559
27030 0
27031 1 35493
27032 3 506 8588 22589
27033 5 42404 12063 47192 10503 20387
27034 1 7421
27035 2 47321 19721
27036 4 28368 3805 3908 23562
27037 3 30470 12816 6185
27038 2 46727 43259
27039 3 9409 13951 22033
27040 1 43420
27041 2 49873 43288
27042 3 39101 37770 15889
27043 0
27044 2 20842 17841
27045 3 43566 35552 15972
27046 4 48043 23460 20223 2042
27047 2 20869 11375
27048 4 12153 19673 34911 767
27049 4 26633 41508 44807 20510
27050 2 34784 15524
27051 1 14814
27052 4 6733 34288 9266 42434
27053 3 30844 44581 28921
27054 0
27055 3 36790 49871 17884
27056 3 13762 5996 5778
27057 2 22087 25908
27058 5 37807 16608 3087 4834 46165
27059 0
27060 2 48990 12014
27061 5 9895 2576 32629 2667 6467
27062 1 25806
27063 0
27064 5 23208 5786 19664 5823 2302
27065 4 44381 26487 24403 16479
27066 3 4484 29525 7349
27067 4 11609 27034 784 35708
27068 1 5924
27069 4 23970 39574 26817 27673
27070 2 33363 19797
27071 0
27072 1 5158
27073 2 30681 10188
27074 1 6780
27075 2 35240 30885
27076 1 29399
27077 1 44877
27078 0
27079 4 27394 18981 5659 37065
27080 1 1898
27081 2 21633 17314
27082 1 8902
27083 0
27084 2 47453 9030
27085 4 30984 4376 19323 28563
27086 4 22668 11670 17314 49900
27087 2 36405 9042
27088 0
27089 1 41854
27090 2 38995 21038
27091 3 25461 39073 15856
27092 1 2600
27093 2 3662 25887
27094 1 7204
27095 2 13949 29174
27096 1 32046
27097 0
27098 2 2484 15930
27099 1 36494
27100 0
27101 2 9565 42799
27102 2 49944 6657
27103 1 25205
27104 0
27105 2 20005 16724
27106 0
27107 2 7711 34631
27108 2 9714 10800
27109 2 2722 596
27110 3 28815 17581 22488
27111 1 26518
27112 1 14910
27113 1 5810
27114 1 33287
27115 3 42378 34443 1205
27116 1 23289
27117 2 4794 9435
27118 3 17713 27741 44220
27119 1 17973
27120 1 28464
27121 1 2055
27122 1 24241
27123 2 14858 7270
27124 1 8172
27125 2 17516 48437
27126 2 42346 37262
27127 4 3918 46029 30487 37783
27128 0
27129 3 17167 6375 17540
27130 4 10554 40928 12222 16747
27131 1 30925
27132 1 41625
27133 1 930
27134 0
27135 2 46310 23714
27136 2 47778 1309
27137 1 30562
27138 1 10796
27139 2 17890 36921
27140 3 9811 33923 39155
27141 1 3814
27142 1 32275
27143 1 11127
27144 4 21665 30772 44514 19294
27145 0
27146 0
27147 2 3964 46689
27148 2 2861 5604
27149 0
27150 5 31458 5749 5501 16860 16468
27151 3 18031 17863 24977
27152 1 10096
27153 2 48349 3535
27154 0
27155 1 41258
27156 3 42363 16641 3657
27157 4 18454 39407 17411 39745
27158 3 44055 1084 13678
27159 1 19026
27160 3 36469 28370 937
27161 0
27162 3 15463 40613 14332
27163 1 13861
27164 2 1263 8679
27165 1 17172
27166 4 31375 30360 28902 1038
27167 2 48277 3854
27168 1 22264
27169 5 48357 19208 13463 48286 33597
27170 0
27171 2 26729 21900
27172 2 2013 25078
27173 1 15356
27174 3 15610 4346 8090
27175 3 5542 7572 19468
27176 1 49790
27177 2 30929 19692
27178 0
27179 6 29038 34535 14445 32176 49872 31250
27180 2 9938 8721
27181 2 19351 8964
27182 2 9649 18751
27183 0
27184 1 15734
27185 2 21263 17479
27186 0
27187 2 20352 30633
27188 0
27189 1 11581
27190 5 3841 18097 17853 48241 11680
27191 1 9342
27192 3 30775 40165 2982
27193 0
27194 0
27195 0
27196 2 20710 7623
27197 3 47918 5018 49699
27198 0
27199 2 33273 20364
27200 2 44229 45897
27201 9 14503 40271 46289 47304 33835 43377 25919 48617 1429
27202 3 3130 14783 32134
27203 3 35262 42362 39108
27204 4 41998 40521 32825 43659
27205 1 29649
27206 3 8922 47028 49367
27207 0
27208 4 14603 44112 13325 1994
27209 6 27611 44871 29791 18938 36792 37234
27210 1 2815
27211 3 22661 2034 11760
27212 2 10013 3534
27213 2 42088 27082
27214 1 41813
27215 3 46786 9446 19145
27216 0
27217 2 24413 15941
27218 3 5075 40252 1153
27219 5 46864 14367 44472 34973 44362
27220 1 23409
27221 1 18255
27222 1 45676
27223 3 21463 49228 45872
27224 1 37108
27225 1 19175
27226 1 12256
27227 2 45187 49555
27228 1 36974
27229 2 47306 38195
27230 3 43353 30791 6690
27231 3 47673 17131 22742
27232 2 33320 47047
27233 2 22826 45735
27234 0
27235 2 14487 10729
27236 1 49899
27237 4 21630 30015 44329 27103
27238 1 24302
27239 5 26349 18277 13203 28245 29652
27240 3 34537 14149 6841
27241 1 34821
27242 0
27243 0
27244 1 29098
27245 0
27246 1 32229
27247 1 31768
27248 3 3892 13894 38290
27249 5 43939 8540 22911 38423 26060
27250 2 6151 15011
27251 2 10257 19940
27252 1 3099
27253 0
27254 2 29177 2262
27255 0
27256 4 7971 39098 40830 41613
27257 1 27480
27258 5 20649 10753 47481 20338 21506
27259 3 25689 1555 27074
27260 2 35812 29419
27261 3 28761 17014 4500
27262 2 21656 10035
27263 3 2886 14287 3027
27264 3 21928 37552 43486
27265 1 16417
27266 0
27267 0
27268 4 15731 44794 45383 45401
27269 1 34160
27270 3 49453 7811 30176
27271 1 21217
27272 5 39407 12481 42161 45954 17486
27273 0
27274 5 39418 16759 13329 1254 38797
27275 1 48854
27276 2 30958 16707
27277 2 16748 3625
27278 1 40564
27279 0
27280 2 16117 20709
27281 2 33005 2691
27282 5 22910 39160 31050 36661 33833
27283 0
27284 2 16193 46534
27285 6 39589 44382 22661 44859 43586 2601
27286 1 46781
27287 1 17478
27288 2 32219 21517
27289 1 20964
27290 1 41557
27291 0
27292 0
27293 1 32934
27294 0
27295 1 15405
27296 6 44988 4234 6926 35388 19159 10676
27297 2 19498 15783
27298 2 39088 40894
27299 2 4690 41576
27300 3 1923 16870 45393
27301 4 36459 38815 37543 33008
27302 1 47421
27303 2 23084 28190
27304 2 42420 8364
27305 1 28440
27306 4 49951 25180 1268 4627
27307 3 2842 40807 28126
27308 2 43921 24869
27309 1 32547
27310 3 1514 5702 40791
27311 1 41307
27312 1 9095
27313 1 25293
27314 1 25197
27315 3 49096 39235 48906
27316 0
27317 3 30181 34482 37166
27318 3 49900 16435 23991
27319 1 47479
27320 3 12653 8744 11257
27321 1 10166
27322 0
27323 5 8545 41243 31789 15363 43097
27324 2 2750 40171
27325 1 28566
27326 0
27327 2 37497 37776
27328 3 26076 19088 17634
27329 1 27522
27330 0
27331 4 26438 7021 14557 16454
27332 4 5504 27685 18072 24820
27333 3 9601 24104 3532
27334 2 12602 19790
27335 0
27336 2 9648 44945
27337 2 37908 16839
27338 2 24716 8549
27339 5 48935 31857 9008 13856 25169
27340 1 20808
27341 1 42993
27342 2 2388 43112
27343 3 21180 29094 22209
27344 4 46189 3303 1037 25920
27345 3 39357 27419 42787
27346 1 8949
27347 0
27348 2 23327 42309
27349 0
27350 0
27351 2 7226 9018
27352 1 42490
27353 2 22113 21999
27354 0
27355 3 45938 7996 33844
27356 4 37105 6264 29214 7164
27357 2 19754 42668
27358 1 10016
27359 1 24516
27360 4 48541 12289 15492 34545
27361 4 5965 364 38517 35765
27362 3 8415 44697 8756
27363 1 8662
27364 3 14991 8904 42129
27365 2 8734 44337
27366 1 24262
27367 3 24259 3647 1914
27368 2 36639 45986
27369 1 31330
27370 2 17114 17904
27371 0
27372 4 49835 6668 42538 30962
27373 2 3750 37066
27374 0
27375 2 10155 33049
27376 3 23383 12428 29627
27377 1 33432
27378 1 45916
27379 3 12712 33093 27837
27380 3 37138 10370 17972
27381 4 24528 16979 10496 29144
27382 0
27383 0
27384 0
27385 3 48027 2643 4854
27386 2 22427 16869
27387 2 40714 50
27388 5 36935 41137 5190 46134 29218
27389 5 21487 37919 35398 22009 25035
27390 3 23250 13942 4311
27391 1 13042
27392 1 10627
27393 2 48500 16086
27394 6 39350 33378 23571 536 18114 48091
27395 3 31796 39431 31035
27396 2 41804 34066
27397 0
27398 4 24092 4579 45332 47625
27399 2 39194 22232
27400 4 18513 15033 39581 6883
27401 3 45614 2987 11987
27402 1 32256
27403 2 34926 33328
27404 2 9547 38855
27405 0
27406 5 36513 27005 8768 33434 20441
27407 2 13542 37062
27408 3 19858 20088 41539
27409 2 8916 12473
27410 1 40217
27411 1 41467
27412 5 48515 29463 38244 19080 2972
27413 4 40899 41175 11577 13374
27414 1 22869
27415 1 21363
27416 3 25091 30397 35866
27417 1 18026
27418 3 22346 20517 49663
27419 2 27084 11655
27420 4 30521 11159 15286 24816
27421 0
27422 0
27423 1 3381
27424 2 30645 4562
27425 2 38838 12948
27426 0
27427 5 8667 9358 41593 34752 18411
27428 1 27085
27429 0
27430 2 38226 12045
27431 0
27432 2 37759 10321
27433 1 2334
27434 2 42900 39006
27435 2 44311 19938
27436 3 37934 39997 25540
27437 4 4284 36203 15481 19778
27438 1 42875
27439 3 3061 37482 12438
27440 3 33227 36631 11126
27441 0
27442 3 34448 45488 18823
27443 1 34924
27444 4 40819 16755 24385 35253
27445 0
27446 3 22376 45816 39828
27447 1 35567
27448 0
27449 0
27450 2 35383 38326
27451 1 21738
27452 2 42097 5235
27453 5 32761 42504 20081 15512 8563
27454 3 36124 20145 21938
27455 0
27456 2 38812 10967
27457 1 8598
27458 2 9049 11933
27459 2 6829 22793
27460 1 49776
27461 1 45711
27462 3 47688 38053 39043
27463 3 26312 19697 12644
27464 3 30684 16315 31830
27465 2 44576 8417
27466 0
27467 0
27468 4 2304 18061 25225 33667
27469 4 46878 32288 43181 3615
27470 5 1603 8571 26175 9997 3034
27471 0
27472 3 42559 8737 34946
27473 2 5385 3821
27474 1 32302
27475 2 43462 44309
27476 0
27477 5 36066 15811 9363 38599 4680
27478 2 18196 28561
27479 1 38774
27480 3 28654 14548 29687
27481 3 19614 43814 48175
27482 1 46716
27483 3 18355 37001 7981
27484 3 17898 39354 32658
27485 3 44817 12634 49797
27486 1 31969
27487 2 48075 5956
27488 3 42733 21202 3179
27489 3 5577 4455 20376
27490 5 26465 12684 32656 45314 6227
27491 1 46027
27492 1 33653
27493 1 47931
27494 2 29853 42764
27495 3 45532 25457 26835
27496 5 31595 39223 4651 29967 41311
27497 1 40419
27498 1 40386
27499 4 47338 33253 9229 39910
27500 3 39902 33673 48343
27501 2 10895 22281
27502 3 28282 45538 15469
27503 2 12104 3570
27504 0
27505 4 34453 4383 9906 33112
27506 4 17060 3286 23309 23922
27507 0
27508 0
27509 0
27510 3 39009 11564 36356
27511 2 28351 19878
27512 0
27513 4 766 32320 41907 27298
27514 1 32138
27515 3 21798 25612 38708
27516 1 40547
27517 1 42015
27518 3 19226 28801 28786
27519 0
27520 4 13604 22165 31633 4360
27521 4 9798 35707 49301 41317
27522 4 17763 28178 46529 35241
27523 0
27524 1 40649
27525 2 16685 1729
27526 0
27527 0
27528 2 27251 21160
27529 2 7784 37493
27530 1 48063
27531 1 32722
27532 1 35223
27533 1 28579
27534 3 4123 22177 10422
27535 0
27536 1 45069
27537 4 1405 6240 31243 18705
27538 3 21329 37873 43175
27539 2 21903 24605
27540 5 2704 29706 26910 48658 37057
27541 2 19682 44967
27542 5 35666 35125 23717 35509 45445
27543 2 13003 10944
27544 0
27545 3 22711 27153 46167
27546 2 3435 17092
27547 1 39016
27548 4 13738 15328 46069 2460
27549 2 13827 31390
27550 2 33765 12012
27551 3 46682 33313 43107
27552 1 44605
27553 4 35290 24541 23897 2036
27554 1 627
27555 3 32619 14720 5282
27556 1 32268
27557 5 27214 6467 47167 33192 27126
27558 2 27741 40648
27559 1 38134
27560 3 28134 1547 40497
27561 2 727 8811
27562 0
27563 2 34913 12449
27564 1 42196
27565 4 25548 4092 20029 42861
27566 1 1405
27567 1 15171
27568 2 13931 815
27569 2 32749 36889
27570 1 40973
27571 3 33698 30416 20647
27572 3 42563 6475 39888
27573 1 33206
27574 4 35895 45115 17958 5428
27575 2 35887 2345
27576 2 16035 26833
27577 1 41314
27578 4 49963 37966 45112 14014
27579 1 25755
27580 2 6903 34639
27581 6 43802 10473 46349 46509 10659 28932
27582 1 47896
27583 1 1183
27584 2 6737 9499
27585 4 11865 48003 21605 49996
27586 6 2835 32259 37752 9289 1240 10695
27587 1 15081
27588 1 26219
27589 2 6314 389
27590 5 27004 3722 31816 11612 16242
27591 2 43063 17340
27592 2 48523 33672
27593 3 8596 32659 20457
27594 2 30815 29170
27595 5 5509 11452 13297 43255 36903
27596 3 21292 45376 38919
27597 1 36741
27598 1 13828
27599 2 23467 35548
27600 1 26947
27601 2 49904 26592
27602 4 13859 8856 2205 7653
27603 3 798 26737 32599
27604 0
27605 1 46892
27606 1 22772
27607 2 43845 16315
27608 3 17143 12630 48048
27609 0
27610 3 49093 26775 25776
27611 0
27612 2 38777 36120
27613 5 42263 43343 25423 5332 1595
27614 4 44456 38183 41217 26047
27615 0
27616 4 1255 45998 49275 27880
27617 1 35334
27618 1 14162
27619 2 577 38234
27620 3 11149 17646 48135
27621 2 2533 49487
27622 2 49191 7393
27623 1 38543
27624 1 13510
27625 2 41051 38661
27626 4 19340 45264 37886 27940
27627 1 25409
27628 3 4354 5745 46239
27629 0
27630 2 40106 30623
27631 1 36693
27632 8 34724 2754 22103 13265 27288 14803 8838 41092
27633 0
27634 1 49832
27635 1 46491
27636 1 34441
27637 3 6770 28816 38956
27638 2 7183 17908
27639 1 6135
27640 3 20020 30134 3961
27641 0
27642 1 33905
27643 1 877
27644 3 38860 10573 13394
27645 1 11726
27646 5 8241 1909 40256 26914 43996
27647 1 35198
27648 1 30356
27649 2 35263 27347
27650 0
27651 2 8279 43451
27652 2 4771 21763
27653 2 2454 29816
27654 0
27655 1 21831
27656 1 7814
27657 6 26512 635 42726 23470 534 48415
27658 4 618 4607 5593 49030
27659 2 43404 36400
27660 2 5614 30300
27661 2 20281 22773
27662 2 45453 14282
27663 1 1965
27664 2 28557 27839
27665 4 34181 7260 40007 12634
27666 1 47964
27667 3 34035 20293 17365
27668 2 26675 4083
27669 1 5640
27670 1 10484
27671 1 47980
27672 2 4022 41200
27673 3 11103 28771 41239
27674 2 43150 9798
27675 1 17993
27676 1 24875
27677 2 32108 45987
27678 1 28211
27679 0
27680 1 11083
27681 1 12975
27682 1 46269
27683 3 17395 8647 40615
27684 2 28779 11080
27685 3 3510 47332 13220
27686 1 40341
27687 0
27688 1 20488
27689 3 9482 32466 1233
27690 2 25111 23676
27691 2 1395 37348
27692 0
27693 2 49509 21963
27694 3 11491 39227 18264
27695 5 49694 23354 37248 1233 18514
27696 2 4092 24585
27697 2 49550 9630
27698 5 38315 34375 32950 18472 3039
27699 1 36813
27700 1 3868
27701 3 3749 9645 1739
27702 0
27703 5 36078 16413 45375 15839 45415
27704 4 36144 9511 45365 42048
27705 1 43905
27706 1 23318
27707 1 41279
27708 5 45115 14025 11662 19027 25653
27709 2 14225 18317
27710 1 31424
27711 2 7338 42545
27712 0
27713 2 16108 7483
27714 3 19166 46479 20741
27715 4 42267 31031 28982 34401
27716 1 26113
27717 1 41822
27718 2 18371 11125
27719 1 28248
27720 2 12149 33572
27721 1 19939
27722 2 30860 42977
27723 2 11744 34253
27724 5 30010 28059 41017 28579 26858
27725 2 41345 22879
27726 2 49060 48684
27727 1 27116
27728 2 27207 49389
27729 4 15827 29450 40275 20976
27730 1 1349
27731 2 1808 8713
27732 0
27733 3 1674 37226 25629
27734 2 31372 24765
27735 3 33078 18670 46080
27736 3 30585 37373 25964
27737 2 9315 39246
27738 3 29786 42572 22922
27739 2 5090 12596
27740 1 35303
27741 2 26213 6749
27742 1 27146
27743 0
27744 2 36587 22797
27745 3 21105 17145 23509
27746 3 47103 37242 27716
27747 1 37277
27748 0
27749 2 27798 45975
27750 0
27751 5 5621 31738 29873 47930 27782
27752 4 11195 3008 18325 41107
27753 1 41477
27754 3 7462 37625 5492
27755 1 23110
27756 2 38498 19021
27757 3 48855 32144 38024
27758 0
27759 1 22767
27760 3 26033 1361 47743
27761 0
27762 0
27763 8 18511 36609 927 42708 49251 26249 37858 44770
27764 2 291 16659
27765 2 2549 27799
27766 1 21087
27767 2 37845 42475
27768 1 43380
27769 3 19376 1664 37102
27770 1 44729
27771 1 31607
27772 2 46885 6067
27773 2 13498 40502
27774 1 3989
27775 2 47017 29536
27776 0
27777 2 34270 8951
27778 4 31904 8373 44146 34910
27779 2 8162 44295
27780 4 47985 10712 44421 14306
27781 2 29831 18965
27782 0
27783 1 30103
27784 3 17504 43530 15140
27785 1 33403
27786 0
27787 2 2151 25558
27788 3 42435 8153 18452
27789 0
27790 3 4773 37695 18500
27791 0
27792 0
27793 0
27794 1 23533
27795 3 73 4607 31601
27796 5 30629 37809 10427 18238 33269
27797 1 20899
27798 2 40379 43851
27799 2 22857 16439
27800 5 45063 41685 37843 28270 49894
27801 1 14392
27802 0
27803 2 30361 10258
27804 1 46117
27805 4 12753 18697 33243 23626
27806 2 39572 40152
27807 0
27808 4 45347 36223 15791 48053
27809 2 49423 28837
27810 1 6098
27811 0
27812 2 46190 44935
27813 3 40971 29636 25703
27814 4 39568 15887 45987 24760
27815 0
27816 2 5183 21807
27817 4 8814 39531 30382 46218
27818 2 21732 34656
27819 0
27820 2 48439 12021
27821 0
27822 2 34761 7838
27823 4 35274 45601 48331 45458
27824 4 32355 9481 366 37247
27825 4 40320 36024 31251 43851
27826 6 17704 46153 48569 34617 30323 42405
27827 0
27828 0
27829 1 26498
27830 0
27831 1 43999
27832 3 34315 13990 5275
27833 2 24118 44570
27834 3 20656 30705 17057
27835 2 35222 39677
27836 1 42793
27837 2 2588 34334
27838 2 38810 9945
27839 1 29434
27840 2 39245 24357
27841 1 24252
27842 1 16203
27843 1 41156
27844 1 24432
27845 4 19707 18850 1517 26387
27846 2 4477 16184
27847 0
27848 1 44194
27849 4 33565 27429 11837 27593
27850 0
27851 1 14821
27852 1 37190
27853 1 40253
27854 1 6202
27855 2 42029 28405
27856 5 38937 34540 42127 5905 27446
27857 4 25157 9922 39698 25137
27858 1 9044
27859 2 1634 11179
27860 0
27861 2 39132 1045
27862 2 18131 29721
27863 1 21045
27864 4 43697 43262 43535 25935
27865 3 22607 34496 43755
27866 2 16365 35841
27867 2 29456 22350
27868 1 21925
27869 1 40134
27870 1 10445
27871 1 15650
27872 1 38749
27873 3 12854 41007 45789
27874 2 33947 36482
27875 1 28274
27876 3 18525 19842 42242
27877 2 13211 36679
27878 3 2517 364 12338
27879 1 41459
27880 2 13554 24410
27881 3 14946 14415 2256
27882 5 5493 10654 46146 33425 34727
27883 3 17764 36526 23396
27884 3 36183 5528 11629
27885 2 42391 46752
27886 1 46450
27887 2 22413 14886
27888 2 28550 44870
27889 0
27890 2 5185 20982
27891 2 21041 32528
27892 4 3101 25106 33722 20339
27893 2 19417 11577
27894 1 18031
27895 1 6814
27896 0
27897 1 4159
27898 4 7558 29235 17599 26941
27899 3 43369 17977 46985
27900 4 43268 17915 37150 6361
27901 2 45415 6888
27902 1 32107
27903 2 6882 45494
27904 1 32997
27905 1 23144
27906 2 43350 9849
27907 1 2961
27908 2 24303 38592
27909 2 48973 30474
27910 2 43573 37102
27911 3 23477 35980 6481
27912 2 48655 2215
27913 5 41082 28399 21582 35191 14081
27914 3 15991 39000 10370
27915 3 49513 46437 40625
27916 4 21881 22971 41498 32727
27917 3 43869 44471 4775
27918 0
27919 3 4514 49333 4108
27920 2 26402 48125
27921 0
27922 4 4909 43808 3764 28608
27923 1 45283
27924 3 30048 6000 25121
27925 4 28248 1868 33287 18249
27926 2 5385 15847
27927 3 18616 36013 40790
27928 1 19406
27929 5 46785 43615 10589 5125 33562
27930 2 10615 9321
27931 1 30523
27932 2 20920 11906
27933 1 48211
27934 4 7483 18461 47871 23729
27935 2 16491 42297
27936 1 24308
27937 2 11255 47606
27938 4 30848 37733 30665 35744
27939 3 41163 21240 3031
27940 0
27941 6 34568 46693 21780 14399 40540 32377
27942 2 40966 31872
27943 2 48528 960
27944 4 19038 17369 14250 39661
27945 2 36187 10641
27946 2 1189 10911
27947 2 8372 31812
27948 2 15908 42801
27949 3 35892 270 28261
27950 1 10301
27951 0
27952 0
27953 3 44879 13063 25120
27954 2 35518 15306
27955 3 5617 4390 46014
27956 2 18345 31276
27957 1 15208
27958 5 44273 39860 17992 39938 6479
27959 3 36293 26282 10833
27960 2 46916 39529
27961 1 44276
27962 1 39055
27963 4 33903 41689 35153 14218
27964 3 27430 529 613
27965 3 23608 10069 13451
27966 4 5510 43830 48544 39257
27967 1 8366
27968 3 29956 36596 25337
27969 2 19874 22946
27970 1 2787
27971 0
27972 6 14933 6855 29345 2257 47139 40604
27973 1 5341
27974 3 17320 27650 20944
27975 3 23037 24149 18607
27976 3 10806 21101 6505
27977 0
27978 3 8535 26844 12209
27979 1 13846
27980 2 9682 49918
27981 1 25804
27982 2 43449 20549
27983 2 21218 12565
27984 1 32386
27985 2 12874 42341
27986 1 28090
27987 1 16911
27988 2 16541 8830
27989 0
27990 1 1806
27991 1 25639
27992 1 14753
27993 1 28184
27994 3 8775 32204 48791
27995 2 49073 32892
27996 4 22327 30138 44451 28010
27997 1 40734
27998 2 47528 22585
27999 1 30916
28000 1 33148
28001 1 20669
28002 1 16337
28003 2 27264 18888
28004 2 37011 24132
28005 2 26396 25392
28006 0
28007 2 6563 561
28008 4 36268 1162 32977 34122
28009 2 49814 25563
28010 1 11170
28011 2 44289 14219
28012 2 42934 6567
28013 5 6145 9897 24340 8175 41723
28014 3 2955 25395 16481
28015 4 21978 32790 22778 5290
28016 1 19815
28017 1 1785
28018 0
28019 4 19394 38311 4332 42740
28020 0
28021 2 36928 13555
28022 2 48190 19442
28023 1 19330
28024 1 28779
28025 2 39132 49249
28026 4 7035 26489 20574 31918
28027 1 3245
28028 1 49131
28029 2 6601 45569
28030 2 48070 9495
28031 1 20377
28032 3 9717 42881 44810
28033 1 7411
28034 4 33123 49021 30242 16764
28035 2 35002 49708
28036 4 39315 31298 27585 49890
28037 2 21213 15795
28038 0
28039 1 1569
28040 1 9640
28041 0
28042 4 46431 27600 22878 23249
28043 3 29162 15475 40500
28044 1 3562
28045 2 27444 12226
28046 1 35713
28047 2 1020 35232
28048 4 18575 12259 49659 9764
28049 4 6387 11887 41500 9210
28050 4 28771 26740 25221 21055
28051 3 5362 6073 49765
28052 0
28053 2 35189 6726
28054 5 13567 25237 3042 46895 28074
28055 2 18263 47916
28056 3 19934 48726 34244
28057 4 11402 1008 35993 19261
28058 1 8851
28059 2 33526 32136
28060 1 44120
28061 3 40492 20095 7962
28062 2 8912 5977
28063 1 19990
28064 2 35142 22040
28065 1 40728
28066 1 26962
28067 1 45912
28068 2 25766 1999
28069 3 613 44367 32114
28070 1 37539
28071 2 985 49487
28072 2 28592 8334
28073 5 2355 48261 11968 3197 30390
28074 3 19887 9318 21788
28075 4 15998 35399 27843 45803
28076 3 1293 8567 12385
28077 1 16707
28078 2 38049 49949
28079 1 29188
28080 0
28081 0
28082 5 47688 47719 41910 11309 19610
28083 3 41768 2668 24780
28084 3 14326 5089 38265
28085 6 32171 14340 33316 26564 38957 38844
28086 2 13079 18052
28087 3 43447 43613 44997
28088 6 24653 32814 29283 22227 1566 31099
28089 0
28090 1 19203
28091 2 28804 14172
28092 3 8533 4739 25213
28093 3 21228 27763 16586
28094 2 40009 21487
28095 1 44655
28096 2 47749 19927
28097 0
28098 1 35337
28099 1 36548
28100 1 16828
28101 0
28102 1 48848
28103 2 49659 553
28104 1 19839
28105 2 3194 7055
28106 2 31365 10665
28107 2 26364 17931
28108 1 11123
28109 0
28110 1 11355
28111 3 5758 29529 21050
28112 2 39662 40840
28113 1 26240
28114 2 29721 21005
28115 4 36073 21222 47495 43313
28116 0
28117 1 27481
28118 5 46686 26559 5812 37538 45748
28119 1 20436
28120 1 14747
28121 0
28122 1 38020
28123 4 40407 8352 25891 25428
28124 0
28125 3 18349 6372 40853
28126 0
28127 3 5597 44411 16892
28128 1 10385
28129 3 49955 3271 17929
28130 1 38730
28131 2 43327 32196
28132 2 17378 25703
28133 2 13631 17280
28134 3 35217 18030 43827
28135 1 48229
28136 1 15743
28137 1 3927
28138 1 36716
28139 1 49750
28140 1 14661
28141 2 41343 8275
28142 3 16069 46278 44961
28143 1 47158
28144 2 10956 5662
28145 2 4837 14411
28146 2 23967 17844
28147 1 38888
28148 3 22361 11432 12430
28149 2 44676 13051
28150 3 26270 8194 118
28151 2 1111 44776
28152 4 48369 41460 34173 48451
28153 0
28154 3 23202 45313 13873
28155 1 30724
28156 3 9852 18053 9804
28157 0
28158 3 28366 4728 49592
28159 2 791 44634
28160 0
28161 4 4009 17604 16387 44423
28162 1 1888
28163 3 34919 1693 25511
28164 1 6410
28165 2 10208 27553
28166 0
28167 3 47265 6114 38312
28168 1 36435
28169 0
28170 2 49375 25713
28171 1 48326
28172 2 24615 28691
28173 2 6197 31705
28174 1 6513
28175 0
28176 2 46531 5081
28177 2 7781 20328
28178 5 13438 12359 49326 4559 6954
28179 3 26561 12198 13712
28180 3 17538 11813 6579
28181 0
28182 2 38075 33761
28183 2 1014 28463
28184 2 12149 37415
28185 4 12264 13779 28819 45070
28186 2 7453 16906
28187 3 16969 26020 23918
28188 2 34280 8136
28189 3 29909 14433 21942
28190 3 29023 46093 4923
28191 4 19628 25367 6758 24970
28192 0
28193 3 2179 29401 8162
28194 2 19809 49573
28195 3 32897 18779 33784
28196 2 32558 44317
28197 2 42599 11373
28198 2 21379 22604
28199 2 27629 42829
28200 1 27719
28201 1 1804
28202 4 22052 30850 13278 16466
28203 0
28204 0
28205 2 39822 37999
28206 6 31081 38551 15327 38348 37336 30841
28207 0
28208 1 23368
28209 2 32588 14801
28210 3 38247 29464 16933
28211 1 27084
28212 3 33784 46833 45424
28213 2 16983 26051
28214 2 30141 33407
28215 1 6603
28216 1 42003
28217 1 40215
28218 3 13025 24544 11224
28219 0
28220 3 20711 11129 24493
28221 2 33515 352
28222 2 23946 10541
28223 3 29773 21369 36030
28224 0
28225 2 26575 16439
28226 1 14310
28227 2 17650 22019
28228 2 7022 3468
28229 2 28334 16602
28230 1 48294
28231 1 352
28232 2 4085 3440
28233 1 14858
28234 6 5260 17924 36564 42866 28332 29826
28235 2 16501 35791
28236 6 14524 3840 27639 13579 29009 14370
28237 1 37473
28238 2 14176 7492
28239 1 49975
28240 2 9874 1364
28241 0
28242 2 21396 48027
28243 1 44986
28244 1 38064
28245 2 47730 20500
28246 7 32882 19858 38817 16875 37264 28390 4378
28247 3 36805 26336 33061
28248 2 36941 43248
28249 1 4302
28250 2 656 33000
28251 1 36057
28252 1 20024
28253 1 47843
28254 6 45082 38622 20849 47025 21027 6409
28255 1 41012
28256 3 41675 37629 46250
28257 2 13208 26922
28258 1 48520
28259 2 23147 48582
28260 1 8240
28261 3 34352 47709 29995
28262 1 44970
28263 3 39984 17069 9902
28264 2 4859 24744
28265 3 41557 40897 41007
28266 3 45104 49308 34966
28267 5 24528 721 1719 47143 46708
28268 2 28995 42049
28269 2 21420 26176
28270 1 9012
28271 1 16858
28272 3 39930 16773 10480
28273 5 33163 13483 32050 10160 41530
28274 0
28275 3 47381 30376 28882
28276 1 2006
28277 4 27511 30100 30629 8825
28278 1 40468
28279 3 17372 15869 8923
28280 2 43651 27538
28281 4 1633 2285 31956 19029
28282 1 38317
28283 1 31861
28284 5 37452 14280 29028 46174 23791
28285 4 3596 1763 30886 11245
28286 4 11440 25099 1242 25690
28287 1 33091
28288 0
28289 1 12289
28290 2 36949 24843
28291 1 14355
28292 1 4041
28293 1 35023
28294 1 8340
28295 3 5915 3562 12184
28296 2 47421 39431
28297 1 30315
28298 3 30406 3482 18126
28299 5 33366 19843 31071 40321 11034
28300 0
28301 3 27792 23391 38983
28302 3 4449 27980 49413
28303 2 2686 45659
28304 0
28305 4 48245 23317 12267 42817
28306 4 46262 960 1302 16722
28307 2 48088 48066
28308 2 29718 1902
28309 0
28310 1 12323
28311 1 18158
28312 3 10180 9149 35502
28313 1 937
28314 1 20399
28315 3 2391 3883 41203
28316 0
28317 2 35373 34147
28318 4 32200 21523 23875 35778
28319 1 12639
28320 1 22005
28321 2 22707 18438
28322 3 3981 1410 47444
28323 2 12861 34819
28324 0
28325 5 4621 36863 14754 36006 9919
28326 2 17834 16529
28327 3 21155 13173 1653
28328 1 31204
28329 5 33718 24986 40191 41395 35248
28330 3 45015 36327 13317
28331 3 27106 14439 44273
28332 3 9126 1344 23786
28333 0
28334 4 38942 16636 43307 14878
28335 4 9403 17903 40776 487
28336 3 33501 24682 15122
28337 1 28549
28338 2 37034 20693
28339 0
28340 0
28341 2 35574 31113
28342 2 2605 45389
28343 3 30641 1276 49339
28344 1 1268
28345 1 49889
28346 1 17443
28347 0
28348 3 27985 41547 39129
28349 1 27094
28350 6 23166 1283 30795 36238 40970 39440
28351 3 25867 7272 46053
28352 2 26746 35327
28353 4 24891 17424 44318 13803
28354 1 26941
28355 3 7446 28313 37493
28356 1 24725
28357 3 28272 34408 17627
28358 0
28359 2 11378 49316
28360 1 34714
28361 1 25808
28362 4 33323 46067 542 8011
28363 1 5325
28364 0
28365 0
28366 0
28367 1 16916
28368 2 24400 2263
28369 0
28370 2 11664 12574
28371 1 40121
28372 2 25265 18255
28373 3 10726 10608 44631
28374 6 32436 46869 28581 28499 30727 25237
28375 3 9828 48577 17960
28376 2 13000 19679
28377 1 15224
28378 1 30410
28379 4 37318 4840 22810 7461
28380 1 37977
28381 2 2824 26147
28382 2 17235 35254
28383 1 8521
28384 1 28607
28385 1 5683
28386 3 37869 26327 17700
28387 2 49145 39748
28388 2 27895 20019
28389 1 45002
28390 4 13889 36506 47741 13407
28391 3 46533 21514 27093
28392 1 28735
28393 3 45141 7966 20726
28394 1 48108
28395 2 29954 12030
28396 3 6708 34646 14078
28397 3 4629 39655 23426
28398 1 40103
28399 1 1027
28400 1 26792
28401 1 16245
28402 5 35102 25638 18912 28229 20158
28403 2 30218 975
28404 3 43630 13963 48013
28405 2 9311 48616
28406 3 3341 31178 22284
28407 3 9039 32606 28966
28408 1 27204
28409 2 32440 28883
28410 1 29570
28411 3 12418 3037 27677
28412 1 19159
28413 3 48643 40020 46480
28414 1 4923
28415 1 18757
28416 1 30802
28417 1 40731
28418 4 47206 38076 23512 35043
28419 3 31310 27700 15135
28420 2 26133 16457
28421 1 27463
28422 0
28423 1 17315
28424 1 47180
28425 0
28426 2 7750 32552
28427 4 20632 46863 25087 22660
28428 2 37971 22110
28429 3 15773 38484 41942
28430 2 26049 17103
28431 1 76
28432 0
28433 3 44381 30191 44722
28434 2 21629 32938
28435 0
28436 4 46248 19638 37753 19470
28437 1 40997
28438 1 5064
28439 1 30829
28440 2 6015 43503
28441 1 31111
28442 3 41108 19542 40589
28443 2 46 21521
28444 2 12295 3133
28445 2 3747 27528
28446 0
28447 2 683 48770
28448 2 23500 16892
28449 5 49171 1148 1297 32619 38696
28450 1 8159
28451 4 23573 2572 7423 33850
28452 2 11868 40932
28453 2 16338 17274
28454 1 38026
28455 4 29729 4559 25413 28687
28456 3 3040 37882 30493
28457 2 24299 8312
28458 4 40130 16246 46832 14358
28459 4 2309 16142 26808 17260
28460 2 28605 29055
28461 6 19300 45572 15641 19229 16241 17630
28462 2 49042 27295
28463 1 34733
28464 2 43399 49482
28465 2 48366 7117
28466 2 47736 27520
28467 1 48741
28468 2 29559 32199
28469 6 25866 18413 23508 1804 32502 12466
28470 1 40899
28471 3 39284 13624 18769
28472 2 38467 26267
28473 3 14951 26629 30247
28474 3 22518 24300 6749
28475 2 25645 27851
28476 2 30213 41295
28477 1 46007
28478 2 7266 9059
28479 3 33855 17523 47002
28480 3 19073 26381 22891
28481 1 24119
28482 1 41716
28483 2 43362 42185
28484 3 7558 35355 25542
28485 3 40541 15076 43481
28486 3 8041 4398 7005
28487 1 5336
28488 3 31782 21828 31337
28489 1 11217
28490 3 34842 34349 27739
28491 3 5511 2396 31155
28492 1 48440
28493 1 32852
28494 2 40599 18026
28495 1 11853
28496 1 32290
28497 1 1914
28498 1 20173
28499 3 46867 16903 10218
28500 0
28501 1 401
28502 3 24442 17818 34819
28503 2 4365 44386
28504 1 26667
28505 2 6688 36683
28506 5 25481 4848 12397 44330 35622
28507 4 22367 8626 1841 33898
28508 4 28632 23214 48099 43251
28509 4 31484 35010 28577 9031
28510 1 46489
28511 4 15809 36509 25688 20051
28512 2 20661 24620
28513 1 22199
28514 2 33087 26495
28515 3 14192 22725 21298
28516 2 25690 19976
28517 1 20588
28518 3 970 15578 48573
28519 1 33185
28520 1 16448
28521 0
28522 2 20627 8878
28523 2 34336 33497
28524 2 40473 4003
28525 2 21579 8471
28526 1 1867
28527 3 21355 19672 49887
28528 0
28529 2 31284 42884
28530 1 40712
28531 2 5399 6171
28532 3 8223 32012 19841
28533 1 30962
28534 0
28535 2 34322 3666
28536 3 283 9598 19206
28537 0
28538 3 10238 25395 1383
28539 2 37982 6574
28540 3 18041 31263 43601
28541 1 42045
28542 2 10084 15313
28543 2 20306 13997
28544 2 35536 44855
28545 0
28546 3 31655 5655 34061
28547 1 14529
28548 2 4652 40048
28549 2 2724 25950
28550 1 44828
28551 3 27121 44757 2974
28552 1 45416
28553 6 27744 45318 30351 25203 15165 24749
28554 1 48417
28555 2 35674 16125
28556 1 19803
28557 3 24379 27007 16035
28558 3 3051 34668 35092
28559 0
28560 5 10838 7112 35950 37687 26650
28561 1 33932
28562 1 46069
28563 3 10476 19757 23056
28564 1 22212
28565 3 40871 9372 29039
28566 1 7457
28567 2 47439 47189
28568 1 20779
28569 3 14614 43005 27712
28570 1 28851
28571 4 10895 34283 26212 8950
28572 0
28573 1 49290
28574 0
28575 0
28576 2 25068 10457
28577 3 18859 19642 11917
28578 1 4800
28579 1 2582
28580 1 33811
28581 2 29033 48905
28582 3 9085 5015 15446
28583 1 42290
28584 4 22560 35210 32639 18713
28585 2 30339 30833
28586 3 22951 12480 75
28587 3 39447 10938 19367
28588 3 33032 6604 20459
28589 2 25870 742
28590 1 22992
28591 1 45859
28592 3 44555 43257 7887
28593 3 20517 34384 41470
28594 4 44072 48562 41762 42132
28595 2 2819 31607
28596 2 23021 48764
28597 3 488 32666 27031
28598 3 29204 36314 37887
28599 2 153 36386
28600 1 32180
28601 2 24100 37403
28602 4 41946 24823 37207 11888
28603 1 18269
28604 3 47794 10447 17015
28605 1 46655
28606 0
28607 2 6551 43752
28608 1 49165
28609 2 27128 20553
28610 1 14011
28611 3 7845 10082 49594
28612 1 26384
28613 2 7385 33138
28614 5 34475 10841 8211 11660 30541
28615 0
28616 1 3830
28617 2 47829 17969
28618 0
28619 2 3031 18941
28620 2 2460 13364
28621 2 12544 31026
28622 2 6610 3491
28623 2 39181 45208
28624 2 311 14615
28625 2 36001 11349
28626 2 17218 18517
28627 0
28628 4 7575 38633 46236 49729
28629 3 9916 20050 20840
28630 2 7793 35089
28631 0
28632 0
28633 3 19589 37565 43813
28634 2 25469 9295
28635 2 24873 13731
28636 2 29781 41394
28637 3 29272 42729 2094
28638 1 47907
28639 1 12402
28640 2 48900 45223
28641 2 20990 16365
28642 3 16572 34481 14222
28643 2 1239 45950
28644 3 46313 20667 25393
28645 3 27072 1852 22704
28646 3 5843 14722 31380
28647 1 1168
28648 4 41252 9663 25222 43222
28649 1 19832
28650 0
28651 3 26363 35930 31206
28652 2 1870 34905
28653 3 34440 45057 37801
28654 3 24928 21721 48351
28655 7 27764 7764 47662 42947 28430 33856 41569
28656 3 14074 31405 39009
28657 1 6029
28658 1 43183
28659 1 8382
28660 1 25824
28661 2 44654 2624
28662 2 5994 23433
28663 2 16470 30171
28664 2 45585 47465
28665 4 48132 45636 21861 32035
28666 2 15108 20896
28667 2 20997 49986
28668 3 35239 32867 5155
28669 5 40221 18802 29990 9256 46873
28670 2 24941 43865
28671 1 8449
28672 3 23379 39099 7862
28673 3 45908 19933 12665
28674 0
28675 1 17512
28676 3 24478 5013 48251
28677 3 27982 20197 45703
28678 1 40289
28679 3 13727 44568 41755
28680 2 7341 49480
28681 1 30102
28682 1 483
28683 1 27868
28684 1 17387
28685 1 5607
28686 1 8859
28687 3 25305 33857 22260
28688 4 35899 43628 32900 8109
28689 1 47147
28690 2 19614 35395
28691 2 38409 14538
28692 1 29962
28693 4 21650 8978 2939 23043
28694 2 40195 18852
28695 2 25645 17585
28696 4 30981 43531 48711 10544
28697 0
28698 3 37522 32902 16729
28699 0
28700 0
28701 1 22473
28702 1 16799
28703 3 9093 42254 36239
28704 3 2380 23291 5898
28705 2 13433 19666
28706 1 13316
28707 1 48757
28708 1 41270
28709 0
28710 1 19169
28711 0
28712 2 47925 37378
28713 0
28714 3 21883 5158 37661
28715 2 1483 40578
28716 2 37960 1485
28717 3 9783 5095 19052
28718 3 43072 30404 2794
28719 4 42135 31335 21016 21568
28720 3 14932 5662 31118
28721 1 37461
28722 2 31363 5886
28723 1 38581
28724 6 34562 46852 35435 45825 47739 36171
28725 3 20056 10033 36956
28726 2 27983 47042
28727 1 37284
28728 0
28729 0
28730 0
28731 1 37188
28732 3 28687 45456 26402
28733 2 13674 3368
28734 5 23919 18223 2931 31485 4995
28735 2 37225 41244
28736 2 19189 19236
28737 3 17040 25394 40402
28738 0
28739 3 21745 21270 41931
28740 4 14163 37195 33961 3503
28741 1 15132
28742 2 23359 41546
28743 0
28744 3 43578 6820 33228
28745 2 5654 40680
28746 4 28521 30011 13618 3522
28747 2 29800 30734
28748 1 25419
28749 1 34674
28750 2 29107 48005
28751 1 31017
28752 2 33950 18433
28753 5 16813 39437 46571 10827 26221
28754 2 29588 21426
28755 4 22210 13186 41760 35293
28756 3 43207 32784 34725
28757 6 13191 34910 24934 24426 42151 18543
28758 4 38250 47492 43466 49408
28759 1 26605
28760 4 29170 32031 46957 7223
28761 2 1792 40027
28762 2 3393 35504
28763 3 35413 12047 34988
28764 3 17496 19501 45615
28765 2 27617 38903
28766 6 11246 36316 6036 46350 18598 46697
28767 3 35921 4061 33786
28768 6 41073 33629 11625 32280 48435 19743
28769 1 12759
28770 1 6405
28771 0
28772 5 27496 26614 27460 30850 15096
28773 3 3707 17803 29792
28774 1 21036
28775 1 7839
28776 0
28777 2 6998 16825
28778 1 3190
28779 4 13817 39581 7578 20809
28780 0
28781 1 10797
28782 2 23368 25406
28783 5 44735 2818 4232 17800 12439
28784 6 33361 13562 17457 27745 14251 33015
28785 3 6399 5777 32382
28786 2 26018 12915
28787 2 18313 9269
28788 4 7635 3773 34055 19885
28789 1 6044
28790 4 9490 17805 28429 38554
28791 3 17395 5699 516
28792 0
28793 1 1383
28794 3 39664 41896 24651
28795 3 44297 9482 47023
28796 2 49043 49229
28797 0
28798 1 12681
28799 1 3006
28800 4 9927 42126 29704 5562
28801 4 39181 39278 10870 35718
28802 2 28102 749
28803 2 45435 34866
28804 4 19767 12995 14986 5943
28805 3 18034 10082 17596
28806 2 10054 24954
28807 4 927 34053 19040 16222
28808 2 18775 26288
28809 2 42386 21865
28810 1 20147
28811 4 44332 24689 5211 41764
28812 2 1713 33547
28813 1 10530
28814 3 40132 23335 37579
28815 1 14502
28816 4 48380 2784 39049 4590
28817 1 4732
28818 1 24420
28819 4 34461 20514 48117 31954
28820 1 49470
28821 2 6602 20798
28822 3 11303 24533 24295
28823 1 11908
28824 4 38920 5448 40095 25159
28825 4 35925 23110 28003 602
28826 3 8633 24656 41599
28827 2 43018 36028
28828 1 29719
28829 3 12873 36571 38788
28830 2 15703 37546
28831 3 10293 12952 44542
28832 0
28833 3 49464 35622 13729
28834 1 4828
28835 5 47077 22422 44845 20994 33144
28836 1 30990
28837 2 26527 17483
28838 1 13657
28839 0
28840 0
28841 1 41389
28842 2 47946 48623
28843 0
28844 0
28845 4 37175 25947 44296 9322
28846 8 30071 28228 26198 36039 9462 15852 21818 28236
28847 1 1320
28848 1 2652
28849 1 3205
28850 1 44742
28851 2 29036 9546
28852 2 11744 2964
28853 0
28854 2 28786 8523
28855 1 7466
28856 4 38241 4357 38721 6895
28857 4 23793 11933 12989 42818
28858 4 42239 49441 19317 28058
28859 1 32576
28860 0
28861 2 9630 45710
28862 4 39809 31696 43101 36831
28863 0
28864 2 37789 28316
28865 3 47191 19378 10413
28866 4 12430 29359 34957 32318
28867 1 21699
28868 0
28869 1 27261
28870 0
28871 1 18549
28872 0
28873 3 28671 46369 43615
28874 1 29838
28875 2 4721 43827
28876 3 33494 45800 16489
28877 2 39221 15641
28878 2 10047 25977
28879 3 46914 27242 29184
28880 0
28881 0
28882 0
28883 3 49630 46002 27530
28884 2 23379 35643
28885 2 7722 47611
28886 1 32707
28887 3 18593 13755 12119
28888 2 18755 43436
28889 2 7354 44099
28890 0
28891 2 15359 611
28892 4 13057 19854 31091 23500
28893 1 10928
28894 3 34854 45527 42110
28895 0
28896 2 43016 10252
28897 0
28898 1 35039
28899 1 34192
28900 3 11911 48633 20362
28901 1 40439
28902 1 31424
28903 2 19326 7214
28904 0
28905 0
28906 3 30273 15542 24897
28907 2 3113 19038
28908 4 9280 626 38552 43282
28909 2 3549 47138
28910 2 49514 38705
28911 2 34547 4984
28912 5 34463 7984 11284 16878 31008
28913 1 26489
28914 1 30500
28915 2 41608 28680
28916 5 25808 321 37744 32868 12724
28917 3 17759 5032 41330
28918 1 35496
28919 0
28920 3 22533 25465 20686
28921 1 17725
28922 2 20144 21342
28923 1 18927
28924 3 35409 35730 7235
28925 4 3529 7832 29106 34308
28926 2 14499 38303
28927 3 20493 25766 1246
28928 1 2932
28929 3 31130 49929 20918
28930 1 23409
28931 1 28843
28932 2 10611 21268
28933 2 31480 25597
28934 4 22067 1998 35346 12684
28935 1 4464
28936 3 27158 19105 12653
28937 2 4335 49692
28938 2 47761 33979
28939 3 12527 35479 21714
28940 0
28941 2 133 48114
28942 2 35418 9839
28943 6 21116 17282 6266 46187 22431 37270
28944 3 7596 41811 44617
28945 1 20617
28946 4 2394 30153 4228 24414
28947 3 3696 13552 32970
28948 2 19595 12953
28949 0
28950 5 48242 23305 28703 40729 30397
28951 3 14319 45368 41039
28952 2 2889 2945
28953 4 7470 540 43144 27828
28954 0
28955 2 25520 15321
28956 3 26289 45854 19090
28957 4 13367 26996 14636 6139
28958 1 23988
28959 2 27286 2357
28960 3 1382 31994 39047
28961 3 41730 2457 33773
28962 4 32539 42388 30102 39065
28963 0
28964 2 46989 23065
28965 0
28966 1 21077
28967 0
28968 2 45991 34230
28969 2 11890 22689
28970 1 28924
28971 2 21689 45968
28972 3 41044 36042 27902
28973 1 11449
28974 2 29627 26039
28975 1 31015
28976 3 46119 48059 35495
28977 1 11367
28978 1 3495
28979 4 1597 79 37447 24141
28980 1 29582
28981 1 32857
28982 2 46773 19118
28983 2 31771 6612
28984 3 7488 24752 181
28985 1 11888
28986 1 35727
28987 2 60 36605
28988 1 29802
28989 4 47965 44895 5648 49923
28990 2 38191 22813
28991 4 23423 48433 40380 33044
28992 1 15465
28993 1 22344
28994 2 36094 24540
28995 2 16879 424
28996 3 29748 29350 2374
28997 0
28998 1 2762
28999 1 5238
29000 1 39779
29001 2 3863 2540
29002 0
29003 2 32110 23433
29004 2 2117 28780
29005 0
29006 1 4285
29007 5 24723 34208 520 22943 9169
29008 1 18165
29009 2 40139 17477
29010 1 46632
29011 1 40943
29012 3 32883 28499 40205
29013 1 11318
29014 0
29015 2 40898 5400
29016 0
29017 0
29018 0
29019 4 38730 28525 37795 48282
29020 3 32673 3650 10720
29021 3 24787 30929 27170
29022 2 31952 29137
29023 1 41597
29024 2 46257 45880
29025 1 23996
29026 2 14463 1294
29027 2 38051 20327
29028 1 21551
29029 2 34361 10127
29030 1 39698
29031 4 11566 21483 32105 7198
29032 2 14649 49715
29033 3 18275 28051 3437
29034 1 35569
29035 2 27800 36509
29036 1 25682
29037 2 43125 45189
29038 3 38374 31337 18348
29039 1 12973
29040 2 27272 39262
29041 4 19019 128 48152 21107
29042 0
29043 0
29044 4 21908 47492 15110 46876
29045 0
29046 3 22928 39287 35171
29047 0
29048 5 16965 45818 9718 48183 48463
29049 0
29050 1 38309
29051 2 18670 36398
29052 2 9293 46864
29053 0
29054 3 21099 47924 7986
29055 1 20033
29056 2 13524 10011
29057 2 44453 49775
29058 1 2074
29059 1 20455
29060 2 1337 28196
29061 3 19673 35934 3560
29062 2 39956 44260
29063 6 1205 46151 19803 46184 32113 25229
29064 4 6924 38018 44561 48079
29065 2 20554 29406
29066 4 36515 27789 49735 9384
29067 1 13850
29068 1 15393
29069 3 15078 37240 18836
29070 4 7621 1236 1271 31672
29071 2 21116 45118
29072 1 14371
29073 2 29375 28651
29074 0
29075 2 26571 29190
29076 4 11114 28172 37895 47068
29077 0
29078 2 27195 42617
29079 0
29080 3 11024 46411 22409
29081 1 41184
29082 0
29083 0
29084 3 34920 28286 47121
29085 4 30475 34205 45052 17592
29086 0
29087 4 44393 27791 43928 18544
29088 1 8211
29089 0
29090 0
29091 3 36394 38364 43077
29092 1 20713
29093 4 12735 7720 30555 90
29094 1 41235
29095 1 32191
29096 4 18480 27474 48900 24921
29097 1 38059
29098 1 49623
29099 0
29100 2 45346 16699
29101 0
29102 1 20386
29103 2 39520 30334
29104 5 15446 35301 47283 5104 35363
29105 1 28589
29106 2 4676 25529
29107 1 13225
29108 2 13777 4710
29109 6 2686 31229 32242 20699 32451 871
29110 3 47507 31216 15611
29111 6 49731 4236 1906 18239 6185 27986
29112 2 5458 27784
29113 1 46936
29114 1 45133
29115 3 4108 35055 34208
29116 2 34986 36043
29117 3 31074 6638 21160
29118 0
29119 5 23683 31024 47255 24464 21396
29120 0
29121 2 2147 6853
29122 3 25164 4996 31629
29123 1 7853
29124 2 9622 35058
29125 5 8942 37570 24237 36148 32405
29126 1 20349
29127 1 43557
29128 1 1534
29129 2 17495 14166
29130 0
29131 2 16278 24143
29132 0
29133 3 22410 30754 49778
29134 0
29135 1 11849
29136 1 13797
29137 3 7000 36389 36141
29138 0
29139 2 19252 18778
29140 0
29141 3 38266 41217 4615
29142 2 1976 22129
29143 5 49101 16777 42355 9238 5962
29144 3 13151 26688 3657
29145 0
29146 2 35954 31839
29147 3 30879 16813 13201
29148 1 35165
29149 1 45343
29150 5 3240 49071 46592 40976 37568
29151 1 28211
29152 2 39964 32844
29153 2 22733 46465
29154 2 25145 22709
29155 3 4233 34745 39185
29156 2 38337 2018
29157 2 40773 46403
29158 2 41578 41021
29159 3 40279 19893 15594
29160 2 23280 22056
29161 0
29162 3 14784 47473 21996
29163 4 20725 25025 43830 7790
29164 2 25030 3843
29165 3 20046 34879 25674
29166 2 4673 44370
29167 0
29168 0
29169 0
29170 4 14705 26660 31800 42417
29171 3 14618 38585 14411
29172 5 33584 6919 39071 13376 15820
29173 2 20506 32895
29174 0
29175 2 40337 35060
29176 2 34967 48716
29177 1 40330
29178 3 30935 9567 46606
29179 0
29180 4 26803 47175 27125 18656
29181 1 26394
29182 2 28863 13551
29183 5 1943 23922 42714 33151 19731
29184 0
29185 1 37583
29186 2 39533 39189
29187 2 43163 37430
29188 0
29189 0
29190 2 15040 10585
29191 1 28054
29192 5 25697 18849 6131 46290 15460
29193 1 16022
29194 2 9739 9892
29195 1 49932
29196 3 11524 42775 48918
29197 3 6687 17160 6610
29198 0
29199 1 30628
29200 4 30202 14323 41158 20589
29201 1 12782
29202 3 47208 22466 42382
29203 0
29204 2 36152 27564
29205 6 30849 12398 15736 29764 2876 24238
29206 2 48610 225
29207 1 20296
29208 2 30355 48805
29209 1 339
29210 2 37400 16929
29211 3 43197 37729 19635
29212 1 15518
29213 4 22128 14518 10980 8810
29214 3 36075 19088 30423
29215 1 37364
29216 2 43220 48516
29217 0
29218 2 13692 49299
29219 2 4921 26587
29220 0
29221 4 1085 29946 37383 46984
29222 1 12495
29223 1 38142
29224 4 10163 9826 7774 21154
29225 0
29226 3 32488 19688 9855
29227 4 8800 23710 30803 4643
29228 2 18271 6229
29229 1 5334
29230 2 8363 36683
29231 0
29232 3 6131 12380 22488
29233 1 45879
29234 3 34794 5396 46656
29235 0
29236 4 36840 44293 33216 49431
29237 1 18973
29238 1 10849
29239 5 38012 48250 35586 31818 9434
29240 6 33342 24138 45407 32090 24588 37180
29241 5 9849 35044 44368 12163 40981
29242 4 30885 36918 11111 18009
29243 2 43961 12337
29244 2 35500 9492
29245 1 26834
29246 2 9046 15799
29247 0
29248 2 34973 31905
29249 1 15616
29250 1 45144
29251 3 16897 49744 13240
29252 1 40308
29253 3 44981 15892 13178
29254 4 41375 38409 14482 43624
29255 4 34720 34693 40644 30773
29256 2 41497 31798
29257 3 7376 3823 16042
29258 0
29259 1 31897
29260 1 15588
29261 0
29262 3 40978 21142 14540
29263 1 10256
29264 1 32740
29265 1 37096
29266 2 14599 38008
29267 0
29268 3 1042 37375 14756
29269 2 17534 33699
29270 5 16725 43661 21782 12861 21258
29271 2 6419 27448
29272 3 31834 49917 25300
29273 1 42386
29274 0
29275 0
29276 0
29277 1 39860
29278 2 6810 18259
29279 3 35741 5521 20105
29280 2 37971 45013
29281 1 15098
29282 0
29283 4 29681 15350 4562 47090
29284 1 49582
29285 1 14696
29286 2 43193 41864
29287 4 29126 5275 2389 23050
29288 1 25426
29289 2 23138 34589
29290 2 31952 32695
29291 0
29292 1 32432
29293 1 11278
29294 3 16810 21445 39212
29295 2 11760 31519
29296 0
29297 1 34958
29298 5 29219 22408 2925 32595 40805
29299 1 38610
29300 2 43840 2180
29301 4 42308 49621 2238 40047
29302 0
29303 0
29304 3 9439 28611 11669
29305 2 11181 6274
29306 4 5342 41972 37679 17941
29307 3 12312 14442 48011
29308 3 9624 40199 35907
29309 3 33018 43959 22273
29310 2 9533 34044
29311 4 8511 43994 16136 23136
29312 0
29313 2 22846 14814
29314 3 43518 12730 17666
29315 3 7992 5315 35924
29316 1 5157
29317 1 10392
29318 2 25473 41488
29319 1 23361
29320 5 17561 9848 4195 44242 36303
29321 2 47107 6638
29322 1 5560
29323 1 34020
29324 0
29325 2 46402 23255
29326 0
29327 0
29328 0
29329 0
29330 2 38753 14892
29331 0
29332 3 40762 29387 8058
29333 3 38844 23419 23537
29334 2 33589 34548
29335 6 19663 6949 36630 16550 46396 19503
29336 1 30393
29337 1 17350
29338 0
29339 1 33484
29340 4 20117 38985 49014 14477
29341 1 6459
29342 0
29343 2 768 33143
29344 2 35609 42810
29345 1 18105
29346 1 21848
29347 0
29348 0
29349 3 4510 48331 17761
29350 2 1618 17666
29351 3 46906 18086 7207
29352 0
29353 2 20950 45710
29354 0
29355 5 7910 41523 48904 21200 7277
29356 2 17920 29873
29357 2 46684 41313
29358 0
29359 1 7351
29360 2 32609 40086
29361 4 29771 39206 12158 18455
29362 1 42830
29363 2 17743 40375
29364 1 742
29365 4 37385 7749 18336 35002
29366 3 6076 16073 41531
29367 3 28969 22990 47070
29368 2 29628 19118
29369 2 42139 41182
29370 0
29371 2 2505 24943
29372 4 32328 19011 37173 30663
29373 3 25964 24915 21756
29374 3 11550 10839 43549
29375 4 32695 48249 948 1929
29376 2 15690 44099
29377 0
29378 3 30510 16301 12208
29379 3 5774 43640 8807
29380 0
29381 3 44196 33033 17503
29382 0
29383 1 34523
29384 4 45960 3219 30849 46625
29385 5 48266 4215 31904 6869 1534
29386 4 24714 1963 44203 26029
29387 4 8059 19225 38398 13202
29388 0
29389 1 19291
29390 4 38727 21172 21124 46549
29391 2 27754 4036
29392 2 24425 25867
29393 3 24009 37546 35958
29394 0
29395 3 30385 31802 20654
29396 0
29397 2 19200 2360
29398 2 12792 44823
29399 6 32938 9536 1511 21647 18881 33249
29400 4 10830 30995 23155 14016
29401 1 20654
29402 4 13709 31080 44925 36217
29403 0
29404 1 40793
29405 2 21048 16814
29406 0
29407 1 43349
29408 6 23148 397 49866 46074 25037 37367
29409 2 12408 29332
29410 3 41819 5127 46907
29411 3 33149 28642 27432
29412 3 22104 32135 39966
29413 3 38794 842 31660
29414 5 25533 14682 48711 19547 8178
29415 5 8799 818 29604 4683 39562
29416 5 16181 14453 13550 2292 19327
29417 2 43619 11896
29418 1 11613
29419 3 3588 7465 8704
29420 4 44073 3271 16868 20223
29421 0
29422 1 25933
29423 4 44170 33848 5917 19067
29424 1 3726
29425 1 43832
29426 2 21780 28370
29427 0
29428 1 1790
29429 1 48358
29430 2 4306 1520
29431 1 43133
29432 2 15166 8377
29433 4 41492 19785 5054 47463
29434 1 3685
29435 1 48650
29436 1 23348
29437 2 25925 33504
29438 3 37249 17664 20365
29439 0
29440 3 12832 4070 42655
29441 3 25907 8777 3537
29442 1 37185
29443 1 28575
29444 3 22775 32054 10128
29445 0
29446 1 44620
29447 2 2859 26151
29448 2 12934 3945
29449 0
29450 0
29451 5 2349 19333 15565 35881 36353
29452 2 28584 45569
29453 2 45984 48297
29454 6 1564 31720 27431 33555 36175 1284
29455 3 31824 39068 9624
29456 4 36898 48833 7857 44424
29457 2 20885 26756
29458 1 32476
29459 1 49710
29460 2 26463 46371
29461 1 4457
29462 4 36309 13088 17962 1407
29463 2 32885 35390
29464 1 46615
29465 0
29466 4 11169 14845 16723 28348
29467 5 15547 44893 41587 31379 44311
29468 1 27442
29469 2 436 14332
29470 2 43329 30928
29471 3 35859 24441 14309
29472 1 26863
29473 0
29474 2 33912 35457
29475 4 15783 43730 4971 42559
29476 1 22863
29477 1 16776
29478 0
29479 0
29480 1 13460
29481 3 48846 28516 41403
29482 2 84 14303
29483 0
29484 1 42441
29485 3 19678 26043 12702
29486 2 44356 3415
29487 4 48978 45443 4053 22433
29488 4 45809 3078 14293 24819
29489 5 49966 21326 32788 40300 48510
29490 3 29808 46157 22663
29491 1 37485
29492 1 25531
29493 3 37409 29731 43164
29494 1 15024
29495 4 40616 38998 7856 13641
29496 5 14583 28154 141 928 19464
29497 2 46813 19378
29498 2 16146 41050
29499 1 15992
29500 3 25791 24184 18611
29501 2 21028 5053
29502 2 24052 26003
29503 2 12709 29401
29504 2 18989 12860
29505 1 32899
29506 4 49931 49573 46105 3731
29507 3 46627 19552 13594
29508 1 19058
29509 2 24527 32248
29510 2 29956 7057
29511 1 39167
29512 1 20178
29513 3 2746 32343 48801
29514 1 21793
29515 1 2578
29516 3 10410 49871 25369
29517 0
29518 4 20782 15443 31683 44881
29519 0
29520 1 18259
29521 3 23800 23495 46895
29522 0
29523 3 2355 14649 35424
29524 2 36988 28028
29525 2 30478 43962
29526 2 6354 46855
29527 2 140 14479
29528 1 13361
29529 1 25096
29530 2 40690 17370
29531 1 40727
29532 3 7274 11372 27490
29533 2 23321 5752
29534 3 23762 33244 44630
29535 0
29536 3 28787 6947 43592
29537 0
29538 0
29539 0
29540 1 41387
29541 4 33667 44047 23755 9856
29542 6 31134 8236 34266 6995 16084 19761
29543 4 18434 9194 30758 20812
29544 3 48903 19066 8602
29545 1 8900
29546 1 17071
29547 1 21394
29548 1 18110
29549 0
29550 3 38041 17000 35391
29551 5 35151 5703 4707 9776 11578
29552 4 33876 36555 28693 41606
29553 0
29554 2 30870 5784
29555 6 20143 5862 30191 1496 22553 8164
29556 2 49298 4910
29557 1 38962
29558 5 42844 32264 5938 5974 49196
29559 3 33704 26560 2947
29560 0
29561 0
29562 6 45074 25097 23115 21695 23372 44377
29563 4 33121 19255 8253 454
29564 3 30288 8034 25240
29565 1 22701
29566 3 48705 18825 42371
29567 1 38441
29568 3 11686 25695 21874
29569 6 3989 6299 14160 6316 41102 37688
29570 3 33339 17253 39657
29571 1 22497
29572 4 14420 45534 16165 22798
29573 3 1616 10687 44664
29574 3 8820 6588 6970
29575 1 13604
29576 0
29577 1 23229
29578 3 2560 47911 8013
29579 0
29580 2 5230 45481
29581 0
29582 3 374 34515 7322
29583 2 24194 46513
29584 1 21105
29585 2 47825 19285
29586 4 2835 25818 28025 1021
29587 4 11438 45864 35921 44910
29588 1 15096
29589 4 47441 38860 7024 20228
29590 0
29591 0
29592 2 18661 6044
29593 0
29594 2 41610 12057
29595 1 627
29596 2 27640 13468
29597 3 24271 2419 31174
29598 1 25602
29599 4 27654 34793 31569 23007
29600 0
29601 2 33137 13992
29602 2 26067 32144
29603 2 9386 28583
29604 2 21436 39630
29605 1 36668
29606 0
29607 1 36814
29608 3 20310 27196 24134
29609 0
29610 3 35270 16032 48812
29611 1 24187
29612 2 17259 29897
29613 3 27596 3481 31174
29614 1 49008
29615 3 39969 8600 46003
29616 1 19884
29617 3 47722 34763 43396
29618 3 41175 23191 15825
29619 4 24148 31356 26222 27804
29620 1 14482
29621 2 47426 33957
29622 1 3851
29623 1 1954
29624 2 49012 17189
29625 2 39425 37074
29626 3 16230 34594 45597
29627 3 26787 31745 26238
29628 1 49920
29629 1 3961
29630 0
29631 2 12221 26938
29632 2 30320 11467
29633 1 7994
29634 2 12162 36464
29635 2 6126 42836
29636 3 36356 39846 47926
29637 0
29638 1 21481
29639 2 9364 9927
29640 1 23256
29641 2 32213 20269
29642 1 46063
29643 5 14368 20527 11495 4706 9397
29644 1 41701
29645 2 23326 40068
29646 0
29647 5 47620 5372 25942 27839 9964
29648 3 31624 26449 18035
29649 1 27752
29650 0
29651 1 28596
29652 2 8492 3952
29653 0
29654 3 43281 8526 24698
29655 3 28627 46932 23940
29656 2 44840 22670
29657 2 14265 41283
29658 1 25174
29659 5 8488 12273 1836 42654 27024
29660 4 5238 26021 16770 13556
29661 2 44525 40882
29662 3 28562 34490 25697
29663 2 31473 981
29664 3 15604 23280 26937
29665 1 32907
29666 5 39328 23253 27378 24387 30807
29667 4 3079 44456 42473 15988
29668 0
29669 0
29670 2 5172 6030
29671 3 12999 8513 28124
29672 3 4878 2840 10058
29673 1 3945
29674 1 14882
29675 3 12070 22168 7554
29676 2 29726 853
29677 3 8168 47738 1100
29678 2 40917 46322
29679 0
29680 3 38910 35201 23670
29681 1 3412
29682 2 2658 38646
29683 3 15768 1753 3785
29684 2 3008 44610
29685 1 47148
29686 5 47943 41872 15338 19959 37328
29687 5 45524 34487 39293 31302 7926
29688 4 6739 30466 30307 2866
29689 1 33405
29690 4 39865 42420 7647 25057
29691 1 45743
29692 2 20658 28836
29693 3 48761 816 45341
29694 4 6843 45449 9662 1516
29695 2 20974 3474
29696 5 17783 40899 38664 35238 13944
29697 2 21732 2009
29698 6 37577 23440 19460 733 14432 48214
29699 3 36233 29387 24101
29700 2 23773 31042
29701 0
29702 4 42437 22008 27667 11538
29703 3 12053 10621 21087
29704 1 3121
29705 3 22566 40776 26228
29706 3 13431 8319 34013
29707 2 24599 34535
29708 1 11561
29709 2 46665 19768
29710 1 47544
29711 3 23220 21953 20502
29712 3 10384 16411 37133
29713 4 39928 20116 45221 12753
29714 2 32485 32343
29715 2 48526 613
29716 2 31834 24422
29717 2 7859 105
29718 1 38113
29719 1 16603
29720 1 17552
29721 6 34330 21845 11831 47139 18002 33849
29722 2 32944 9721
29723 2 3931 38420
29724 3 38076 12678 19940
29725 2 373 21114
29726 0
29727 3 13542 7052 16388
29728 2 11433 26442
29729 1 32108
29730 4 43879 22696 47839 2472
29731 4 12519 17790 8315 1880
29732 3 43214 10878 38002
29733 5 48078 12466 23295 9859 19763
29734 1 47681
29735 3 43803 20552 2581
29736 0
29737 0
29738 4 18970 4933 7203 47294
29739 1 9526
29740 1 24808
29741 2 1369 34081
29742 0
29743 3 14633 6490 37780
29744 1 43743
29745 4 9261 933 17787 48195
29746 1 3949
29747 1 20929
29748 3 43323 18159 37810
29749 1 17697
29750 4 29444 32696 45859 6071
29751 3 7419 5673 41848
29752 1 25973
29753 3 6395 21333 11150
29754 1 6449
29755 5 13696 7851 30897 12868 21691
29756 3 23040 26423 19034
29757 2 33710 11109
29758 1 22465
29759 1 6271
29760 3 6075 38027 46733
29761 0
29762 2 20990 1436
29763 0
29764 2 26497 5806
29765 0
29766 2 45946 43664
29767 1 38869
29768 1 12801
29769 1 21351
29770 1 3119
29771 1 43642
29772 2 1619 2287
29773 1 3330
29774 1 32807
29775 4 36593 14275 11426 43392
29776 1 12406
29777 3 3107 45536 36672
29778 1 20500
29779 0
29780 2 40374 4524
29781 2 15052 25291
29782 4 3036 19102 42669 35111
29783 2 23133 2016
29784 2 33052 43778
29785 4 44332 31001 8261 40891
29786 2 47816 22276
29787 0
29788 0
29789 2 19723 243
29790 2 1647 28643
29791 3 32164 21581 48944
29792 4 1992 13068 10424 206
29793 6 35203 42362 43764 47113 22586 39415
29794 1 7409
29795 2 20635 35894
29796 1 6894
29797 2 31089 28645
29798 2 20237 19462
29799 3 44096 1679 3640
29800 2 47163 32476
29801 3 9276 39397 13706
29802 1 37907
29803 3 44747 29265 17152
29804 0
29805 4 38363 720 8542 35952
29806 2 5630 7316
29807 1 12538
29808 2 36035 34988
29809 6 33341 40991 18303 2763 45258 44203
29810 4 12002 45132 14905 12027
29811 4 12302 27523 46034 39296
29812 2 23439 40656
29813 1 36305
29814 1 48244
29815 1 48028
29816 1 33537
29817 3 10634 46013 3908
29818 2 49775 13180
29819 1 36212
29820 1 29335
29821 3 39560 14327 20863
29822 1 48445
29823 2 43827 3968
29824 0
29825 2 22324 49004
29826 1 37921
29827 2 15887 42950
29828 4 18910 24524 7292 27015
29829 1 27682
29830 2 21691 49420
29831 6 41241 40929 7638 7365 8175 932
29832 0
29833 4 41506 5092 28781 45238
29834 1 24546
29835 3 36649 18925 19369
29836 4 5746 43555 4080 6309
29837 2 24954 21694
29838 1 6471
29839 2 41489 1086
29840 2 8777 18560
29841 5 3842 19809 42911 29999 34946
29842 1 34563
29843 2 28678 5957
29844 2 40050 12367
29845 1 36539
29846 1 41577
29847 2 5233 48431
29848 4 7719 29816 15140 37304
29849 4 7980 15194 38372 27027
29850 3 19633 9955 15834
29851 1 25995
29852 2 22807 4487
29853 2 21559 34796
29854 5 33823 7063 4734 16549 41339
29855 1 48352
29856 1 27042
29857 1 20553
29858 3 37231 23499 9593
29859 2 43536 49813
29860 6 7802 44938 2272 31649 19469 44687
29861 0
29862 3 40773 47626 19317
29863 3 10138 8435 8830
29864 1 5940
29865 3 25000 3298 4481
29866 2 36051 34709
29867 0
29868 3 33085 34505 40131
29869 0
29870 2 49532 16919
29871 2 33614 20056
29872 1 22431
29873 1 43114
29874 1 25652
29875 2 34293 39689
29876 5 12025 16646 10975 37716 41523
29877 1 42064
29878 3 19765 36549 44866
29879 2 1179 26019
29880 2 38467 5628
29881 2 25193 17626
29882 2 29295 8130
29883 2 15341 28572
29884 6 10426 42623 38079 39183 43212 19199
29885 4 21523 20442 32797 10150
29886 2 17919 22986
29887 2 48544 18883
29888 2 2617 39250
29889 2 9507 13611
29890 0
29891 1 49773
29892 1 1022
29893 3 21811 39942 6779
29894 3 17778 36005 18228
29895 3 29422 10594 39384
29896 3 30776 43670 30957
29897 1 17771
29898 2 27810 49889
29899 2 26605 32281
29900 2 24809 10767
29901 3 45893 37803 20832
29902 1 9839
29903 4 22563 35540 6050 41992
29904 2 6528 31770
29905 1 28798
29906 3 35344 4561 41053
29907 1 22117
29908 0
29909 4 33855 36971 31125 40509
29910 2 6441 1314
29911 4 29323 29932 31987 19506
29912 2 48171 46173
29913 0
29914 1 45814
29915 0
29916 2 3879 29803
29917 2 26305 29619
29918 4 41973 19774 33645 28856
29919 2 14975 31964
29920 1 38998
29921 3 46763 36850 15007
29922 1 31510
29923 1 40094
29924 1 12504
29925 2 37105 44114
29926 0
29927 3 883 44815 4266
29928 1 45983
29929 0
29930 2 37726 47761
29931 4 33843 25114 6614 4111
29932 1 24408
29933 2 21364 22786
29934 2 9805 16949
29935 4 19950 42720 11345 38238
29936 0
29937 1 42827
29938 0
29939 4 1906 20213 20048 20679
29940 1 48167
29941 4 18506 27995 38966 9834
29942 1 13465
29943 2 25360 48462
29944 0
29945 2 5445 16674
29946 2 23239 47455
29947 1 4483
29948 1 48275
29949 4 26932 10243 45928 24697
29950 3 25184 21120 22725
29951 2 13092 15211
29952 2 38134 16961
29953 0
29954 0
29955 2 42212 18330
29956 1 17971
29957 1 16943
29958 3 3407 28677 39027
29959 2 20334 18711
29960 3 36492 268 30898
29961 2 4852 25619
29962 1 39542
29963 1 3574
29964 3 46013 18370 34551
29965 2 37540 13094
29966 4 6094 22860 30110 11700
29967 2 10884 45861
29968 3 32885 45423 13635
29969 1 21978
29970 2 42339 8152
29971 4 2151 28505 30892 47489
29972 1 47213
29973 1 39912
29974 0
29975 2 4626 2548
29976 1 30330
29977 4 8531 14280 45292 36885
29978 0
29979 0
29980 0
29981 5 17072 41311 26298 21724 13615
29982 3 34494 42746 31575
29983 0
29984 1 32669
29985 2 33735 32805
29986 1 10469
29987 2 1608 34301
29988 1 8525
29989 3 2835 14751 2562
29990 0
29991 3 10336 5227 8269
29992 2 43767 32594
29993 0
29994 1 33111
29995 0
29996 3 19577 9541 36547
29997 4 3919 47169 23392 17104
29998 2 35790 19167
29999 2 6738 33405
30000 0
30001 2 35075 9172
30002 2 45233 12774
30003 1 31599
30004 1 24200
30005 1 17257
30006 2 40519 10130
30007 0
30008 4 36684 44604 32369 45705
30009 1 32034
30010 1 25512
30011 0
30012 2 14513 31464
30013 4 40636 28507 33149 42197
30014 0
30015 1 44712
30016 1 45496
30017 2 47830 14892
30018 3 4815 46176 8347
30019 2 27978 975
30020 3 20121 5814 33175
30021 4 49251 13697 41127 13838
30022 4 12556 49943 29084 30847
30023 2 25599 32956
30024 1 18812
30025 1 6773
30026 2 11633 28410
30027 3 9891 1672 30905
30028 4 43904 11974 46193 3499
30029 1 26023
30030 2 22963 18613
30031 2 49208 13769
30032 3 29862 21171 40062
30033 5 15173 45123 10702 42536 30706
30034 2 22791 25072
30035 2 34992 33742
30036 2 10590 31066
30037 2 28620 32926
30038 1 9174
30039 1 31006
30040 1 26800
30041 1 38187
30042 4 32595 46410 26561 26323
30043 3 41555 42254 34191
30044 0
30045 4 43194 32731 39650 1206
30046 1 1310
30047 0
30048 0
30049 2 24512 3182
30050 5 30864 3681 41434 29138 940
30051 2 15084 15760
30052 1 46722
30053 0
30054 0
30055 0
30056 1 47760
30057 2 18085 34651
30058 2 12502 2410
30059 3 8932 17433 1517
30060 1 4945
30061 3 42865 12816 19363
30062 3 8152 46218 605
30063 2 31742 23844
30064 3 34203 19282 34470
30065 2 40154 48993
30066 2 3390 14362
30067 1 4379
30068 2 1847 31064
30069 1 41891
30070 2 24764 13157
30071 2 28654 39809
30072 1 6783
30073 1 36954
30074 4 2222 10187 38553 29316
30075 1 16374
30076 2 34781 11489
30077 1 6348
30078 1 29593
30079 2 22949 6763
30080 4 45337 38631 49658 37566
30081 1 25434
30082 3 20198 34968 6294
30083 0
30084 2 34739 20454
30085 0
30086 4 15960 30600 15512 37975
30087 2 8924 7205
30088 0
30089 0
30090 1 29759
30091 0
30092 2 37673 24834
30093 1 19251
30094 2 21787 12420
30095 3 23 1684 19465
30096 4 48085 22823 22066 30574
30097 3 17075 3494 5790
30098 3 3759 44356 24785
30099 0
30100 3 13820 48859 12102
30101 2 48722 28432
30102 2 44715 26919
30103 2 35879 18358
30104 2 20110 22799
30105 2 35091 41711
30106 3 28489 19544 22703
30107 0
30108 3 10311 24438 24833
30109 4 20133 36143 44986 19583
30110 1 31697
30111 4 15437 6487 26262 35355
30112 1 23147
30113 0
30114 1 7030
30115 2 17934 3268
30116 2 8877 32023
30117 4 41060 7470 13456 35288
30118 2 40068 25975
30119 3 36458 18363 21073
30120 3 45138 1030 23586
30121 0
30122 1 15447
30123 4 3709 40347 41446 7190
30124 2 21041 30243
30125 1 36359
30126 3 48325 36137 49086
30127 1 44336
30128 6 37656 5932 36923 2578 30913 3675
30129 4 11489 42695 1232 44053
30130 2 20125 10727
30131 4 17975 45183 21822 22350
30132 3 39017 46062 36243
30133 0
30134 2 42308 6461
30135 1 33531
30136 3 48933 45957 20152
30137 6 18305 48599 27022 46148 7793 28746
30138 1 15773
30139 0
30140 4 33881 47973 5836 47528
30141 2 3592 15388
30142 5 20813 11656 36106 22240 23463
30143 4 26894 27956 14158 47668
30144 0
30145 2 22223 18406
30146 4 16025 19643 39747 37829
30147 1 30311
30148 1 37777
30149 1 19124
30150 1 40363
30151 0
30152 1 17242
30153 4 36655 4643 455 46111
30154 1 41730
30155 5 49570 34679 45005 49857 1277
30156 2 30131 26638
30157 3 35105 46951 44901
30158 0
30159 3 26835 26845 19349
30160 2 31156 8398
30161 2 34369 773
30162 6 36119 11857 12073 44425 46274 43589
30163 1 41972
30164 3 26471 42092 17623
30165 2 45762 27337
30166 1 17583
30167 1 35943
30168 2 41656 40657
30169 1 10004
30170 4 5546 41860 47656 41830
30171 3 20128 3274 30069
30172 2 22850 27305
30173 4 18892 25672 8869 8306
30174 4 22918 13225 9733 24305
30175 3 7667 33964 32244
30176 3 36061 20633 15903
30177 4 11010 5172 26421 40225
30178 0
30179 3 46578 44677 26445
30180 2 14628 43517
30181 2 36440 805
30182 0
30183 0
30184 1 38979
30185 1 34510
30186 4 37114 10370 39803 5590
30187 2 21718 28406
30188 4 43272 4059 29284 14818
30189 2 3699 3697
30190 2 33088 13113
30191 5 3826 41884 11672 27327 1668
30192 0
30193 1 49720
30194 1 29560
30195 1 31473
30196 1 49175
30197 3 27122 42461 3282
30198 2 15687 24995
30199 1 24449
30200 2 38095 35335
30201 1 8528
30202 3 18594 39889 30338
30203 1 24911
30204 0
30205 1 36828
30206 2 1676 25178
30207 5 26819 29873 18410 47446 37049
30208 3 21824 7992 42276
30209 1 48271
30210 0
30211 2 39753 40752
30212 1 20458
30213 0
30214 1 30262
30215 2 9757 10979
30216 3 48511 2385 37139
30217 2 22198 33393
30218 2 715 49651
30219 0
30220 0
30221 1 41060
30222 0
30223 1 16216
30224 5 2345 5149 3871 46903 17629
30225 3 44966 7354 21304
30226 2 18845 32892
30227 1 45271
30228 4 9686 40391 13648 46508
30229 2 22271 47645
30230 2 32074 42016
30231 2 33365 4922
30232 1 19283
30233 1 44665
30234 1 4991
30235 2 35398 9010
30236 2 3177 43672
30237 3 3992 3950 36076
30238 1 463
30239 2 3593 31108
30240 2 38240 22332
30241 0
30242 3 46738 10267 36741
30243 2 43809 6739
30244 4 25388 46863 39583 28430
30245 1 16582
30246 1 30313
30247 3 32404 25440 22879
30248 3 18708 2107 847
30249 1 16708
30250 2 40546 3662
30251 1 26691
30252 2 6150 11028
30253 2 14062 43408
30254 1 11705
30255 2 25770 24741
30256 2 46096 30194
30257 3 22644 18725 25761
30258 2 37519 47933
30259 3 31992 31959 16757
30260 1 34318
30261 0
30262 1 32434
30263 1 27998
30264 2 48320 16009
30265 1 18393
30266 1 14806
30267 0
30268 1 15359
30269 1 38292
30270 1 7998
30271 1 36544
30272 2 28846 9999
30273 0
30274 2 34746 37403
30275 3 42750 10840 37027
30276 8 10372 49791 10515 6622 38321 41910 48348 34424
30277 3 20449 35824 19706
30278 1 19888
30279 1 27458
30280 4 40828 23821 31326 37571
30281 1 43617
30282 0
30283 0
30284 3 39743 37740 26957
30285 1 9967
30286 1 33836
30287 2 12055 24662
30288 1 28986
30289 3 41038 14283 35557
30290 1 18411
30291 1 4973
30292 1 6445
30293 3 16416 4748 7050
30294 1 12277
30295 4 5283 38568 5170 34665
30296 2 30702 31319
30297 2 32014 17781
30298 3 48702 29743 24430
30299 2 18403 38763
30300 0
30301 3 3173 21023 16770
30302 0
30303 3 36655 19840 48449
30304 0
30305 1 29269
30306 1 37962
30307 1 12506
30308 0
30309 1 20990
30310 3 18182 27256 35959
30311 1 46081
30312 3 36422 2871 8948
30313 3 20688 3089 24958
30314 3 39348 30611 46086
30315 1 22173
30316 2 29429 14616
30317 2 36509 42631
30318 3 34145 7259 40144
30319 2 10329 15832
30320 2 15667 16716
30321 0
30322 2 1215 41149
30323 2 15767 35954
30324 1 5786
30325 0
30326 5 30400 33711 40520 15753 13699
30327 2 43967 5373
30328 1 36822
30329 2 2780 25659
30330 3 2194 12961 42432
30331 0
30332 2 34262 2965
30333 0
30334 4 21273 34170 14110 36184
30335 3 30651 7363 49290
30336 2 740 48667
30337 3 24558 46488 29844
30338 2 2955 21667
30339 2 42199 10243
30340 1 44235
30341 1 47083
30342 1 10235
30343 3 5367 38047 29110
30344 1 4367
30345 6 5255 41706 6346 44170 31695 45327
30346 1 22322
30347 0
30348 3 10946 25749 12689
30349 1 5380
30350 2 21675 48243
30351 0
30352 0
30353 1 11065
30354 1 48956
30355 3 16957 43872 8235
30356 3 47688 4520 7408
30357 3 27971 18929 630
30358 2 38282 4871
30359 3 32871 16157 20082
30360 1 48481
30361 2 14412 2546
30362 1 2099
30363 0
30364 3 10732 19822 18933
30365 3 21818 33426 7956
30366 1 45551
30367 2 29538 45652
30368 3 35184 22537 43109
30369 3 47632 8039 24650
30370 0
30371 2 6243 21507
30372 2 199 38781
30373 3 27120 37233 34503
30374 1 38791
30375 2 48396 7041
30376 2 14340 29775
30377 0
30378 5 31011 16738 12910 46634 42907
30379 3 45590 23777 19795
30380 0
30381 3 10129 563 37453
30382 1 45217
30383 1 8787
30384 1 6823
30385 1 27045
30386 5 26486 17542 44549 12106 1884
30387 1 21555
30388 3 36479 44811 29689
30389 1 320
30390 0
30391 5 1254 46598 16982 23836 18471
30392 4 11565 12712 27906 3334
30393 2 15041 26609
30394 3 14151 17507 42407
30395 3 32230 6594 23662
30396 2 42023 11056
30397 2 18398 47171
30398 2 28924 24248
30399 0
30400 2 42964 1059
30401 3 43338 39 10895
30402 2 45037 4695
30403 3 11646 38644 14115
30404 0
30405 6 39197 36899 33246 19837 2875 32339
30406 3 3019 12064 23862
30407 4 26788 49831 42648 48149
30408 3 27993 35605 38850
30409 6 34493 20507 34154 44299 6862 5325
30410 0
30411 3 6800 2221 4351
30412 1 49313
30413 1 29274
30414 2 25632 21770
30415 1 27898
30416 1 39996
30417 3 23673 23300 16125
30418 0
30419 3 18856 27259 17251
30420 0
30421 3 5931 46764 32432
30422 2 21938 21788
30423 2 6193 11167
30424 3 7520 2393 9139
30425 4 4037 2852 8984 30986
30426 3 43193 44455 29604
30427 1 32515
30428 2 4303 43334
30429 2 13175 17229
30430 0
30431 5 18755 35153 9825 13761 31291
30432 1 11607
30433 0
30434 4 38504 41414 6261 34694
30435 3 42248 854 19528
30436 3 4477 12885 24068
30437 4 22487 45396 17807 37715
30438 2 26507 20867
30439 2 23163 48522
30440 0
30441 2 4585 34361
30442 3 5070 30290 15950
30443 3 27329 47789 28470
30444 5 7165 28281 37936 37948 31678
30445 1 26897
30446 1 27609
30447 2 10220 41220
30448 3 5517 17838 15300
30449 3 40322 45155 44893
30450 1 38355
30451 1 15204
30452 1 15676
30453 0
30454 2 9189 6497
30455 4 28728 44783 23009 13943
30456 1 9240
30457 3 31408 8622 13969
30458 3 14275 7081 28406
30459 0
30460 4 4507 4296 20444 41771
30461 0
30462 0
30463 2 3015 23089
30464 1 6744
30465 2 40639 21396
30466 3 11664 18342 2788
30467 2 2557 14591
30468 1 29309
30469 0
30470 2 5433 42652
30471 1 48827
30472 7 34735 5707 17758 35231 10180 18079 14106
30473 1 13465
30474 1 22877
30475 1 29384
30476 4 43539 4345 35352 767
30477 5 33052 32765 27612 29793 3921
30478 0
30479 3 33611 33882 25397
30480 1 35303
30481 5 37839 21457 42609 14211 21430
30482 2 3570 31841
30483 1 39317
30484 3 30728 15281 21701
30485 1 25425
30486 1 21029
30487 2 19877 27788
30488 3 43848 14515 3463
30489 2 21780 32343
30490 2 49645 37261
30491 1 21094
30492 3 8518 21978 34608
30493 2 23570 28804
30494 4 39677 1268 25502 15524
30495 3 48011 25468 33102
30496 2 47336 16375
30497 2 25030 40489
30498 5 41062 8233 32111 40877 12518
30499 1 22960
30500 2 8436 11331
30501 0
30502 2 28512 16832
30503 3 40605 9008 13455
30504 0
30505 5 36072 28638 5549 31629 42299
30506 4 4790 6562 48158 35013
30507 3 21592 5246 22051
30508 0
30509 3 40531 20745 33632
30510 2 28452 24253
30511 0
30512 1 23246
30513 2 10866 956
30514 1 28582
30515 2 8090 2777
30516 2 45919 42742
30517 4 7095 17633 6243 8156
30518 4 33426 41527 18084 24062
30519 1 5240
30520 0
30521 4 39740 41658 19535 39684
30522 4 13978 42241 8064 9150
30523 1 42482
30524 2 19364 27551
30525 4 26523 40963 20925 20401
30526 1 17684
30527 2 31818 15178
30528 2 4622 22727
30529 2 22779 9125
30530 1 40606
30531 4 12264 49277 22820 47908
30532 3 28058 45759 43759
30533 3 49391 40436 6521
30534 1 37302
30535 2 11459 14621
30536 3 33000 19200 43484
30537 1 31328
30538 2 12719 20664
30539 1 46246
30540 2 27074 46760
30541 5 9934 8255 30717 18080 24581
30542 1 29
30543 1 23603
30544 1 49889
30545 5 19819 23646 47300 38269 29463
30546 0
30547 1 21173
30548 4 40189 22244 707 5083
30549 4 48223 34888 755 42984
30550 4 9639 28440 40067 19076
30551 4 7764 4435 330 35877
30552 6 21799 10241 21370 37660 18081 3535
30553 2 30324 15361
30554 3 28286 41801 2825
30555 2 35918 47227
30556 2 14344 8320
30557 2 44873 13518
30558 3 4567 27169 6920
30559 1 25959
30560 1 3298
30561 6 33345 15706 41141 38872 13748 17158
30562 3 34948 49449 5429
30563 0
30564 0
30565 2 40678 7422
30566 2 19059 7085
30567 1 29753
30568 6 24515 45486 24629 4108 285 7610
30569 1 12818
30570 0
30571 1 464
30572 1 20694
30573 4 18309 23913 6659 19227
30574 1 45158
30575 3 30976 40300 21262
30576 1 28982
30577 1 48854
30578 2 3544 9629
30579 3 42481 37687 8408
30580 2 9532 40418
30581 1 5676
30582 0
30583 0
30584 2 8961 7113
30585 2 12310 3520
30586 0
30587 0
30588 0
30589 0
30590 2 19621 30927
30591 4 9107 8902 44586 33045
30592 1 45253
30593 1 19665
30594 4 21925 4708 39900 17010
30595 7 43180 41183 39958 14962 20217 31757 8444
30596 1 8891
30597 1 20693
30598 3 2318 5764 2516
30599 5 37254 32143 48254 1405 26073
30600 2 22270 34928
30601 1 17972
30602 1 41560
30603 0
30604 2 18215 38612
30605 2 29604 8590
30606 1 4914
30607 0
30608 0
30609 0
30610 4 27714 28886 5638 43836
30611 3 18046 49704 7355
30612 2 42987 207
30613 3 33074 9232 9242
30614 2 9040 9422
30615 5 18556 48206 29222 812 37243
30616 2 49664 17140
30617 2 10076 15129
30618 1 45761
30619 4 15122 42174 33913 39734
30620 3 38615 24579 8553
30621 3 48098 37193 20447
30622 2 26214 9156
30623 2 4949 1795
30624 2 11388 34673
30625 1 45475
30626 1 1496
30627 1 1267
30628 1 6315
30629 3 17956 18365 46277
30630 3 1504 35537 955
30631 3 9834 43972 43476
30632 1 16387
30633 3 32223 33864 24792
30634 1 38779
30635 2 38535 12229
30636 1 11662
30637 1 14345
30638 0
30639 0
30640 3 20038 29352 44667
30641 3 575 41119 10993
30642 1 37774
30643 4 33490 16641 18052 37059
30644 2 44985 46282
30645 2 39590 3134
30646 1 4401
30647 3 12325 26344 32513
30648 4 1242 25853 16158 37295
30649 0
30650 2 11711 4437
30651 1 19711
30652 1 7492
30653 1 33290
30654 1 36912
30655 0
30656 2 20218 46225
30657 2 23163 36937
30658 1 41854
30659 2 49864 25899
30660 4 12718 8119 37242 36112
30661 2 21440 13871
30662 0
30663 4 15412 24030 31018 19229
30664 1 6508
30665 1 26595
30666 1 37425
30667 2 1143 3451
30668 1 47314
30669 2 33241 34263
30670 3 16384 19212 39518
30671 6 7790 16408 37185 34592 38528 16410
30672 3 32550 19021 25045
30673 2 12909 35617
30674 1 26560
30675 3 45672 37661 26431
30676 2 14331 42818
30677 2 16508 6662
30678 1 44041
30679 1 49180
30680 1 43358
30681 1 12105
30682 4 3571 32147 1218 7968
30683 6 13813 40191 19211 18555 47121 10477
30684 1 14258
30685 1 39455
30686 3 2740 45117 18666
30687 4 34093 24342 27704 14562
30688 1 49386
30689 4 31869 14901 24318 4238
30690 4 4918 25115 22805 33674
30691 3 2180 12797 21786
30692 4 7634 43284 31834 9352
30693 5 43541 22820 39525 14936 409
30694 0
30695 2 18502 34164
30696 5 39852 33382 33569 2421 17628
30697 2 47961 7769
30698 3 22515 13509 11524
30699 3 14736 11762 37101
30700 4 37023 32554 8781 34664
30701 1 48515
30702 0
30703 3 16187 37912 42999
30704 0
30705 1 32405
30706 2 20202 39864
30707 5 43827 34205 39201 31844 3671
30708 3 22798 7534 5928
30709 3 22030 7348 32673
30710 0
30711 4 2965 44991 4957 7194
30712 2 44121 21670
30713 3 33837 14455 31937
30714 4 30552 47015 22476 46528
30715 3 20152 30036 36730
30716 3 39611 23306 49585
30717 3 36932 35561 15703
30718 0
30719 3 27346 45666 7450
30720 0
30721 1 14296
30722 1 6016
30723 2 29965 40211
30724 1 30302
30725 2 44933 38661
30726 1 48131
30727 2 44265 26995
30728 0
30729 3 49079 896 13431
30730 3 25611 3735 23192
30731 1 6580
30732 1 8882
30733 0
30734 2 44841 12287
30735 1 24758
30736 3 17392 36488 36070
30737 3 23821 635 8414
30738 1 41792
30739 2 41832 6152
30740 3 6764 10462 28027
30741 2 17128 32602
30742 1 27836
30743 3 17014 545 12217
30744 1 14504
30745 3 24257 40007 14728
30746 5 10582 11067 13232 39388 9867
30747 2 34425 12059
30748 3 30095 10051 18380
30749 3 14135 15233 40876
30750 0
30751 0
30752 5 13851 12948 47979 12946 43632
30753 1 29428
30754 0
30755 0
30756 2 13300 22189
30757 2 26523 45072
30758 3 47620 32696 20517
30759 3 36846 6516 32839
30760 2 23262 49967
30761 3 28944 36393 40158
30762 2 1059 12051
30763 0
30764 2 35973 32533
30765 1 38381
30766 0
30767 3 42251 12152 5101
30768 1 44039
30769 3 34113 23858 16374
30770 1 23855
30771 1 14291
30772 3 10994 20360 36522
30773 4 25525 369 4327 8575
30774 1 19008
30775 4 13924 17159 32110 20267
30776 0
30777 2 41264 5160
30778 3 37873 44956 30090
30779 3 33921 32551 47943
30780 7 21945 40773 18531 44015 5292 4047 33162
30781 2 22488 30807
30782 3 24912 31733 18904
30783 1 10139
30784 0
30785 1 4042
30786 4 33924 26529 27018 14626
30787 3 3758 22996 23808
30788 3 20153 31708 15375
30789 4 47062 8691 26121 10191
30790 3 36457 46360 47158
30791 2 37263 41502
30792 0
30793 1 41778
30794 0
30795 1 46632
30796 1 36658
30797 1 34144
30798 4 41375 24745 26162 10107
30799 3 1800 4439 23048
30800 1 48246
30801 0
30802 1 14714
30803 3 21760 45625 33746
30804 5 44465 44717 15596 49085 46186
30805 2 17714 31622
30806 2 1964 33066
30807 1 48827
30808 2 34073 40083
30809 1 49968
30810 0
30811 2 23815 42483
30812 2 12215 41873
30813 4 24006 1393 25994 6970
30814 0
30815 0
30816 4 12254 44720 9997 49625
30817 0
30818 2 18575 31276
30819 3 32959 6532 30092
30820 1 35028
30821 0
30822 2 40082 5935
30823 4 36174 34086 33221 1308
30824 2 41083 17125
30825 0
30826 1 17888
30827 2 2540 19915
30828 1 27458
30829 1 43990
30830 5 13424 44398 21324 8126 36663
30831 0
30832 1 44034
30833 1 27601
30834 1 25051
30835 2 48747 26159
30836 0
30837 5 4325 31448 45266 17872 40141
30838 0
30839 0
30840 5 6501 15002 27248 9409 45835
30841 2 23792 40511
30842 1 22230
30843 0
30844 2 26868 36423
30845 1 13069
30846 1 32395
30847 1 25486
30848 2 34806 14563
30849 1 20162
30850 1 18183
30851 0
30852 2 26898 5959
30853 1 48438
30854 0
30855 1 8374
30856 3 26537 16264 36944
30857 1 19626
30858 5 27224 25996 9966 31547 38991
30859 2 4865 41179
30860 4 1713 44492 10898 42862
30861 5 3568 14250 14233 11786 27391
30862 1 15203
30863 1 11166
30864 2 12830 44881
30865 2 36180 8541
30866 1 32432
30867 2 47677 30018
30868 0
30869 2 9681 31443
30870 0
30871 4 547 39141 19716 33916
30872 2 14292 44266
30873 3 11157 33136 36319
30874 1 19602
30875 1 12612
30876 0
30877 2 48242 35979
30878 4 19491 2663 44360 28215
30879 7 14596 10064 9241 49923 45986 20102 14301
30880 3 23397 34479 10490
30881 2 47741 46950
30882 0
30883 2 3292 38361
30884 1 36775
30885 2 17175 17615
30886 4 20899 49929 48261 12577
30887 3 36065 3922 33919
30888 0
30889 1 7839
30890 1 27991
30891 4 6912 38367 22372 45925
30892 0
30893 2 28360 41098
30894 1 21589
30895 4 41958 43426 7022 41410
30896 4 25415 45229 18968 30479
30897 3 43833 13402 18269
30898 9 26020 18242 42606 37486 17855 2816 33329 11983 38082
30899 2 7535 41502
30900 0
30901 0
30902 2 5186 47697
30903 3 38431 2440 43364
30904 1 17362
30905 0
30906 3 43927 9534 47298
30907 2 38324 33543
30908 2 44781 6444
30909 6 19027 43679 35714 18507 49692 35979
30910 0
30911 0
30912 1 45608
30913 2 22196 26813
30914 1 45619
30915 2 10488 46461
30916 1 24457
30917 1 28232
30918 3 30265 27215 8573
30919 6 1539 273 7282 45138 21293 44764
30920 2 24086 49927
30921 1 45933
30922 1 24006
30923 3 26540 5872 8581
30924 1 21866
30925 1 11331
30926 1 6390
30927 2 27744 49937
30928 1 7371
30929 3 12894 4611 6855
30930 3 8886 6324 25508
30931 1 2502
30932 1 25538
30933 0
30934 5 26604 8504 30747 34968 26507
30935 2 18217 38396
30936 3 697 28478 44635
30937 3 466 28868 3871
30938 4 11611 18564 20768 41041
30939 3 34778 5750 48531
30940 4 31935 6032 31473 38802
30941 3 35294 217 42800
30942 2 30247 47385
30943 3 22570 37720 9137
30944 0
30945 1 10202
30946 2 10792 11647
30947 0
30948 1 5832
30949 2 9987 48774
30950 1 8953
30951 3 46836 10135 20343
30952 2 31065 10583
30953 3 14494 46202 29686
30954 1 28550
30955 1 353
30956 0
30957 2 7483 30096
30958 1 328
30959 0
30960 1 1802
30961 0
30962 1 20419
30963 2 29141 16508
30964 1 5123
30965 0
30966 4 27961 39859 25339 20864
30967 2 21565 47163
30968 2 9049 12538
30969 0
30970 2 34868 20736
30971 2 29655 13416
30972 4 34510 35465 32497 35028
30973 2 41934 39948
30974 2 27400 23975
30975 1 41485
30976 0
30977 2 31839 24558
30978 2 14279 43435
30979 3 2218 118 23078
30980 2 43049 40190
30981 2 19273 20441
30982 2 10643 31729
30983 1 49669
30984 0
30985 1 8546
30986 3 16052 19111 7125
30987 5 15322 16275 760 23517 13839
30988 1 4894
30989 3 44705 16926 22281
30990 2 29273 19017
30991 3 41511 35714 10090
30992 2 7840 6574
30993 0
30994 3 45433 44319 22678
30995 1 22651
30996 1 41306
30997 1 13528
30998 0
30999 0
31000 1 16344
31001 4 32470 5109 47234 28652
31002 1 30286
31003 1 520
31004 2 26652 12515
31005 3 5334 10739 43025
31006 2 17588 4496
31007 4 18215 24638 36713 43822
31008 4 17500 38357 4988 22980
31009 3 45911 13001 38455
31010 4 24757 35923 35247 48450
31011 2 41614 15544
31012 1 26292
31013 0
31014 2 2218 39870
31015 1 14902
31016 1 49593
31017 4 29361 14406 38567 12889
31018 4 16998 42700 42033 29278
31019 2 36683 8571
31020 1 18861
31021 5 25054 19220 1113 48767 33945
31022 1 30972
31023 4 20281 10768 2993 45203
31024 3 26531 11520 29744
31025 0
31026 1 17994
31027 1 2554
31028 1 34183
31029 0
31030 1 18706
31031 4 23440 5482 40202 22884
31032 0
31033 2 18037 30297
31034 3 21457 48804 16265
31035 2 35928 1250
31036 3 47827 613 3731
31037 1 43590
31038 2 37501 35606
31039 0
31040 2 16541 45910
31041 4 26402 8569 7825 45776
31042 1 6164
31043 2 22578 27744
31044 1 31216
31045 3 43789 624 40738
31046 2 9700 7294
31047 4 12701 19887 21381 22804
31048 6 47662 12882 5850 40691 6303 26995
31049 4 37599 2759 509 47628
31050 0
31051 3 39593 22013 49010
31052 2 27332 21725
31053 4 49454 39221 36780 8127
31054 2 13775 15781
31055 2 20518 14820
31056 2 49630 16204
31057 2 16294 1932
31058 4 4599 13401 28720 5901
31059 4 2695 34513 31235 41110
31060 4 28988 20044 23978 25136
31061 3 27301 14281 45946
31062 4 38839 37514 20148 40322
31063 3 17953 18529 44503
31064 1 46460
31065 1 18988
31066 4 32080 14166 18104 42771
31067 2 43541 42438
31068 0
31069 1 23508
31070 6 41757 24957 8629 13295 29920 22077
31071 2 19941 24129
31072 2 11243 18147
31073 3 29242 2948 11164
31074 1 46923
31075 1 9752
31076 2 32751 8234
31077 3 32876 10465 36000
31078 2 15220 10228
31079 1 29074
31080 1 14449
31081 1 49951
31082 4 40344 47690 28559 9307
31083 3 45193 34911 13398
31084 1 41029
31085 1 48768
31086 2 1375 7178
31087 2 17078 21766
31088 2 42688 46760
31089 0
31090 3 20212 5250 24959
31091 3 40397 41405 19257
31092 1 49020
31093 4 46093 39223 5198 21235
31094 3 49271 16071 29644
31095 5 12662 47248 18868 48503 44213
31096 2 35600 7803
31097 0
31098 3 8676 46461 607
31099 1 26985
31100 1 9946
31101 2 28648 16829
31102 1 15793
31103 1 40654
31104 1 27965
31105 1 20169
31106 2 33076 33375
31107 2 46944 17175
31108 4 48366 35231 26988 725
31109 9 31315 30296 41890 38453 34673 33843 11701 43215 22878
31110 4 43449 8340 42656 33409
31111 1 33283
31112 3 15504 10915 29581
31113 0
31114 2 35369 41423
31115 5 10861 13501 34476 46615 17471
31116 0
31117 4 6408 18300 20635 21915
31118 2 13107 862
31119 3 41193 30251 39418
31120 3 23591 41442 24230
31121 0
31122 2 2744 30950
31123 3 32692 42680 40231
31124 5 28684 4217 27280 12199 16724
31125 1 20633
31126 2 26012 12343
31127 4 43866 13403 14671 28395
31128 5 28202 5393 28534 37488 48742
31129 4 32318 15548 49851 22485
31130 1 42819
31131 2 46056 30835
31132 1 3470
31133 1 42731
31134 0
31135 1 31054
31136 4 23133 1693 24217 49289
31137 0
31138 2 43742 44680
31139 1 34458
31140 0
31141 2 47012 48330
31142 2 2652 42077
31143 2 16271 5845
31144 2 17722 16850
31145 0
31146 1 44600
31147 2 28797 43143
31148 0
31149 3 19619 3541 47130
31150 3 26267 17323 14406
31151 1 10246
31152 4 19473 6429 20080 43441
31153 2 17064 16643
31154 3 25867 42799 27084
31155 1 27832
31156 4 24771 3587 42081 30824
31157 0
31158 1 47346
31159 3 39761 22539 2181
31160 3 30834 24422 41233
31161 2 6783 23283
31162 1 24910
31163 1 46803
31164 2 39640 43886
31165 1 18187
31166 3 25308 26021 25111
31167 1 20737
31168 0
31169 4 17151 30064 25185 49669
31170 0
31171 4 895 5053 20098 43246
31172 2 28612 49677
31173 3 44490 27757 46495
31174 0
31175 1 17780
31176 3 42070 34604 13817
31177 0
31178 1 20761
31179 2 23556 34021
31180 4 15528 49042 30710 3598
31181 5 14005 24006 37390 15814 10366
31182 2 3394 36302
31183 1 11416
31184 3 15528 13689 5528
31185 5 28212 28807 33677 45769 27242
31186 1 27096
31187 2 39953 33562
31188 5 35627 48182 37323 1282 46887
31189 2 24805 22246
31190 1 36811
31191 0
31192 2 23884 31106
31193 3 34037 48827 9889
31194 2 15864 39162
31195 3 49928 36533 5402
31196 1 36701
31197 0
31198 3 7554 39777 40530
31199 2 35636 41022
31200 2 20535 433
31201 2 24872 37176
31202 2 21525 4562
31203 2 43561 43356
31204 2 8340 24167
31205 2 13961 17016
31206 1 8104
31207 0
31208 1 40526
31209 5 37556 30433 7474 30207 8084
31210 1 3063
31211 2 16787 6303
31212 0
31213 2 22226 32107
31214 5 39771 1411 20383 4829 5610
31215 1 21565
31216 1 7194
31217 2 48735 26229
31218 1 20464
31219 2 47737 34176
31220 2 14325 35072
31221 0
31222 1 26984
31223 3 2399 35922 35063
31224 1 34740
31225 3 47526 49190 2869
31226 5 27206 41635 38545 37003 19799
31227 0
31228 4 38166 40301 41422 21506
31229 3 11556 23444 29082
31230 1 21099
31231 2 12578 19306
31232 4 29729 23650 26672 2784
31233 1 35775
31234 1 49977
31235 2 48600 4414
31236 4 695 23201 22694 23215
31237 4 47479 37750 6785 38537
31238 2 426 6728
31239 3 27044 48101 2736
31240 0
31241 1 35443
31242 3 45056 37124 33840
31243 0
31244 5 28395 49041 20386 37755 20287
31245 5 33936 17901 8291 19587 7704
31246 1 48078
31247 1 22802
31248 2 45061 8035
31249 4 15121 34839 41007 1211
31250 1 27602
31251 1 2611
31252 1 27328
31253 2 13087 24297
31254 1 46756
31255 1 33436
31256 1 37430
31257 2 44646 41605
31258 2 44252 47528
31259 1 43018
31260 2 34320 16106
31261 3 8470 29129 33703
31262 1 30850
31263 2 32323 28063
31264 1 20554
31265 0
31266 0
31267 2 7314 20178
31268 2 27748 12365
31269 0
31270 2 40129 43480
31271 1 35936
31272 2 29415 9374
31273 4 21847 48203 37692 26013
31274 2 47738 21072
31275 1 11809
31276 2 25693 29001
31277 3 23432 21887 14867
31278 1 49026
31279 2 47347 17821
31280 2 47798 8027
31281 0
31282 3 48436 10138 46776
31283 3 27249 3606 12733
31284 2 26898 31743
31285 1 40212
31286 3 5069 39017 21901
31287 4 35190 32716 6422 47429
31288 1 14731
31289 2 16253 35457
31290 1 8976
31291 3 46723 45167 36487
31292 2 30780 45154
31293 3 9729 20209 27425
31294 3 20434 5898 11698
31295 4 31155 24345 11917 24353
31296 5 46622 21672 22865 7677 21369
31297 2 33766 8001
31298 1 10667
31299 3 8416 11078 19340
31300 4 18652 8311 9772 16031
31301 1 33046
31302 0
31303 0
31304 1 16383
31305 2 38163 24603
31306 0
31307 4 3887 39772 13324 39370
31308 2 41060 28959
31309 2 44877 47908
31310 2 25857 3225
31311 5 34178 21872 48098 42457 45180
31312 4 4815 10985 17420 47885
31313 3 6674 31225 18684
31314 1 28230
31315 1 36158
31316 1 30993
31317 1 17252
31318 3 16295 19733 30470
31319 1 12487
31320 3 43993 22986 48826
31321 5 33765 16674 28763 49593 13882
31322 4 43876 3971 45966 34211
31323 4 32182 42824 6360 45941
31324 1 48595
31325 1 17653
31326 1 27521
31327 2 14299 29770
31328 4 6562 31824 7201 17278
31329 1 45747
31330 2 12428 39573
31331 0
31332 1 39392
31333 1 29841
31334 2 30662 13302
31335 3 44072 18657 36484
31336 0
31337 1 9250
31338 0
31339 2 36397 31160
31340 5 15083 15930 25164 2846 43868
31341 2 20206 32758
31342 2 48723 47999
31343 2 41660 2814
31344 3 48169 23094 19153
31345 3 6767 2060 35565
31346 1 39925
31347 0
31348 2 12646 27960
31349 2 25384 13580
31350 3 41588 43067 9201
31351 3 18712 30531 25935
31352 2 33082 18473
31353 1 29005
31354 2 30539 12570
31355 2 20444 40449
31356 1 40044
31357 3 22758 4224 25649
31358 1 40107
31359 1 13320
31360 5 27527 20044 31512 3472 25438
31361 2 6504 30431
31362 6 12052 677 45127 39461 46799 30871
31363 2 8561 1984
31364 1 30668
31365 5 10151 8787 45177 5732 42527
31366 1 17713
31367 2 23050 3587
31368 4 35633 37870 49401 30114
31369 2 35380 6924
31370 4 4507 16530 27918 30874
31371 4 6853 24458 10808 28607
31372 4 15796 34048 5641 5824
31373 3 29951 5619 23463
31374 3 34807 6928 10393
31375 1 16326
31376 5 25862 48367 39663 35086 37311
31377 2 8270 23418
31378 3 1704 21382 14428
31379 3 40367 5777 37023
31380 3 16731 39911 41899
31381 3 20092 19393 8657
31382 0
31383 1 14958
31384 5 33308 29431 17076 48423 31267
31385 5 19846 108 44871 16986 16006
31386 0
31387 2 46487 32300
31388 3 47036 10473 17181
31389 5 8598 44079 24447 32516 44512
31390 2 26279 18174
31391 1 33740
31392 3 25133 8884 44072
31393 2 12778 45403
31394 2 48293 4515
31395 2 7520 43137
31396 2 42803 25821
31397 1 31305
31398 3 20036 35457 566
31399 1 1184
31400 2 40926 1374
31401 0
31402 3 45804 46631 1956
31403 0
31404 1 22782
31405 1 48610
31406 3 31809 21452 33222
31407 4 33757 42787 31681 18683
31408 2 31775 18573
31409 2 22965 10057
31410 2 16351 32723
31411 3 45615 12675 12147
31412 4 44861 20557 25429 34753
31413 4 48223 45373 20251 41118
31414 0
31415 1 9853
31416 2 46944 15012
31417 2 28496 7613
31418 2 37288 13838
31419 1 14827
31420 1 40260
31421 1 30782
31422 2 11739 24403
31423 0
31424 3 10923 32726 11904
31425 1 12101
31426 2 16464 36743
31427 2 28764 15608
31428 0
31429 0
31430 3 41008 33253 28079
31431 0
31432 1 25328
31433 1 23158
31434 1 7445
31435 1 13040
31436 2 8069 18128
31437 0
31438 1 6937
31439 2 19080 10697
31440 1 39808
31441 1 12520
31442 3 40009 5923 27303
31443 3 44095 46362 41673
31444 0
31445 1 2355
31446 0
31447 3 9782 39024 33874
31448 0
31449 2 34368 36111
31450 4 38913 20085 43680 27847
31451 2 13800 6517
31452 3 16237 42284 37448
31453 4 27661 7436 28603 22212
31454 1 47451
31455 3 14741 691 15847
31456 1 12821
31457 0
31458 3 46364 26287 36191
31459 1 11093
31460 2 45716 48517
31461 2 43005 11657
31462 1 16942
31463 1 4913
31464 1 35820
31465 3 35621 45974 31008
31466 1 13614
31467 0
31468 3 30778 28414 49986
31469 3 8479 21907 42791
31470 2 33454 43157
31471 1 34113
31472 2 12080 31461
31473 1 5313
31474 1 5662
31475 6 10716 18226 11996 27120 39267 35292
31476 1 22778
31477 2 4837 34715
31478 0
31479 3 17877 25729 32125
31480 0
31481 2 45598 18887
31482 2 10937 20160
31483 1 219
31484 3 4170 44189 28698
31485 2 19507 7602
31486 3 1951 37311 14845
31487 2 48605 8311
31488 4 3562 26798 21423 10032
31489 1 41500
31490 2 15716 6995
31491 3 30825 12265 46995
31492 1 7720
31493 3 4661 33138 38554
31494 2 17652 22536
31495 2 32315 5880
31496 3 2514 25943 10001
31497 5 34546 23577 41224 47097 13180
31498 0
31499 2 11130 35142
31500 1 22498
31501 2 34890 41711
31502 6 46081 23005 20803 18426 37971 32354
31503 0
31504 2 10140 7930
31505 0
31506 0
31507 3 2200 40433 22477
31508 1 37608
31509 2 7756 2473
31510 2 10157 40923
31511 3 43086 32901 1270
31512 0
31513 2 22947 819
31514 0
31515 0
31516 3 9055 34795 570
31517 1 10048
31518 1 6486
31519 2 19284 28576
31520 3 20474 3359 48210
31521 2 27283 33430
31522 3 29068 33741 46490
31523 2 23397 46991
31524 0
31525 0
31526 1 186
31527 3 9456 35732 9159
31528 2 543 4703
31529 0
31530 3 48905 6637 44958
31531 2 47877 1429
31532 3 37246 44957 29362
31533 2 48333 42511
31534 0
31535 1 20317
31536 4 33934 6371 5340 41406
31537 2 39092 5431
31538 1 10417
31539 1 3704
31540 6 1273 44468 2547 19143 44899 14948
31541 1 40179
31542 3 43595 27748 38167
31543 2 3788 40491
31544 4 41012 33904 21626 30037
31545 3 44069 18140 38655
31546 1 49892
31547 3 31097 15278 44911
31548 3 27598 41931 6345
31549 0
31550 1 17026
31551 2 43760 44568
31552 1 38111
31553 3 35686 37087 25368
31554 1 5823
31555 3 37943 24704 10873
31556 0
31557 5 7814 25165 16408 36007 8222
31558 5 4108 24682 46108 43864 23953
31559 2 4094 14444
31560 1 12533
31561 0
31562 1 5034
31563 2 40756 44231
31564 3 47592 19226 5688
31565 3 27978 3945 41826
31566 1 3032
31567 2 14760 12718
31568 3 14910 17544 35505
31569 4 15034 13806 37785 33143
31570 1 19200
31571 6 34335 34502 42180 44817 17289 17550
31572 1 23450
31573 2 4924 12591
31574 3 43522 46851 37226
31575 2 36776 48106
31576 3 4254 14384 19844
31577 0
31578 4 38016 26521 7366 19037
31579 2 44193 3180
31580 2 28751 21516
31581 0
31582 2 27828 31699
31583 1 1007
31584 3 30379 43519 24892
31585 3 41369 49111 6434
31586 1 44637
31587 5 10436 16317 45644 15251 42415
31588 2 14463 34228
31589 1 35111
31590 2 3547 27805
31591 4 5806 22196 46178 17884
31592 3 13605 4996 5438
31593 3 47501 18644 23677
31594 2 4595 38122
31595 2 10269 36306
31596 2 45141 37302
31597 1 47971
31598 1 5549
31599 1 38281
31600 1 31030
31601 1 1954
31602 0
31603 0
31604 0
31605 2 3801 39256
31606 2 1691 35203
31607 1 15278
31608 0
31609 3 4721 20799 12362
31610 2 22960 32816
31611 3 7565 38435 7108
31612 2 15372 11174
31613 1 23509
31614 2 18890 42328
31615 2 45854 32445
31616 1 48583
31617 3 9932 41350 19672
31618 3 30629 22407 44139
31619 1 35243
31620 0
31621 3 23806 35270 40249
31622 3 39819 38667 20102
31623 0
31624 1 481
31625 0
31626 2 6513 29878
31627 2 13398 11727
31628 4 21406 6898 3772 6607
31629 1 45763
31630 3 39157 24661 49515
31631 2 44649 25791
31632 3 33649 7993 15648
31633 0
31634 3 29553 39691 18249
31635 2 20924 21931
31636 3 23583 11972 49543
31637 5 17181 41694 35141 20690 33443
31638 3 7358 41955 28922
31639 1 45754
31640 0
31641 0
31642 2 24107 2546
31643 5 21693 4224 47586 29094 47711
31644 3 20378 29190 31872
31645 5 35424 14000 15332 21378 38662
31646 1 40272
31647 2 24871 12717
31648 3 18476 14265 28826
31649 1 8540
31650 2 48405 4043
31651 3 27739 17630 9135
31652 4 26144 7006 49210 14580
31653 1 23578
31654 3 16265 24802 42028
31655 3 31979 14839 24652
31656 2 24608 23020
31657 1 6837
31658 1 26304
31659 3 44024 38875 48708
31660 2 11528 19465
31661 2 49634 10424
31662 3 10002 11034 21513
31663 5 23554 8166 26405 49188 18085
31664 4 26946 30111 10046 22303
31665 5 35798 40911 12339 27889 38315
31666 3 19277 26631 37774
31667 1 8496
31668 1 11090
31669 5 642 7501 2780 10028 29616
31670 2 1139 33290
31671 1 28380
31672 2 32440 26642
31673 2 13130 13792
31674 3 19776 33642 6598
31675 1 27122
31676 2 33194 32512
31677 5 26245 7349 15351 30879 45903
31678 2 3002 36292
31679 3 38283 19687 39040
31680 1 21021
31681 2 3517 18652
31682 6 29405 30796 24626 29210 22002 32730
31683 8 7110 33151 8817 27552 27352 29949 32568 46668
31684 1 19331
31685 1 26820
31686 2 46663 19806
31687 1 22390
31688 0
31689 2 37683 35909
31690 2 6400 28385
31691 3 23090 10128 25256
31692 2 44510 17084
31693 0
31694 1 4050
31695 3 34475 23487 9338
31696 2 5664 9568
31697 1 39348
31698 4 46279 27727 42109 20373
31699 5 14751 33735 44057 30009 34216
31700 1 37852
31701 1 3191
31702 0
31703 2 27981 31226
31704 0
31705 5 38903 20040 25144 9802 34581
31706 4 47729 44946 34882 33830
31707 2 45562 40827
31708 2 48231 47652
31709 2 34219 42754
31710 0
31711 0
31712 1 206
31713 4 41565 26762 24043 32016
31714 0
31715 1 45865
31716 1 37290
31717 1 41919
31718 3 22970 29299 4315
31719 1 39226
31720 3 24036 28652 43366
31721 1 7651
31722 1 9696
31723 2 16487 1425
31724 4 609 47877 45405 34922
31725 1 5515
31726 2 25598 12547
31727 2 2604 39432
31728 0
31729 3 14202 21420 18041
31730 1 18938
31731 1 41521
31732 0
31733 1 35371
31734 4 28898 7012 3207 23095
31735 1 9086
31736 1 14582
31737 2 41837 23668
31738 1 40418
31739 6 29278 20329 18802 43819 20503 25738
31740 0
31741 1 45463
31742 2 5574 44140
31743 1 45941
31744 0
31745 0
31746 1 48436
31747 4 7796 49789 13635 24728
31748 2 43984 15279
31749 2 23316 33982
31750 2 3804 9291
31751 0
31752 3 16580 30663 5994
31753 3 19453 7590 38301
31754 3 41272 31092 43298
31755 1 22415
31756 2 33771 9937
31757 1 21331
31758 2 6335 48879
31759 2 12730 8438
31760 3 13577 34296 29243
31761 1 4759
31762 0
31763 2 14647 41413
31764 3 47539 43274 8797
31765 2 31927 33572
31766 0
31767 2 30683 25
31768 2 23456 21393
31769 1 10088
31770 2 47861 23751
31771 1 41657
31772 4 9108 26401 44720 10770
31773 2 45248 36069
31774 1 27463
31775 1 409
31776 0
31777 1 2579
31778 5 16407 35786 26996 46803 49037
31779 2 41235 26027
31780 3 25137 7904 46147
31781 4 7641 49073 48878 36496
31782 2 40230 1179
31783 3 49138 48038 46154
31784 3 1767 39237 23504
31785 0
31786 1 13631
31787 4 15901 25056 25790 7468
31788 0
31789 1 17271
31790 2 24637 24009
31791 2 34166 33683
31792 1 49645
31793 1 32655
31794 4 38801 32312 22292 34687
31795 2 2443 16195
31796 0
31797 0
31798 5 11119 31838 1342 18273 48669
31799 1 2322
31800 2 22231 2923
31801 2 46539 30491
31802 2 40665 13013
31803 1 4854
31804 2 13700 26198
31805 1 40804
31806 0
31807 0
31808 0
31809 1 5510
31810 3 8670 19057 22477
31811 6 42827 47939 33550 48764 21079 12927
31812 1 920
31813 3 11400 39007 25003
31814 3 48690 24641 13388
31815 3 44757 48075 46177
31816 1 2705
31817 4 48912 14231 33624 40982
31818 0
31819 2 22391 2625
31820 3 22021 32299 6598
31821 2 27023 37862
31822 2 31802 45863
31823 0
31824 5 37929 27812 41745 12651 13950
31825 0
31826 4 34263 48991 27989 46241
31827 3 43698 15195 8174
31828 3 2522 27730 43072
31829 1 35484
31830 5 47021 42839 4334 22038 12471
31831 1 36699
31832 2 47926 27208
31833 3 11482 39575 29388
31834 3 42678 16749 24985
31835 3 43610 45651 21849
31836 0
31837 2 16662 28442
31838 3 3731 12558 20636
31839 2 43229 22821
31840 2 36421 32383
31841 0
31842 0
31843 2 2728 42475
31844 0
31845 6 23050 15795 14982 46170 33415 14663
31846 1 33214
31847 2 12355 18497
31848 0
31849 0
31850 3 20185 44678 33386
31851 4 7997 46257 3000 7013
31852 1 28058
31853 1 6
31854 3 38924 16010 9050
31855 1 29387
31856 1 2072
31857 6 10848 26258 5241 19780 6494 12427
31858 1 40317
31859 0
31860 2 13336 16064
31861 1 27738
31862 0
31863 3 17153 27613 762
31864 3 15011 47239 46156
31865 3 44721 43001 16746
31866 0
31867 2 46659 44222
31868 3 8405 14364 9939
31869 3 49335 17734 34472
31870 2 5724 44961
31871 2 35616 244
31872 1 3963
31873 0
31874 0
31875 0
31876 0
31877 1 13453
31878 1 36195
31879 1 40069
31880 1 8023
31881 0
31882 2 24287 11709
31883 2 48245 39413
31884 3 29788 24533 12486
31885 1 11954
31886 1 4190
31887 0
31888 3 37957 43090 44622
31889 0
31890 3 39650 8058 37807
31891 4 27380 10824 1474 686
31892 1 49371
31893 4 26881 45989 28384 23839
31894 3 24548 14564 21697
31895 1 27325
31896 4 12563 49209 22959 4095
31897 0
31898 1 45023
31899 3 20612 32974 4199
31900 3 49309 31251 48381
31901 1 7286
31902 1 4254
31903 2 48482 37728
31904 1 16941
31905 1 14494
31906 4 37512 29978 20236 18863
31907 1 10663
31908 3 22405 4278 6559
31909 4 44943 45487 20371 37237
31910 2 45231 10112
31911 3 3245 47035 14501
31912 4 31833 42484 14614 17617
31913 1 24008
31914 1 30703
31915 3 25804 13058 8789
31916 2 8962 5638
31917 4 22185 35982 37856 33116
31918 3 21898 18456 19983
31919 1 6701
31920 3 41778 15115 44361
31921 2 49778 46902
31922 2 7514 8495
31923 1 48441
31924 1 26599
31925 4 19067 22543 35243 27245
31926 0
31927 1 42306
31928 1 34909
31929 1 8604
31930 3 16993 11195 859
31931 1 45904
31932 0
31933 0
31934 2 21826 20226
31935 1 17688
31936 0
31937 2 17626 13304
31938 2 17598 33257
31939 1 8180
31940 1 13152
31941 2 35975 36540
31942 0
31943 1 41455
31944 2 26737 39712
31945 3 6066 28634 17872
31946 2 6280 23864
31947 2 27013 21440
31948 1 48830
31949 1 25360
31950 3 2976 41217 29246
31951 3 42761 41138 45337
31952 0
31953 3 24723 8207 42414
31954 2 13387 40393
31955 1 22501
31956 1 13768
31957 1 44551
31958 1 3064
31959 3 42016 30489 45970
31960 4 16497 42497 16262 34033
31961 3 41011 41136 8928
31962 2 43584 40427
31963 2 1039 37286
31964 3 8043 2497 7524
31965 0
31966 2 43811 8569
31967 1 15898
31968 1 14498
31969 4 18478 38262 47078 41428
31970 1 4170
31971 1 36087
31972 4 13235 748 16099 23191
31973 3 35891 9226 19590
31974 4 19475 797 41200 20911
31975 1 27327
31976 2 18604 37749
31977 2 21739 43865
31978 2 4915 35756
31979 0
31980 1 43514
31981 5 17151 45487 27317 24993 28530
31982 0
31983 0
31984 4 26718 40567 9705 7270
31985 2 35029 32398
31986 2 11915 49000
31987 2 47763 30743
31988 0
31989 2 24367 14995
31990 2 30559 28277
31991 5 18740 48967 1296 1145 9416
31992 2 30008 24420
31993 2 1190 17307
31994 4 8934 34456 39678 42585
31995 2 27268 20931
31996 2 49787 3464
31997 1 3496
31998 2 21809 10826
31999 2 41537 16657
32000 5 19048 466 17444 39454 22801
32001 2 21749 21870
32002 3 49602 33045 49022
32003 2 13297 7357
32004 4 10630 8603 598 45623
32005 4 13319 39324 2102 34583
32006 3 36645 42348 26230
32007 1 49278
32008 1 20238
32009 1 38776
32010 2 21959 26947
32011 2 3205 6545
32012 4 18697 18586 40876 22517
32013 1 4112
32014 5 32652 26289 23209 42451 5276
32015 3 24215 3411 23373
32016 3 28328 49758 3280
32017 5 4982 48383 7241 25934 27227
32018 2 49298 2382
32019 2 1652 35186
32020 1 34577
32021 1 9130
32022 2 29740 27093
32023 2 20079 14772
32024 2 14258 42203
32025 3 3161 30773 40982
32026 3 1654 47849 43772
32027 2 48866 49020
32028 1 30470
32029 0
32030 2 31426 43860
32031 1 557
32032 2 4707 25477
32033 0
32034 3 17433 45277 36467
32035 4 30897 12712 323 32949
32036 3 44170 18107 34359
32037 5 29760 33644 30296 26655 12814
32038 3 17942 37523 35776
32039 3 35467 21637 24277
32040 1 35746
32041 2 29571 49844
32042 0
32043 1 31585
32044 0
32045 0
32046 1 21848
32047 3 14484 41541 24912
32048 2 22670 2689
32049 5 43163 34942 10596 3400 15525
32050 3 12083 22640 5452
32051 3 49006 35817 3885
32052 3 36790 43384 2224
32053 1 17564
32054 4 27744 18330 16099 30511
32055 2 36313 2680
32056 2 32151 22505
32057 2 28635 25749
32058 0
32059 4 25536 36612 10167 34739
32060 3 22589 38460 31633
32061 1 14899
32062 2 24419 38896
32063 2 14842 40756
32064 1 23565
32065 2 23214 17293
32066 5 11157 34827 22191 4527 37738
32067 2 25029 44225
32068 1 43239
32069 2 2203 11551
32070 2 34763 13465
32071 5 29935 10175 6428 28981 26822
32072 1 8356
32073 2 4858 46231
32074 4 40367 32274 976 38939
32075 1 8791
32076 1 46777
32077 0
32078 3 20439 30009 21682
32079 1 8033
32080 2 11961 14756
32081 2 48422 11242
32082 0
32083 3 24052 6207 42422
32084 0
32085 3 6530 20053 49529
32086 2 21357 20052
32087 2 22296 4315
32088 2 31504 19157
32089 2 24597 30509
32090 1 10882
32091 2 4205 10960
32092 0
32093 4 13016 43995 17979 3215
32094 1 28482
32095 4 47480 41904 10828 49219
32096 3 37923 35091 40387
32097 2 41706 21819
32098 1 36005
32099 1 42730
32100 2 6245 35775
32101 1 15265
32102 3 2399 2422 38557
32103 1 35627
32104 3 22819 49833 17927
32105 1 2081
32106 6 25261 18381 40035 22878 18757 294
32107 3 31371 34291 24859
32108 2 7775 41252
32109 1 46297
32110 2 24408 8295
32111 1 46975
32112 2 36885 37759
32113 1 35424
32114 3 11827 22860 15120
32115 3 7296 22710 39421
32116 2 33717 5291
32117 1 9624
32118 5 40719 30443 12308 44916 21781
32119 5 46718 48913 28209 1641 41128
32120 3 35638 35622 18011
32121 6 37463 19139 45021 4293 7464 36127
32122 3 40264 6067 21293
32123 4 28474 28581 16421 30496
32124 2 21239 14305
32125 3 10445 16663 4299
32126 2 23067 26043
32127 1 19219
32128 2 29063 2562
32129 1 42062
32130 2 17901 46633
32131 2 12651 12829
32132 1 3530
32133 4 9469 16756 4817 12741
32134 2 34742 23610
32135 3 2145 5518 25444
32136 1 25671
32137 2 16234 21057
32138 1 21429
32139 2 39458 43654
32140 3 24278 5678 1417
32141 5 10176 47799 39914 3696 27151
32142 1 8929
32143 5 41985 14771 9717 35741 47375
32144 1 26316
32145 2 7281 46189
32146 1 47572
32147 1 39009
32148 4 22848 44521 27582 34784
32149 4 20858 41966 31819 49221
32150 3 8048 42168 38944
32151 1 13557
32152 0
32153 5 26178 30324 39263 1993 13864
32154 0
32155 3 1316 17276 4416
32156 2 3222 47599
32157 1 40899
32158 1 20273
32159 3 35541 200 7006
32160 2 37855 30292
32161 2 38147 14167
32162 3 37230 22147 44198
32163 2 13134 24272
32164 1 36123
32165 3 2181 26422 24141
32166 0
32167 2 33519 47399
32168 2 42935 17421
32169 2 13980 14688
32170 3 42611 29867 11482
32171 2 40976 43823
32172 2 15291 13678
32173 2 22890 22634
32174 2 47787 22123
32175 1 31033
32176 4 3818 49466 39671 48593
32177 0
32178 0
32179 1 34787
32180 0
32181 2 19577 14915
32182 1 8360
32183 1 44170
32184 2 40274 43389
32185 2 1499 28338
32186 0
32187 2 25189 2541
32188 3 18008 8291 18666
32189 2 14713 8478
32190 4 12588 49629 46091 47837
32191 2 21743 37147
32192 2 13767 39453
32193 1 10349
32194 2 24830 11448
32195 1 21767
32196 2 9276 4818
32197 1 11839
32198 2 33459 798
32199 1 1521
32200 0
32201 0
32202 2 32738 3149
32203 2 44729 26109
32204 1 7071
32205 1 49510
32206 2 15437 23101
32207 2 15873 16274
32208 1 38011
32209 1 23472
32210 3 44797 29385 13430
32211 0
32212 3 45238 36431 7826
32213 5 14857 47741 4887 48382 20597
32214 4 4611 17670 206 9778
32215 2 27348 10347
32216 0
32217 4 22519 28841 48310 30302
32218 2 43142 82
32219 1 23404
32220 3 27977 27833 8370
32221 2 7084 37604
32222 3 11654 44657 30650
32223 3 44032 32878 30177
32224 1 37964
32225 1 3011
32226 1 31105
32227 2 46286 17227
32228 3 9191 10970 3370
32229 4 34652 43125 36614 42078
32230 3 22213 10058 11116
32231 3 25845 31784 31148
32232 1 9385
32233 2 6232 528
32234 1 48697
32235 2 3674 44314
32236 3 6523 41068 42435
32237 2 15380 6209
32238 1 18669
32239 2 31462 22174
32240 0
32241 2 39544 12944
32242 2 37839 47278
32243 2 8722 20865
32244 2 22021 27662
32245 4 29343 82 36320 41901
32246 2 5382 20382
32247 1 17596
32248 0
32249 2 23978 2634
32250 2 2461 15009
32251 0
32252 3 10779 47151 32863
32253 5 30684 39121 19977 7743 14173
32254 2 33728 40614
32255 4 19725 45391 22303 34362
32256 2 2208 15491
32257 1 3099
32258 0
32259 1 1618
32260 2 18251 9283
32261 2 35030 29048
32262 4 43627 16872 43885 6466
32263 3 24301 2715 21815
32264 4 322 19213 48944 9923
32265 4 26462 8079 16824 38040
32266 0
32267 0
32268 2 10450 20077
32269 5 15568 25665 3746 13106 34211
32270 2 46922 26774
32271 3 10108 28250 27111
32272 2 35595 38207
32273 0
32274 0
32275 0
32276 4 40770 21223 31520 15770
32277 3 16325 23286 20294
32278 4 27633 36380 37789 30773
32279 3 32577 4427 15218
32280 0
32281 2 22678 42563
32282 2 38501 47642
32283 3 42335 2709 38000
32284 2 29688 4018
32285 0
32286 1 33107
32287 4 47864 31106 47957 41940
32288 5 7755 27308 49799 15104 41003
32289 2 39457 33605
32290 2 31878 32349
32291 1 22081
32292 3 40793 15832 19153
32293 2 10907 7627
32294 1 31184
32295 2 16391 15007
32296 1 33852
32297 2 9736 22679
32298 2 49955 35549
32299 2 40132 31023
32300 3 14896 13791 42901
32301 5 11376 36892 3333 7539 4139
32302 4 43049 33779 8322 5670
32303 4 12555 48317 14972 38022
32304 1 46619
32305 2 43223 34148
32306 3 36008 10380 19918
32307 4 959 37216 5495 20368
32308 0
32309 1 28273
32310 2 14142 9091
32311 1 37291
32312 4 41912 3727 34860 25861
32313 1 18385
32314 3 259 379 38557
32315 1 5947
32316 1 8132
32317 2 46345 45534
32318 0
32319 1 8382
32320 1 15475
32321 2 14899 10057
32322 4 29183 27146 28281 31372
32323 1 45706
32324 3 19267 16451 35877
32325 2 3481 19105
32326 1 34847
32327 5 28536 5858 26092 48128 48162
32328 1 536
32329 3 8102 31154 12727
32330 2 41638 8237
32331 2 37478 4634
32332 2 34916 39564
32333 1 4141
32334 2 13524 18302
32335 3 2624 39693 48059
32336 1 5401
32337 2 31259 47322
32338 3 29535 13237 14362
32339 2 28423 2282
32340 1 14489
32341 1 9387
32342 2 20661 1063
32343 1 16188
32344 1 34390
32345 0
32346 1 42137
32347 4 29711 30310 48303 43771
32348 3 21979 33002 40072
32349 2 5367 16577
32350 2 48843 41662
32351 6 24960 22236 3728 39920 805 37180
32352 3 24029 38151 12854
32353 3 34285 7531 37519
32354 3 42107 44592 30034
32355 1 48048
32356 3 21759 35325 1790
32357 0
32358 3 14889 40544 43269
32359 3 7987 45131 11756
32360 4 31823 23987 37381 11211
32361 4 40280 49083 14928 27194
32362 2 24388 49551
32363 3 1513 23156 6386
32364 5 7923 9720 7429 19133 20264
32365 0
32366 3 13461 748 43318
32367 3 7719 9122 45498
32368 3 30169 31930 41158
32369 4 33241 18649 44672 14657
32370 3 6183 16760 13247
32371 3 11742 17146 41743
32372 2 46276 8431
32373 4 9152 39844 34377 24655
32374 3 43003 374 10216
32375 3 36503 558 28835
32376 1 393
32377 2 26585 332
32378 2 4745 38616
32379 6 40917 39539 37297 49551 24883 39918
32380 1 3052
32381 3 45633 43637 21041
32382 2 46991 20330
32383 1 2821
32384 0
32385 0
32386 4 24454 44221 16344 20592
32387 3 30152 35601 29747
32388 2 22430 9158
32389 1 26427
32390 2 10261 21940
32391 2 24572 45046
32392 6 4837 46200 33943 34925 29178 25462
32393 3 40227 1307 42628
32394 2 44022 12438
32395 0
32396 2 19473 48570
32397 2 7653 24409
32398 0
32399 2 17373 41296
32400 1 6543
32401 3 11507 23551 35163
32402 1 14964
32403 1 9874
32404 0
32405 1 7875
32406 3 10516 3289 7828
32407 0
32408 2 33594 24884
32409 2 47583 41731
32410 1 42955
32411 3 8024 22055 46135
32412 2 44510 46763
32413 0
32414 1 9781
32415 6 24856 15106 35239 1138 10730 33276
32416 1 13972
32417 2 4215 20216
32418 2 1078 3919
32419 4 31046 30549 25053 4326
32420 1 17431
32421 1 17738
32422 3 28658 12367 33918
32423 4 37445 16032 44192 49500
32424 2 17658 31945
32425 2 6304 46572
32426 2 11043 13365
32427 0
32428 3 24693 21506 23722
32429 1 26986
32430 1 23911
32431 2 26144 2815
32432 2 9016 13986
32433 1 32537
32434 0
32435 2 35258 49928
32436 2 18520 23344
32437 1 44347
32438 2 45725 20400
32439 1 7495
32440 1 9169
32441 1 44459
32442 1 37914
32443 4 28650 45019 46566 3742
32444 2 3839 21747
32445 1 44556
32446 5 13495 18196 20365 1902 4169
32447 3 14751 19361 6110
32448 1 2626
32449 0
32450 1 17296
32451 0
32452 0
32453 5 46895 10833 18862 8612 11491
32454 1 43807
32455 1 33681
32456 1 45846
32457 1 40743
32458 3 4669 28487 3642
32459 4 28210 39090 4716 34547
32460 2 1017 25086
32461 1 24036
32462 0
32463 1 21979
32464 0
32465 3 20411 9220 23499
32466 2 12721 9347
32467 2 47264 45045
32468 1 25184
32469 0
32470 2 12261 32855
32471 3 40376 6184 10456
32472 1 41259
32473 2 25265 48589
32474 2 41036 28377
32475 1 5978
32476 2 45971 22296
32477 0
32478 6 43063 39883 32957 19758 37968 30728
32479 0
32480 1 13190
32481 0
32482 3 28847 2971 37863
32483 0
32484 2 23731 11761
32485 1 19440
32486 1 10183
32487 1 112
32488 2 44989 43862
32489 2 3466 25883
32490 1 7101
32491 4 19530 44235 17804 46289
32492 1 37349
32493 1 25470
32494 0
32495 2 23773 46360
32496 3 35157 25643 34342
32497 2 36669 33996
32498 2 48017 23098
32499 2 38631 7131
32500 0
32501 2 36807 6677
32502 2 24687 35243
32503 7 44317 20061 13776 46886 34583 21029 1265
32504 3 20247 37606 23658
32505 3 6133 9223 13534
32506 2 11003 19126
32507 3 35593 24860 40317
32508 0
32509 2 4102 25319
32510 1 10429
32511 2 48961 25179
32512 1 48982
32513 1 1017
32514 3 45740 28880 46248
32515 0
32516 1 21497
32517 2 11241 19441
32518 1 3150
32519 2 4682 38683
32520 3 3428 22940 22959
32521 2 8082 44374
32522 1 7057
32523 3 20140 29515 21581
32524 3 41904 31860 26153
32525 1 36592
32526 3 7463 19751 5771
32527 4 4102 40856 29998 7063
32528 3 21309 41226 9752
32529 5 41703 25071 10604 674 17671
32530 1 39236
32531 5 25544 16446 44280 38251 17699
32532 2 18410 35329
32533 1 47927
32534 1 6458
32535 2 25454 19968
32536 3 38771 32217 42294
32537 1 1798
32538 2 10033 41626
32539 1 19982
32540 1 11925
32541 1 46843
32542 1 8554
32543 3 15405 37353 32618
32544 1 4105
32545 3 1214 49890 3702
32546 3 20515 39083 19145
32547 2 31290 42578
32548 3 46554 38556 48428
32549 2 12755 24433
32550 4 46238 14927 34225 28614
32551 4 6341 15255 981 7226
32552 3 19584 35438 28668
32553 2 22365 46846
32554 2 62 16544
32555 4 16441 42981 16952 18531
32556 1 43146
32557 2 20578 37286
32558 2 5970 7876
32559 1 8536
32560 2 17083 29199
32561 2 10156 34878
32562 4 23931 44012 43633 40825
32563 1 890
32564 3 43454 36491 10484
32565 1 37859
32566 2 43866 44782
32567 2 15614 4026
32568 3 30845 12534 48092
32569 2 37557 3365
32570 2 47429 37220
32571 0
32572 1 40067
32573 0
32574 4 26754 48957 18138 34467
32575 1 45432
32576 2 30761 1733
32577 2 41315 23289
32578 2 30373 5699
32579 5 1927 45240 20985 14683 38779
32580 2 8356 13423
32581 0
32582 2 38701 9466
32583 1 46499
32584 0
32585 2 3676 31713
32586 1 42179
32587 3 14707 36693 40738
32588 0
32589 2 41265 31224
32590 0
32591 2 3316 23687
32592 3 34472 32473 11130
32593 1 10293
32594 2 14323 40628
32595 0
32596 3 42808 12851 41625
32597 1 3868
32598 2 40575 4280
32599 2 21288 31925
32600 1 35395
32601 5 41028 46194 36374 47381 48326
32602 0
32603 3 39394 16673 31111
32604 2 7636 39451
32605 3 19889 21173 1870
32606 1 29400
32607 0
32608 2 10784 30970
32609 3 923 10373 48529
32610 0
32611 0
32612 3 10904 9462 38123
32613 1 29111
32614 2 14871 28415
32615 1 48803
32616 1 4523
32617 4 18507 37800 18782 24188
32618 1 574
32619 3 41795 12429 25454
32620 2 44543 32355
32621 3 39686 16316 48511
32622 3 35246 30144 4001
32623 2 24418 29166
32624 2 46543 36113
32625 2 5772 22814
32626 1 41381
32627 4 36153 36496 38488 44346
32628 4 10349 39703 47695 11730
32629 3 15344 13456 38757
32630 2 6347 42443
32631 2 36561 33465
32632 2 31550 8334
32633 1 29958
32634 6 40029 42871 47726 9462 35258 24908
32635 2 11542 15673
32636 2 14186 9299
32637 2 5017 39564
32638 3 8305 4522 31263
32639 2 33203 4313
32640 5 10733 5895 34207 49536 27902
32641 1 46540
32642 3 8057 1714 7186
32643 0
32644 5 8655 30645 2138 19207 33048
32645 2 7602 38515
32646 2 304 36909
32647 3 20727 33044 10266
32648 1 11348
32649 2 32868 13652
32650 3 20115 21458 4590
32651 2 34162 49311
32652 3 49711 34551 17114
32653 1 21716
32654 2 26486 24166
32655 1 47058
32656 2 20021 23296
32657 0
32658 0
32659 0
32660 1 43756
32661 0
32662 3 14927 8824 43319
32663 2 16096 32980
32664 2 5279 3775
32665 3 47284 40426 43537
32666 1 44753
32667 2 15759 369
32668 2 40840 24489
32669 2 13277 37977
32670 2 21301 27498
32671 3 12427 11723 4204
32672 2 45955 19527
32673 1 16688
32674 2 27488 22895
32675 3 35345 20125 43226
32676 4 42403 12560 12950 24157
32677 2 46378 40958
32678 2 19612 9783
32679 2 15878 25636
32680 0
32681 1 41034
32682 1 35604
32683 3 23412 40713 33192
32684 2 48465 9015
32685 1 43148
32686 2 11013 12775
32687 5 39450 17554 2854 2994 8619
32688 2 8503 23503
32689 0
32690 1 32177
32691 4 13384 7587 681 41396
32692 2 24727 28921
32693 0
32694 4 5419 14355 45759 30984
32695 3 20872 42913 1378
32696 2 19528 40704
32697 0
32698 3 33735 42498 40009
32699 2 13548 32202
32700 2 14586 19207
32701 2 34351 10407
32702 1 43046
32703 1 35031
32704 1 30511
32705 2 9803 34926
32706 2 44535 5504
32707 1 37679
32708 0
32709 2 8986 8194
32710 4 16021 32315 42875 31726
32711 2 5400 45900
32712 0
32713 4 48467 23592 10835 5021
32714 1 30115
32715 2 20381 22822
32716 2 47712 8820
32717 2 18418 40223
32718 1 29797
32719 3 40067 43457 30912
32720 5 47509 25985 25218 12723 18076
32721 2 8978 34401
32722 1 35876
32723 3 37093 24481 41353
32724 4 10074 38118 36087 22979
32725 2 40634 20
32726 1 38311
32727 2 35410 41600
32728 1 12776
32729 3 1016 32278 20666
32730 2 2532 34679
32731 3 10591 26461 11883
32732 1 39147
32733 2 35354 31586
32734 3 46271 6965 49982
32735 3 39831 23839 41908
32736 1 4250
32737 3 39990 20414 4078
32738 0
32739 0
32740 3 20536 15724 15228
32741 1 47331
32742 3 44128 14849 11705
32743 2 8511 3376
32744 4 37173 23145 31173 41564
32745 0
32746 6 27450 2677 34725 34902 41588 6111
32747 2 41085 26924
32748 6 30221 10826 49323 13067 23715 24216
32749 4 36909 283 3429 973
32750 2 30000 4115
32751 2 26556 44541
32752 1 22421
32753 1 37771
32754 1 39044
32755 3 10856 41971 49037
32756 2 23858 40898
32757 5 27898 9357 8587 23773 44405
32758 3 10096 15512 38564
32759 2 7779 48834
32760 1 19133
32761 1 3042
32762 1 36676
32763 4 16892 41236 22849 16389
32764 0
32765 3 44646 33461 43221
32766 0
32767 1 3306
32768 0
32769 3 35229 26107 48879
32770 0
32771 2 43440 505
32772 1 1273
32773 4 5787 36109 30119 1800
32774 0
32775 4 21598 13994 32538 14220
32776 1 43692
32777 3 27622 9123 44700
32778 3 18064 9466 40047
32779 0
32780 3 23315 48989 15907
32781 2 26877 6955
32782 1 18997
32783 1 38001
32784 4 10902 17015 31025 44995
32785 0
32786 1 7732
32787 4 32875 47671 21420 22700
32788 0
32789 2 47718 13910
32790 1 20364
32791 4 41826 26540 30909 6243
32792 1 29068
32793 2 30307 7177
32794 0
32795 1 14412
32796 2 3579 12538
32797 2 10479 4561
32798 4 34558 42813 25647 31534
32799 2 27422 43564
32800 1 46566
32801 4 916 1740 48956 19212
32802 3 13064 43190 36882
32803 2 28973 9071
32804 2 43898 17214
32805 2 3364 23896
32806 1 13747
32807 0
32808 0
32809 2 27565 7428
32810 0
32811 0
32812 3 21340 35048 42782
32813 2 5027 16068
32814 2 33800 30166
32815 2 17692 31334
32816 3 5570 24716 47513
32817 1 17971
32818 0
32819 3 9200 22326 34352
32820 0
32821 3 35905 8848 24237
32822 3 16038 45286 19502
32823 2 33695 39750
32824 2 35680 40520
32825 1 13188
32826 2 6962 24333
32827 0
32828 3 33666 7970 1353
32829 1 9591
32830 1 10198
32831 5 38633 9065 34685 5799 15711
32832 3 3525 21836 27861
32833 3 29760 6348 24998
32834 3 42803 31673 44985
32835 0
32836 2 32274 3835
32837 4 34587 21223 20183 2229
32838 2 29253 24387
32839 2 43292 48576
32840 1 29106
32841 1 3362
32842 0
32843 2 47127 30758
32844 2 23183 6754
32845 5 3533 37955 23611 40989 2907
32846 2 31470 17341
32847 3 13536 45011 26828
32848 1 5355
32849 1 33736
32850 0
32851 1 20229
32852 3 18016 14171 12202
32853 1 20340
32854 3 28627 11934 36109
32855 2 28833 34471
32856 5 5975 31948 36992 13818 37472
32857 1 283
32858 2 18064 36114
32859 0
32860 3 16401 29433 33991
32861 1 49996
32862 0
32863 1 37184
32864 3 46795 32412 31172
32865 1 25142
32866 1 30864
32867 1 3863
32868 1 16863
32869 4 17076 35561 21928 33018
32870 3 736 27323 15160
32871 0
32872 6 15530 35254 24222 24431 314 41386
32873 2 24797 34241
32874 0
32875 1 2796
32876 4 44584 49908 2487 940
32877 1 28267
32878 2 28576 39345
32879 1 2095
32880 4 9520 12325 41561 15287
32881 3 17160 10853 13652
32882 0
32883 0
32884 2 38308 15061
32885 1 20010
32886 2 4460 40834
32887 2 37425 25185
32888 3 41043 24645 43590
32889 2 4209 41713
32890 1 22222
32891 0
32892 3 6023 26057 5471
32893 3 24810 22964 19601
32894 1 10747
32895 1 23094
32896 3 47154 37590 4747
32897 1 2169
32898 0
32899 3 2385 27485 49879
32900 2 1969 14824
32901 1 930
32902 5 3226 24251 11385 38161 5122
32903 1 5857
32904 4 25532 12303 35544 14889
32905 4 8710 44107 49786 8003
32906 1 14339
32907 0
32908 4 27893 27982 35716 27479
32909 0
32910 0
32911 6 2723 33597 17908 12404 18428 29939
32912 2 32485 47674
32913 0
32914 1 39251
32915 0
32916 3 9325 38606 10202
32917 1 24927
32918 3 32386 36357 17784
32919 4 25481 37092 35529 37178
32920 1 22689
32921 1 2472
32922 2 20779 36048
32923 1 45471
32924 2 8995 47419
32925 1 48838
32926 2 7388 9082
32927 6 17956 629 30735 11462 13588 27869
32928 1 43
32929 2 7739 18187
32930 1 28714
32931 3 12757 42929 12475
32932 3 20257 28142 43291
32933 2 47304 36499
32934 1 16534
32935 2 25273 33090
32936 3 15611 12137 26008
32937 2 39495 8969
32938 1 33396
32939 1 48722
32940 4 34037 9763 48995 29653
32941 2 14738 40126
32942 1 14998
32943 1 1604
32944 4 2846 13649 13595 28166
32945 2 31414 33894
32946 3 24868 13135 3923
32947 3 42475 17833 37805
32948 3 43440 45308 43385
32949 3 47936 35773 19166
32950 0
32951 4 25055 14129 45566 37788
32952 1 34268
32953 3 8561 46534 30701
32954 0
32955 1 4405
32956 1 33224
32957 1 48114
32958 0
32959 3 16143 21621 28159
32960 3 42283 2188 43573
32961 0
32962 0
32963 0
32964 1 677
32965 1 16930
32966 1 39351
32967 2 43731 21976
32968 2 7928 30894
32969 4 44039 38710 41951 12672
32970 1 6395
32971 3 16287 11730 8447
32972 3 4669 9494 23781
32973 0
32974 1 48886
32975 1 45690
32976 2 45754 44086
32977 2 569 46217
32978 0
32979 0
32980 3 42866 41088 8940
32981 2 23314 16957
32982 2 48107 44562
32983 2 27992 43534
32984 3 24037 27090 4628
32985 0
32986 2 33222 49977
32987 0
32988 1 47256
32989 2 32687 18276
32990 1 12591
32991 3 37216 5518 25039
32992 1 14896
32993 3 39684 45373 25441
32994 3 8473 23749 13535
32995 1 23962
32996 2 23491 27240
32997 5 14800 45358 36144 24690 8317
32998 2 9648 10212
32999 1 24237
33000 3 38287 28437 1345
33001 5 12750 20439 24663 37140 20362
33002 1 15183
33003 3 15143 44680 26446
33004 1 49154
33005 2 27935 17463
33006 1 40141
33007 3 41283 33955 36956
33008 5 41162 17560 27008 44329 49850
33009 4 10056 13609 19805 44390
33010 2 35262 10688
33011 0
33012 4 29814 48714 28251 27047
33013 1 2590
33014 5 3104 34670 5161 23932 25069
33015 2 42096 37070
33016 3 1245 33167 42990
33017 1 30552
33018 2 10299 36081
33019 0
33020 4 48598 22522 421 42129
33021 2 2783 29297
33022 1 23547
33023 2 28239 13571
33024 3 25345 23032 21845
33025 0
33026 2 10692 34030
33027 5 49552 12652 15442 42785 16941
33028 2 39509 46844
33029 0
33030 1 43090
33031 4 45761 7545 1941 31687
33032 1 34326
33033 1 44969
33034 0
33035 0
33036 1 31842
33037 4 29690 46212 35498 38854
33038 3 18638 47167 32148
33039 1 22167
33040 4 46717 43918 20078 27972
33041 2 9850 17387
33042 1 35327
33043 2 18957 13855
33044 1 30699
33045 6 45225 44970 30488 15429 49451 5086
33046 0
33047 2 2154 13941
33048 3 6068 47847 31870
33049 2 36149 15080
33050 0
33051 2 6428 11916
33052 3 32149 6474 11156
33053 2 22360 14220
33054 4 27992 47971 14833 4781
33055 5 8725 47625 37865 39490 45391
33056 2 20793 39272
33057 2 5921 30285
33058 3 34420 23711 29044
33059 5 39552 12201 19288 38288 12397
33060 3 36108 29325 21780
33061 4 20753 8516 14520 45316
33062 2 5994 41847
33063 3 34295 3861 36115
33064 5 34049 33574 35927 1630 8800
33065 4 48190 19075 47167 31908
33066 2 47872 41058
33067 1 48555
33068 0
33069 0
33070 3 13277 4706 48441
33071 0
33072 1 20072
33073 2 19582 6343
33074 1 19717
33075 0
33076 2 10264 19407
33077 2 29096 17071
33078 2 29977 39375
33079 1 16700
33080 1 46459
33081 2 42035 25685
33082 1 45123
33083 3 41493 11172 28788
33084 5 34561 39014 29036 9568 4532
33085 0
33086 2 13180 22598
33087 0
33088 0
33089 2 4451 23292
33090 2 1570 39397
33091 3 46938 34222 37977
33092 0
33093 1 22504
33094 3 15693 37111 48204
33095 3 43670 12591 43383
33096 5 5944 18389 21221 39464 31103
33097 3 28571 47667 28727
33098 2 46567 31262
33099 2 12536 30272
33100 1 19315
33101 2 32546 9158
33102 2 3571 24848
33103 4 14784 41981 8359 1608
33104 1 14195
33105 3 31239 33779 38203
33106 3 42621 15540 17343
33107 2 14188 26574
33108 2 11604 48016
33109 2 43708 13953
33110 2 8192 48995
33111 3 9632 581 45262
33112 0
33113 3 29261 44505 32819
33114 1 3673
33115 3 49220 18794 40803
33116 5 49803 19391 4150 8993 29697
33117 1 26528
33118 2 42526 37844
33119 1 40894
33120 2 48464 43374
33121 2 8660 24594
33122 1 12362
33123 2 15041 46992
33124 0
33125 1 49617
33126 3 10733 7228 18675
33127 1 27882
33128 5 13714 16106 14791 27869 29231
33129 1 35345
33130 1 1462
33131 3 15894 16570 41468
33132 1 13420
33133 3 22053 20491 25160
33134 5 49460 37748 1108 33319 45943
33135 3 48277 28745 16998
33136 1 24558
33137 2 20630 41771
33138 1 35615
33139 1 43502
33140 1 2001
33141 1 1848
33142 3 13837 17581 25784
33143 2 18262 21742
33144 1 31098
33145 1 744
33146 2 37026 31589
33147 4 43430 3559 23631 2050
33148 3 21974 2212 49532
33149 3 29216 11231 16754
33150 2 13788 12484
33151 1 39239
33152 2 22771 26194
33153 2 35692 21735
33154 2 10095 8087
33155 2 39388 38206
33156 3 19553 28981 14414
33157 4 38363 44221 36574 44532
33158 1 13909
33159 5 40451 18324 28807 7848 30394
33160 1 27328
33161 0
33162 1 6816
33163 1 20041
33164 3 48993 13887 26210
33165 1 10110
33166 1 22809
33167 5 19060 21013 33232 8619 26203
33168 1 48602
33169 1 34871
33170 2 46099 48692
33171 4 47825 22352 49507 45252
33172 4 21227 47593 45216 39383
33173 1 44493
33174 2 38157 31487
33175 2 42803 38483
33176 2 11087 38187
33177 3 2327 32852 41173
33178 3 2705 14554 10263
33179 1 10149
33180 0
33181 4 21499 45695 19325 13080
33182 1 12398
33183 2 6559 29904
33184 2 35898 28276
33185 5 9252 37315 2154 22637 41693
33186 3 19495 2724 23165
33187 1 16141
33188 2 9810 47613
33189 2 10240 49502
33190 1 35838
33191 3 16354 24972 19434
33192 5 18812 2261 32129 44069 43631
33193 0
33194 3 5509 42116 32641
33195 1 13282
33196 2 8140 7806
33197 2 40672 24086
33198 3 39606 12569 33884
33199 2 34923 41423
33200 2 18848 23701
33201 1 18667
33202 4 40098 21997 47055 24399
33203 2 49540 19577
33204 2 26394 12995
33205 3 13686 27648 15079
33206 1 32518
33207 1 21515
33208 0
33209 0
33210 3 6426 42811 30002
33211 1 42559
33212 2 35004 38353
33213 3 42771 11469 23154
33214 4 30479 33493 7900 2158
33215 1 30282
33216 0
33217 0
33218 3 18801 34623 26320
33219 1 18236
33220 3 36001 46706 6771
33221 2 11716 27542
33222 2 38469 42795
33223 1 45451
33224 1 40510
33225 4 29009 9702 33265 22192
33226 2 44114 25175
33227 1 21506
33228 3 19348 46105 36851
33229 1 29866
33230 2 16314 43709
33231 4 12768 196 14785 14359
33232 5 13804 29594 33121 23517 13821
33233 0
33234 3 7698 31505 32869
33235 4 40138 23960 17195 15799
33236 1 19324
33237 3 15828 38135 32735
33238 3 16505 14000 6671
33239 2 13930 48096
33240 3 21984 4233 16909
33241 3 3748 40879 33955
33242 3 48683 16131 44435
33243 2 20881 18729
33244 2 47564 35059
33245 2 15507 12520
33246 1 22066
33247 3 43314 30445 34707
33248 2 10651 19310
33249 1 3754
33250 1 29694
33251 4 35315 25978 13760 7568
33252 1 13295
33253 2 38699 15191
33254 1 28804
33255 0
33256 2 30416 1651
33257 1 39784
33258 1 48306
33259 3 45148 3190 44260
33260 3 8886 48951 1806
33261 0
33262 0
33263 1 33951
33264 1 4848
33265 0
33266 3 38277 37852 42773
33267 2 42135 6847
33268 3 4958 7082 32364
33269 2 4952 24873
33270 2 35255 3854
33271 0
33272 5 4249 37705 21840 6697 14753
33273 4 34405 17528 40761 26782
33274 0
33275 4 34604 15066 46591 27367
33276 2 23978 42768
33277 1 1164
33278 1 3586
33279 2 3600 14456
33280 3 7115 48651 49939
33281 2 46110 39852
33282 2 46931 21866
33283 3 33253 34510 27213
33284 1 47749
33285 3 34315 49210 644
33286 1 42210
33287 5 35390 7860 21345 46417 32349
33288 0
33289 2 45083 23886
33290 2 41117 46803
33291 2 29044 34361
33292 2 47933 5283
33293 1 37781
33294 1 915
33295 2 39342 44486
33296 2 34567 36685
33297 0
33298 1 39303
33299 4 34820 13194 43664 34653
33300 2 40520 31688
33301 1 12044
33302 1 5393
33303 2 23629 23479
33304 2 4700 14471
33305 0
33306 4 17258 13276 25172 32467
33307 3 1309 12766 43736
33308 3 11525 15567 29407
33309 3 19371 19563 18134
33310 1 19966
33311 3 2812 28317 42562
33312 2 9053 28408
33313 4 2337 28596 14209 49416
33314 2 5029 15868
33315 0
33316 0
33317 3 40439 14861 22239
33318 2 35351 37630
33319 2 9862 13515
33320 1 44154
33321 3 19823 42323 29322
33322 1 3240
33323 1 34819
33324 2 21382 4751
33325 2 32146 26632
33326 1 3699
33327 1 35591
33328 2 25642 310
33329 1 40245
33330 2 30513 9020
33331 2 44011 30439
33332 1 20150
33333 2 24621 32733
33334 3 672 15199 26165
33335 1 26923
33336 0
33337 1 8938
33338 0
33339 2 352 29948
33340 1 24530
33341 0
33342 1 17558
33343 3 8826 28139 487
33344 3 8951 36837 38602
33345 2 45717 22791
33346 3 48670 25857 858
33347 2 41106 373
33348 4 31714 33863 6399 25995
33349 6 12658 2915 24136 21152 36595 8197
33350 0
33351 1 20731
33352 3 11173 26537 12613
33353 1 12178
33354 3 47275 41455 2882
33355 2 15999 49651
33356 5 26742 5120 10099 15289 36272
33357 4 27535 24011 40385 43961
33358 0
33359 1 23096
33360 3 20062 23575 30272
33361 1 9267
33362 4 18278 16973 641 17510
33363 4 23755 28859 13672 14269
33364 2 49252 20626
33365 1 27442
33366 2 45646 33815
33367 1 25933
33368 2 13034 46248
33369 2 40914 47309
33370 0
33371 1 44824
33372 2 40648 17630
33373 0
33374 3 10130 19459 2114
33375 3 459 33188 7696
33376 3 43162 34097 26090
33377 1 27897
33378 1 23215
33379 1 1250
33380 2 23599 24090
33381 1 41458
33382 2 20805 8162
33383 2 1455 46154
33384 0
33385 2 14345 23645
33386 5 33262 45217 17914 24112 41966
33387 0
33388 2 34878 19150
33389 0
33390 3 44529 45456 6053
33391 1 19982
33392 3 11274 28053 26918
33393 4 15934 35166 31714 24401
33394 2 8305 3664
33395 1 24747
33396 1 33371
33397 0
33398 1 47373
33399 2 46424 16709
33400 2 15910 47048
33401 0
33402 4 35812 17816 10509 46202
33403 4 29325 28175 42704 12403
33404 0
33405 1 4239
33406 0
33407 0
33408 1 40232
33409 2 27465 44413
33410 0
33411 2 28364 17042
33412 3 24517 366 1683
33413 3 12495 41332 10333
33414 3 47446 40415 5035
33415 0
33416 0
33417 0
33418 4 24158 49720 35253 39904
33419 1 13147
33420 2 17135 24561
33421 2 7664 8941
33422 2 45223 15279
33423 3 1704 40630 8520
33424 0
33425 2 45400 46656
33426 1 6320
33427 0
33428 1 17542
33429 0
33430 2 14916 10459
33431 5 28940 45233 22972 47860 46144
33432 1 27437
33433 4 36267 9645 17341 45673
33434 2 42136 3916
33435 2 8495 20296
33436 5 24688 44522 32132 35349 17870
33437 0
33438 1 10107
33439 0
33440 3 42749 44508 37487
33441 4 34419 48310 29957 6557
33442 1 38988
33443 2 37795 19726
33444 3 17418 11660 433
33445 4 27293 13077 13133 7412
33446 1 15661
33447 3 46371 28959 26695
33448 0
33449 3 4511 24049 32348
33450 3 5898 17021 42859
33451 2 18377 39611
33452 2 48047 46724
33453 0
33454 4 5213 15841 17833 36737
33455 3 16484 36058 20559
33456 4 23501 32152 15275 20180
33457 2 18187 5635
33458 2 4449 33463
33459 0
33460 3 501 5008 31059
33461 2 9451 24218
33462 3 2970 32952 11616
33463 1 36499
33464 2 49715 10601
33465 1 33710
33466 0
33467 3 34961 1544 21418
33468 2 4337 45971
33469 2 45966 2774
33470 3 15097 28601 7608
33471 2 42375 355
33472 1 1206
33473 1 41053
33474 1 14237
33475 2 24243 20152
33476 4 25979 33219 22366 13299
33477 1 42494
33478 2 4655 20704
33479 3 5607 9968 28426
33480 1 24935
33481 1 9518
33482 1 2772
33483 1 1038
33484 2 9774 34459
33485 1 27311
33486 2 19928 22433
33487 1 47835
33488 1 10426
33489 1 24990
33490 6 45938 45457 22887 44409 15889 37065
33491 1 23787
33492 1 9730
33493 0
33494 2 46818 36242
33495 2 31874 22263
33496 3 21369 13867 32291
33497 1 35014
33498 0
33499 1 27361
33500 3 29067 14770 20480
33501 3 44160 42786 21942
33502 2 28208 9030
33503 2 2296 18332
33504 1 18151
33505 2 25250 41051
33506 0
33507 2 45373 30160
33508 4 15678 42538 9505 30438
33509 2 31032 19301
33510 2 12402 21785
33511 1 12887
33512 4 18487 16747 5503 5724
33513 2 41438 3875
33514 0
33515 3 7474 32503 11938
33516 3 34194 30628 6663
33517 1 9659
33518 3 25457 46705 29928
33519 2 2704 24745
33520 2 31408 20058
33521 1 47915
33522 1 38819
33523 0
33524 1 35055
33525 2 38511 46233
33526 2 17966 13438
33527 1 33244
33528 5 47383 14442 21593 11629 15811
33529 3 46905 31026 30303
33530 3 39532 3813 27328
33531 2 36234 6572
33532 4 9101 18947 48100 2604
33533 0
33534 2 21366 26377
33535 1 32830
33536 2 33494 42328
33537 0
33538 5 9719 43980 37353 13781 24043
33539 6 31142 2581 44587 23231 33795 41050
33540 3 18510 6736 1285
33541 3 19533 47496 33685
33542 0
33543 0
33544 2 43120 25059
33545 3 23862 23320 21056
33546 0
33547 5 27530 458 1868 2535 10002
33548 1 44184
33549 3 46648 27858 11495
33550 2 14948 25302
33551 4 33351 29138 7325 12567
33552 4 4901 29392 43958 14312
33553 2 29190 35848
33554 0
33555 1 49063
33556 0
33557 5 38002 40975 6565 7361 45731
33558 1 36989
33559 2 9942 17645
33560 1 13288
33561 1 40971
33562 2 47609 4010
33563 4 34870 44835 31313 30805
33564 1 2083
33565 2 4138 34401
33566 3 18757 47041 46478
33567 4 43158 22911 17711 45343
33568 3 38344 16857 7320
33569 2 46348 33620
33570 2 38871 6440
33571 2 19998 11562
33572 4 11099 36808 20624 32530
33573 1 9520
33574 1 24813
33575 3 21604 44390 17577
33576 0
33577 0
33578 4 14755 42694 23437 34035
33579 1 7706
33580 1 33890
33581 3 26037 27919 25785
33582 2 30048 25463
33583 0
33584 3 3029 40422 22835
33585 4 41579 30964 39974 11409
33586 2 18573 15938
33587 3 33497 35723 36050
33588 2 31284 3388
33589 1 5045
33590 4 7365 27022 11467 8890
33591 2 3332 8064
33592 2 14262 29398
33593 1 16734
33594 7 46738 26165 9090 25222 12309 15234 22810
33595 2 12515 34856
33596 3 27175 25966 6818
33597 1 2504
33598 1 35769
33599 2 41194 49327
33600 1 40392
33601 3 42185 47067 5247
33602 0
33603 2 23709 36528
33604 2 28465 12661
33605 2 28723 17953
33606 2 13481 33288
33607 0
33608 0
33609 2 9113 40245
33610 3 36566 44007 23022
33611 0
33612 0
33613 1 6600
33614 3 34705 6516 11779
33615 0
33616 2 32951 25382
33617 4 7772 28643 47241 48380
33618 3 37031 12386 44761
33619 0
33620 1 28358
33621 1 31399
33622 3 41891 10234 41547
33623 4 42349 12589 48484 40359
33624 1 10568
33625 3 47100 25466 44292
33626 4 32755 16127 35270 37465
33627 3 27880 47676 45372
33628 1 47027
33629 1 12516
33630 1 46842
33631 1 2808
33632 1 11012
33633 3 6268 6741 18503
33634 2 14171 22270
33635 3 19016 11601 619
33636 2 39670 3999
33637 2 39622 17318
33638 2 42151 478
33639 2 45611 36101
33640 2 26628 46083
33641 0
33642 1 34559
33643 1 1631
33644 4 38815 14614 31759 29486
33645 4 31063 15680 45597 41156
33646 3 20219 22106 34600
33647 2 42176 13678
33648 2 38721 37720
33649 1 17259
33650 5 27525 2417 32343 42454 27695
33651 1 10730
33652 2 21467 6911
33653 3 49627 14878 32791
33654 2 15832 47041
33655 5 13053 41489 419 11433 15584
33656 1 38332
33657 5 42575 36122 17298 180 40032
33658 5 35997 20077 1219 47374 19378
33659 2 43060 18138
33660 2 25093 42368
33661 1 13389
33662 1 1217
33663 2 46876 1356
33664 0
33665 3 16702 16183 47287
33666 0
33667 3 38656 33053 11502
33668 1 28328
33669 4 14611 36848 15263 40455
33670 3 17107 23214 11544
33671 0
33672 2 26118 47303
33673 3 17050 23808 14678
33674 0
33675 2 5866 10708
33676 3 2085 46846 14512
33677 0
33678 2 19523 45139
33679 3 21920 21849 11379
33680 1 19668
33681 2 45977 12187
33682 1 14484
33683 1 47811
33684 4 8155 14773 47027 10161
33685 1 32990
33686 4 29374 36214 17030 12883
33687 0
33688 1 46974
33689 3 45327 28642 33548
33690 4 17897 39668 22528 31491
33691 2 34412 1929
33692 0
33693 2 48310 30910
33694 4 9389 28767 3120 47003
33695 1 3158
33696 1 33172
33697 0
33698 2 35846 28278
33699 3 28346 975 557
33700 0
33701 3 47589 22351 20153
33702 2 18265 13359
33703 2 15339 48754
33704 3 24137 45651 14637
33705 2 7534 37991
33706 1 20303
33707 3 7932 46186 35835
33708 3 39294 45037 10868
33709 3 47751 32719 22625
33710 2 19329 20700
33711 2 35491 1811
33712 0
33713 0
33714 1 31524
33715 2 32564 15839
33716 7 38517 33473 7708 8123 6302 39335 29734
33717 2 28514 47865
33718 2 25341 23303
33719 1 7510
33720 1 28529
33721 3 48630 7992 46834
33722 1 8439
33723 0
33724 4 6783 49079 48495 9660
33725 4 43193 8162 32474 49452
33726 3 48912 32030 4994
33727 1 26227
33728 2 39740 859
33729 4 10980 17774 44013 11237
33730 3 32885 21039 20640
33731 1 33934
33732 1 21729
33733 1 37016
33734 2 35854 49489
33735 2 808 15040
33736 1 18499
33737 1 4942
33738 0
33739 3 35127 41435 27006
33740 1 13495
33741 0
33742 2 29979 40358
33743 2 815 20870
33744 1 22474
33745 0
33746 3 43750 4637 12673
33747 1 9547
33748 2 43094 36865
33749 3 9111 16159 32187
33750 3 33108 20507 49689
33751 2 11249 30536
33752 2 29147 29417
33753 0
33754 4 5065 42597 38948 1857
33755 0
33756 3 8947 34393 48420
33757 1 41186
33758 2 6231 15867
33759 2 7352 40212
33760 0
33761 1 22796
33762 3 7819 18710 6273
33763 0
33764 0
33765 1 4428
33766 2 8304 34617
33767 1 28232
33768 1 49254
33769 2 47351 31798
33770 2 15881 8677
33771 3 9546 37727 39737
33772 0
33773 1 15211
33774 1 39737
33775 1 43076
33776 3 24202 3430 524
33777 5 14631 35669 46630 8614 35204
33778 2 34185 8449
33779 1 30320
33780 4 17071 28927 21481 47917
33781 1 49703
33782 2 29472 29725
33783 4 22640 13925 17293 30631
33784 1 38820
33785 1 4954
33786 4 1158 3215 37887 735
33787 3 47287 19869 4922
33788 0
33789 1 25917
33790 3 16574 13392 10631
33791 1 24791
33792 1 8558
33793 3 41813 31504 45263
33794 1 36950
33795 1 25949
33796 2 35740 23877
33797 2 24728 48088
33798 2 8456 21879
33799 3 34239 25390 725
33800 1 16629
33801 2 30138 26103
33802 1 22409
33803 1 2585
33804 0
33805 3 34780 19478 21352
33806 4 28444 31928 25311 22428
33807 1 27102
33808 2 47677 28293
33809 1 21796
33810 2 1424 17675
33811 4 32458 30997 8303 3771
33812 1 48371
33813 1 20881
33814 0
33815 2 15288 5610
33816 0
33817 1 15571
33818 0
33819 0
33820 1 29117
33821 2 12841 38821
33822 3 11893 12823 3251
33823 2 6819 15346
33824 4 7873 1305 14199 41105
33825 1 38777
33826 3 9674 21072 6212
33827 2 15520 18713
33828 1 18022
33829 2 4818 44259
33830 3 18940 18470 38091
33831 4 12489 36484 2629 48430
33832 0
33833 2 38512 36171
33834 0
33835 1 20566
33836 3 1961 44599 29986
33837 4 37919 20342 1644 49194
33838 2 12842 41566
33839 1 17213
33840 1 11994
33841 4 20727 8507 9647 10590
33842 5 27738 40481 48365 36162 4309
33843 3 22328 22445 11854
33844 0
33845 2 31323 42979
33846 2 12242 26740
33847 1 33654
33848 1 29574
33849 1 15158
33850 2 751 19207
33851 1 25530
33852 2 7383 26393
33853 0
33854 3 16989 12770 35676
33855 1 21951
33856 3 22678 24381 44990
33857 2 29046 18059
33858 3 30247 7534 35245
33859 4 18421 49978 43283 1907
33860 1 40876
33861 2 16109 45480
33862 2 16369 32917
33863 1 44144
33864 5 46699 46457 26460 38941 16336
33865 1 44780
33866 2 42372 7589
33867 2 11032 25313
33868 0
33869 2 31481 20047
33870 2 6084 49633
33871 3 696 11607 46383
33872 1 20675
33873 1 23081
33874 2 43487 26851
33875 0
33876 1 30914
33877 0
33878 3 36699 25802 34213
33879 1 39408
33880 6 42632 24324 3298 15806 35379 39562
33881 4 38011 1769 43299 17068
33882 1 42236
33883 3 48152 6890 28058
33884 1 47335
33885 2 5172 26779
33886 5 24810 36554 6890 18865 1056
33887 0
33888 5 3892 24265 12842 25102 23358
33889 2 1549 45574
33890 3 43988 49343 16449
33891 2 35615 46948
33892 1 43761
33893 4 20958 13631 10947 44836
33894 4 15340 36270 39741 15728
33895 3 45994 12986 41953
33896 2 5367 28799
33897 0
33898 1 43090
33899 1 14992
33900 1 15577
33901 0
33902 1 37123
33903 0
33904 3 14578 23660 18601
33905 2 1425 23565
33906 1 36857
33907 1 31882
33908 0
33909 3 5240 31410 17589
33910 0
33911 0
33912 1 37761
33913 1 26893
33914 0
33915 1 19456
33916 2 31156 35636
33917 4 49183 5537 27222 11813
33918 0
33919 3 30637 36982 29986
33920 4 34435 16098 31547 8397
33921 3 18304 49430 37974
33922 0
33923 1 1893
33924 6 39938 37394 14128 44443 39987 39013
33925 2 7413 4347
33926 1 35169
33927 2 28331 8841
33928 0
33929 2 3044 4968
33930 1 14963
33931 4 20445 1901 489 38620
33932 3 32810 28235 33987
33933 0
33934 2 42553 14453
33935 1 46739
33936 2 19330 48160
33937 1 15540
33938 4 28815 1543 3741 17326
33939 2 34932 35791
33940 5 25297 39486 48052 25066 49090
33941 3 31810 35526 5887
33942 2 15535 33292
33943 4 4730 26939 21496 23041
33944 1 26265
33945 4 7998 15478 7918 27976
33946 2 15496 4690
33947 1 41041
33948 1 11574
33949 0
33950 1 47069
33951 0
33952 2 40839 90
33953 2 6880 27635
33954 1 4914
33955 5 36080 541 36794 34442 22321
33956 2 20290 23821
33957 4 17991 18213 26048 22296
33958 3 919 33881 6824
33959 0
33960 2 4134 9925
33961 1 37774
33962 2 3544 40929
33963 2 28707 30949
33964 2 45337 41327
33965 2 3284 38373
33966 0
33967 1 23425
33968 2 17227 43672
33969 1 38344
33970 1 19942
33971 4 22796 46395 33378 13850
33972 2 28555 33555
33973 3 7304 32405 44347
33974 2 37206 34846
33975 3 46893 44591 2624
33976 1 9851
33977 1 18836
33978 1 16460
33979 2 25093 21545
33980 2 43361 41246
33981 4 46713 25775 46358 33069
33982 3 7393 17657 41654
33983 2 47681 20045
33984 1 28662
33985 4 19240 13429 12717 6062
33986 3 3874 49133 12828
33987 3 17045 28008 6795
33988 0
33989 2 10011 21485
33990 5 9225 31990 13460 9711 7862
33991 1 45240
33992 2 3226 24821
33993 3 18762 47882 10612
33994 3 727 28116 34537
33995 1 35615
33996 4 28262 33785 29312 20277
33997 2 20660 3039
33998 3 4426 17075 19982
33999 3 19029 15061 5535
34000 3 37490 17721 1647
34001 2 4476 33924
34002 1 16718
34003 1 1850
34004 1 33783
34005 1 39197
34006 2 30166 42131
34007 1 4363
34008 2 47153 6048
34009 3 37995 24762 19857
34010 1 49665
34011 1 33340
34012 0
34013 1 5165
34014 3 27901 8571 4593
34015 3 49160 18853 20625
34016 0
34017 2 37129 47158
34018 5 20569 48311 42039 34928 32874
34019 3 37404 27895 30158
34020 3 29442 9095 23938
34021 0
34022 3 42175 42655 11410
34023 4 11912 42636 34142 5826
34024 0
34025 2 37651 45322
34026 3 37113 34461 35501
34027 3 41490 5420 26162
34028 2 11753 6897
34029 0
34030 2 48305 16449
34031 2 45296 17275
34032 2 13791 27080
34033 2 25780 18916
34034 3 22021 18397 38360
34035 4 23223 22521 11372 32828
34036 2 18869 38621
34037 3 17697 42327 14983
34038 0
34039 3 27402 5103 22620
34040 1 2562
34041 1 21094
34042 3 19231 46395 41698
34043 3 6007 41324 1149
34044 1 28177
34045 0
34046 4 11671 21716 44949 25392
34047 3 1713 44638 13219
34048 2 17688 6225
34049 4 21089 4537 11750 37755
34050 2 7880 19498
34051 1 2615
34052 1 45684
34053 4 42647 14122 12231 31071
34054 1 1354
34055 0
34056 2 32356 39161
34057 2 23312 38607
34058 0
34059 2 16179 32468
34060 1 42952
34061 0
34062 4 11857 4792 24304 5273
34063 3 20232 29156 20284
34064 1 16585
34065 3 4651 31954 46735
34066 2 10624 23817
34067 2 45103 17755
34068 0
34069 2 5068 34593
34070 0
34071 2 12685 733
34072 2 31744 17480
34073 2 35900 42491
34074 4 39463 2074 49077 6948
34075 1 28206
34076 2 14257 42312
34077 2 38033 41226
34078 0
34079 3 5697 1074 6834
34080 5 21384 8847 25416 7829 2679
34081 1 14145
34082 1 34661
34083 2 49589 21100
34084 1 31448
34085 1 17607
34086 2 2198 695
34087 3 18746 11222 29081
34088 3 9526 46693 12145
34089 0
34090 4 4335 40156 13335 13748
34091 5 22053 9993 43957 32159 5000
34092 0
34093 2 24366 27086
34094 4 14227 45079 6926 21044
34095 1 10180
34096 0
34097 3 29197 536 9050
34098 3 25210 23434 1829
34099 3 2087 4720 14749
34100 0
34101 2 28526 7750
34102 1 13460
34103 3 21295 18545 26771
34104 3 30903 6828 47680
34105 0
34106 3 41351 40751 27907
34107 1 8407
34108 3 37361 2816 14954
34109 0
34110 2 46111 5740
34111 0
34112 3 41773 38574 17152
34113 2 33239 2083
34114 3 42901 29213 30973
34115 6 25311 42233 38664 41225 10167 29351
34116 1 19552
34117 1 1848
34118 1 7588
34119 1 44718
34120 0
34121 3 2872 27565 1632
34122 0
34123 3 4050 16272 43046
34124 1 1393
34125 8 29545 32769 30850 31948 40034 6872 42832 34293
34126 2 16764 26245
34127 4 24513 8145 11088 17837
34128 2 39056 17083
34129 2 1686 33424
34130 0
34131 4 39575 48386 21064 44603
34132 2 18303 6351
34133 2 24731 18873
34134 0
34135 3 47595 38811 1403
34136 1 47541
34137 1 32469
34138 5 1779 23249 32600 41031 47889
34139 1 13981
34140 3 41490 2778 41833
34141 3 28681 11398 34843
34142 0
34143 2 49038 39497
34144 1 47968
34145 2 18029 28020
34146 1 12327
34147 3 20382 19892 39751
34148 4 26592 21946 37710 3746
34149 3 5712 27540 13101
34150 2 49464 3886
34151 1 42219
34152 3 7203 30909 9644
34153 1 4986
34154 2 5127 21284
34155 2 17603 46134
34156 1 44506
34157 1 15362
34158 3 5699 19357 21373
34159 1 21612
34160 4 28013 32384 46398 45558
34161 1 35602
34162 2 5878 24154
34163 2 36186 32622
34164 2 32378 11206
34165 1 37126
34166 2 46861 9433
34167 5 9531 38863 23013 9216 727
34168 2 3298 31452
34169 6 24359 23907 31874 14654 13870 46359
34170 3 37668 22263 15625
34171 5 14021 39815 26553 36322 49532
34172 3 45792 17907 45922
34173 0
34174 3 2899 1372 25275
34175 0
34176 1 22560
34177 3 45774 43535 33032
34178 5 8760 8140 10416 46344 25422
34179 1 5319
34180 2 3954 36339
34181 4 39720 42639 23783 43511
34182 2 30368 28445
34183 3 13849 42360 5203
34184 1 34619
34185 1 17744
34186 0
34187 2 6215 8230
34188 0
34189 2 22157 24250
34190 2 33225 47781
34191 3 34473 42745 37104
34192 1 35075
34193 1 6949
34194 2 17014 34078
34195 3 5703 7067 6695
34196 0
34197 3 43858 26005 364
34198 0
34199 1 25762
34200 2 45117 13526
34201 3 40438 49642 193
34202 3 27413 30082 34213
34203 1 35339
34204 3 18662 36394 38625
34205 1 40017
34206 4 7925 30178 2098 6831
34207 0
34208 1 13394
34209 2 20147 28976
34210 4 47310 2963 36839 6475
34211 2 19621 11247
34212 1 18699
34213 6 49436 33672 1090 23623 34975 27161
34214 3 19386 26991 29206
34215 3 20530 14474 17239
34216 7 31058 35702 26853 33241 46827 43327 2041
34217 3 31314 724 23731
34218 2 8288 29562
34219 3 25275 48149 41243
34220 3 39799 36805 48103
34221 3 48638 42504 42015
34222 2 33516 38996
34223 5 11231 30967 24317 31089 47526
34224 3 9004 26521 7436
34225 1 17928
34226 1 8105
34227 2 21782 23094
34228 2 36607 34704
34229 1 39239
34230 0
34231 2 48996 4485
34232 1 11260
34233 3 30950 46255 30705
34234 2 31359 17108
34235 3 928 17920 325
34236 2 40959 39898
34237 3 33792 30832 47656
34238 3 37087 26093 34522
34239 0
34240 1 27127
34241 4 18578 23935 28525 16478
34242 2 24123 22726
34243 2 11564 12138
34244 1 15850
34245 2 28335 17013
34246 0
34247 3 26318 22432 5281
34248 3 34619 21472 43542
34249 1 29243
34250 1 18287
34251 3 31623 5374 4972
34252 1 42409
34253 6 41487 49521 45738 22320 17389 2084
34254 1 7628
34255 2 10569 44935
34256 1 49300
34257 1 45400
34258 1 36254
34259 2 30281 44167
34260 1 40137
34261 1 3220
34262 4 19704 6528 37139 20864
34263 4 24808 25952 916 20316
34264 2 16845 48866
34265 1 17106
34266 1 38155
34267 1 48536
34268 3 33415 9065 14957
34269 1 14555
34270 3 32590 22476 25900
34271 3 36597 28053 38942
34272 4 6188 27727 33545 12712
34273 1 45200
34274 0
34275 1 4018
34276 0
34277 4 25526 8068 41358 18855
34278 3 8480 19928 30781
34279 2 17141 21700
34280 0
34281 0
34282 1 19453
34283 1 38276
34284 3 36874 11200 973
34285 2 10684 10659
34286 0
34287 1 33277
34288 2 33477 20977
34289 3 23288 20475 11821
34290 3 36790 49975 23510
34291 2 33270 8152
34292 5 16390 45120 46646 18589 18247
34293 2 355 10953
34294 2 36543 46790
34295 0
34296 4 40741 1846 27657 37002
34297 1 16785
34298 2 24838 33452
34299 1 8014
34300 1 25260
34301 1 21252
34302 1 13294
34303 0
34304 1 18752
34305 0
34306 1 37210
34307 0
34308 2 42610 13460
34309 1 44906
34310 0
34311 1 47843
34312 0
34313 2 31080 9158
34314 2 1191 46209
34315 3 31219 41546 12399
34316 1 36137
34317 1 11626
34318 3 2565 2287 21751
34319 2 14121 24702
34320 3 18953 35787 152
34321 3 22024 33500 15583
34322 4 37721 45226 21171 10906
34323 4 9032 5129 8604 34857
34324 1 29276
34325 2 39752 45782
34326 2 10215 35760
34327 4 33760 30260 6749 13722
34328 2 1047 845
34329 4 37356 43188 16751 43540
34330 4 310 21002 38894 4232
34331 1 10387
34332 3 41412 34782 40512
34333 1 27759
34334 2 11929 5255
34335 4 47595 38049 45579 24585
34336 1 21053
34337 1 39093
34338 3 28765 32121 18820
34339 4 28937 48961 14935 20360
34340 1 17207
34341 2 16229 3008
34342 5 42284 9229 2113 27593 38181
34343 4 16009 19172 3136 42300
34344 5 10289 42874 20457 48891 29665
34345 2 30258 7782
34346 4 31295 5892 18642 25495
34347 1 7645
34348 0
34349 0
34350 3 41057 17582 18065
34351 2 20695 36829
34352 2 18459 15745
34353 2 30642 45721
34354 5 45027 35299 309 39536 8544
34355 2 33347 16131
34356 1 42020
34357 2 49130 24020
34358 1 14657
34359 5 40526 38035 47617 45329 22868
34360 1 36039
34361 1 35309
34362 1 45034
34363 3 31124 32165 5772
34364 0
34365 0
34366 4 27238 35948 48857 34918
34367 0
34368 4 41445 27535 47274 14380
34369 1 7730
34370 2 21646 19802
34371 2 44869 34570
34372 4 40508 48689 32874 29065
34373 4 26823 19560 34196 34488
34374 0
34375 1 421
34376 2 14588 37503
34377 1 20263
34378 2 14602 15067
34379 3 10066 31463 47261
34380 1 39202
34381 1 35146
34382 4 9876 27437 40776 38256
34383 2 39319 14589
34384 4 39682 15501 47557 17457
34385 4 13584 6116 9501 4222
34386 3 36074 4230 44161
34387 3 11789 22685 5200
34388 2 28288 14533
34389 2 42542 46596
34390 1 43064
34391 4 9748 28840 13918 30474
34392 1 42149
34393 1 17199
34394 0
34395 2 19218 35923
34396 0
34397 2 18727 7329
34398 4 20766 23251 34656 20420
34399 3 42574 26447 16010
34400 2 2371 24912
34401 3 49133 31670 40216
34402 3 34136 425 18270
34403 0
34404 3 16484 43953 527
34405 1 28743
34406 0
34407 2 21458 45923
34408 2 47282 33389
34409 2 25463 36911
34410 2 28367 23531
34411 2 47615 47885
34412 0
34413 2 19931 35001
34414 1 17499
34415 1 30221
34416 0
34417 3 44916 48833 26854
34418 2 43798 40677
34419 3 45047 45774 14446
34420 1 39767
34421 4 41480 19473 43318 40970
34422 1 42432
34423 2 2430 313
34424 3 16087 4343 2028
34425 2 6075 37229
34426 1 49139
34427 5 18210 10780 31864 43399 11322
34428 2 21920 17088
34429 1 32429
34430 2 46479 4442
34431 2 28553 41817
34432 1 16924
34433 3 26475 26436 29953
34434 3 40154 29664 28211
34435 4 38877 25870 23007 10879
34436 1 32559
34437 4 47931 32073 11119 23096
34438 2 12862 22558
34439 0
34440 3 39498 19716 34465
34441 1 40606
34442 2 25064 38782
34443 0
34444 1 44696
34445 5 25957 14496 1780 46034 24429
34446 2 27970 39295
34447 2 10468 3310
34448 5 8716 4397 49181 1989 43259
34449 2 12810 15386
34450 5 45683 12600 6999 45808 18472
34451 1 45082
34452 4 22956 24819 10218 31861
34453 1 36382
34454 1 21332
34455 4 26272 37048 45893 37000
34456 2 33350 16298
34457 3 11198 3323 38029
34458 3 5201 29626 2814
34459 3 48903 1777 32327
34460 2 11041 48599
34461 3 16858 29812 19277
34462 3 48198 21645 29366
34463 2 10363 43604
34464 3 15642 13664 12130
34465 0
34466 1 42585
34467 3 38514 29704 25317
34468 1 21230
34469 2 32834 39855
34470 2 45241 49084
34471 2 12767 12649
34472 0
34473 2 34982 23351
34474 2 37981 4524
34475 2 22478 24666
34476 1 48640
34477 1 1669
34478 1 47815
34479 3 33515 3638 1930
34480 2 19748 19971
34481 0
34482 2 14943 33548
34483 2 19228 37455
34484 2 35604 30805
34485 3 18755 3520 36470
34486 4 8790 47645 49391 12231
34487 3 31353 41940 25954
34488 1 26733
34489 1 40503
34490 5 32349 46828 12133 8054 15592
34491 1 44314
34492 1 2134
34493 6 46179 45579 40013 2601 24785 45501
34494 2 25570 3415
34495 3 46411 42367 2667
34496 3 12759 32602 45969
34497 1 39708
34498 0
34499 1 33856
34500 3 20134 42381 43530
34501 0
34502 2 3043 35134
34503 3 11143 11355 24357
34504 2 27393 41110
34505 3 18853 47653 25734
34506 1 10112
34507 1 43871
34508 5 32602 5985 43364 47237 35432
34509 2 42556 25231
34510 3 43898 24320 16297
34511 3 21102 46785 10546
34512 3 21797 33435 2201
34513 1 38981
34514 2 19738 31086
34515 2 29060 13395
34516 0
34517 0
34518 3 20515 10617 49939
34519 4 36973 25739 37208 45292
34520 5 9063 17690 9925 21735 32506
34521 3 30201 13563 44928
34522 3 27001 44790 2393
34523 3 19385 13686 45873
34524 0
34525 1 30189
34526 5 30959 25951 16694 8230 12651
34527 3 24336 19023 35481
34528 1 11944
34529 2 13267 11148
34530 1 34302
34531 5 9447 23539 46434 6986 43126
34532 1 12816
34533 2 11958 9012
34534 2 19487 47988
34535 2 16631 21451
34536 2 28205 4927
34537 4 30166 29016 36754 35409
34538 3 1852 25291 27671
34539 2 25293 37320
34540 2 48581 32067
34541 0
34542 3 44163 3179 47586
34543 1 19859
34544 0
34545 0
34546 2 34513 1470
34547 4 18292 19064 36141 635
34548 1 37319
34549 2 27212 7247
34550 3 14841 36302 11234
34551 2 45969 41644
34552 4 39253 2374 39763 25050
34553 2 30863 43573
34554 0
34555 1 5118
34556 5 34232 11528 35548 49868 22195
34557 2 16887 43027
34558 1 28739
34559 5 24079 3352 2612 26920 11107
34560 1 22580
34561 2 31471 21289
34562 3 43860 9683 36489
34563 3 44039 10063 8647
34564 2 49630 29012
34565 1 875
34566 7 17304 10628 30282 18592 45632 29776 6600
34567 1 7009
34568 3 28333 44896 28759
34569 0
34570 1 36602
34571 1 8335
34572 4 14551 2214 11979 46638
34573 3 7425 29746 12462
34574 5 27240 6528 5560 32443 14686
34575 4 25165 62 28865 49312
34576 1 5818
34577 5 42971 35861 29643 38105 30147
34578 2 25673 18912
34579 4 30091 32192 32019 42860
34580 2 10225 8021
34581 2 25552 25891
34582 1 1003
34583 3 34171 17515 43904
34584 2 19806 36530
34585 1 4559
34586 1 38748
34587 0
34588 3 49192 32472 23003
34589 2 25314 13769
34590 1 28798
34591 1 10124
34592 3 9207 15598 30753
34593 0
34594 3 36162 19989 31462
34595 0
34596 0
34597 2 15989 34749
34598 0
34599 2 33302 28896
34600 2 25582 43167
34601 4 23771 2940 44765 8095
34602 1 47129
34603 3 17289 4106 1776
34604 1 3604
34605 1 43399
34606 0
34607 2 9324 43556
34608 3 33041 21351 35738
34609 3 11787 33942 2655
34610 2 118 32332
34611 2 48552 26070
34612 3 24595 45792 22755
34613 0
34614 2 27576 28753
34615 4 16265 34885 9155 15029
34616 0
34617 1 19721
34618 4 10243 33840 34959 1284
34619 2 40385 15751
34620 0
34621 1 43285
34622 3 27068 29783 3179
34623 1 14877
34624 1 5763
34625 3 22283 39580 37853
34626 2 5798 8272
34627 2 43215 10883
34628 2 36739 4295
34629 3 8499 25949 39293
34630 0
34631 1 7609
34632 2 40474 41772
34633 2 29949 19882
34634 1 33926
34635 2 1403 18296
34636 3 41789 37319 12913
34637 1 44574
34638 1 30065
34639 0
34640 2 31275 18362
34641 1 40870
34642 1 18215
34643 3 45115 5686 24909
34644 0
34645 0
34646 2 17263 20751
34647 1 14424
34648 2 147 1244
34649 1 28083
34650 3 39542 4604 19991
34651 4 3558 4257 1235 7192
34652 2 29865 10097
34653 5 25421 46135 42468 15260 8801
34654 0
34655 0
34656 1 25700
34657 3 31621 17668 11982
34658 3 19608 20904 22837
34659 1 9452
34660 2 19852 31164
34661 2 46622 44258
34662 2 40883 16863
34663 2 28439 6596
34664 1 32557
34665 1 48804
34666 0
34667 2 8942 13698
34668 0
34669 1 14490
34670 5 25445 18409 2160 33726 17600
34671 1 13952
34672 1 38667
34673 2 9092 46155
34674 2 29119 39569
34675 2 36777 33988
34676 3 36093 32289 49450
34677 2 29556 3035
34678 4 45201 28528 5020 42822
34679 4 14723 38507 22003 45035
34680 1 26870
34681 1 2974
34682 4 46143 27380 14576 41535
34683 4 24210 39546 44056 41057
34684 2 32556 24762
34685 3 25720 26028 36434
34686 3 34810 32471 1131
34687 2 47590 40601
34688 1 33499
34689 1 10065
34690 5 24050 25332 10899 18190 25043
34691 2 9836 43303
34692 4 19359 4673 36444 133
34693 1 13296
34694 1 21699
34695 1 38094
34696 3 17379 2680 21122
34697 0
34698 3 28733 22062 22870
34699 2 12838 48837
34700 1 6084
34701 2 32120 42027
34702 0
34703 5 33205 36638 37693 46823 4904
34704 2 24663 18542
34705 2 12127 18899
34706 2 37076 26241
34707 1 20703
34708 3 19695 9639 4145
34709 4 25138 21984 38413 18827
34710 2 41862 18749
34711 2 27870 31259
34712 4 19112 41623 30899 41067
34713 2 43759 5851
34714 0
34715 3 44246 29138 12816
34716 3 17724 47644 20819
34717 3 43726 46340 18135
34718 2 17936 36415
34719 1 46004
34720 3 27981 32720 47458
34721 2 11730 16390
34722 3 1928 47919 14771
34723 1 19061
34724 2 7468 46952
34725 1 41385
34726 0
34727 1 30962
34728 2 2666 22763
34729 1 14986
34730 2 3080 5848
34731 5 47663 3297 46243 38070 30231
34732 1 416
34733 2 38901 9506
34734 5 4977 35459 26333 49758 4209
34735 3 18343 48674 27618
34736 1 31707
34737 6 39272 6227 9028 40624 37545 8648
34738 0
34739 2 28356 36302
34740 0
34741 0
34742 5 17864 18799 38773 23658 38212
34743 2 33815 42513
34744 3 18144 10367 4632
34745 2 20219 8858
34746 2 16364 33013
34747 0
34748 2 9669 34633
34749 3 47380 15875 11914
34750 3 422 22938 34043
34751 2 12881 32059
34752 0
34753 1 22585
34754 2 48484 23227
34755 2 20872 29341
34756 1 3417
34757 1 3887
34758 2 1664 23065
34759 2 9323 7672
34760 2 8569 7305
34761 3 46017 12604 619
34762 1 26127
34763 2 8580 26053
34764 0
34765 2 35900 25151
34766 2 26004 31775
34767 0
34768 2 3274 4589
34769 1 46532
34770 0
34771 1 7725
34772 0
34773 0
34774 6 26046 49717 25787 39537 44771 37023
34775 3 15501 40555 10668
34776 1 31227
34777 0
34778 2 38492 48425
34779 3 45645 41466 49924
34780 0
34781 1 42846
34782 1 4706
34783 3 32323 48790 11166
34784 1 9746
34785 1 38963
34786 1 14897
34787 3 22315 40666 1834
34788 0
34789 0
34790 3 8542 47665 12876
34791 3 4660 1593 3776
34792 0
34793 0
34794 2 22040 5722
34795 0
34796 2 16505 18134
34797 4 27574 10510 8248 21253
34798 2 13436 41620
34799 1 37330
34800 3 43610 20091 1855
34801 0
34802 3 673 20381 10677
34803 4 21126 29776 25436 35309
34804 3 13183 29259 36509
34805 2 21207 17463
34806 1 15632
34807 1 8441
34808 2 2389 3624
34809 6 2711 1370 27203 38064 20816 9721
34810 1 26115
34811 2 34975 29865
34812 1 40400
34813 2 15162 43723
34814 1 29971
34815 5 27967 46732 44744 6230 1847
34816 4 21552 7044 43089 27854
34817 1 25607
34818 3 19324 10755 2769
34819 2 24184 15652
34820 2 39874 19795
34821 1 38323
34822 1 24708
34823 1 34822
34824 1 14694
34825 1 47968
34826 4 32686 29288 44997 48443
34827 0
34828 6 38204 42673 12696 125 19688 42671
34829 4 5570 17717 34991 3222
34830 3 42964 34278 13152
34831 1 42165
34832 4 38590 13737 32268 40008
34833 1 13561
34834 4 11857 18903 7291 14176
34835 2 17111 28376
34836 1 12844
34837 1 31630
34838 3 6750 26970 34067
34839 3 27757 3310 15239
34840 1 38135
34841 1 17733
34842 1 7498
34843 3 23361 30941 12545
34844 2 37621 44712
34845 1 30962
34846 2 25001 18811
34847 0
34848 1 8687
34849 3 35542 34211 11363
34850 0
34851 2 21502 5401
34852 2 23420 47734
34853 0
34854 1 11211
34855 2 15273 26873
34856 3 35749 41908 41337
34857 0
34858 1 23243
34859 2 2247 19375
34860 1 18979
34861 2 36602 17276
34862 2 25254 38693
34863 1 32083
34864 1 40163
34865 2 32615 18745
34866 3 47486 9510 5434
34867 2 1286 20182
34868 3 8388 40761 41995
34869 2 46630 17121
34870 2 298 13506
34871 1 36274
34872 3 14693 17289 41478
34873 3 38604 16490 48088
34874 1 223
34875 3 7681 33214 32493
34876 2 11290 28446
34877 4 24345 38471 21560 37647
34878 1 1577
34879 0
34880 1 29181
34881 5 22047 26778 29625 49326 13399
34882 2 7001 43823
34883 3 16070 5077 39785
34884 2 33576 19140
34885 2 25020 24086
34886 3 49034 867 16180
34887 3 31149 36998 15464
34888 0
34889 1 21267
34890 1 23554
34891 2 44441 35238
34892 0
34893 2 7834 48059
34894 3 38683 24543 21620
34895 2 28305 15746
34896 0
34897 0
34898 3 45366 46447 20343
34899 0
34900 1 19298
34901 0
34902 3 10419 19005 28071
34903 3 37757 41973 28580
34904 1 25685
34905 2 29516 23854
34906 2 2603 34916
34907 1 24038
34908 0
34909 0
34910 0
34911 2 10622 38150
34912 3 31830 22391 25889
34913 2 43951 10965
34914 1 23383
34915 3 3900 47551 2795
34916 3 21337 12554 42386
34917 0
34918 1 17322
34919 1 4618
34920 0
34921 1 25313
34922 1 35322
34923 3 24906 9529 47333
34924 8 31677 31816 48485 45512 8319 35075 44592 22755
34925 4 37320 43193 38311 18874
34926 0
34927 1 17073
34928 2 17824 9241
34929 0
34930 3 5187 10014 15217
34931 2 25261 42668
34932 5 47998 32786 20639 28896 46508
34933 2 12197 125
34934 0
34935 0
34936 0
34937 1 3318
34938 0
34939 2 8668 5485
34940 4 25312 28599 32106 21719
34941 5 35676 22373 14389 27810 4885
34942 1 35392
34943 0
34944 1 16121
34945 0
34946 2 27105 38799
34947 2 15677 15165
34948 2 43636 27182
34949 1 36748
34950 4 47206 19557 44260 27603
34951 1 49821
34952 0
34953 3 8630 43547 12819
34954 3 49265 33793 11407
34955 2 38180 973
34956 5 39155 28540 48443 4439 11160
34957 2 36161 41502
34958 1 49723
34959 1 38966
34960 3 31478 20446 39544
34961 1 27706
34962 1 30561
34963 1 48956
34964 2 34970 23007
34965 6 45229 35558 30955 32825 19801 23540
34966 4 14661 543 16654 36506
34967 0
34968 3 30880 12921 534
34969 1 13960
34970 1 6543
34971 0
34972 1 49081
34973 1 21829
34974 4 22193 5153 39451 43109
34975 2 44007 17344
34976 2 26966 9159
34977 2 36867 33131
34978 3 37147 45636 43674
34979 0
34980 1 18525
34981 1 8093
34982 3 1048 46988 32972
34983 2 19435 14234
34984 2 42871 28684
34985 1 9523
34986 0
34987 2 10960 4413
34988 3 18161 35425 43596
34989 6 5448 10787 33931 18180 1575 26866
34990 2 18040 17319
34991 1 41889
34992 2 47951 12542
34993 2 33656 37533
34994 1 36221
34995 3 9402 24644 36319
34996 5 42267 40836 9838 37104 22621
34997 3 5283 42716 40141
34998 0
34999 3 5680 34308 19084
35000 1 29713
35001 1 3951
35002 3 41222 1076 38810
35003 1 25216
35004 1 34051
35005 1 41947
35006 0
35007 4 13733 25888 30219 39158
35008 3 28332 32715 10631
35009 3 206 47372 37623
35010 2 15186 31253
35011 1 24543
35012 1 49644
35013 6 41237 12814 11625 6055 9818 11199
35014 1 8137
35015 1 12681
35016 1 40792
35017 0
35018 2 27217 8448
35019 3 290 12157 15775
35020 3 13855 5821 488
35021 2 11881 19329
35022 2 2776 20168
35023 2 1999 49607
35024 1 10041
35025 2 12986 3573
35026 0
35027 2 40290 48463
35028 3 37214 16751 6546
35029 2 26398 253
35030 2 28383 23448
35031 0
35032 2 15906 29154
35033 1 17491
35034 3 17770 44239 11901
35035 2 39773 2225
35036 4 23738 19105 34652 47567
35037 2 47694 28777
35038 3 2140 16077 29368
35039 2 2435 15295
35040 1 6580
35041 3 13622 49551 44280
35042 1 9798
35043 4 14704 49148 36512 35818
35044 3 27467 22578 25976
35045 1 6858
35046 3 26910 47724 15318
35047 2 46019 40717
35048 2 43874 16325
35049 0
35050 3 26633 530 39891
35051 1 10628
35052 3 31905 12614 41794
35053 3 30238 31682 8706
35054 1 49058
35055 2 49865 12640
35056 3 29440 31054 34059
35057 0
35058 1 5539
35059 4 16902 33372 49093 43866
35060 3 27992 36389 15442
35061 1 33797
35062 0
35063 0
35064 7 48011 13436 17052 34244 28925 32323 36031
35065 2 41623 24195
35066 2 3783 325
35067 3 41807 25153 22521
35068 1 33459
35069 2 395 26947
35070 2 23734 2531
35071 4 44273 43462 27080 7281
35072 0
35073 1 19888
35074 3 19475 743 8428
35075 1 44559
35076 3 15423 22681 40561
35077 3 32909 48603 5669
35078 1 15087
35079 3 8177 49587 39068
35080 3 23887 20158 47387
35081 4 34569 31510 48627 35028
35082 1 36994
35083 1 34562
35084 0
35085 2 17987 24576
35086 0
35087 2 47884 27691
35088 3 6812 2811 39577
35089 0
35090 1 21608
35091 3 26810 21289 21699
35092 5 43654 18668 17935 44638 2964
35093 2 3761 12860
35094 4 16597 26710 10504 17840
35095 3 39569 21226 273
35096 0
35097 3 44982 7473 11910
35098 4 48968 35214 49639 20603
35099 3 27147 46882 2736
35100 2 829 37519
35101 2 30110 26550
35102 1 20801
35103 1 21833
35104 3 10953 41898 9388
35105 5 20532 19451 30679 12742 32926
35106 0
35107 2 45443 13807
35108 3 25164 21162 31840
35109 2 33176 47741
35110 2 49432 37245
35111 2 45846 44882
35112 3 18672 15186 457
35113 1 48101
35114 1 26568
35115 4 15439 36658 10359 46117
35116 2 37447 34696
35117 2 47585 23577
35118 1 15915
35119 4 37114 41184 19482 16950
35120 1 29910
35121 5 49200 104 42372 7126 22127
35122 4 47986 6004 23722 2598
35123 3 45491 46122 23079
35124 2 25082 34274
35125 0
35126 2 34066 17148
35127 1 32781
35128 3 31194 36506 31755
35129 2 30139 13651
35130 1 11094
35131 2 24738 13238
35132 0
35133 2 14831 2315
35134 1 37596
35135 1 32384
35136 0
35137 1 22946
35138 6 13003 46362 2270 16814 38604 16648
35139 1 14031
35140 2 18640 14542
35141 4 48429 42363 11327 17778
35142 0
35143 6 17413 17008 45628 35791 49 19839
35144 2 13479 11807
35145 0
35146 1 27537
35147 3 27349 21561 41950
35148 2 44320 43234
35149 1 17958
35150 1 33111
35151 3 8590 26771 48682
35152 0
35153 3 33798 38260 22188
35154 2 40779 45123
35155 1 36020
35156 1 14403
35157 3 26044 3860 10734
35158 0
35159 5 21992 29562 10689 13125 28148
35160 0
35161 1 12022
35162 2 31812 8905
35163 2 45614 48946
35164 3 21981 23473 16720
35165 3 10798 24823 18647
35166 4 48653 6048 11391 4227
35167 1 18744
35168 3 3741 19614 47612
35169 2 14846 47223
35170 1 6105
35171 2 9081 1909
35172 2 17252 1410
35173 2 44994 28720
35174 1 34847
35175 0
35176 2 42617 15981
35177 4 46450 25611 25798 12886
35178 1 7471
35179 0
35180 0
35181 0
35182 0
35183 2 8482 45671
35184 4 38963 45473 4763 47645
35185 0
35186 0
35187 3 36272 9040 41567
35188 1 28696
35189 2 28579 35462
35190 1 20390
35191 4 35228 9631 19997 5251
35192 2 20545 48535
35193 2 43708 30673
35194 1 1043
35195 4 23014 15416 21392 39507
35196 1 46541
35197 1 11506
35198 2 35906 15342
35199 3 18273 18488 32564
35200 3 33128 23908 5603
35201 3 13562 38051 73
35202 1 33766
35203 3 40969 13120 13809
35204 2 49154 14266
35205 1 23738
35206 0
35207 0
35208 2 13647 2350
35209 4 34974 49078 20453 25462
35210 2 42403 16059
35211 1 8098
35212 4 40078 723 15878 10318
35213 3 21594 27036 8448
35214 4 686 21097 27316 47248
35215 2 49401 32293
35216 2 41117 17011
35217 3 27042 30135 10116
35218 0
35219 2 11445 600
35220 2 5728 24968
35221 2 32123 43736
35222 3 4287 6667 41296
35223 4 34382 22683 29549 18624
35224 2 13703 19082
35225 3 45503 12139 34025
35226 0
35227 2 38549 8114
35228 1 23707
35229 3 5936 14010 42841
35230 1 46751
35231 2 39476 5924
35232 2 28879 21559
35233 1 35003
35234 0
35235 2 10902 28481
35236 2 3693 23723
35237 1 7625
35238 3 337 47341 40440
35239 2 24726 37304
35240 2 49391 23654
35241 2 10939 20125
35242 2 32340 36470
35243 2 11408 28086
35244 4 39751 27909 10616 34264
35245 2 20139 5502
35246 4 41033 49251 11531 25484
35247 2 15590 40490
35248 5 26497 32688 24023 9090 46872
35249 1 46424
35250 1 27345
35251 2 3614 16078
35252 4 47354 48877 41917 27379
35253 2 30713 41757
35254 1 44460
35255 3 8641 40191 16572
35256 0
35257 3 3286 20309 10885
35258 1 8654
35259 0
35260 3 47857 13201 16178
35261 1 27524
35262 3 22142 10169 21631
35263 0
35264 0
35265 1 6183
35266 1 7948
35267 3 36756 10561 27521
35268 1 9144
35269 1 522
35270 3 22770 20403 25351
35271 1 37576
35272 2 20959 31580
35273 5 13805 18466 44448 5881 3315
35274 1 17878
35275 3 31299 5367 33852
35276 2 3135 3381
35277 6 29233 38448 29772 40444 3511 16986
35278 1 39596
35279 0
35280 1 25367
35281 0
35282 2 21853 2961
35283 3 36719 17652 6793
35284 1 27508
35285 3 10691 1456 12627
35286 1 17278
35287 2 28433 36261
35288 3 30964 42668 15437
35289 4 24880 21431 27343 18264
35290 1 38492
35291 2 1813 32611
35292 1 30983
35293 3 2404 3062 9776
35294 1 47316
35295 5 26568 47041 34794 31828 19969
35296 3 46150 20239 25221
35297 2 2260 29001
35298 5 12661 7874 42936 30807 21306
35299 0
35300 3 2459 3510 34874
35301 3 17837 27047 38285
35302 4 31050 29077 7188 28160
35303 5 19474 43314 2480 34315 816
35304 2 31941 20934
35305 3 27980 44591 49335
35306 3 43090 45509 41059
35307 2 48079 46074
35308 2 37454 24490
35309 2 47633 3589
35310 0
35311 0
35312 1 21270
35313 1 5167
35314 3 7751 28463 15801
35315 3 41275 18625 4119
35316 0
35317 2 41511 22105
35318 0
35319 1 43412
35320 0
35321 3 2427 35613 34116
35322 1 1770
35323 1 1228
35324 3 9634 30524 30918
35325 2 37307 28421
35326 3 15555 7377 35912
35327 4 16128 45095 18356 5466
35328 1 658
35329 2 16901 7273
35330 1 3697
35331 2 18453 22551
35332 6 48112 46836 33704 46131 40139 12888
35333 1 32819
35334 3 44101 43405 45223
35335 1 34231
35336 3 24202 1668 11977
35337 4 925 14491 38871 49326
35338 4 37121 32210 29324 48617
35339 4 45883 27993 34208 14103
35340 4 30649 24618 9959 3993
35341 2 18106 25480
35342 2 21330 32086
35343 4 1148 43249 42894 14974
35344 1 1137
35345 3 3295 43571 34552
35346 1 25849
35347 1 43889
35348 4 43252 41270 35887 2399
35349 1 2002
35350 3 14570 27728 23675
35351 0
35352 3 32649 42447 16319
35353 3 48046 15228 46734
35354 1 23768
35355 1 40497
35356 2 1351 8702
35357 4 616 13261 24769 10877
35358 2 41976 26709
35359 4 40488 10359 1025 44543
35360 5 3611 45669 2085 49326 9274
35361 2 15708 37766
35362 5 25354 6879 15735 26160 7823
35363 0
35364 0
35365 2 7120 30624
35366 0
35367 0
35368 1 15387
35369 4 45052 45997 21924 30208
35370 1 10153
35371 2 48454 4425
35372 0
35373 2 26042 40290
35374 3 629 48609 22476
35375 1 27048
35376 3 4905 10927 8972
35377 1 36072
35378 3 45932 28959 32731
35379 0
35380 0
35381 2 23889 16968
35382 4 18941 10159 18378 46013
35383 0
35384 2 19572 16743
35385 3 28277 35393 9849
35386 4 18859 42977 41675 11746
35387 1 12262
35388 2 24746 45204
35389 2 48670 8898
35390 1 1850
35391 1 28833
35392 2 9683 37431
35393 1 17267
35394 3 39362 7808 37056
35395 3 48583 25826 30267
35396 0
35397 4 47226 43722 30871 6342
35398 5 39025 4526 49877 47016 36264
35399 3 23887 11321 9393
35400 2 41372 24803
35401 0
35402 2 24984 49060
35403 0
35404 2 28423 42562
35405 2 7360 18685
35406 1 48586
35407 2 30903 46471
35408 2 21989 9766
35409 1 22112
35410 3 8499 4747 45737
35411 2 19828 42899
35412 2 35660 23651
35413 3 40394 19521 19404
35414 2 4913 28041
35415 2 4075 34249
35416 1 6768
35417 2 38666 39400
35418 0
35419 3 10367 13455 26811
35420 2 33811 35185
35421 1 5072
35422 3 30110 3248 24344
35423 4 12293 27493 14585 44960
35424 0
35425 2 46115 18818
35426 0
35427 1 29138
35428 2 26968 34602
35429 2 31498 24774
35430 2 26779 21978
35431 1 13230
35432 0
35433 0
35434 1 47900
35435 4 34134 26547 22680 1904
35436 1 27164
35437 0
35438 1 11982
35439 0
35440 4 21011 12877 35858 32619
35441 2 7709 32854
35442 2 45527 1314
35443 2 6952 33142
35444 2 3210 39391
35445 2 40751 34702
35446 2 31625 42709
35447 4 3104 37099 5885 14931
35448 2 27113 34286
35449 2 36554 20260
35450 1 2341
35451 2 14526 37249
35452 1 48467
35453 3 29446 7036 46269
35454 2 26283 47818
35455 0
35456 3 26912 48050 11187
35457 2 43465 47024
35458 1 40021
35459 2 24629 34791
35460 1 47680
35461 1 49092
35462 2 32615 3881
35463 3 15781 47276 42102
35464 0
35465 3 35674 15354 20254
35466 2 13874 6690
35467 3 14721 30790 33063
35468 3 47199 24608 33451
35469 6 1215 11157 7288 43519 46549 25156
35470 1 24002
35471 1 5167
35472 2 33251 48713
35473 1 25854
35474 4 15234 41572 28884 35051
35475 3 45978 1165 28479
35476 1 9164
35477 1 29674
35478 0
35479 4 46476 23135 36268 24031
35480 1 33701
35481 2 15386 10412
35482 3 43361 2140 45002
35483 2 2855 22670
35484 4 661 11184 16285 23454
35485 4 18730 9911 4931 5790
35486 1 16438
35487 2 43671 32027
35488 1 31165
35489 2 25976 42130
35490 0
35491 0
35492 3 12216 25357 12984
35493 4 31465 26668 17658 24660
35494 2 5288 5745
35495 4 22627 13438 7918 20785
35496 3 23729 41379 41165
35497 2 46335 17701
35498 1 28280
35499 1 39472
35500 2 42671 20507
35501 0
35502 3 22484 19815 30792
35503 4 45355 16417 26230 1063
35504 2 37411 33728
35505 1 9905
35506 3 12622 37223 31021
35507 1 3631
35508 1 4478
35509 3 48746 30613 39310
35510 0
35511 4 40286 4807 6283 5018
35512 2 357 30370
35513 1 23728
35514 1 6705
35515 2 21456 42418
35516 0
35517 3 31318 17030 7330
35518 2 27919 12588
35519 3 25252 5826 40827
35520 2 4398 4400
35521 0
35522 5 43294 13209 26631 15469 20165
35523 3 20807 2502 49795
35524 1 13664
35525 2 28752 25724
35526 1 15565
35527 1 21351
35528 2 38765 37723
35529 1 27705
35530 4 38299 25387 25125 44125
35531 2 35813 10242
35532 4 12436 31540 20547 18446
35533 0
35534 3 23111 168 35278
35535 1 44293
35536 1 16956
35537 2 24763 19200
35538 3 33560 37119 27600
35539 1 18924
35540 2 38964 13606
35541 2 16021 31713
35542 1 48735
35543 1 37477
35544 0
35545 0
35546 1 49214
35547 1 14422
35548 0
35549 4 3546 32639 27984 34605
35550 2 17189 17312
35551 1 32358
35552 2 31809 47191
35553 1 40620
35554 4 31061 40932 42377 11365
35555 1 23332
35556 4 27426 16882 14975 35308
35557 2 48095 21237
35558 0
35559 1 26256
35560 2 26941 19766
35561 7 30323 29535 45370 31094 10889 7983 16952
35562 1 2325
35563 2 35117 43917
35564 0
35565 2 26566 10847
35566 2 37598 16838
35567 2 43984 15658
35568 2 25049 23485
35569 2 18485 41
35570 6 25384 38688 49857 16750 40875 37489
35571 0
35572 2 44613 25755
35573 3 34148 23452 49650
35574 2 48233 46182
35575 1 12030
35576 1 7339
35577 2 35341 9875
35578 0
35579 2 23703 39109
35580 3 29299 48327 40705
35581 3 37581 43015 20150
35582 2 34245 16446
35583 5 48582 27705 40676 17288 11589
35584 2 46436 47927
35585 3 4576 47246 45572
35586 4 9137 12585 15855 8654
35587 1 1678
35588 2 49301 34325
35589 3 38373 9048 12225
35590 3 4132 30573 10760
35591 4 9603 16873 38508 18610
35592 2 17075 20067
35593 0
35594 1 37155
35595 0
35596 6 3013 46392 19123 38551 27543 16050
35597 3 4973 5964 20378
35598 2 16909 18514
35599 1 49074
35600 3 32893 7860 11938
35601 3 32964 26982 27957
35602 2 15921 9444
35603 0
35604 3 21076 29711 47750
35605 2 48477 21854
35606 1 25162
35607 1 38809
35608 1 46610
35609 1 2354
35610 0
35611 2 3640 36923
35612 2 130 18403
35613 4 4978 41152 28566 32589
35614 1 24932
35615 3 38782 25284 25542
35616 1 19646
35617 2 43200 42793
35618 3 8055 44171 45954
35619 3 13899 34287 49333
35620 2 12647 22015
35621 1 986
35622 1 25453
35623 3 39292 17199 7991
35624 1 22516
35625 2 10315 19525
35626 1 21158
35627 2 31211 7800
35628 2 11845 22760
35629 5 11412 14339 36510 35778 34302
35630 2 17982 1400
35631 2 30013 45753
35632 1 26251
35633 1 45934
35634 3 29925 1231 29953
35635 0
35636 1 1216
35637 4 36566 26134 10816 38057
35638 2 30945 22762
35639 0
35640 2 45041 43551
35641 4 33698 46723 27353 33030
35642 5 49410 43645 47357 10547 6523
35643 3 49574 48306 48579
35644 1 39676
35645 1 31669
35646 2 14296 14818
35647 3 2594 39754 25277
35648 3 36318 49875 32987
35649 1 4440
35650 4 49157 2132 42910 3729
35651 1 30642
35652 2 45290 44174
35653 1 27230
35654 3 21905 12092 28928
35655 1 44316
35656 0
35657 5 22286 39303 14116 5860 38347
35658 3 37404 4089 30623
35659 2 3718 31877
35660 4 14321 2929 37762 973
35661 2 36940 32461
35662 2 498 19852
35663 2 11391 45020
35664 3 27444 29495 1561
35665 1 31170
35666 2 11864 46539
35667 1 13393
35668 2 35144 10502
35669 3 5356 7274 14189
35670 2 276 42934
35671 2 46483 14257
35672 2 14570 31643
35673 3 4920 27186 14736
35674 1 19147
35675 2 14226 44351
35676 3 37753 34507 25853
35677 3 46195 15931 7132
35678 2 43544 7188
35679 0
35680 2 46398 23345
35681 2 25286 40877
35682 0
35683 5 27993 35713 1029 9830 8058
35684 0
35685 2 36207 44195
35686 2 19802 30764
35687 2 34673 9185
35688 0
35689 1 12830
35690 2 47139 11492
35691 1 37105
35692 3 4771 18681 1698
35693 4 30246 14027 43407 28889
35694 3 2555 2600 34049
35695 2 18121 39050
35696 0
35697 1 31673
35698 4 6038 34243 10215 31043
35699 2 40527 4174
35700 4 42167 27956 9470 18722
35701 3 1777 11712 23909
35702 1 15159
35703 2 34284 44015
35704 1 40480
35705 1 29519
35706 3 17473 12661 48090
35707 4 38385 47002 49373 42623
35708 6 39957 2827 47442 27099 49434 34806
35709 3 36875 48036 5841
35710 1 28261
35711 3 12661 26244 28522
35712 2 5250 34434
35713 1 40701
35714 0
35715 2 47495 401
35716 1 1679
35717 2 17725 27212
35718 0
35719 4 23840 5990 30144 8183
35720 2 3425 44027
35721 3 29107 19590 47871
35722 2 42137 6273
35723 3 20834 21603 26412
35724 1 49977
35725 6 15580 31417 25655 28911 43869 11138
35726 1 25228
35727 1 10179
35728 5 31790 3556 3988 8786 7453
35729 4 47961 58 23271 26284
35730 1 26842
35731 1 12903
35732 1 4631
35733 2 6974 41431
35734 1 30688
35735 3 44616 37846 14608
35736 2 38239 2174
35737 3 3391 7495 25759
35738 3 21279 15042 44501
35739 3 36676 16286 24649
35740 3 24973 31466 16521
35741 3 7832 17870 43820
35742 3 49421 1973 12695
35743 2 894 22352
35744 1 47688
35745 1 27346
35746 0
35747 0
35748 1 41123
35749 0
35750 3 43645 16279 14129
35751 2 29589 3304
35752 2 46780 48884
35753 0
35754 0
35755 1 27436
35756 0
35757 1 3481
35758 5 48262 2712 38916 10714 37067
35759 3 41785 26939 25820
35760 0
35761 3 41162 23076 17677
35762 2 1074 14243
35763 2 1347 38262
35764 1 20253
35765 1 45442
35766 0
35767 3 13387 34478 44910
35768 0
35769 2 21230 25111
35770 2 24556 40595
35771 4 45107 21372 1046 32089
35772 1 21761
35773 1 35031
35774 2 46333 11204
35775 1 33484
35776 6 47450 48850 48681 8443 12311 9867
35777 4 49146 35444 31459 6359
35778 4 28601 29890 38300 24318
35779 1 8433
35780 0
35781 3 16900 2303 38703
35782 3 11994 11575 45167
35783 3 42820 13854 7882
35784 3 30701 15818 12741
35785 0
35786 1 41145
35787 4 3576 28263 18908 33943
35788 1 37511
35789 4 22471 17572 5622 24764
35790 2 34855 28492
35791 1 20209
35792 2 45309 31502
35793 3 10463 42544 12599
35794 1 48543
35795 3 10442 13064 22957
35796 2 7924 5872
35797 3 43986 6341 43016
35798 0
35799 1 46318
35800 1 43009
35801 2 46775 29441
35802 3 24117 23353 802
35803 2 9465 36835
35804 6 44897 31840 15189 21007 14298 24885
35805 3 38841 25946 25386
35806 2 4833 24724
35807 2 44095 22276
35808 5 24808 26059 36932 21205 7485
35809 1 5441
35810 0
35811 2 31842 21010
35812 0
35813 2 10047 28384
35814 3 23069 21344 49132
35815 3 42508 4713 3272
35816 2 36772 48014
35817 0
35818 4 14120 36536 41470 9052
35819 3 11331 14234 26596
35820 5 6647 48906 13209 44259 30842
35821 0
35822 0
35823 2 8762 11357
35824 2 13478 8424
35825 1 21520
35826 1 43533
35827 2 21859 34519
35828 2 23695 29790
35829 0
35830 0
35831 1 6438
35832 5 34338 23088 37372 4139 35971
35833 0
35834 0
35835 0
35836 1 9583
35837 5 37004 49938 12544 8811 5138
35838 2 38307 8802
35839 1 17247
35840 2 38066 30919
35841 0
35842 0
35843 4 15801 21736 35960 44731
35844 0
35845 1 28906
35846 3 9042 34504 34819
35847 4 37878 1026 25893 18712
35848 2 648 9134
35849 2 32127 44453
35850 5 41514 14674 29826 30535 24575
35851 2 10074 26086
35852 1 43112
35853 1 18873
35854 3 31087 27703 11251
35855 3 34200 39671 39684
35856 2 24625 31359
35857 3 36250 26685 43568
35858 1 30236
35859 2 3555 29651
35860 1 13986
35861 3 27878 21196 25061
35862 2 38896 9065
35863 1 9022
35864 1 10093
35865 4 41633 4046 45739 6872
35866 0
35867 2 23399 43435
35868 4 45742 26874 14729 48713
35869 1 17474
35870 1 38291
35871 3 35967 404 1135
35872 2 17131 14237
35873 2 14383 48793
35874 5 29790 35040 2090 37195 37420
35875 2 26757 3948
35876 1 48783
35877 1 31254
35878 0
35879 2 3620 6270
35880 3 4873 47766 32868
35881 2 10710 12393
35882 3 10997 9045 26957
35883 2 34795 20937
35884 1 17317
35885 0
35886 3 10662 46396 24774
35887 2 29888 27199
35888 1 1659
35889 4 20443 4658 24925 22408
35890 1 13253
35891 1 48823
35892 3 44164 24746 23219
35893 0
35894 4 38123 2137 48962 38446
35895 1 16705
35896 3 16470 4970 22502
35897 1 37382
35898 2 40777 3371
35899 1 29327
35900 5 32221 49471 4979 7704 21264
35901 5 3659 33499 41644 17166 4946
35902 0
35903 2 41923 19125
35904 2 30676 43354
35905 4 37392 25350 43141 47619
35906 4 18223 19195 37394 41434
35907 0
35908 1 11674
35909 2 44973 44235
35910 0
35911 2 45385 16491
35912 4 32725 24694 41768 38119
35913 3 7674 4248 12240
35914 1 9845
35915 2 36898 30524
35916 5 33189 6282 15976 18841 35836
35917 3 36363 44550 15537
35918 2 18439 20190
35919 3 1033 20688 30074
35920 4 32218 13373 45188 35436
35921 1 4268
35922 1 41010
35923 1 26418
35924 2 27131 39447
35925 2 15569 29384
35926 2 41829 26431
35927 4 20777 15442 44598 1510
35928 3 44913 29744 18257
35929 2 39129 4428
35930 1 24610
35931 1 27631
35932 0
35933 0
35934 4 9872 21108 34699 30022
35935 1 8774
35936 2 17144 42289
35937 2 45582 25203
35938 1 39972
35939 0
35940 4 27623 31499 11452 49279
35941 2 30519 8200
35942 1 34423
35943 5 36753 48715 36009 19525 44402
35944 0
35945 1 12501
35946 4 16942 23702 47201 9768
35947 0
35948 3 35999 9824 46354
35949 1 8666
35950 1 15811
35951 2 41296 46028
35952 2 31277 25397
35953 6 22867 43541 4986 47523 26218 17996
35954 3 39724 34893 38278
35955 3 39120 44797 2732
35956 4 16497 36450 14512 15766
35957 2 2906 47642
35958 4 26385 12002 9396 7307
35959 2 8894 18233
35960 2 44005 27091
35961 1 3612
35962 1 6144
35963 3 12386 21314 4320
35964 2 27116 36680
35965 2 49400 12308
35966 9 12519 45134 8210 8796 9772 9458 2348 38775 49061
35967 1 9501
35968 0
35969 2 44160 38714
35970 1 5187
35971 2 9444 43739
35972 0
35973 1 1620
35974 3 5241 1277 39533
35975 2 45414 30095
35976 1 36541
35977 5 46466 32074 45806 16069 16051
35978 1 32277
35979 3 17517 8413 22945
35980 2 7628 11273
35981 2 22545 44107
35982 0
35983 1 44748
35984 3 11541 42342 18105
35985 2 36420 1683
35986 1 42385
35987 3 9581 765 10466
35988 2 7808 3733
35989 1 27489
35990 3 8031 47859 31119
35991 1 41556
35992 5 6794 45221 15782 7643 10789
35993 2 10981 87
35994 2 9188 47351
35995 1 15655
35996 2 41749 14439
35997 0
35998 2 25664 13452
35999 0
36000 1 16920
36001 2 34098 30841
36002 0
36003 2 30004 27390
36004 4 28477 20008 16939 28183
36005 0
36006 2 17619 35996
36007 1 9302
36008 0
36009 2 43920 10504
36010 2 1547 15332
36011 0
36012 2 44192 22111
36013 1 42638
36014 1 16467
36015 1 48001
36016 1 21291
36017 1 9912
36018 4 3344 10003 41551 4202
36019 1 30454
36020 2 26150 26099
36021 3 17576 32489 47795
36022 1 40621
36023 2 13703 23187
36024 2 12489 3878
36025 2 1248 6205
36026 4 23276 18546 48445 43115
36027 4 18173 5055 760 39946
36028 3 1693 21226 49002
36029 1 42819
36030 2 8496 10758
36031 2 38791 12773
36032 2 15888 9045
36033 2 30402 25249
36034 3 48548 21310 28586
36035 2 44791 11926
36036 4 21346 20281 48154 23840
36037 2 46026 12104
36038 1 2467
36039 3 36751 26027 24477
36040 1 28879
36041 5 736 24151 6630 17092 44721
36042 2 28592 23940
36043 2 34677 4734
36044 6 33052 2331 9662 40115 25782 49900
36045 3 47335 11424 25031
36046 1 34304
36047 1 5912
36048 5 15174 28451 41971 34099 18477
36049 1 47852
36050 4 14571 49070 37313 44987
36051 2 4465 21794
36052 3 37287 12293 28371
36053 1 15810
36054 1 29566
36055 2 9097 25976
36056 3 44474 20527 7993
36057 1 7847
36058 3 32792 39832 5490
36059 2 49453 1839
36060 0
36061 3 13655 2606 49491
36062 1 37008
36063 1 10751
36064 4 25680 21492 24672 4624
36065 4 44987 406 29715 38092
36066 2 36891 1312
36067 4 1668 45528 21480 20880
36068 1 15797
36069 2 48339 42639
36070 2 26835 29268
36071 4 35691 12315 33366 14034
36072 2 44972 33923
36073 1 13955
36074 4 25331 4624 43067 32062
36075 2 8598 36378
36076 1 39143
36077 1 22511
36078 2 45919 37276
36079 4 45645 40755 8652 42164
36080 2 18043 1738
36081 2 48116 3583
36082 3 34673 35326 7191
36083 1 39113
36084 3 7821 40151 1885
36085 2 22795 26573
36086 3 19149 10521 2044
36087 3 37029 6079 21561
36088 2 45577 1197
36089 3 30176 8430 11226
36090 3 1216 4793 12661
36091 4 41548 30006 27257 14182
36092 1 15857
36093 6 16686 17880 42105 17978 19394 21707
36094 1 30366
36095 3 46946 36678 2277
36096 2 31391 7298
36097 1 14174
36098 2 32902 3785
36099 6 38095 19533 36694 5344 12849 5280
36100 3 29218 22163 39739
36101 3 10295 48534 32555
36102 2 3581 26234
36103 2 16863 7518
36104 2 6516 39720
36105 3 3332 7052 15910
36106 2 41029 22982
36107 3 27416 35804 21182
36108 10 19248 21104 40944 5093 3927 34963 363 8877 2458 18704
36109 5 8277 4478 27136 2952 24230
36110 0
36111 1 49864
36112 2 36733 28672
36113 6 36964 35064 27330 2427 20927 14430
36114 3 31778 3791 28274
36115 2 36379 8698
36116 2 44622 23698
36117 3 8287 27938 25381
36118 4 575 43447 47403 25185
36119 3 43731 35104 4521
36120 2 40238 5008
36121 4 24159 28113 46447 37172
36122 4 3688 27201 29614 37499
36123 4 9496 10300 26999 9281
36124 3 1334 33817 49795
36125 3 43104 39514 41885
36126 2 32595 22015
36127 2 26284 14847
36128 3 33027 20853 31951
36129 2 35020 11068
36130 0
36131 1 2379
36132 4 103 40442 31798 46389
36133 2 21392 35347
36134 1 16460
36135 1 22861
36136 0
36137 2 22812 12411
36138 1 36676
36139 2 9284 34129
36140 4 21791 8540 42966 47839
36141 5 13049 20397 29015 10245 46316
36142 0
36143 2 32127 6515
36144 0
36145 1 5672
36146 1 35320
36147 1 12058
36148 1 21551
36149 1 3912
36150 2 33870 46324
36151 2 21316 10977
36152 0
36153 0
36154 1 41697
36155 1 23541
36156 3 3303 17113 32980
36157 1 24690
36158 3 42237 18892 20437
36159 3 46061 47721 16559
36160 2 38652 48863
36161 1 7299
36162 1 47908
36163 3 12974 13109 4978
36164 2 6630 8870
36165 2 8125 3240
36166 6 41837 40798 16929 14590 8489 46462
36167 2 6078 33484
36168 3 7247 37610 8034
36169 0
36170 1 47387
36171 2 23540 39766
36172 1 30120
36173 3 6694 44284 40667
36174 3 22899 47859 46542
36175 0
36176 1 37626
36177 1 45583
36178 1 43309
36179 2 18149 43651
36180 2 32340 48883
36181 3 23254 46419 18101
36182 2 971 9310
36183 2 29206 11898
36184 1 49574
36185 5 15059 9441 7245 11915 41578
36186 5 16662 34466 1286 20346 48344
36187 3 1781 6725 11951
36188 2 46067 36124
36189 3 40669 26680 35800
36190 1 33193
36191 3 29850 16808 985
36192 4 28619 47597 48924 6620
36193 1 10198
36194 2 23384 46792
36195 1 46027
36196 3 8099 17971 44505
36197 1 3684
36198 1 27441
36199 4 8400 6680 6659 21147
36200 1 3185
36201 1 39681
36202 2 36686 8670
36203 0
36204 1 33781
36205 3 45594 3477 44972
36206 0
36207 5 38934 1135 20589 526 43836
36208 5 14424 2868 28491 9390 49508
36209 2 15581 78
36210 0
36211 5 14436 5749 19235 3650 23724
36212 4 26504 47427 34379 43704
36213 1 28674
36214 1 20395
36215 2 22336 11541
36216 5 1002 2649 17253 46598 26893
36217 3 45009 17707 35870
36218 1 21766
36219 0
36220 4 37240 48234 14178 44292
36221 2 47543 2228
36222 3 42705 1657 11488
36223 2 224 6747
36224 1 40789
36225 2 23472 27816
36226 0
36227 1 6565
36228 0
36229 3 25885 43057 19818
36230 1 15947
36231 2 11752 1113
36232 1 39416
36233 2 3669 12654
36234 5 29878 43987 20513 495 1281
36235 0
36236 4 37103 10053 44571 7095
36237 1 40166
36238 2 31373 8873
36239 0
36240 4 11141 24825 36662 49019
36241 2 41761 31504
36242 2 5564 7569
36243 1 38398
36244 3 39541 11027 26716
36245 1 42080
36246 1 32567
36247 1 20997
36248 1 1331
36249 0
36250 5 49181 31587 27849 18396 5937
36251 2 6530 14723
36252 0
36253 2 9842 26617
36254 3 43613 10052 32189
36255 1 9433
36256 2 46028 37908
36257 1 12239
36258 1 34790
36259 1 44364
36260 2 37646 12717
36261 1 3270
36262 2 8403 29538
36263 3 47215 11309 31544
36264 1 160
36265 1 14268
36266 2 43197 12154
36267 2 34230 43123
36268 2 29443 15585
36269 0
36270 4 30582 2065 39413 49016
36271 1 272
36272 2 31752 23994
36273 2 21162 22463
36274 1 25366
36275 1 41854
36276 1 40683
36277 1 40078
36278 2 35237 37668
36279 2 36562 35189
36280 4 12335 45248 30261 40048
36281 2 6207 5945
36282 1 12279
36283 2 36839 17078
36284 0
36285 2 3213 22149
36286 1 40958
36287 1 17327
36288 4 34586 48230 14059 8410
36289 2 43674 20856
36290 2 1948 25578
36291 2 29097 6328
36292 2 28043 18885
36293 1 35853
36294 3 30210 17669 26027
36295 0
36296 1 14550
36297 2 48588 17480
36298 0
36299 2 35778 28709
36300 3 7130 24197 8662
36301 1 43756
36302 2 32630 46877
36303 5 33467 18323 6619 1465 40625
36304 0
36305 2 22664 17503
36306 3 31872 43415 43304
36307 2 16518 2378
36308 2 39589 44583
36309 2 36801 3785
36310 2 26240 8367
36311 3 48223 44347 21146
36312 1 26378
36313 4 16338 9559 47239 21468
36314 2 1896 8999
36315 3 42370 1157 48709
36316 1 31511
36317 2 19087 31026
36318 3 20931 28593 44610
36319 1 48727
36320 3 6177 43721 30174
36321 2 15335 40371
36322 3 31803 8100 17302
36323 4 17724 14629 7125 1428
36324 2 19702 16948
36325 0
36326 3 43754 33775 11849
36327 2 9730 22205
36328 5 9291 48556 36837 9472 44292
36329 3 44863 19239 23832
36330 1 4708
36331 1 44041
36332 2 13284 43753
36333 3 4778 8303 49319
36334 2 5250 35987
36335 1 44526
36336 3 24067 18400 30505
36337 1 6070
36338 2 6458 19842
36339 0
36340 3 23946 26271 885
36341 1 1684
36342 3 38553 34857 42272
36343 2 28268 48524
36344 1 3487
36345 1 8487
36346 6 37683 20515 297 5272 21825 34079
36347 2 24242 9959
36348 1 30259
36349 1 28589
36350 1 22511
36351 2 28728 3494
36352 3 49583 48397 16462
36353 5 6830 28293 32574 42764 15531
36354 0
36355 1 25689
36356 2 45278 30205
36357 2 2800 268
36358 1 25160
36359 3 6014 23804 35823
36360 2 6355 7723
36361 1 8141
36362 1 30750
36363 1 3575
36364 1 10630
36365 2 33808 8033
36366 1 9711
36367 3 40038 33567 30728
36368 1 10969
36369 1 721
36370 1 37144
36371 0
36372 4 23870 48282 42190 11220
36373 1 13830
36374 1 14257
36375 0
36376 2 40848 2941
36377 1 6532
36378 3 32158 41406 25985
36379 1 32513
36380 1 28201
36381 3 47788 1261 3680
36382 3 45970 47373 9934
36383 0
36384 2 25768 48801
36385 3 39226 13864 41736
36386 3 2306 12968 40101
36387 1 12029
36388 3 35688 33385 35005
36389 2 7266 11431
36390 0
36391 3 37474 446 24956
36392 1 19605
36393 3 21598 27907 31142
36394 2 9405 3677
36395 3 20155 7592 27627
36396 0
36397 3 11663 5565 41787
36398 1 33224
36399 3 48844 18528 41229
36400 2 43165 7911
36401 5 28165 5471 25939 34817 42221
36402 4 29751 39107 20987 42823
36403 0
36404 2 29303 28645
36405 1 46566
36406 3 1650 6321 36352
36407 1 31521
36408 1 27415
36409 2 47884 20745
36410 5 38935 47975 48877 7447 12277
36411 2 34904 42816
36412 3 10381 29419 4766
36413 2 20265 46026
36414 3 42892 5384 3864
36415 1 1412
36416 1 5409
36417 1 12331
36418 2 889 43955
36419 2 18152 25274
36420 2 37771 25315
36421 3 36131 13334 6694
36422 3 29420 14825 46665
36423 1 21928
36424 3 12829 30541 975
36425 1 46459
36426 6 5675 13998 38736 33258 39879 40418
36427 0
36428 4 39315 36849 31138 8442
36429 4 11360 12444 39008 8857
36430 2 24195 35309
36431 3 34713 11753 18518
36432 1 46888
36433 4 27407 40511 38537 43102
36434 0
36435 1 12254
36436 2 23166 4915
36437 6 18253 26292 32442 731 23819 19807
36438 2 4897 16940
36439 1 8431
36440 4 10787 12834 10317 49072
36441 2 34122 20408
36442 2 19979 49519
36443 1 45613
36444 1 4060
36445 1 20182
36446 3 47953 32587 16032
36447 0
36448 2 24355 3244
36449 2 17794 20627
36450 2 5476 23072
36451 2 21272 48412
36452 1 39063
36453 3 11950 28900 46727
36454 1 12886
36455 0
36456 1 21436
36457 1 7545
36458 2 9058 29042
36459 2 11286 33783
36460 0
36461 0
36462 0
36463 3 16184 34468 12372
36464 1 19436
36465 2 16327 35752
36466 0
36467 1 4981
36468 1 18617
36469 0
36470 2 8525 30114
36471 2 31369 9613
36472 3 13841 6566 44604
36473 1 17758
36474 2 19649 23912
36475 3 13137 11030 20147
36476 0
36477 2 42964 35333
36478 2 31631 22870
36479 2 10370 36808
36480 1 32278
36481 2 43156 10942
36482 1 10345
36483 0
36484 3 48517 27353 25899
36485 3 11604 34313 21566
36486 2 33674 21591
36487 4 49613 46898 41759 28610
36488 0
36489 4 21368 46021 8023 7266
36490 1 13170
36491 0
36492 7 5645 34131 15818 22901 8903 45117 43278
36493 3 584 39044 16313
36494 1 2535
36495 1 2373
36496 2 47411 20847
36497 3 30770 1372 22756
36498 0
36499 3 38419 3142 10919
36500 2 32794 32911
36501 1 22371
36502 1 34721
36503 1 37181
36504 4 18916 13311 3042 21488
36505 0
36506 2 953 35746
36507 2 37921 23246
36508 3 45749 4722 36560
36509 1 8333
36510 0
36511 1 42810
36512 2 8440 14743
36513 1 28067
36514 2 31581 25304
36515 2 13999 15539
36516 2 10795 34535
36517 4 6178 41068 32011 30768
36518 2 28470 1281
36519 1 5815
36520 1 20105
36521 4 25521 8271 47198 47688
36522 0
36523 0
36524 0
36525 2 48082 8384
36526 2 47283 13494
36527 3 22722 2334 5342
36528 3 9659 33317 28840
36529 2 2174 25299
36530 3 48025 31299 37487
36531 3 38609 41974 27865
36532 6 40654 14402 30482 38511 31745 40324
36533 0
36534 1 40626
36535 0
36536 0
36537 0
36538 4 29226 32412 10632 7010
36539 1 16441
36540 2 21252 18859
36541 2 46891 42323
36542 4 40334 38091 14351 31026
36543 2 27831 16563
36544 2 9580 33535
36545 0
36546 3 10807 31058 17489
36547 2 32481 26655
36548 2 31787 25280
36549 3 24053 16206 49169
36550 0
36551 1 10927
36552 1 11161
36553 1 12399
36554 2 24041 28752
36555 2 3383 14214
36556 6 26862 6930 4000 21979 45818 11399
36557 1 44513
36558 1 31336
36559 2 41311 9185
36560 1 33585
36561 2 23684 7490
36562 3 35223 28715 29038
36563 3 4317 18201 14214
36564 2 18604 19128
36565 1 40418
36566 0
36567 2 38546 30715
36568 0
36569 2 31550 22892
36570 2 23680 48353
36571 3 36484 7591 24842
36572 4 33953 8153 13062 37917
36573 3 18318 2701 4393
36574 3 1063 6191 41369
36575 1 38380
36576 3 14894 12593 21693
36577 1 4255
36578 2 29163 41180
36579 0
36580 1 22133
36581 2 733 24591
36582 4 14119 22155 42082 45765
36583 0
36584 5 12530 2159 25198 31772 38130
36585 0
36586 3 47503 20802 44246
36587 1 14889
36588 0
36589 1 25130
36590 5 6284 4458 13247 26346 32456
36591 0
36592 1 44532
36593 2 48397 26909
36594 1 29028
36595 3 18648 47799 26611
36596 5 4175 15628 32638 19746 27723
36597 0
36598 0
36599 3 1433 27342 6614
36600 2 24564 6887
36601 0
36602 0
36603 2 31245 39202
36604 1 8316
36605 2 29658 45636
36606 2 23471 26497
36607 3 24485 24369 14602
36608 0
36609 1 28957
36610 3 1826 13630 2252
36611 1 25338
36612 3 40347 12204 6009
36613 3 21642 42916 32276
36614 1 12050
36615 0
36616 5 33547 26730 38497 25333 41758
36617 3 42467 42214 3911
36618 1 474
36619 1 36589
36620 1 27789
36621 1 49065
36622 0
36623 0
36624 5 9496 42853 15601 7902 521
36625 1 2131
36626 3 38235 11698 7445
36627 3 36050 12248 44693
36628 5 6197 8611 13559 15876 36712
36629 3 41089 49618 29363
36630 3 7992 8682 31937
36631 3 47942 35985 31578
36632 1 15259
36633 2 27984 32866
36634 3 10491 17841 44837
36635 2 26272 2973
36636 2 40383 34237
36637 3 12564 13871 8854
36638 1 42556
36639 2 5590 34071
36640 3 32297 10664 35654
36641 1 37775
36642 1 21442
36643 2 21288 25422
36644 2 43159 34405
36645 2 13137 45694
36646 0
36647 4 5099 48815 37813 38897
36648 0
36649 1 21187
36650 1 18476
36651 1 46185
36652 1 48116
36653 2 43957 16067
36654 2 44923 37081
36655 2 1826 32588
36656 3 32693 18706 4595
36657 1 46854
36658 3 9066 48394 37061
36659 2 16091 4137
36660 2 10260 41892
36661 0
36662 0
36663 2 17026 27927
36664 1 41046
36665 1 37908
36666 1 34446
36667 4 34216 45706 4502 286
36668 3 36607 43477 8330
36669 4 31124 1435 43829 120
36670 2 33838 28810
36671 0
36672 2 13017 28532
36673 1 21972
36674 2 36668 6438
36675 3 2988 995 18881
36676 3 47507 35348 11905
36677 2 22088 47064
36678 3 5554 7182 24398
36679 3 16514 39626 35318
36680 1 2561
36681 3 38901 15227 38880
36682 3 28737 5732 10386
36683 4 22338 18550 20023 10434
36684 3 12391 35604 9247
36685 3 35133 42744 48968
36686 2 46431 23354
36687 0
36688 1 16847
36689 2 35076 24942
36690 0
36691 3 19678 36837 10679
36692 1 47925
36693 4 27224 28823 29094 40884
36694 2 46437 11042
36695 2 24232 27413
36696 4 8274 3890 34961 1775
36697 2 22025 36586
36698 3 45235 49396 34172
36699 1 39702
36700 7 22557 3084 29166 5657 46202 12538 32786
36701 0
36702 2 5034 11952
36703 0
36704 2 39536 17358
36705 5 13648 48244 40258 29805 41008
36706 2 15019 44783
36707 3 20199 12777 12482
36708 1 27112
36709 2 34347 39824
36710 0
36711 1 25898
36712 3 41557 47427 40021
36713 2 39498 22568
36714 5 47633 6872 26426 43844 46241
36715 3 4111 24037 41172
36716 1 27699
36717 3 266 32834 6742
36718 1 37303
36719 1 17143
36720 2 6785 42138
36721 2 13349 31712
36722 1 2866
36723 3 29752 7573 38693
36724 0
36725 2 32472 34437
36726 3 25560 40926 36353
36727 4 44343 47092 16070 22578
36728 2 34413 27149
36729 3 20211 19046 30308
36730 3 4926 45637 12553
36731 1 41864
36732 2 47556 26449
36733 3 7996 27179 13291
36734 2 38101 23239
36735 1 47528
36736 0
36737 2 42584 15307
36738 1 6458
36739 0
36740 0
36741 2 18608 46434
36742 2 49639 23096
36743 3 2899 831 13736
36744 0
36745 3 41419 29014 46294
36746 3 3203 24314 24132
36747 1 28388
36748 2 41860 12577
36749 1 28652
36750 1 16504
36751 3 34922 16796 23130
36752 3 47501 80 37803
36753 2 29608 8673
36754 2 13467 31028
36755 3 47372 14630 48364
36756 0
36757 2 27001 7447
36758 1 29754
36759 4 41796 25462 22392 20836
36760 1 10572
36761 1 14178
36762 1 35194
36763 1 49467
36764 6 4542 27030 33019 27177 36289 45655
36765 2 9039 36374
36766 2 38064 29892
36767 3 25401 14948 1326
36768 2 11039 37697
36769 1 6876
36770 2 42486 35640
36771 1 47967
36772 2 7934 34347
36773 2 42551 9342
36774 2 29588 29518
36775 0
36776 1 14575
36777 1 34384
36778 0
36779 2 14659 40292
36780 1 14055
36781 4 21648 6206 43708 17709
36782 3 5742 45496 40685
36783 3 727 38160 22439
36784 0
36785 1 38094
36786 5 7783 16824 22974 35543 29119
36787 3 15477 44998 23827
36788 1 18997
36789 2 29305 42380
36790 2 7370 11611
36791 2 44690 13256
36792 1 37655
36793 2 14794 33563
36794 2 19122 12244
36795 3 42580 27929 37911
36796 2 495 27633
36797 1 712
36798 0
36799 3 37908 35981 48924
36800 2 43753 34021
36801 4 27547 33447 28684 16404
36802 3 1737 14180 32308
36803 0
36804 3 17489 25092 26311
36805 1 20467
36806 4 4664 26156 17449 36296
36807 2 13313 430
36808 2 24838 9186
36809 2 10466 27871
36810 3 5764 3165 29372
36811 4 46673 37127 28179 22452
36812 1 30
36813 3 12724 15506 32631
36814 2 47493 20142
36815 1 35303
36816 2 38280 32358
36817 2 22896 32634
36818 2 19593 1784
36819 0
36820 0
36821 1 32280
36822 3 6354 39282 22123
36823 3 40782 49012 16840
36824 1 39660
36825 3 29781 15509 40185
36826 1 45030
36827 2 17497 8934
36828 3 24542 46720 44624
36829 1 41789
36830 2 27260 33544
36831 2 25628 42558
36832 0
36833 0
36834 2 15986 43272
36835 0
36836 4 16083 11279 40237 635
36837 0
36838 1 25737
36839 1 37104
36840 4 9914 21516 40572 30374
36841 2 5743 48427
36842 2 46731 42643
36843 1 49373
36844 2 37138 410
36845 2 38912 32863
36846 0
36847 3 11381 20824 14293
36848 1 46773
36849 3 660 38425 12792
36850 2 49002 19025
36851 0
36852 1 31908
36853 1 39934
36854 2 24662 48165
36855 3 31801 17465 69
36856 0
36857 4 42028 46297 25128 13930
36858 1 36999
36859 3 11872 48754 42247
36860 1 29426
36861 6 27488 10868 31317 7446 36548 47424
36862 1 10235
36863 2 20092 7882
36864 2 20016 45503
36865 0
36866 1 17048
36867 3 38598 44328 36863
36868 1 35764
36869 1 2013
36870 0
36871 4 35083 13638 45821 26356
36872 4 44280 28474 18524 47338
36873 3 36510 11522 9444
36874 1 25938
36875 3 41275 48310 42159
36876 0
36877 2 6867 44717
36878 3 33348 26382 34966
36879 2 29300 30508
36880 2 371 36671
36881 3 41942 8218 11374
36882 2 10652 4057
36883 2 43111 32183
36884 2 11977 22288
36885 1 39701
36886 3 38587 5061 32125
36887 2 949 25711
36888 4 14021 27416 43265 29905
36889 3 27901 3946 14362
36890 1 40266
36891 2 24864 45177
36892 1 49855
36893 1 2510
36894 0
36895 2 22310 15981
36896 2 47495 20169
36897 0
36898 5 35004 19027 45044 45847 10005
36899 4 6272 44922 11431 17328
36900 2 13111 3428
36901 1 24048
36902 1 6443
36903 1 41418
36904 0
36905 1 27532
36906 4 3270 46524 35799 31823
36907 2 2819 2439
36908 4 20905 42959 32219 47973
36909 1 34331
36910 4 43959 17487 46738 13623
36911 1 42458
36912 0
36913 1 36739
36914 1 12066
36915 3 38598 13925 41156
36916 5 45794 46673 3213 49253 44074
36917 4 23623 70 11438 29633
36918 1 6891
36919 2 30869 40891
36920 2 48003 22118
36921 2 32576 19451
36922 2 13217 35381
36923 2 25072 16057
36924 2 27558 43182
36925 3 35126 12658 5926
36926 3 560 40292 36776
36927 1 10608
36928 1 19370
36929 0
36930 3 40289 6087 15756
36931 1 31550
36932 4 25859 40622 17356 31954
36933 5 30629 47886 35034 38631 21512
36934 2 48550 6473
36935 2 6342 28879
36936 1 45603
36937 2 7335 26856
36938 3 34112 49448 2452
36939 6 40271 5339 36617 37503 10667 44883
36940 7 6316 36555 36290 12806 35830 32673 12431
36941 4 40296 41142 49253 36927
36942 2 45852 18777
36943 3 37338 22054 34404
36944 2 49248 47756
36945 1 34416
36946 1 23203
36947 1 44640
36948 1 43908
36949 3 3669 47767 31368
36950 1 10739
36951 3 6275 42676 8738
36952 2 27565 38943
36953 0
36954 1 41537
36955 1 20820
36956 2 30357 15717
36957 1 32130
36958 2 7642 45389
36959 1 21121
36960 2 19777 40545
36961 2 4196 48250
36962 1 22769
36963 1 39828
36964 1 15130
36965 3 20799 23877 36374
36966 2 14381 22848
36967 0
36968 3 11461 13914 11899
36969 1 39880
36970 2 35020 20494
36971 2 8282 48057
36972 1 1297
36973 2 21905 42087
36974 2 34282 43402
36975 4 34990 11447 29678 30441
36976 2 22912 11242
36977 0
36978 2 25827 39461
36979 3 20958 41082 13011
36980 2 20025 3074
36981 4 32801 30229 34433 6010
36982 0
36983 3 33840 33146 26329
36984 1 32023
36985 2 9308 42518
36986 3 18282 47616 43865
36987 0
36988 3 5367 38695 36144
36989 1 48207
36990 5 12675 21995 18805 19265 1237
36991 2 43055 44503
36992 2 39042 11078
36993 2 19182 23594
36994 1 36904
36995 1 7771
36996 0
36997 1 9084
36998 3 25025 45477 42371
36999 2 36647 9767
37000 2 36928 12000
37001 1 16808
37002 2 33553 12123
37003 0
37004 7 16601 12234 10570 12693 37542 8256 13994
37005 5 36844 353 24098 28842 34337
37006 1 43281
37007 1 21226
37008 1 41140
37009 1 8292
37010 3 39688 13803 41063
37011 0
37012 1 24859
37013 0
37014 0
37015 4 17702 48001 38053 32656
37016 2 45607 7816
37017 3 1086 3901 1821
37018 2 20816 42146
37019 5 32889 49790 23032 23611 47223
37020 2 13826 25958
37021 3 25780 28549 31594
37022 3 39411 5016 16301
37023 4 30403 27217 31375 19147
37024 4 4099 40604 25307 3803
37025 0
37026 2 26665 13954
37027 4 9975 25957 16473 43505
37028 1 31354
37029 5 2180 422 19784 10775 40920
37030 3 40183 20915 44447
37031 3 7837 16142 30999
37032 2 42427 5246
37033 0
37034 3 6202 23400 43055
37035 3 7476 2601 11065
37036 1 37016
37037 4 45300 44352 41739 30142
37038 2 21937 2364
37039 1 45398
37040 0
37041 1 18093
37042 0
37043 2 33718 14398
37044 3 29668 17564 24913
37045 1 15651
37046 2 36343 12748
37047 0
37048 1 46295
37049 1 29631
37050 3 32526 32398 41466
37051 4 29732 34068 28183 12991
37052 2 19211 13879
37053 2 31475 39927
37054 3 24195 37775 24229
37055 4 40491 46900 27126 48187
37056 1 32481
37057 2 19475 831
37058 2 27439 43136
37059 1 43046
37060 2 43745 43280
37061 5 29289 35717 30151 40025 29181
37062 3 41280 38096 45214
37063 2 39576 14929
37064 4 15344 11243 21616 30408
37065 3 38243 11588 30203
37066 0
37067 3 25647 11873 3918
37068 3 12574 19377 36826
37069 3 14988 29553 19828
37070 3 4499 38345 19579
37071 1 42334
37072 2 7981 49400
37073 0
37074 3 22838 30619 44368
37075 1 34349
37076 5 14315 2468 19805 748 3879
37077 1 12542
37078 1 16251
37079 3 17868 13356 18589
37080 1 9193
37081 4 12 15662 17239 42165
37082 1 22507
37083 4 34651 46059 7289 28768
37084 0
37085 1 38498
37086 1 42160
37087 4 36691 23227 38609 31903
37088 1 7178
37089 1 16131
37090 0
37091 3 42140 7539 26282
37092 0
37093 3 612 16716 31193
37094 1 45566
37095 2 33233 26883
37096 2 28746 11690
37097 1 14942
37098 2 14151 13070
37099 2 41017 10634
37100 3 21802 5246 31877
37101 1 95
37102 3 17263 14493 34305
37103 2 27583 2867
37104 3 10517 31733 2275
37105 1 13412
37106 4 22316 23295 10586 1089
37107 1 22077
37108 1 31926
37109 1 22895
37110 3 46013 49267 43158
37111 1 42083
37112 1 34601
37113 4 30588 16213 19885 33795
37114 2 33285 41542
37115 2 715 21596
37116 0
37117 1 40494
37118 1 39034
37119 2 6826 31279
37120 2 6400 26569
37121 1 43334
37122 1 39665
37123 1 46349
37124 4 42819 3585 43457 12168
37125 4 16994 36971 25370 44738
37126 3 37259 36468 12626
37127 4 9369 10330 47881 48015
37128 2 23593 10326
37129 1 12600
37130 0
37131 2 2569 26381
37132 4 18019 17604 12314 30681
37133 0
37134 1 15920
37135 7 21079 42958 6148 6462 33483 33887 46118
37136 0
37137 4 39635 40985 2860 14308
37138 2 17728 8860
37139 0
37140 0
37141 1 5442
37142 2 11180 1284
37143 0
37144 2 29773 49017
37145 0
37146 3 32051 12558 47481
37147 3 17068 46991 7320
37148 2 34919 27028
37149 3 42869 39203 15919
37150 5 11722 45800 22074 83 7069
37151 2 40364 21894
37152 3 23331 40155 34689
37153 5 46693 1917 35709 42952 44700
37154 3 46144 15264 39562
37155 1 16111
37156 1 48784
37157 0
37158 3 11987 1356 26881
37159 1 43721
37160 1 9116
37161 1 31663
37162 3 34232 24887 17159
37163 4 14021 49890 6639 11006
37164 4 18026 38507 44231 40945
37165 1 2542
37166 3 39511 31104 27594
37167 0
37168 1 3653
37169 2 11935 22147
37170 1 21042
37171 1 45631
37172 1 49776
37173 1 40078
37174 1 48908
37175 4 33056 1440 36636 1433
37176 0
37177 3 2934 24462 6693
37178 3 815 450 30691
37179 6 10850 11891 24728 47077 11234 15814
37180 2 3518 48889
37181 4 32824 41312 30837 20201
37182 1 11396
37183 1 18829
37184 4 29863 48922 40268 27969
37185 0
37186 4 11070 19874 46543 11081
37187 2 19847 16303
37188 0
37189 4 43537 39526 25503 9580
37190 2 35709 7523
37191 0
37192 2 2334 41959
37193 6 21820 27160 8924 139 6995 36405
37194 2 35491 47713
37195 2 14923 15733
37196 2 20176 49068
37197 1 36583
37198 3 30544 36023 13992
37199 2 1435 4661
37200 2 12655 20685
37201 3 13682 2718 11461
37202 5 4902 39031 32511 49499 24717
37203 0
37204 3 39361 5290 32006
37205 5 2892 49690 879 12059 3530
37206 0
37207 0
37208 1 16950
37209 1 38293
37210 4 2354 45162 13580 45499
37211 2 32099 6733
37212 1 23897
37213 1 48548
37214 0
37215 3 5402 6088 45342
37216 2 8803 3543
37217 3 33342 9711 46870
37218 3 16048 4339 30113
37219 1 37216
37220 2 28043 15752
37221 0
37222 0
37223 1 43484
37224 3 41354 10756 18831
37225 1 16038
37226 4 10825 4991 15842 4626
37227 2 24143 20952
37228 1 1684
37229 2 3602 22271
37230 3 23533 23173 16148
37231 1 46689
37232 2 30017 17873
37233 2 22313 19140
37234 1 17127
37235 1 45402
37236 3 16812 16130 2532
37237 1 44674
37238 3 45461 22782 39366
37239 1 11987
37240 1 45254
37241 2 22132 7477
37242 2 38316 17768
37243 1 27098
37244 4 21962 35349 9909 11116
37245 1 3075
37246 3 5476 44813 48709
37247 3 31876 39569 48909
37248 4 10022 32363 26170 7117
37249 2 45399 33268
37250 1 33167
37251 2 32479 30393
37252 4 39153 30474 35226 24747
37253 3 35816 16357 42926
37254 1 23510
37255 1 15230
37256 3 37911 2095 42967
37257 4 33564 28266 19324 19688
37258 0
37259 1 47293
37260 1 26967
37261 1 37493
37262 1 14127
37263 2 8883 3027
37264 5 35780 34556 4515 3834 36237
37265 5 2742 25764 19816 19094 35324
37266 3 18704 49648 14184
37267 5 14862 44268 2213 46376 28447
37268 0
37269 2 41970 3769
37270 0
37271 0
37272 5 25576 40690 34416 32222 36218
37273 1 3992
37274 3 9602 29212 46588
37275 3 41366 17762 10872
37276 1 8342
37277 2 7613 28559
37278 1 1977
37279 1 21002
37280 3 29586 32535 11491
37281 0
37282 3 11380 19014 17610
37283 2 8650 17332
37284 0
37285 1 22284
37286 0
37287 4 48494 8714 49149 35419
37288 3 31521 35769 31396
37289 2 3419 24250
37290 0
37291 1 20726
37292 4 13740 30135 21256 32698
37293 1 3693
37294 2 22761 28899
37295 1 48533
37296 1 38363
37297 1 3769
37298 0
37299 1 21209
37300 1 23265
37301 0
37302 3 13096 38012 14417
37303 1 6859
37304 2 33453 27458
37305 0
37306 3 43529 5252 37827
37307 1 41980
37308 5 25207 42775 2877 29718 27271
37309 4 17168 48568 43834 45137
37310 0
37311 1 20724
37312 1 18449
37313 6 33571 43365 8897 42802 33749 12243
37314 4 6368 23917 10755 41528
37315 2 46574 29395
37316 0
37317 1 12687
37318 6 23978 20930 17623 9622 31196 18428
37319 0
37320 1 23633
37321 1 399
37322 1 5188
37323 0
37324 3 27286 17722 39792
37325 1 48771
37326 3 13178 6674 6041
37327 1 36216
37328 4 16097 46765 22313 43548
37329 2 48827 36146
37330 1 5941
37331 2 47852 3396
37332 4 46704 3310 23083 38093
37333 3 4339 6566 24994
37334 1 13574
37335 1 10731
37336 1 38584
37337 2 2625 30231
37338 5 35698 8842 24384 48574 44626
37339 3 45609 19558 18203
37340 3 40923 20087 21487
37341 3 9275 8260 27273
37342 3 43008 48996 33709
37343 1 11110
37344 4 1387 6072 44577 45355
37345 1 27571
37346 4 37205 15008 17579 43114
37347 2 10108 26619
37348 0
37349 2 41525 14367
37350 1 35072
37351 1 3357
37352 2 14100 9520
37353 1 31278
37354 1 14392
37355 4 33683 4855 18841 6686
37356 1 26483
37357 4 2647 22986 15954 33103
37358 0
37359 3 32432 39166 33530
37360 1 21058
37361 4 5010 23177 3570 27615
37362 2 4131 30300
37363 2 19641 44463
37364 4 7005 15559 36890 32488
37365 3 35781 7104 42145
37366 0
37367 2 34868 1937
37368 1 45689
37369 2 29245 21690
37370 4 49603 7770 12239 29664
37371 1 37426
37372 0
37373 2 16772 46243
37374 0
37375 1 15222
37376 3 44052 8464 40958
37377 5 48000 49724 45922 36973 36809
37378 1 16683
37379 1 44523
37380 2 20059 29749
37381 2 8526 45190
37382 3 29635 44042 13167
37383 2 23204 35148
37384 1 23933
37385 2 9614 36112
37386 3 19375 23392 16773
37387 2 35143 33849
37388 1 28750
37389 1 49550
37390 1 20973
37391 1 48821
37392 3 5515 2206 4950
37393 2 33333 21439
37394 3 44300 3521 35159
37395 0
37396 1 17333
37397 2 34986 44700
37398 1 23561
37399 4 37300 47688 10615 6721
37400 3 7189 9869 16843
37401 1 38445
37402 4 15424 17567 47770 39679
37403 1 47590
37404 2 12999 15905
37405 3 32377 11197 28971
37406 3 33843 2982 13135
37407 0
37408 1 27145
37409 4 14600 38856 43488 22062
37410 3 42164 7473 39773
37411 1 25671
37412 1 24349
37413 0
37414 2 20878 41727
37415 2 30888 43211
37416 0
37417 0
37418 1 48430
37419 2 24350 10640
37420 5 6216 34609 6592 14522 32055
37421 4 19868 28988 45952 18262
37422 6 33854 35736 48727 7605 49679 1252
37423 5 22263 23164 22286 40542 47527
37424 3 31253 47330 39361
37425 2 18014 13113
37426 3 23920 37537 17062
37427 3 31085 2616 11165
37428 0
37429 2 20016 5206
37430 2 40194 27310
37431 5 42912 6648 48216 34593 32446
37432 4 35406 39436 31139 31880
37433 1 4644
37434 2 43887 44377
37435 1 29482
37436 0
37437 2 46688 32607
37438 1 18876
37439 1 23697
37440 4 43575 1472 46831 8396
37441 2 22938 32670
37442 1 9498
37443 4 29705 787 43874 28998
37444 2 38271 5273
37445 2 11675 262
37446 3 5530 25334 32913
37447 3 22953 34293 32688
37448 1 15484
37449 1 23186
37450 4 32737 9289 15261 45049
37451 0
37452 3 23211 5367 28622
37453 0
37454 2 5501 551
37455 1 6446
37456 1 940
37457 2 40820 48289
37458 1 22611
37459 1 44561
37460 2 15569 11989
37461 3 41688 46887 42071
37462 3 6663 7554 23376
37463 0
37464 1 21464
37465 1 43678
37466 3 6238 12839 25716
37467 1 46186
37468 0
37469 2 2103 36649
37470 6 24705 40043 17595 13452 11922 41830
37471 0
37472 2 28998 10244
37473 1 34953
37474 3 38164 22912 3610
37475 3 48331 32405 2327
37476 4 20874 5430 22776 13416
37477 2 22905 31030
37478 3 33194 19174 7077
37479 2 27981 11583
37480 5 16863 46223 35955 36322 19720
37481 1 8133
37482 1 25244
37483 2 8664 40567
37484 1 23332
37485 1 20987
37486 4 28173 6458 21770 29697
37487 1 14938
37488 4 32912 45831 20106 39954
37489 3 25277 43809 26702
37490 2 32516 35763
37491 3 2130 21596 26217
37492 2 48696 42307
37493 0
37494 2 45615 6486
37495 0
37496 3 15869 16259 31780
37497 1 1728
37498 1 24800
37499 1 41311
37500 1 31700
37501 0
37502 2 33106 45398
37503 4 28690 5403 29344 40692
37504 3 28229 9421 45461
37505 1 36961
37506 1 35065
37507 0
37508 2 39638 32809
37509 2 32836 47375
37510 3 11165 5603 18815
37511 4 26099 26371 18554 5240
37512 2 18717 16691
37513 0
37514 1 21306
37515 2 49366 11134
37516 1 28354
37517 5 424 15185 12913 20507 25117
37518 1 46108
37519 0
37520 0
37521 2 49711 7472
37522 1 14071
37523 3 45421 18679 28196
37524 2 1496 35671
37525 1 286
37526 2 31133 42230
37527 1 35864
37528 0
37529 1 25455
37530 2 29683 23954
37531 0
37532 1 32217
37533 4 43003 9988 20090 16262
37534 2 23572 22714
37535 1 35958
37536 2 43312 6710
37537 1 36568
37538 3 31647 9429 44636
37539 1 46924
37540 2 26773 24541
37541 0
37542 1 5104
37543 1 25918
37544 2 13621 19846
37545 1 13028
37546 4 10442 20831 3621 19976
37547 1 43814
37548 5 33132 47693 9669 18213 46357
37549 1 6546
37550 2 47194 10653
37551 3 11917 10264 43473
37552 0
37553 4 47381 33527 31784 34122
37554 3 40223 43186 36600
37555 6 15093 35836 40088 17213 9902 14794
37556 0
37557 2 29046 44590
37558 1 45468
37559 4 20585 5427 41698 35903
37560 3 13408 18202 22228
37561 2 23267 39845
37562 4 39949 19601 16901 25521
37563 2 29168 30856
37564 2 47224 33618
37565 4 49688 38155 8372 2684
37566 1 21527
37567 2 32969 21905
37568 1 42092
37569 1 38490
37570 1 46553
37571 4 27874 39420 36320 7555
37572 2 1187 28128
37573 1 45939
37574 1 16042
37575 2 35411 21572
37576 0
37577 2 40501 28869
37578 2 27772 40225
37579 1 7444
37580 2 15267 49926
37581 2 22863 17683
37582 2 40713 41039
37583 3 40312 20677 23532
37584 5 41352 36986 37965 12487 47005
37585 0
37586 5 14567 24386 42096 8082 10344
37587 7 8660 10018 49800 5224 30556 42278 35135
37588 4 17687 24052 10997 6830
37589 3 37033 46233 29529
37590 1 22499
37591 2 12272 7461
37592 3 48904 19591 24223
37593 2 41108 15527
37594 1 43647
37595 1 33107
37596 4 32987 28978 23008 49624
37597 3 8463 28980 15338
37598 5 19075 14017 40670 11230 30124
37599 2 661 34514
37600 1 30150
37601 2 30767 23564
37602 0
37603 3 7208 21692 45736
37604 2 27729 40093
37605 1 24304
37606 7 41221 27752 22178 45923 38825 30821 48927
37607 1 7133
37608 4 35036 34972 6685 29991
37609 2 33615 30359
37610 2 2158 21772
37611 1 33658
37612 3 47830 27376 46812
37613 3 16061 44708 39034
37614 4 5448 29122 31520 19063
37615 6 29363 27992 34453 41529 20596 36368
37616 2 22034 16110
37617 1 37024
37618 0
37619 1 38949
37620 3 7542 4101 38661
37621 2 46544 2141
37622 1 15286
37623 0
37624 3 15525 27965 19328
37625 3 46540 24494 8351
37626 4 20481 268 49713 15167
37627 1 36156
37628 0
37629 3 2443 15765 7125
37630 1 40231
37631 0
37632 1 36447
37633 1 27551
37634 1 12574
37635 2 16729 14263
37636 0
37637 0
37638 2 10605 44372
37639 2 38869 7692
37640 2 5403 15778
37641 3 28266 40827 7766
37642 3 46335 11594 45465
37643 2 22573 11993
37644 3 15486 11252 49513
37645 3 45321 18497 12820
37646 1 3412
37647 2 164 36278
37648 4 15571 30151 43193 20851
37649 4 35255 2386 12684 944
37650 0
37651 1 18248
37652 4 25188 11891 34461 23467
37653 4 9636 34915 44166 27121
37654 1 13214
37655 1 27660
37656 1 49258
37657 0
37658 2 7390 34583
37659 3 45762 13645 27831
37660 2 22740 47730
37661 1 26905
37662 0
37663 1 5176
37664 3 34878 28781 39059
37665 3 39199 1280 34009
37666 1 41399
37667 2 25740 23263
37668 1 20569
37669 1 11821
37670 1 18307
37671 0
37672 2 20485 1269
37673 1 44178
37674 1 20697
37675 3 28911 24314 41893
37676 2 11254 49779
37677 3 47501 14032 49652
37678 1 28334
37679 2 41898 47123
37680 1 10625
37681 4 20408 43892 7514 9287
37682 1 12225
37683 0
37684 3 14590 9517 33140
37685 3 13865 24215 24244
37686 2 12935 39225
37687 3 9114 11829 17985
37688 1 30139
37689 3 16167 24936 21935
37690 3 39718 39042 47179
37691 2 2650 10103
37692 1 35457
37693 1 26529
37694 2 47275 34186
37695 2 25063 21341
37696 0
37697 2 49013 3424
37698 1 17407
37699 1 453
37700 4 2995 30925 41851 1590
37701 1 29941
37702 1 46222
37703 1 8891
37704 3 29289 20146 22699
37705 1 8650
37706 1 39847
37707 1 36664
37708 2 49941 31817
37709 0
37710 1 8632
37711 1 12952
37712 1 36973
37713 0
37714 6 17040 24394 48037 49756 19489 39016
37715 2 12413 1969
37716 3 39657 15406 21644
37717 0
37718 5 7702 29509 42818 19140 7604
37719 0
37720 1 45342
37721 3 7259 41894 40763
37722 1 16928
37723 3 25501 26291 43461
37724 2 33332 48113
37725 7 17585 8899 43811 13721 49769 22937 38488
37726 0
37727 5 41735 25378 18976 26794 37506
37728 4 45889 48422 32735 16695
37729 1 44224
37730 3 37611 2049 23460
37731 2 30918 4836
37732 3 12688 46010 33198
37733 2 3298 47088
37734 2 37357 9627
37735 1 13890
37736 3 10726 16971 6604
37737 2 29839 32967
37738 0
37739 1 30633
37740 1 23630
37741 1 31566
37742 2 26241 22445
37743 1 28327
37744 2 1965 36558
37745 1 38137
37746 1 32059
37747 2 39513 49164
37748 3 564 2585 34138
37749 0
37750 1 23839
37751 4 22446 25782 43915 36036
37752 2 12236 8319
37753 2 3534 46542
37754 2 4584 45120
37755 1 19532
37756 0
37757 4 9875 11837 41391 17728
37758 2 17465 22430
37759 3 8114 3229 567
37760 1 12271
37761 3 27051 21730 7996
37762 2 28554 37059
37763 2 35901 43782
37764 2 31240 6268
37765 1 41865
37766 0
37767 0
37768 2 16998 7332
37769 2 23386 40230
37770 3 46883 44143 20883
37771 1 40629
37772 1 27762
37773 0
37774 0
37775 0
37776 3 37138 21203 4138
37777 2 19031 24424
37778 1 49395
37779 1 46564
37780 1 12023
37781 1 18811
37782 0
37783 1 10768
37784 1 33298
37785 0
37786 1 32640
37787 1 24813
37788 5 10935 49516 31460 4610 16496
37789 1 27228
37790 4 6416 29046 19671 6281
37791 2 36890 6716
37792 3 47200 8632 36900
37793 1 14407
37794 3 14914 12397 4150
37795 4 49192 27630 18718 20935
37796 2 15004 18142
37797 3 16571 48301 14108
37798 1 5550
37799 0
37800 5 47232 40513 47936 47460 25203
37801 3 3148 19197 40413
37802 4 12206 3924 43316 40868
37803 2 24132 31048
37804 1 22290
37805 1 37504
37806 1 10666
37807 1 15311
37808 3 21702 48691 5356
37809 4 4093 19148 42124 12680
37810 1 16885
37811 3 47216 35656 1549
37812 1 7595
37813 1 3806
37814 1 27011
37815 4 27062 24262 47285 29744
37816 2 10796 20449
37817 1 4491
37818 2 43553 14948
37819 0
37820 1 32952
37821 2 21669 170
37822 4 19173 8107 1009 19732
37823 5 13407 9372 36169 13058 12076
37824 1 31170
37825 2 9294 44775
37826 2 33961 12080
37827 1 26145
37828 0
37829 2 22069 34962
37830 3 42918 16749 41121
37831 1 16970
37832 1 24435
37833 2 25586 30851
37834 2 33985 34663
37835 0
37836 1 1216
37837 1 30942
37838 1 4419
37839 3 5848 16750 12096
37840 0
37841 2 39646 39905
37842 3 398 49185 6433
37843 3 16922 23561 3970
37844 1 7226
37845 0
37846 0
37847 2 44972 42226
37848 3 27802 7507 6747
37849 3 19862 13495 15295
37850 2 32883 43019
37851 0
37852 1 44117
37853 2 4346 10284
37854 5 3565 2641 36906 44137 45682
37855 1 14373
37856 2 45338 39186
37857 1 32820
37858 0
37859 2 13820 49164
37860 3 584 39757 3510
37861 1 41185
37862 0
37863 2 48398 30756
37864 3 1399 23017 44594
37865 5 17910 4343 38032 41523 41646
37866 5 28439 15242 20498 43985 34540
37867 3 45545 3862 34116
37868 3 43414 41925 33719
37869 2 38278 6562
37870 0
37871 2 226 49206
37872 3 44110 40437 23574
37873 5 14587 39550 40686 8295 14391
37874 1 21381
37875 0
37876 1 494
37877 2 41923 16546
37878 2 15012 19757
37879 4 24148 34638 11194 23741
37880 0
37881 1 22676
37882 0
37883 3 33864 22360 9285
37884 5 29740 38819 36183 11891 6097
37885 2 29576 8851
37886 2 39486 3151
37887 0
37888 3 23535 39030 4942
37889 2 8258 35773
37890 1 14239
37891 0
37892 3 36997 40038 13782
37893 2 45686 15347
37894 0
37895 2 5720 35244
37896 2 9437 36373
37897 2 43731 5549
37898 0
37899 0
37900 2 3563 10326
37901 2 14454 18493
37902 4 22218 17024 41771 15128
37903 0
37904 2 28333 45091
37905 1 9995
37906 1 13765
37907 2 15785 42890
37908 3 48777 14304 7445
37909 3 19958 37516 13524
37910 6 42056 44983 3976 20473 47060 44471
37911 2 40493 46858
37912 0
37913 2 19290 10916
37914 1 3535
37915 1 33349
37916 1 29729
37917 4 38043 8479 45648 34352
37918 0
37919 4 10197 36585 10597 53
37920 3 13582 19591 18368
37921 1 3745
37922 3 9794 1166 30398
37923 0
37924 0
37925 1 37020
37926 0
37927 0
37928 0
37929 1 12982
37930 6 31353 21282 48618 42175 49184 8449
37931 2 418 41253
37932 1 3766
37933 2 47831 42042
37934 5 19163 36388 21153 36461 21337
37935 2 34866 40422
37936 4 9707 18414 38405 1069
37937 1 10875
37938 1 30667
37939 2 40284 10451
37940 2 49600 41643
37941 5 17289 29818 15402 22231 24636
37942 4 13905 39144 6062 38905
37943 2 24887 34071
37944 3 31356 29714 4225
37945 2 6594 23632
37946 4 28884 6533 15178 43083
37947 3 27920 21827 27862
37948 4 42813 36895 24618 40673
37949 0
37950 6 11226 305 48025 45001 29623 17370
37951 3 38046 380 20780
37952 2 10211 13034
37953 3 25396 13770 46236
37954 1 21883
37955 4 41083 8367 25719 27512
37956 5 20762 28095 35660 43013 34118
37957 2 17523 49795
37958 1 9697
37959 3 854 5784 48450
37960 1 13380
37961 1 6697
37962 3 49884 2871 36167
37963 4 8192 12028 41827 46354
37964 3 22934 11859 26572
37965 2 39681 18441
37966 1 8882
37967 3 22178 13595 3958
37968 2 8195 16213
37969 3 14964 43983 45007
37970 1 6073
37971 2 26692 33674
37972 0
37973 2 18347 34194
37974 2 17871 49512
37975 2 22224 46855
37976 1 45847
37977 2 3532 35605
37978 2 11152 49046
37979 2 15503 36886
37980 3 3767 44426 39855
37981 7 28154 34375 19422 7063 15706 46738 27851
37982 4 38976 24530 19657 22722
37983 2 8424 35097
37984 5 24411 35 8777 46518 426
37985 1 36807
37986 8 45212 37717 43717 10536 7510 14419 9666 39156
37987 1 48931
37988 0
37989 2 43358 45118
37990 3 20466 29048 15128
37991 5 43728 14912 26546 32358 20398
37992 2 30069 31991
37993 4 44491 39367 29201 43111
37994 0
37995 3 10352 39440 15155
37996 1 30792
37997 2 44242 37733
37998 1 40978
37999 3 44331 33592 38778
38000 4 4300 1773 359 3239
38001 4 38663 1120 4789 36827
38002 0
38003 2 12909 21941
38004 0
38005 1 5785
38006 3 8438 21832 17002
38007 5 28303 24682 3858 36015 49986
38008 1 9184
38009 2 9788 46442
38010 2 34274 30240
38011 0
38012 6 34863 11511 42120 44944 30646 26908
38013 1 17135
38014 1 29098
38015 4 10874 39048 35897 34188
38016 3 22086 776 10548
38017 2 48607 33025
38018 2 11759 26272
38019 2 9139 10490
38020 2 12838 30086
38021 3 5332 31634 48617
38022 5 23942 43236 21975 43280 1885
38023 2 3439 25037
38024 2 22117 25406
38025 4 37639 30006 36901 40645
38026 1 11593
38027 1 30146
38028 0
38029 2 5144 46159
38030 2 19909 28133
38031 1 39561
38032 2 12138 31141
38033 5 25572 32614 49121 1132 9487
38034 1 16555
38035 3 29977 31529 30863
38036 2 6045 46673
38037 2 7306 11900
38038 1 16655
38039 6 48600 18647 35085 46687 39891 23960
38040 0
38041 0
38042 3 20617 42386 49643
38043 1 1672
38044 3 9159 34143 14442
38045 0
38046 4 47357 11656 24038 42748
38047 3 42754 37735 42231
38048 6 28570 49668 49942 24553 32243 16043
38049 0
38050 2 44230 11800
38051 3 46858 3336 45547
38052 2 260 10987
38053 2 35214 22148
38054 0
38055 1 12712
38056 0
38057 2 14809 27213
38058 2 13079 23099
38059 3 41855 32699 13865
38060 4 11320 27981 16747 9563
38061 2 35469 11637
38062 5 3424 42090 46084 26764 36915
38063 1 20677
38064 2 3614 15292
38065 3 122 10478 23064
38066 1 23124
38067 1 6497
38068 1 5153
38069 0
38070 2 46611 24101
38071 2 17546 9789
38072 2 14915 35053
38073 4 29158 46982 46046 47162
38074 2 21824 44016
38075 2 5574 36590
38076 2 9323 35202
38077 3 47379 36886 33669
38078 1 35690
38079 0
38080 1 31462
38081 6 6658 29956 25117 34660 30100 39350
38082 1 32358
38083 3 44892 15306 10810
38084 5 14063 34074 14490 30484 28504
38085 0
38086 0
38087 3 19584 27908 13975
38088 5 46311 23637 16959 17780 46474
38089 2 13519 2301
38090 1 14495
38091 2 43297 155
38092 3 42557 30094 34795
38093 1 48997
38094 3 35453 10266 26940
38095 3 38890 44681 10478
38096 3 11195 30746 8842
38097 0
38098 1 36264
38099 3 22674 1443 15744
38100 3 15566 30136 1309
38101 1 42966
38102 2 12047 2860
38103 1 36136
38104 3 23439 14337 32113
38105 1 31210
38106 3 11251 43711 46499
38107 1 45314
38108 3 41406 26921 28881
38109 3 1621 4653 20092
38110 1 21118
38111 1 23727
38112 2 26463 8844
38113 1 30359
38114 0
38115 2 39343 34155
38116 0
38117 3 34883 17917 21752
38118 1 20002
38119 5 21754 49712 38405 18998 35974
38120 2 25989 30907
38121 3 17189 7522 33702
38122 0
38123 3 45782 39617 37395
38124 1 39470
38125 2 33842 40942
38126 2 17931 30298
38127 0
38128 1 33708
38129 1 28063
38130 3 13654 17891 39679
38131 3 49075 42946 45380
38132 1 16173
38133 4 24062 10817 17993 23084
38134 1 35055
38135 2 11106 20322
38136 2 46557 28390
38137 2 34057 776
38138 4 32326 204 37687 29445
38139 3 24463 28461 33314
38140 1 9553
38141 2 15162 19422
38142 0
38143 2 21287 17604
38144 4 25086 5599 22497 41817
38145 3 11548 26075 2270
38146 1 37214
38147 1 32267
38148 1 35056
38149 4 43584 23647 6657 34602
38150 2 2403 24250
38151 2 18376 25232
38152 0
38153 1 40940
38154 2 9588 24933
38155 1 42663
38156 4 18078 2974 40555 45555
38157 2 47486 27023
38158 3 28932 22070 25831
38159 6 21765 48630 12495 43162 46381 12715
38160 1 10978
38161 2 40911 23044
38162 0
38163 7 24903 15102 31125 15436 27931 7934 48012
38164 2 49999 44822
38165 2 49181 39896
38166 2 6115 35884
38167 1 24569
38168 0
38169 4 32940 2420 13256 46261
38170 1 39052
38171 3 18994 33179 28212
38172 2 738 36449
38173 1 41983
38174 1 48597
38175 2 12945 34715
38176 1 5683
38177 1 41832
38178 1 35641
38179 0
38180 1 576
38181 0
38182 1 48658
38183 3 7613 4567 32768
38184 2 21776 17120
38185 1 10631
38186 1 26892
38187 2 11386 39548
38188 1 25263
38189 1 6936
38190 3 39061 47872 737
38191 3 12598 18391 3
38192 3 14712 26319 15299
38193 5 47833 26212 36316 31050 35223
38194 0
38195 1 27412
38196 2 13460 43854
38197 1 31541
38198 5 17177 22382 48907 30433 19157
38199 4 30662 24059 40448 46416
38200 3 564 170 4308
38201 2 41806 13200
38202 2 40936 48653
38203 0
38204 2 27465 5928
38205 7 49940 14334 20656 43797 36246 45746 37292
38206 3 44085 14028 47717
38207 0
38208 2 19766 40745
38209 4 10798 4454 48347 7706
38210 4 49540 47707 13481 980
38211 5 28232 15790 23503 24360 40892
38212 0
38213 1 7105
38214 2 14211 26570
38215 1 10440
38216 1 31517
38217 1 16695
38218 1 1679
38219 2 34324 29608
38220 0
38221 3 29218 30460 25225
38222 2 48113 29834
38223 1 32984
38224 1 42340
38225 2 34470 8754
38226 3 5191 10907 29407
38227 0
38228 2 23055 6531
38229 4 28520 3848 42263 42647
38230 2 41855 4863
38231 2 30888 23902
38232 2 9465 18051
38233 5 22271 42829 22743 24727 23305
38234 4 49303 47356 45847 10965
38235 2 5067 25018
38236 4 13655 227 21169 38868
38237 3 28402 36131 32810
38238 0
38239 5 13615 34565 4272 42020 47151
38240 4 43513 24626 15632 9588
38241 3 11973 47864 35000
38242 3 11701 16675 1609
38243 3 34505 29947 9848
38244 3 5018 24720 42885
38245 2 18353 4704
38246 2 22321 49611
38247 3 24444 15963 35905
38248 2 46298 3265
38249 2 39338 6726
38250 1 16672
38251 3 49637 33517 12703
38252 3 21164 40336 32862
38253 2 35701 17664
38254 1 21782
38255 0
38256 3 46604 15318 41860
38257 3 42328 21410 16552
38258 0
38259 0
38260 1 39228
38261 0
38262 1 34081
38263 5 40510 14473 22173 624 29083
38264 3 26513 22043 25851
38265 4 6100 13806 25705 21027
38266 3 1891 25308 34538
38267 1 789
38268 1 30942
38269 2 11112 3799
38270 0
38271 4 15670 25759 11207 4582
38272 3 18798 3115 27078
38273 2 22554 37445
38274 4 16285 14381 39775 33714
38275 2 22317 11077
38276 2 25945 14178
38277 1 38687
38278 3 25840 37041 10609
38279 4 47092 37074 16075 16173
38280 2 33267 44473
38281 2 33229 394
38282 1 21206
38283 1 29163
38284 1 44825
38285 2 21179 20348
38286 2 7576 17906
38287 2 11178 749
38288 0
38289 2 39828 7718
38290 4 36950 13409 1731 17239
38291 2 35600 33113
38292 3 29772 46811 18048
38293 4 15128 16106 46235 11849
38294 2 6261 2243
38295 4 5126 36592 47628 463
38296 0
38297 3 36848 21699 30367
38298 2 16642 18899
38299 0
38300 2 19342 15932
38301 0
38302 2 9444 796
38303 2 43960 5582
38304 1 15828
38305 1 40638
38306 4 691 6153 48495 2916
38307 2 46411 30192
38308 0
38309 0
38310 4 45627 33206 22743 43739
38311 1 25959
38312 6 6813 2384 20689 22578 48047 22952
38313 0
38314 5 16126 42377 12444 40205 15864
38315 1 15591
38316 3 599 4318 5972
38317 0
38318 1 32724
38319 1 23997
38320 5 26825 44853 6662 36854 36860
38321 4 36918 3942 27872 12246
38322 4 9166 35442 9184 49390
38323 2 37530 6306
38324 0
38325 5 22731 16074 46850 45184 26872
38326 2 42397 19139
38327 1 16633
38328 3 45303 15545 890
38329 3 30335 41386 17234
38330 2 16555 27193
38331 3 23880 40452 22307
38332 0
38333 6 39384 16173 13269 15166 21127 34000
38334 4 17171 43154 37030 6664
38335 2 39581 22815
38336 1 28096
38337 4 24951 34135 39413 18945
38338 1 11829
38339 0
38340 4 34128 13567 35694 21688
38341 4 21580 12504 20255 24446
38342 1 30377
38343 7 16864 7645 27667 1908 23739 28870 17467
38344 2 34572 9431
38345 2 33547 34631
38346 0
38347 3 16052 13757 35636
38348 1 17412
38349 2 18793 10167
38350 2 27963 45350
38351 2 5805 37826
38352 1 4716
38353 3 3320 1777 32307
38354 1 32979
38355 6 20281 18582 4344 17101 11591 45910
38356 4 5925 40308 40421 26878
38357 1 14271
38358 1 40456
38359 3 2759 48827 5454
38360 5 33760 4141 12428 35011 9033
38361 1 38949
38362 2 17172 20159
38363 2 47697 46900
38364 1 29054
38365 5 24812 37052 22259 7832 26539
38366 4 35900 44918 45617 15360
38367 3 18250 22138 3892
38368 2 27001 24895
38369 1 40382
38370 4 16417 45236 12743 20692
38371 2 6794 808
38372 6 13845 4209 9092 36584 12267 13004
38373 1 18519
38374 3 23224 44491 43244
38375 2 29449 8491
38376 0
38377 2 4324 546
38378 4 7120 4338 5452 14135
38379 4 10303 41595 8969 48100
38380 0
38381 4 6277 28008 269 30604
38382 0
38383 4 20788 34563 8687 5326
38384 2 10347 28109
38385 1 45771
38386 1 15090
38387 3 3649 22553 24436
38388 2 5898 30907
38389 2 24601 12721
38390 1 34304
38391 2 42616 31406
38392 0
38393 3 4389 45923 20466
38394 1 30984
38395 3 1296 43684 26608
38396 1 17688
38397 3 22694 48734 3183
38398 0
38399 2 8993 21945
38400 3 12930 44071 22225
38401 1 1404
38402 1 9552
38403 1 23155
38404 0
38405 5 10963 5123 16539 25102 3449
38406 1 12972
38407 0
38408 2 39028 3637
38409 1 48827
38410 2 44300 25965
38411 4 11371 10490 38475 23631
38412 2 23092 20734
38413 3 32307 42933 47774
38414 4 23053 7600 21543 33847
38415 0
38416 1 23109
38417 4 29480 3439 8240 17828
38418 1 45774
38419 3 877 6815 47942
38420 2 34846 45524
38421 4 43416 39556 9700 32520
38422 2 17626 1817
38423 2 34150 39162
38424 0
38425 2 35659 8926
38426 1 24031
38427 3 26167 34922 18805
38428 3 5893 26457 40723
38429 5 39691 13347 10020 33343 18909
38430 2 35167 25515
38431 0
38432 3 13951 21634 12752
38433 2 45962 20534
38434 3 35039 28900 39210
38435 1 18706
38436 1 11345
38437 3 46210 12191 44882
38438 4 37258 43955 3378 35704
38439 3 351 30492 19628
38440 2 28589 25511
38441 1 724
38442 2 31628 5990
38443 4 2966 1701 11040 30026
38444 2 23389 25085
38445 3 34493 5078 29915
38446 3 1423 39604 37352
38447 1 43961
38448 2 12789 5171
38449 1 25308
38450 2 19638 385
38451 2 49902 34086
38452 1 41249
38453 5 19814 17753 25328 2048 31893
38454 1 49205
38455 3 22446 8104 37894
38456 4 16680 35368 30431 2895
38457 4 24785 35 38604 2820
38458 1 24759
38459 2 29923 19445
38460 2 7430 10261
38461 3 14141 16617 12026
38462 3 18613 26846 15709
38463 1 39555
38464 4 30451 31258 14405 42252
38465 2 36976 5393
38466 2 2881 11588
38467 1 12822
38468 1 9365
38469 3 2113 28038 18024
38470 3 34930 21523 13273
38471 0
38472 1 30370
38473 4 13866 48962 34479 7819
38474 3 47379 34483 33847
38475 2 28377 46775
38476 3 22425 17765 4028
38477 4 8928 32299 46883 10091
38478 4 28081 16323 23097 32758
38479 2 3506 11421
38480 2 47941 16920
38481 1 38160
38482 5 29904 9671 30213 43293 38325
38483 0
38484 3 26140 2606 8427
38485 2 48221 45670
38486 2 39048 4977
38487 0
38488 2 43366 3175
38489 4 39545 48024 26081 27237
38490 2 47447 44644
38491 4 32076 22892 27110 41681
38492 0
38493 0
38494 2 46461 33712
38495 2 39998 27388
38496 2 23546 49427
38497 2 38402 25811
38498 1 103
38499 1 48455
38500 4 7130 43443 44789 43896
38501 4 32799 42375 40345 19090
38502 3 28483 25022 22678
38503 3 32951 30977 30919
38504 1 48788
38505 2 11284 33275
38506 3 28556 5757 5928
38507 1 11512
38508 3 44237 783 23564
38509 4 30362 10477 7301 10264
38510 1 42549
38511 2 9583 8529
38512 2 13482 18300
38513 1 35628
38514 1 39048
38515 3 7862 33023 18608
38516 3 38186 31052 9353
38517 1 48537
38518 4 5598 142 12068 36575
38519 5 1430 46019 34 35695 29025
38520 1 41010
38521 6 7652 25298 49655 30973 28564 10515
38522 2 12432 25168
38523 1 14682
38524 2 44965 12721
38525 3 48061 17165 44772
38526 1 16719
38527 4 34209 49645 41526 15582
38528 3 6261 43292 386
38529 3 4746 3022 40592
38530 1 4632
38531 1 14140
38532 1 11428
38533 1 45677
38534 2 17615 6790
38535 2 10911 23701
38536 0
38537 2 29894 12557
38538 2 12803 49560
38539 3 37674 33499 1788
38540 0
38541 4 3197 10428 47394 48960
38542 1 40742
38543 1 37587
38544 4 15598 42662 2040 1448
38545 3 49081 812 2054
38546 1 2179
38547 3 14796 5075 7821
38548 3 36355 13705 43360
38549 2 7279 35653
38550 7 3944 19744 48282 26304 2891 40798 34298
38551 3 5179 45841 9465
38552 3 26504 25579 39203
38553 2 26665 15148
38554 2 32440 32467
38555 2 5441 16608
38556 2 23509 33396
38557 0
38558 3 29075 24192 452
38559 3 41760 27965 47925
38560 3 30042 34457 29760
38561 2 30139 24900
38562 1 44679
38563 0
38564 1 38366
38565 3 6186 17812 3387
38566 2 38055 43500
38567 1 3172
38568 3 28617 7444 23581
38569 2 4735 40204
38570 2 44433 44464
38571 1 27743
38572 1 25747
38573 4 26595 35676 34054 27739
38574 1 7386
38575 2 30790 18332
38576 1 36415
38577 3 22574 32456 46492
38578 3 36198 33607 37807
38579 3 26160 19768 3427
38580 1 48385
38581 1 34956
38582 3 19140 18581 863
38583 2 10382 6675
38584 2 35061 42762
38585 1 47492
38586 2 32303 16510
38587 1 45450
38588 2 43414 13472
38589 3 48317 45775 41472
38590 2 30941 15324
38591 3 23788 390 4607
38592 1 43779
38593 3 15696 46684 1268
38594 3 9310 9135 38939
38595 1 15605
38596 2 45035 16542
38597 3 5092 17386 38441
38598 3 24736 37924 38635
38599 3 32832 17779 20163
38600 3 46252 5204 20754
38601 4 19476 5744 47209 49834
38602 4 9520 13576 13523 12415
38603 2 20917 38827
38604 6 44798 33294 12736 23953 29681 37786
38605 4 47882 24898 3569 27699
38606 1 20438
38607 1 17727
38608 4 12008 7825 42131 17477
38609 1 14043
38610 0
38611 3 19608 17044 49392
38612 3 5382 6341 19795
38613 0
38614 3 20276 37882 15017
38615 3 22821 8967 33930
38616 2 30961 15989
38617 2 29691 10694
38618 1 42728
38619 0
38620 3 32596 12337 19599
38621 4 16821 39231 32788 24672
38622 2 6095 19226
38623 0
38624 3 2799 16149 43544
38625 2 43885 4904
38626 3 31621 36724 23903
38627 2 22471 4269
38628 2 11321 6562
38629 3 27692 11625 43537
38630 4 34574 17324 1662 27995
38631 2 16114 21399
38632 3 32181 18295 4134
38633 0
38634 1 10439
38635 3 27796 49541 23745
38636 2 27215 5412
38637 2 4973 45585
38638 2 9556 16138
38639 2 16301 1628
38640 1 2844
38641 1 38493
38642 2 14591 24685
38643 4 43563 12063 43887 42481
38644 2 44697 20693
38645 3 17443 32710 15360
38646 3 20248 24941 1153
38647 0
38648 0
38649 3 2770 9448 14998
38650 1 33948
38651 2 3822 21423
38652 4 29858 45656 45731 34677
38653 1 47100
38654 1 45178
38655 2 32517 46273
38656 2 12680 28533
38657 1 40019
38658 4 15058 43237 7797 41893
38659 3 11447 49126 47164
38660 1 46669
38661 2 15489 5165
38662 3 31123 49504 9801
38663 1 23422
38664 5 26064 32433 31953 1012 48943
38665 0
38666 2 47692 40124
38667 1 41364
38668 0
38669 2 35817 39186
38670 1 41358
38671 3 46492 33548 6439
38672 2 26572 19327
38673 2 10975 13318
38674 1 31182
38675 6 30997 45067 40865 18525 38317 30656
38676 3 34172 5401 31415
38677 4 47104 3611 37500 9666
38678 2 37178 28802
38679 1 38534
38680 2 24550 9117
38681 1 45958
38682 3 3829 48851 11142
38683 1 3671
38684 2 23859 9152
38685 2 5151 7986
38686 4 5146 31058 35026 13271
38687 4 35355 47467 12274 46617
38688 2 48247 32266
38689 5 47343 6335 25500 943 40432
38690 1 29513
38691 1 33172
38692 0
38693 1 20963
38694 2 30584 10226
38695 1 30462
38696 2 38783 9368
38697 2 7776 692
38698 2 6443 24491
38699 0
38700 1 31626
38701 2 28896 33723
38702 3 620 29946 10036
38703 1 23014
38704 3 6829 46904 46456
38705 3 6832 19731 9627
38706 1 39636
38707 2 24824 9137
38708 4 46220 40259 14260 6742
38709 3 3167 10236 7755
38710 1 30750
38711 3 26185 2124 20753
38712 2 23789 19986
38713 0
38714 1 48913
38715 1 35068
38716 4 20790 3812 17972 45128
38717 3 6950 22104 26847
38718 2 41409 2182
38719 3 22861 46105 28260
38720 2 8028 45028
38721 2 16461 11544
38722 3 42426 36413 47377
38723 1 30255
38724 3 3628 24315 29639
38725 4 36342 25908 6023 7741
38726 2 43760 48378
38727 0
38728 2 37756 23270
38729 1 11578
38730 2 33337 24219
38731 3 5901 10165 11104
38732 3 3594 18799 12460
38733 1 15024
38734 1 8454
38735 2 16076 37734
38736 5 42909 29562 31893 17016 18564
38737 2 34504 35102
38738 3 19624 32567 7836
38739 4 13469 24799 33070 36975
38740 2 39253 4154
38741 0
38742 3 28166 40679 39123
38743 1 18486
38744 1 16347
38745 4 48986 46056 24266 33429
38746 1 3762
38747 1 15586
38748 2 22854 39826
38749 4 22630 18369 8757 26299
38750 2 26740 24196
38751 3 33473 42935 2050
38752 3 45554 36050 40823
38753 4 35393 49467 47964 42634
38754 3 7415 35983 8909
38755 3 34300 42777 49836
38756 4 11222 38506 798 35992
38757 4 37698 10273 34290 37010
38758 2 7262 8921
38759 2 11902 14213
38760 2 9204 13183
38761 0
38762 3 49702 5312 42532
38763 2 38091 38415
38764 2 5077 784
38765 1 3681
38766 2 34312 42782
38767 2 1104 32976
38768 2 8766 16928
38769 1 1225
38770 2 439 47628
38771 3 27038 41764 25580
38772 1 47316
38773 3 20007 31451 35232
38774 1 16475
38775 2 3235 45252
38776 3 35732 34549 866
38777 3 34515 45278 29213
38778 4 19297 22683 37583 31639
38779 2 794 35596
38780 3 13547 6083 43388
38781 1 47620
38782 5 2063 42106 449 34964 11071
38783 3 5017 12749 49813
38784 5 12351 47817 31712 41389 43948
38785 3 13281 28143 17967
38786 2 23941 40783
38787 4 24371 6331 2151 37651
38788 1 21235
38789 1 21344
38790 1 10194
38791 4 38507 27071 33415 18753
38792 0
38793 3 41868 44573 23818
38794 4 15226 45808 40339 40343
38795 3 30633 46487 47616
38796 0
38797 1 17179
38798 0
38799 1 13313
38800 2 32465 118
38801 0
38802 0
38803 1 4286
38804 2 11119 40805
38805 3 5221 13941 18163
38806 0
38807 3 6332 18126 31077
38808 0
38809 1 31056
38810 2 38343 46266
38811 1 38325
38812 3 579 49311 26495
38813 0
38814 1 14200
38815 2 22784 27896
38816 3 2520 2394 27832
38817 1 41752
38818 4 46607 23027 41689 49986
38819 1 28914
38820 1 45371
38821 1 20411
38822 0
38823 4 41681 42758 3329 6692
38824 2 14365 28041
38825 1 45295
38826 0
38827 4 3091 2905 22639 1823
38828 1 45679
38829 1 28184
38830 0
38831 4 10403 23631 12569 46286
38832 2 25922 5036
38833 0
38834 3 39195 19237 29154
38835 3 6845 4294 48365
38836 2 15382 3239
38837 1 11488
38838 3 36994 47200 4302
38839 2 634 31609
38840 3 2657 12242 42669
38841 6 4125 30662 2004 4250 48334 32075
38842 1 8974
38843 3 28283 20004 42824
38844 1 31184
38845 3 44722 24944 47857
38846 2 17229 9724
38847 1 27158
38848 2 5851 42631
38849 2 25900 7365
38850 3 13136 3613 23570
38851 1 26963
38852 5 19988 35240 21619 46804 27611
38853 0
38854 1 43571
38855 4 3684 18920 21330 6109
38856 8 4336 41410 27904 28354 46983 40081 16780 4226
38857 3 15917 21903 10732
38858 0
38859 2 7642 25575
38860 6 19569 27152 5951 41606 45024 49372
38861 3 12379 40435 4713
38862 3 36086 13569 12974
38863 2 2878 43906
38864 2 34101 28580
38865 2 25 37520
38866 3 24084 28415 3090
38867 1 11010
38868 4 5684 12823 4993 34765
38869 2 19122 46021
38870 1 5865
38871 2 45012 7682
38872 3 36095 7696 15827
38873 3 49476 19453 30342
38874 1 33686
38875 3 48589 34421 14135
38876 1 33709
38877 2 44703 22161
38878 1 9001
38879 2 36974 36226
38880 3 47795 10632 7091
38881 2 18578 21078
38882 5 39539 22256 29059 48750 31439
38883 0
38884 2 5472 2841
38885 1 10459
38886 1 25366
38887 2 11697 2811
38888 1 1940
38889 2 35278 1858
38890 2 19960 31371
38891 3 20335 8013 27865
38892 3 1710 39228 11208
38893 3 20456 45412 7447
38894 1 44505
38895 1 16874
38896 4 32142 38168 6327 47476
38897 1 20659
38898 8 22866 18722 8656 2383 20222 41327 33578 24058
38899 2 27922 49266
38900 2 36137 22310
38901 1 11207
38902 3 18337 17343 5503
38903 1 37671
38904 3 34519 6665 27239
38905 1 20167
38906 4 14500 9448 47321 26256
38907 0
38908 0
38909 2 25150 28803
38910 4 49949 4449 28361 49549
38911 3 42939 45341 44333
38912 5 6874 23197 45301 43724 48997
38913 3 41904 31527 1516
38914 3 21148 46326 7302
38915 0
38916 1 40383
38917 5 23133 46040 28549 45094 15553
38918 3 23928 29730 29301
38919 3 6100 1526 38873
38920 1 16454
38921 4 30229 24587 28031 25888
38922 1 36288
38923 2 24836 24549
38924 2 4040 8504
38925 1 37459
38926 2 21917 12800
38927 4 48370 19960 20012 24232
38928 1 3520
38929 1 46309
38930 2 950 7573
38931 2 26035 4705
38932 2 6641 29124
38933 2 26214 9244
38934 1 4907
38935 2 27789 15542
38936 1 14107
38937 1 22138
38938 2 35366 27418
38939 1 3304
38940 0
38941 1 45274
38942 2 16583 20489
38943 1 29853
38944 5 2512 36235 12668 3520 7186
38945 3 7024 20354 10289
38946 2 11311 27240
38947 1 1755
38948 4 36645 44445 4340 27061
38949 2 24679 35314
38950 3 43141 2374 47956
38951 2 22750 3140
38952 1 48521
38953 3 42044 7158 32360
38954 1 4545
38955 2 2664 8311
38956 1 3552
38957 1 10065
38958 2 7609 23434
38959 3 8696 36218 26306
38960 2 24093 22713
38961 1 6333
38962 3 33860 44960 23947
38963 6 37335 18376 30420 19722 43953 42405
38964 2 36859 4352
38965 2 26569 8066
38966 1 24084
38967 1 14067
38968 1 12555
38969 5 24069 7553 35390 46555 5119
38970 2 14793 42436
38971 1 23624
38972 2 18187 13746
38973 2 20859 37622
38974 2 28810 36990
38975 1 43990
38976 1 25537
38977 4 48196 31979 1236 22037
38978 2 441 3503
38979 4 8308 20025 7235 36907
38980 1 47713
38981 2 12529 45478
38982 5 44950 25115 37831 49692 33640
38983 0
38984 3 30560 14139 21400
38985 2 8651 32507
38986 3 37807 35910 44975
38987 2 18578 46262
38988 4 13959 14144 13436 10125
38989 2 2196 44632
38990 2 29195 21947
38991 2 12553 38901
38992 2 30596 19171
38993 0
38994 3 21800 22780 43491
38995 2 9125 21343
38996 3 46048 29244 17276
38997 2 11306 19747
38998 1 27156
38999 1 32757
39000 0
39001 1 720
39002 4 18851 27055 47483 39800
39003 3 11399 13247 27552
39004 3 28583 8296 5206
39005 4 25757 12189 22393 40830
39006 2 5172 12420
39007 3 11219 29850 32016
39008 1 2277
39009 1 11445
39010 1 637
39011 2 32180 9529
39012 0
39013 1 26943
39014 3 42404 48587 40469
39015 2 41969 45049
39016 2 5779 26223
39017 2 5199 49243
39018 2 23011 45653
39019 3 42810 18083 44358
39020 1 21297
39021 2 2293 22119
39022 4 34683 38568 4578 25732
39023 4 17211 5624 19597 9106
39024 5 18968 13672 30956 44877 19808
39025 2 1899 28093
39026 1 1842
39027 1 4032
39028 1 21050
39029 2 24306 28596
39030 2 1684 23785
39031 3 10127 45865 14694
39032 1 20257
39033 3 25088 6157 4974
39034 2 30211 46133
39035 0
39036 0
39037 2 40512 34071
39038 2 1221 38434
39039 2 37160 5313
39040 2 25909 32887
39041 3 23293 7595 3599
39042 2 5424 38574
39043 4 49691 15668 24643 27222
39044 0
39045 3 24435 11840 11759
39046 3 1529 618 26852
39047 1 29323
39048 2 11446 16792
39049 3 36541 49926 30311
39050 3 32841 46783 4469
39051 1 40893
39052 0
39053 1 18510
39054 1 10270
39055 3 30943 14947 39834
39056 4 24825 1237 35754 4146
39057 1 34595
39058 4 39899 11431 14956 31876
39059 0
39060 2 26870 11038
39061 2 19915 16173
39062 5 43429 32842 5256 46211 8962
39063 2 27509 26746
39064 3 46237 32206 26869
39065 1 19837
39066 1 10298
39067 2 36748 33806
39068 2 39229 41130
39069 4 14484 42607 24595 25224
39070 0
39071 3 28513 28202 3578
39072 1 25159
39073 2 33676 11894
39074 4 752 45381 27266 17641
39075 2 11579 27600
39076 2 14847 12086
39077 0
39078 3 19923 17007 25214
39079 1 3332
39080 1 30615
39081 3 18749 12464 30702
39082 4 8528 30700 181 42261
39083 0
39084 2 32101 21823
39085 4 23732 24408 25549 5996
39086 1 42042
39087 2 20983 27935
39088 1 1038
39089 1 33306
39090 5 49009 36022 5431 23811 17155
39091 0
39092 0
39093 1 155
39094 1 24251
39095 4 14151 30316 6833 19357
39096 3 36461 11100 9864
39097 1 36951
39098 2 18279 14163
39099 1 49209
39100 2 12980 24545
39101 2 17444 48443
39102 2 22796 14123
39103 1 3320
39104 2 7738 3981
39105 4 43580 34572 6602 1973
39106 2 43618 32846
39107 4 6894 606 39831 44041
39108 1 14191
39109 1 9470
39110 4 4597 15736 21221 32152
39111 4 29677 18945 16794 20770
39112 3 49515 27069 24210
39113 3 45728 47349 44696
39114 0
39115 2 43284 48530
39116 2 37036 10857
39117 3 48633 41725 961
39118 2 20764 8332
39119 5 12924 45041 39469 15609 16533
39120 1 34583
39121 1 21837
39122 3 13115 5322 42918
39123 2 19907 49795
39124 1 23259
39125 0
39126 1 5042
39127 1 11694
39128 1 36065
39129 2 36768 16918
39130 2 49719 34694
39131 1 43893
39132 0
39133 2 7582 43250
39134 1 17921
39135 3 1176 23115 12620
39136 3 21979 13738 46490
39137 4 27037 23379 49936 12095
39138 1 8479
39139 2 14220 16616
39140 2 24912 39074
39141 0
39142 2 19563 46020
39143 3 285 3818 12100
39144 1 17981
39145 0
39146 3 34689 551 37032
39147 1 15447
39148 0
39149 3 38855 29701 36098
39150 2 9407 11971
39151 3 36750 28949 18859
39152 1 46608
39153 3 34429 47622 45615
39154 0
39155 2 21548 10599
39156 1 44370
39157 3 25674 44907 30705
39158 0
39159 0
39160 0
39161 2 6007 45069
39162 0
39163 1 23335
39164 1 11801
39165 2 42656 30511
39166 3 1703 37683 23136
39167 0
39168 6 6621 44443 48570 34127 35435 46242
39169 1 16781
39170 2 28703 7049
39171 1 32519
39172 1 1044
39173 1 1705
39174 3 8360 7062 17229
39175 3 7580 2741 4786
39176 2 35699 18192
39177 1 12079
39178 1 6974
39179 0
39180 4 46740 45343 43911 24357
39181 4 20639 44665 10145 4770
39182 5 27585 636 7353 35477 5696
39183 1 46206
39184 4 45041 12281 20988 22908
39185 3 29900 32209 1505
39186 0
39187 3 49255 26499 19659
39188 2 1016 17801
39189 2 8207 10462
39190 3 10205 26262 2692
39191 1 25452
39192 3 34511 16670 32245
39193 2 40376 34582
39194 2 15732 31318
39195 2 28992 6618
39196 2 12747 1527
39197 2 46074 19946
39198 3 8856 8525 8122
39199 3 33232 2642 23303
39200 1 13100
39201 6 22521 32337 32108 6563 7173 7312
39202 2 17717 39092
39203 1 36091
39204 3 14008 3840 37266
39205 2 10080 26396
39206 4 9869 3522 37683 9687
39207 4 45505 7682 19096 12327
39208 4 1745 11123 39459 35568
39209 2 2851 1111
39210 4 41915 26897 25530 26310
39211 2 9141 16368
39212 2 17455 46815
39213 2 46042 45808
39214 2 35964 40876
39215 0
39216 1 34262
39217 5 38396 22730 1796 36236 30102
39218 2 18129 45663
39219 1 40263
39220 1 2493
39221 4 35287 30297 34792 46701
39222 0
39223 0
39224 1 22767
39225 3 22049 15715 36476
39226 0
39227 2 542 15710
39228 1 5395
39229 5 45582 9503 28941 45430 43431
39230 3 16263 16907 47136
39231 1 18204
39232 3 4255 16348 26841
39233 3 26721 12523 26849
39234 3 14660 14225 1884
39235 1 10719
39236 1 39202
39237 1 43393
39238 3 37404 23460 16949
39239 1 26826
39240 4 10987 20255 3635 24424
39241 2 3698 38775
39242 2 13087 1558
39243 3 19918 22723 42706
39244 1 30542
39245 1 11825
39246 2 9996 14917
39247 3 39456 7198 22287
39248 1 994
39249 1 26819
39250 3 30308 17670 13270
39251 1 39617
39252 3 25949 20737 12103
39253 4 45950 36968 44447 4141
39254 4 6068 40079 15353 12552
39255 3 513 25848 23223
39256 3 23749 15856 15800
39257 2 16055 28882
39258 2 40731 19721
39259 6 7220 43442 35250 17019 48046 37483
39260 0
39261 3 27391 5171 36581
39262 1 37633
39263 2 46595 46240
39264 1 44422
39265 2 40870 46697
39266 3 35136 33610 13616
39267 4 49892 26148 1756 40588
39268 4 32089 19236 29537 3400
39269 2 8922 14768
39270 5 44280 18833 35895 37105 16958
39271 1 25134
39272 3 20540 20054 13830
39273 2 1882 27911
39274 2 18785 2901
39275 3 42306 42685 39905
39276 1 39220
39277 2 40359 37359
39278 1 38852
39279 1 49438
39280 3 33476 39894 31542
39281 4 8589 21860 1560 20926
39282 0
39283 2 38314 7584
39284 0
39285 1 15964
39286 4 15290 43141 30813 32543
39287 1 36587
39288 1 23290
39289 3 312 15193 29502
39290 2 25693 20015
39291 0
39292 3 23006 47998 42509
39293 1 9806
39294 4 4452 45207 42437 41341
39295 3 7666 15807 36767
39296 0
39297 3 32203 10288 42706
39298 3 21606 9075 26919
39299 2 13023 25810
39300 1 30423
39301 1 8664
39302 1 1100
39303 1 46428
39304 4 3484 45162 18684 45690
39305 2 30848 39965
39306 1 48650
39307 5 21031 45224 44558 22133 11594
39308 1 32619
39309 0
39310 2 42106 20133
39311 3 14639 5853 21934
39312 0
39313 2 25844 20807
39314 4 33380 6636 22822 46373
39315 2 25034 15095
39316 2 37327 696
39317 5 38817 17235 20271 16812 40181
39318 3 5032 4979 2272
39319 5 38263 28819 15343 5135 18506
39320 1 35946
39321 3 1920 23053 20927
39322 2 28663 30111
39323 4 44951 11492 43620 2150
39324 2 18064 6766
39325 1 46363
39326 3 21804 15590 23694
39327 2 16829 21009
39328 1 25698
39329 5 30140 4216 49108 7146 38970
39330 1 3287
39331 0
39332 0
39333 1 6028
39334 1 40515
39335 0
39336 0
39337 5 20447 32939 27702 3154 2387
39338 1 13369
39339 5 27642 28356 25667 18491 40720
39340 2 44816 17596
39341 5 5337 35055 47898 19213 13658
39342 1 38805
39343 2 12291 35357
39344 2 41373 8116
39345 2 32757 42098
39346 3 35927 773 21714
39347 0
39348 0
39349 3 23006 3177 11645
39350 0
39351 3 39421 28672 32010
39352 4 22119 22689 5518 34578
39353 3 32707 2381 43272
39354 3 26394 45745 46392
39355 5 28598 11206 40811 44501 37064
39356 3 9349 33740 33384
39357 5 46297 25029 48047 14682 5092
39358 1 18432
39359 2 8258 33994
39360 2 15627 40926
39361 2 3084 49731
39362 4 22623 14711 24162 38007
39363 3 4669 14361 24733
39364 2 4102 1734
39365 6 26931 5562 36227 37773 23609 46249
39366 2 465 48866
39367 1 49601
39368 4 13639 40450 28596 24800
39369 2 30948 34619
39370 5 8301 29237 39229 43800 2237
39371 1 35133
39372 3 39552 20935 45918
39373 4 43633 23331 7855 35391
39374 3 42161 27634 33477
39375 4 20416 3433 28134 12727
39376 3 37219 47256 33195
39377 3 28284 19720 5586
39378 4 11256 41613 14619 26943
39379 2 4802 22249
39380 1 38217
39381 7 7636 23566 47254 8312 35901 2530 21778
39382 3 46524 10143 46313
39383 0
39384 1 7894
39385 2 31059 34622
39386 3 332 37338 5732
39387 3 24024 27013 49617
39388 0
39389 3 2485 12310 44424
39390 2 21802 17505
39391 2 23284 16896
39392 2 8068 12731
39393 1 33100
39394 3 49405 20017 46624
39395 3 22728 5171 29645
39396 1 8571
39397 1 38289
39398 3 39495 33139 3463
39399 4 25034 34208 4839 2484
39400 5 34051 386 29978 40717 43084
39401 1 26163
39402 2 20410 39961
39403 4 42507 26155 25156 22114
39404 3 1572 32417 24250
39405 2 12265 45471
39406 1 28305
39407 2 47106 30982
39408 0
39409 2 27687 29535
39410 3 34211 29543 4664
39411 1 11105
39412 2 35785 46531
39413 1 10801
39414 2 43946 12886
39415 2 34802 24498
39416 3 12229 17231 6377
39417 2 6911 41344
39418 3 3853 48055 16717
39419 2 4549 11836
39420 1 39941
39421 1 11458
39422 3 43579 29706 40683
39423 2 2384 20279
39424 1 2024
39425 1 40749
39426 2 12722 10623
39427 1 4399
39428 1 1404
39429 1 38973
39430 4 49413 28733 28234 15424
39431 0
39432 1 16854
39433 3 47655 48777 7735
39434 2 25238 11577
39435 2 26701 27048
39436 1 38251
39437 3 19217 14983 47223
39438 3 32840 17983 28098
39439 1 39309
39440 4 27003 14110 38312 41975
39441 2 38792 10690
39442 0
39443 0
39444 5 1538 2897 42485 3779 26268
39445 3 47690 43219 27929
39446 1 12712
39447 0
39448 0
39449 3 24053 22900 26577
39450 2 8247 15634
39451 3 45814 39404 22308
39452 1 38776
39453 2 36301 6048
39454 4 5073 8289 32470 48753
39455 5 40545 3966 26686 12813 44661
39456 1 29886
39457 2 34083 1973
39458 2 21911 36766
39459 2 9793 28787
39460 0
39461 2 26995 32179
39462 4 39201 43235 38899 37464
39463 0
39464 1 3247
39465 3 20495 6347 29317
39466 2 29869 29431
39467 1 45536
39468 1 48936
39469 0
39470 2 33940 31414
39471 1 26893
39472 2 16976 37097
39473 1 34508
39474 0
39475 2 24982 7174
39476 2 21670 15329
39477 4 3083 49426 2743 34446
39478 0
39479 2 6983 35123
39480 3 15191 20378 30140
39481 5 17527 46168 13855 30256 15366
39482 1 40273
39483 3 46539 42180 25322
39484 0
39485 2 7347 38484
39486 3 9153 23491 10629
39487 5 15022 37086 26862 9812 3416
39488 3 22441 23114 19715
39489 0
39490 1 39607
39491 2 6842 32854
39492 2 1162 2486
39493 1 22925
39494 1 26080
39495 4 25243 5748 28946 25411
39496 2 36248 13662
39497 2 36389 13801
39498 1 49859
39499 1 18252
39500 1 21655
39501 1 7437
39502 1 12281
39503 1 20449
39504 0
39505 2 18426 17542
39506 1 46168
39507 2 30106 40646
39508 1 21904
39509 3 11009 2576 172
39510 2 30621 18720
39511 3 40254 3579 39965
39512 1 13373
39513 0
39514 4 39943 42581 43487 44803
39515 4 32268 36974 21198 18187
39516 0
39517 2 16228 43350
39518 1 29264
39519 1 33861
39520 2 27752 8376
39521 1 18459
39522 1 45337
39523 4 46257 31057 20469 49587
39524 2 17024 15022
39525 0
39526 1 45783
39527 5 14444 18342 1458 31369 15662
39528 4 25862 14277 49395 44771
39529 1 32030
39530 0
39531 0
39532 0
39533 1 47638
39534 3 6432 26764 35138
39535 3 6882 24385 10477
39536 3 29138 16279 45036
39537 0
39538 1 32095
39539 4 42096 18095 21969 19570
39540 2 7201 8840
39541 0
39542 4 34585 14578 29571 19631
39543 0
39544 2 5183 43834
39545 2 6895 11693
39546 2 774 26627
39547 2 21008 15321
39548 1 34571
39549 2 17067 23818
39550 2 43658 13545
39551 1 18637
39552 1 13695
39553 1 7635
39554 2 38656 13436
39555 1 24875
39556 4 24015 26794 48315 48325
39557 1 29840
39558 3 11675 21780 29325
39559 1 11022
39560 2 17602 4996
39561 3 26809 16151 41608
39562 3 17511 40984 11482
39563 2 25945 32747
39564 2 32371 37498
39565 1 22902
39566 1 27820
39567 2 34892 46400
39568 3 18310 35044 5567
39569 1 22001
39570 6 48105 29644 5301 17535 28264 28362
39571 1 35966
39572 2 48236 47344
39573 2 21433 38345
39574 1 39726
39575 4 3836 43174 27956 2338
39576 3 46948 32806 40960
39577 2 31871 3429
39578 3 34550 22328 27977
39579 0
39580 0
39581 1 16312
39582 3 17723 8951 5292
39583 2 27460 34993
39584 3 31975 49347 49274
39585 0
39586 0
39587 0
39588 0
39589 3 48267 47936 24644
39590 3 16843 15888 35810
39591 3 24049 12283 46259
39592 1 45956
39593 2 9101 10924
39594 1 45752
39595 2 49907 49832
39596 3 30657 1518 31538
39597 2 24768 26005
39598 1 21456
39599 2 33729 22533
39600 3 41460 49119 15755
39601 2 44728 20701
39602 2 48305 35871
39603 1 30174
39604 1 2062
39605 1 23558
39606 2 20190 48221
39607 1 20438
39608 4 39389 32485 36194 30900
39609 6 391 26388 24702 127 37280 802
39610 1 4672
39611 2 13272 24983
39612 1 28959
39613 2 31325 34545
39614 1 11075
39615 3 31330 47341 9794
39616 2 10531 22143
39617 2 17490 47366
39618 2 20588 22625
39619 4 26943 13230 29648 40162
39620 1 39442
39621 2 923 32018
39622 2 7707 28131
39623 1 7344
39624 3 21556 13464 10363
39625 1 8776
39626 1 3956
39627 3 20990 6327 41756
39628 2 42139 4278
39629 1 17178
39630 1 14615
39631 1 19788
39632 2 1014 20567
39633 2 768 33484
39634 4 15992 48472 16381 17134
39635 1 23132
39636 1 33133
39637 5 34399 12938 20273 18540 30272
39638 3 6203 17201 15682
39639 0
39640 2 24737 11301
39641 3 35484 25984 32318
39642 1 1681
39643 0
39644 4 20230 17761 30344 33357
39645 3 19413 39704 42858
39646 5 16783 33286 20032 41234 21168
39647 2 26738 44744
39648 4 36340 16620 10782 39027
39649 1 10620
39650 1 17695
39651 3 3931 24237 15615
39652 2 28975 32880
39653 1 22211
39654 1 1264
39655 2 31180 34377
39656 1 20084
39657 3 18893 13537 2702
39658 2 821 37980
39659 2 20510 15039
39660 3 34762 12490 30342
39661 2 8374 11990
39662 1 16368
39663 3 7276 11584 32355
39664 1 8799
39665 1 48824
39666 2 373 39371
39667 4 11377 15653 34083 665
39668 2 26589 34175
39669 3 19804 23974 34224
39670 3 35978 26839 19301
39671 0
39672 1 20788
39673 5 48151 31072 30323 2954 29234
39674 1 48866
39675 1 30115
39676 2 33870 12996
39677 2 41286 12317
39678 2 30964 42079
39679 1 32821
39680 0
39681 0
39682 1 49274
39683 0
39684 1 4671
39685 3 36919 17595 23465
39686 2 27408 46511
39687 2 34940 13687
39688 2 16901 19596
39689 0
39690 2 38701 42611
39691 4 49269 23330 17374 46125
39692 2 6708 940
39693 1 15385
39694 5 38924 41910 49929 34753 18089
39695 1 49063
39696 2 27508 18140
39697 2 19233 27713
39698 4 19216 47409 12411 2855
39699 1 7174
39700 0
39701 2 4988 16841
39702 1 8278
39703 2 17159 9527
39704 2 18693 5954
39705 1 18522
39706 3 47423 35607 48018
39707 2 10316 14075
39708 3 29131 48629 24417
39709 2 16455 13712
39710 0
39711 7 39270 35646 6694 38134 10600 23638 39160
39712 5 40346 39123 35701 25249 33365
39713 0
39714 2 20251 15744
39715 3 44166 31093 36238
39716 1 39728
39717 1 34061
39718 3 18709 49144 23265
39719 1 9695
39720 1 23797
39721 2 29879 47193
39722 1 12083
39723 2 20879 11561
39724 1 5540
39725 1 17279
39726 2 27602 27206
39727 4 20863 10981 39192 31836
39728 2 8150 34472
39729 2 10699 24519
39730 2 16707 38326
39731 1 49605
39732 0
39733 1 28575
39734 4 34541 36420 21104 21548
39735 2 22280 16513
39736 3 46930 6819 10140
39737 0
39738 1 42924
39739 1 15113
39740 4 45317 15285 49565 10752
39741 2 15300 39863
39742 2 44366 33952
39743 2 25438 27239
39744 2 39933 34973
39745 0
39746 2 12457 12540
39747 0
39748 4 46846 45720 25347 24691
39749 3 38209 29655 16380
39750 3 10218 29946 38645
39751 1 1647
39752 2 5615 44738
39753 1 18407
39754 1 16903
39755 4 20363 22012 36341 35512
39756 4 32033 49472 16345 360
39757 2 43280 12656
39758 4 38617 40584 11779 38429
39759 0
39760 5 32834 4177 16633 44493 48078
39761 1 49222
39762 3 6291 39031 9373
39763 5 45604 36529 11451 25933 19860
39764 3 13207 29182 6046
39765 2 18693 29929
39766 0
39767 2 17169 18190
39768 0
39769 3 4304 16473 17657
39770 5 7355 21391 35243 12390 34251
39771 3 21097 6020 11675
39772 4 15427 16697 18730 19680
39773 1 43774
39774 4 14580 28332 4784 23672
39775 1 7204
39776 1 22334
39777 4 26729 26529 23995 38300
39778 0
39779 1 6662
39780 2 27942 32098
39781 0
39782 2 14477 12454
39783 1 26868
39784 2 10934 4726
39785 1 7508
39786 4 23752 35119 23159 8276
39787 2 23874 10872
39788 1 39281
39789 2 19791 25695
39790 0
39791 1 13090
39792 4 15333 7419 26505 13543
39793 3 4756 17950 21138
39794 3 888 43327 44648
39795 2 16464 6728
39796 1 17621
39797 3 18568 35079 6983
39798 2 12118 17223
39799 4 41292 45422 110 29587
39800 1 40349
39801 2 46191 17381
39802 3 45316 18997 26783
39803 2 32965 31814
39804 1 8502
39805 6 2341 9345 33625 3684 11147 31043
39806 4 8593 6792 34930 14485
39807 1 41933
39808 0
39809 5 16061 48288 32156 23061 29578
39810 1 26875
39811 3 43082 40674 35232
39812 4 15645 42238 4345 29658
39813 3 3979 32006 42970
39814 1 47823
39815 1 24457
39816 1 31068
39817 2 7308 37107
39818 2 34007 1323
39819 2 32790 48849
39820 1 47348
39821 0
39822 2 28055 43917
39823 2 713 30160
39824 3 27797 27972 25090
39825 2 8115 27026
39826 5 12003 39937 18428 13628 38450
39827 3 8335 49647 20872
39828 2 45548 3232
39829 3 19586 33720 2188
39830 2 20628 30297
39831 2 23609 25679
39832 1 21912
39833 2 6183 19287
39834 3 10642 1401 29662
39835 0
39836 3 12136 42951 5589
39837 1 30589
39838 3 18681 21138 32232
39839 1 13565
39840 1 46504
39841 2 23868 36861
39842 0
39843 2 21911 34313
39844 2 17545 8343
39845 1 12520
39846 2 48845 16580
39847 1 14097
39848 2 29677 28188
39849 0
39850 1 15536
39851 3 27654 49973 5811
39852 4 20323 21774 5259 40812
39853 1 22602
39854 2 27045 37928
39855 2 22197 31509
39856 3 40520 49110 44104
39857 3 30574 23653 32736
39858 1 11366
39859 2 40162 38963
39860 2 2525 4583
39861 2 1691 39254
39862 3 41629 23813 8079
39863 6 39746 13317 43886 9515 12874 27900
39864 2 9105 43807
39865 3 20057 35312 19763
39866 4 14149 42915 47522 19548
39867 1 26597
39868 4 20301 40726 20938 36864
39869 6 36931 6213 27412 21264 41542 1404
39870 1 33032
39871 2 21223 20892
39872 1 45636
39873 0
39874 1 1844
39875 2 25672 5362
39876 5 3936 48154 49275 29362 46025
39877 3 14396 19076 6781
39878 1 32500
39879 2 13247 35449
39880 4 4542 42014 26252 19840
39881 3 2619 49135 25309
39882 0
39883 0
39884 2 30912 26639
39885 1 29685
39886 2 31582 24186
39887 2 17371 25752
39888 0
39889 6 43315 8416 17856 32780 1224 30515
39890 3 40571 37103 39026
39891 0
39892 2 32995 48926
39893 1 6716
39894 5 28667 40535 9871 6022 2643
39895 3 25247 6541 11558
39896 3 2631 12485 36348
39897 1 47911
39898 2 37851 29588
39899 1 26891
39900 2 12364 45767
39901 2 11150 17117
39902 2 19173 42999
39903 4 26561 4664 36964 10924
39904 1 47510
39905 3 8207 14947 36411
39906 2 13705 34568
39907 4 44406 9227 30251 46894
39908 0
39909 2 11532 483
39910 3 17001 43083 47997
39911 3 23214 24631 5284
39912 1 5604
39913 2 48488 22198
39914 0
39915 5 1508 27540 7763 47531 44836
39916 2 26413 14740
39917 1 28544
39918 2 37307 16011
39919 0
39920 5 41392 36151 3819 40801 28003
39921 0
39922 1 41369
39923 1 22878
39924 3 2685 17788 8940
39925 2 36933 11483
39926 2 38716 28049
39927 2 1183 17778
39928 1 46967
39929 2 16070 14625
39930 1 14424
39931 2 34726 34181
39932 5 8528 23908 36283 44576 49567
39933 2 31960 14927
39934 0
39935 4 45073 30381 45796 49464
39936 2 39620 8716
39937 1 17399
39938 2 9535 32357
39939 2 49961 6081
39940 3 3521 31294 30862
39941 2 23721 1641
39942 0
39943 4 33799 21686 25960 15520
39944 1 11766
39945 3 24057 16878 24201
39946 1 29237
39947 3 44834 10545 39410
39948 5 7236 6691 49223 49345 5370
39949 3 23124 6874 14786
39950 3 14803 46218 33038
39951 2 37226 36828
39952 1 21858
39953 4 31836 40963 35145 1070
39954 0
39955 0
39956 1 24819
39957 2 10972 14302
39958 1 42640
39959 0
39960 1 18801
39961 3 41955 23099 42447
39962 0
39963 4 8800 37724 27900 25627
39964 4 38955 18256 15257 43878
39965 2 47547 30052
39966 4 44793 46479 44356 17924
39967 2 4482 39246
39968 0
39969 1 15744
39970 1 30722
39971 1 31596
39972 2 7907 49793
39973 1 44361
39974 1 47806
39975 3 27260 7104 11265
39976 3 16066 10265 16409
39977 2 38719 27835
39978 1 43679
39979 2 21690 3458
39980 1 6069
39981 4 45892 34939 20754 47479
39982 0
39983 0
39984 1 12682
39985 2 27098 16855
39986 2 27972 36348
39987 2 32788 33320
39988 1 28332
39989 1 48037
39990 1 12081
39991 1 33400
39992 0
39993 2 48444 43520
39994 2 2211 17399
39995 4 958 38906 11826 13620
39996 3 32963 8763 12006
39997 1 46067
39998 2 35701 38838
39999 1 37269
40000 3 18931 19461 16716
40001 3 3757 10283 25216
40002 0
40003 0
40004 1 47572
40005 5 31515 2533 28003 29895 38562
40006 1 3175
40007 2 14357 29643
40008 7 4089 23487 20485 29191 14201 47054 39564
40009 0
40010 2 34923 23604
40011 0
40012 1 144
40013 4 33236 7570 29220 36112
40014 1 41934
40015 3 32031 41185 37666
40016 2 21552 43706
40017 1 40857
40018 3 34608 43217 4419
40019 1 34878
40020 1 39447
40021 4 8871 46884 35067 41695
40022 3 24661 27474 10362
40023 0
40024 0
40025 1 16750
40026 2 7814 17228
40027 2 30655 43378
40028 3 35905 19110 12855
40029 3 5736 21885 32949
40030 3 12680 13650 18147
40031 1 6615
40032 4 21516 2818 20046 28683
40033 2 48448 43368
40034 2 41727 48735
40035 3 4766 10665 24453
40036 1 17595
40037 1 36080
40038 2 44617 22534
40039 2 15074 4623
40040 0
40041 3 3488 30732 39734
40042 2 18482 37591
40043 1 13895
40044 2 16152 32245
40045 4 8941 24405 44679 9568
40046 0
40047 1 16699
40048 3 18422 10936 39992
40049 0
40050 2 49963 30304
40051 2 36614 24317
40052 2 28332 20946
40053 4 35588 6632 17722 44270
40054 2 25662 44356
40055 2 34404 26448
40056 3 28557 3361 7178
40057 4 16025 1095 38342 21377
40058 0
40059 3 46274 20457 40319
40060 1 17514
40061 1 19238
40062 2 4685 48315
40063 0
40064 2 39791 31649
40065 0
40066 2 40610 31022
40067 0
40068 0
40069 2 42940 5155
40070 3 33150 7611 30967
40071 3 42721 29881 39554
40072 2 48611 32170
40073 0
40074 1 36767
40075 3 25787 11661 5263
40076 2 38716 29180
40077 2 25346 46409
40078 1 23783
40079 1 30360
40080 3 48431 48788 49794
40081 2 44455 40632
40082 0
40083 4 2603 12592 16683 17494
40084 0
40085 1 23109
40086 1 42359
40087 3 499 44920 30331
40088 1 47832
40089 2 35173 14768
40090 4 1315 33224 33273 2608
40091 0
40092 2 7670 38302
40093 1 10986
40094 5 44931 5851 41744 18416 45688
40095 2 6820 48590
40096 1 29657
40097 2 36314 6650
40098 2 6564 20590
40099 4 304 880 18579 41182
40100 4 14595 8970 35499 70
40101 1 1503
40102 1 15822
40103 0
40104 1 43948
40105 1 39679
40106 1 29070
40107 3 27948 49609 25419
40108 3 37443 16086 13116
40109 2 16850 42753
40110 2 27586 25544
40111 2 3723 39597
40112 1 43811
40113 0
40114 1 44421
40115 5 47737 13833 22172 27317 11267
40116 1 29086
40117 2 12428 34591
40118 1 38334
40119 2 18879 38997
40120 2 31595 28757
40121 0
40122 2 14827 29035
40123 1 47641
40124 2 43463 24175
40125 3 29984 33490 45744
40126 4 45867 43748 10414 38022
40127 3 26638 43381 36645
40128 1 8889
40129 2 5717 49858
40130 4 6776 27669 32240 40267
40131 0
40132 1 16620
40133 2 46712 33370
40134 0
40135 5 2229 16824 7394 24480 30089
40136 0
40137 3 23468 4794 20892
40138 2 27967 11006
40139 1 22624
40140 0
40141 2 14427 17204
40142 6 46798 49550 30381 18174 2131 33164
40143 6 12960 25726 44866 5680 35174 45372
40144 0
40145 1 200
40146 3 5083 13770 28486
40147 2 18350 1968
40148 5 4363 11553 12561 15657 30677
40149 1 27460
40150 0
40151 2 10949 3887
40152 3 48619 33502 16523
40153 2 11156 27853
40154 1 46307
40155 0
40156 1 38407
40157 2 12998 17683
40158 1 14416
40159 1 8799
40160 1 41954
40161 1 30380
40162 3 25466 7993 38529
40163 1 25446
40164 2 37320 23685
40165 4 7173 32124 19367 42979
40166 2 25408 48654
40167 2 19502 4749
40168 2 10531 29922
40169 2 17704 8833
40170 0
40171 3 49873 38409 43912
40172 1 48320
40173 1 47237
40174 4 45606 28961 36686 38500
40175 2 38127 16877
40176 1 3751
40177 4 21134 42724 35576 4079
40178 1 37325
40179 2 23065 45306
40180 2 29637 24734
40181 3 38488 27083 20548
40182 3 22525 49253 10527
40183 3 44902 41876 40800
40184 0
40185 4 39511 6314 35219 42115
40186 1 1675
40187 0
40188 1 47053
40189 4 10769 49964 32713 27437
40190 2 47250 10246
40191 1 23840
40192 1 28746
40193 3 43336 38480 46087
40194 0
40195 2 9187 37185
40196 1 41562
40197 1 13403
40198 2 26669 16498
40199 1 35256
40200 1 44823
40201 3 4102 4308 18778
40202 7 35393 32015 24948 15617 24043 14357 32852
40203 4 11826 37003 3452 4350
40204 3 23011 48782 22464
40205 1 22320
40206 1 29011
40207 3 5135 1392 7100
40208 0
40209 0
40210 3 24814 3148 30231
40211 1 31894
40212 2 21552 44947
40213 4 7785 7039 32642 25676
40214 1 19133
40215 1 33020
40216 0
40217 2 18564 22477
40218 2 28616 26920
40219 2 8287 3499
40220 3 8305 8243 41783
40221 4 28153 9700 15322 22324
40222 3 47168 14729 19708
40223 3 44666 5425 24257
40224 4 5411 33837 5195 45910
40225 0
40226 1 30326
40227 2 43150 16350
40228 0
40229 3 8222 21961 37198
40230 1 25037
40231 2 18704 41491
40232 2 35638 26536
40233 2 42754 2757
40234 3 4873 9611 30870
40235 2 32721 39052
40236 4 7087 38010 47733 30936
40237 2 17284 21493
40238 2 34200 43678
40239 0
40240 1 24703
40241 3 45810 31655 13393
40242 2 12280 13735
40243 1 5813
40244 0
40245 3 41784 28773 40137
40246 0
40247 2 48283 20754
40248 2 26562 7227
40249 1 2859
40250 3 3664 909 41657
40251 1 47106
40252 2 36009 42088
40253 2 28360 40562
40254 1 49787
40255 3 34625 1078 19257
40256 2 20423 22982
40257 2 35429 19295
40258 2 46040 49825
40259 2 18270 37277
40260 3 7925 7229 45671
40261 2 1750 41887
40262 2 28491 7997
40263 2 39752 47543
40264 4 41590 17447 42508 1715
40265 0
40266 4 43098 21437 11470 41662
40267 2 21679 35060
40268 1 16896
40269 0
40270 1 34939
40271 1 48423
40272 2 12709 5895
40273 2 36620 28006
40274 1 5336
40275 1 39486
40276 0
40277 1 24481
40278 0
40279 1 285
40280 1 18450
40281 2 19450 5808
40282 3 34135 8606 10547
40283 0
40284 5 48019 49071 9924 3080 3901
40285 1 18866
40286 4 8332 1379 21300 43798
40287 2 45657 7734
40288 3 47687 2599 7162
40289 4 7699 19097 29083 45929
40290 2 49679 42824
40291 4 36927 46346 32741 26458
40292 1 40795
40293 1 19184
40294 4 37499 38615 41025 10863
40295 3 31886 38522 36630
40296 1 31960
40297 0
40298 2 38845 21517
40299 1 1925
40300 2 43801 40955
40301 4 27416 36648 13407 30112
40302 1 10155
40303 1 5941
40304 4 14775 27893 21371 21615
40305 4 11399 28884 11829 20616
40306 2 34586 9787
40307 3 12502 45441 11807
40308 1 6457
40309 1 22740
40310 2 35291 11485
40311 1 24545
40312 2 26301 5292
40313 3 32409 558 22390
40314 4 34306 46277 41263 43732
40315 2 43911 1326
40316 1 25775
40317 2 45639 6044
40318 2 37241 8291
40319 0
40320 1 18409
40321 2 48077 41866
40322 0
40323 2 24975 11017
40324 1 7598
40325 0
40326 1 9963
40327 0
40328 3 14627 28300 49037
40329 1 38222
40330 1 549
40331 0
40332 5 27186 21015 32962 23112 31867
40333 2 20851 7880
40334 0
40335 4 2559 13917 11473 37294
40336 1 49463
40337 3 19290 21497 46376
40338 1 30461
40339 1 41917
40340 2 8836 22406
40341 4 12587 34219 28104 784
40342 1 43276
40343 0
40344 1 2290
40345 1 1167
40346 1 30976
40347 5 6947 36030 32795 22112 34806
40348 0
40349 1 12265
40350 3 23019 8349 30577
40351 2 35511 46474
40352 2 31761 23797
40353 0
40354 1 24413
40355 1 16700
40356 2 35564 8776
40357 4 15769 16556 43775 11450
40358 8 11671 25641 14013 24174 35992 42984 14847 18862
40359 2 5615 40403
40360 5 27624 48816 43854 17817 19404
40361 4 27163 39699 17083 12575
40362 0
40363 2 4582 7859
40364 3 7233 11430 5948
40365 2 3581 28937
40366 1 46278
40367 1 17247
40368 1 19911
40369 3 13857 30566 24191
40370 2 40758 30560
40371 4 1634 33457 4311 31362
40372 2 3599 44407
40373 6 49700 22528 22869 12413 47146 47391
40374 1 9911
40375 1 13726
40376 1 44142
40377 0
40378 2 11430 26569
40379 1 3484
40380 3 5566 20043 14897
40381 1 24269
40382 1 21586
40383 2 13256 3927
40384 4 42554 30655 31593 31340
40385 0
40386 3 13735 18043 24872
40387 0
40388 2 40910 34470
40389 3 35020 18915 12428
40390 3 25926 45279 15442
40391 2 20003 40129
40392 2 32566 2271
40393 2 43779 35838
40394 1 5001
40395 0
40396 3 51 35420 27757
40397 2 49212 35876
40398 2 31855 15425
40399 2 45018 32647
40400 5 28664 49304 4115 37598 6180
40401 0
40402 0
40403 1 12914
40404 1 15331
40405 1 11822
40406 2 49954 17878
40407 0
40408 1 41307
40409 2 43607 31182
40410 3 23266 14465 48889
40411 1 32007
40412 4 10731 3316 9229 26345
40413 1 6618
40414 1 33083
40415 0
40416 2 37032 33623
40417 1 24841
40418 3 3869 8209 23282
40419 7 38473 22570 6379 40477 36673 45518 9713
40420 0
40421 1 15701
40422 2 14266 18480
40423 0
40424 2 17405 5586
40425 1 28297
40426 2 19003 43570
40427 6 43038 42492 12935 4078 7351 8877
40428 2 39139 16563
40429 1 49741
40430 5 11955 17404 49952 39218 9962
40431 1 45927
40432 5 9904 3087 39791 12231 584
40433 1 16017
40434 0
40435 0
40436 0
40437 1 2824
40438 1 45851
40439 2 45005 11247
40440 3 27411 27558 16603
40441 1 10259
40442 3 45278 10622 35706
40443 4 6856 14835 36256 44971
40444 5 15764 28202 36910 15359 46084
40445 1 25837
40446 0
40447 2 44572 41357
40448 2 16157 30528
40449 4 5221 5770 14559 17062
40450 3 39882 29718 28620
40451 0
40452 6 10879 48787 10742 19172 4045 17402
40453 1 42209
40454 3 25301 28836 24684
40455 0
40456 2 3661 25645
40457 0
40458 2 6741 10637
40459 3 32526 8134 25704
40460 4 8623 34849 49675 2428
40461 3 30296 32100 18698
40462 3 23256 36718 28666
40463 5 22955 42502 19794 19183 38942
40464 0
40465 2 1711 5579
40466 2 24255 22552
40467 2 10849 10605
40468 1 29137
40469 0
40470 2 7642 30246
40471 1 7829
40472 4 11023 28307 42579 30810
40473 2 37794 18092
40474 1 19229
40475 2 38141 19012
40476 8 40529 30931 48291 40054 16753 41873 18922 22458
40477 0
40478 1 29084
40479 2 35882 33413
40480 1 3837
40481 3 39232 19415 17316
40482 3 4531 1812 25172
40483 1 6973
40484 1 14829
40485 4 45035 47935 45459 3054
40486 5 23955 1535 29809 16814 18082
40487 0
40488 2 47680 39573
40489 2 7587 27130
40490 3 41025 9309 23572
40491 2 14874 39590
40492 3 37894 42654 32627
40493 1 31574
40494 1 2310
40495 2 44949 20516
40496 2 45257 32714
40497 3 292 24496 18932
40498 6 40335 16356 3145 22029 7950 286
40499 1 5472
40500 2 16592 1130
40501 3 48177 15621 9272
40502 3 3674 44465 19851
40503 0
40504 1 5441
40505 3 9543 31066 38347
40506 4 45092 26230 42424 26115
40507 2 10331 45607
40508 1 41928
40509 3 3988 27907 42617
40510 2 44053 22666
40511 2 7091 16320
40512 0
40513 1 33066
40514 3 9445 4380 49261
40515 1 8804
40516 1 10563
40517 5 18292 36634 11586 8820 18683
40518 4 36056 10187 21040 27002
40519 3 44415 14060 2049
40520 0
40521 2 40035 34966
40522 4 41750 2734 31194 36753
40523 1 18535
40524 0
40525 2 17867 14707
40526 0
40527 1 3868
40528 3 25695 24268 1508
40529 0
40530 1 19835
40531 1 13199
40532 1 6802
40533 1 34469
40534 4 19600 13105 14287 11950
40535 2 25566 14316
40536 3 48786 22163 5521
40537 4 25274 49606 7233 48218
40538 2 11303 7721
40539 2 18198 27124
40540 5 13692 16090 28176 37490 19704
40541 3 14879 20629 37780
40542 1 44430
40543 2 6930 33727
40544 2 36728 9247
40545 3 3123 19908 33146
40546 4 47284 36317 30084 32598
40547 1 1402
40548 3 24777 42883 13980
40549 0
40550 2 23852 14095
40551 2 49451 7902
40552 1 5555
40553 3 10754 261 1872
40554 2 9136 27373
40555 1 3261
40556 3 38704 1736 37223
40557 2 37300 16168
40558 1 49425
40559 7 35033 8145 2348 22985 47761 34916 12719
40560 4 4991 46068 30760 9015
40561 2 38686 45336
40562 2 10366 46041
40563 1 31689
40564 4 47066 26861 7250 15284
40565 2 38915 23421
40566 2 49556 10393
40567 5 39528 35274 9002 5548 42203
40568 3 33406 8027 35169
40569 2 3899 39686
40570 2 40653 46835
40571 1 16656
40572 0
40573 2 44101 38520
40574 4 32946 49237 28669 33406
40575 0
40576 3 612 10226 1905
40577 4 27050 37050 25897 24847
40578 3 8323 27265 2662
40579 3 9158 23138 30634
40580 0
40581 0
40582 1 35635
40583 2 28445 48537
40584 1 12727
40585 3 14895 20773 5663
40586 2 3332 9926
40587 1 32012
40588 2 49061 44631
40589 3 37001 41139 33422
40590 2 2978 24295
40591 3 28564 26696 34400
40592 2 1354 28505
40593 1 36311
40594 5 26546 19378 48529 18705 8861
40595 2 7883 35634
40596 2 18547 39362
40597 0
40598 1 36781
40599 5 25102 29110 44829 25489 25913
40600 3 28148 16446 44599
40601 1 7553
40602 2 34329 17305
40603 1 42041
40604 1 622
40605 2 8134 23090
40606 5 2196 46745 6943 33579 22346
40607 3 12095 35255 43237
40608 1 15037
40609 2 41893 21244
40610 1 6451
40611 1 35156
40612 2 13331 10766
40613 0
40614 2 24906 6663
40615 2 9849 28138
40616 3 7109 40547 17211
40617 3 35712 21376 36980
40618 2 19951 35283
40619 3 7312 14558 16136
40620 4 25345 42678 14148 16184
40621 1 20258
40622 3 24151 24999 11080
40623 2 11093 8077
40624 1 40619
40625 1 7465
40626 4 18623 35362 17206 29062
40627 2 17220 5021
40628 4 24623 44875 13401 27358
40629 3 31952 23808 12407
40630 1 37215
40631 4 22724 40236 11607 34348
40632 1 28514
40633 4 32477 22958 11236 31501
40634 0
40635 4 1354 30770 42513 21166
40636 3 17544 28459 33738
40637 0
40638 2 7739 36778
40639 1 46575
40640 0
40641 4 18598 11412 2323 14811
40642 3 4424 35378 17432
40643 2 29793 49324
40644 1 4574
40645 2 13388 895
40646 2 17615 9237
40647 2 5943 19907
40648 1 32160
40649 2 47359 12495
40650 2 19040 25579
40651 3 19849 33476 28639
40652 0
40653 2 6414 27878
40654 1 45655
40655 5 5895 35972 45672 24779 7494
40656 2 45488 23359
40657 5 7451 36471 19859 39052 20396
40658 3 40906 21425 19052
40659 4 30949 3687 2748 39739
40660 1 14596
40661 0
40662 3 36852 46713 42411
40663 2 43411 32412
40664 0
40665 2 37700 10729
40666 4 2401 4782 6101 22301
40667 5 32046 29053 47981 33117 35361
40668 4 27569 24954 29070 23659
40669 3 42431 2565 33004
40670 3 48699 18876 10248
40671 0
40672 6 18354 22340 102 24463 18891 22588
40673 5 6037 23754 33322 5129 41720
40674 2 49699 38939
40675 4 37049 21302 11164 38316
40676 2 43128 1851
40677 2 18023 11842
40678 0
40679 2 24485 41515
40680 2 20570 5831
40681 2 39105 22824
40682 1 44054
40683 0
40684 1 23305
40685 2 11279 12802
40686 1 36121
40687 1 9390
40688 4 40890 23030 31458 47767
40689 3 8218 43947 38795
40690 3 34297 29273 10765
40691 1 24789
40692 4 41274 29295 48032 25317
40693 0
40694 0
40695 3 8702 14184 31931
40696 2 32360 37586
40697 4 30311 46063 15861 28017
40698 1 42436
40699 1 14041
40700 1 9108
40701 2 20014 15792
40702 3 1059 23772 8647
40703 3 28218 46837 25660
40704 1 18776
40705 1 37069
40706 3 36697 2928 17308
40707 1 19225
40708 2 406 23989
40709 1 28014
40710 0
40711 3 18747 37696 21866
40712 1 3184
40713 1 44677
40714 0
40715 0
40716 1 38175
40717 1 16475
40718 5 5534 4606 10589 44173 22520
40719 2 4588 35347
40720 0
40721 3 20131 29014 49594
40722 1 31040
40723 0
40724 0
40725 2 48992 20222
40726 1 1958
40727 2 3168 49574
40728 1 16667
40729 5 15451 10156 5962 10689 26241
40730 3 20584 26254 18589
40731 2 7300 14743
40732 1 44987
40733 2 33560 7927
40734 3 41698 39146 46012
40735 1 49954
40736 1 5588
40737 0
40738 0
40739 2 6156 28238
40740 2 14285 840
40741 2 25537 12821
40742 2 45988 35904
40743 2 23272 30099
40744 1 49638
40745 0
40746 1 28165
40747 3 36632 17688 10302
40748 1 32843
40749 1 16380
40750 2 20625 43049
40751 1 13379
40752 0
40753 4 27537 45173 43399 21818
40754 3 41374 38775 29699
40755 6 1509 26340 30837 44361 13191 10979
40756 1 11444
40757 2 39434 36553
40758 2 38489 15581
40759 0
40760 2 1601 48978
40761 1 26020
40762 1 10972
40763 2 22613 46149
40764 1 28733
40765 4 11010 341 41244 23167
40766 1 14543
40767 3 8966 22055 25137
40768 2 25818 8418
40769 4 48748 16066 3430 7857
40770 2 4408 33692
40771 2 38062 41020
40772 1 43629
40773 0
40774 4 23397 15819 24493 21651
40775 0
40776 3 29273 20743 21777
40777 1 31938
40778 3 8440 30879 7396
40779 0
40780 1 2585
40781 1 19575
40782 0
40783 1 38591
40784 1 20295
40785 0
40786 3 1419 23741 8585
40787 1 34409
40788 2 35905 24316
40789 3 11391 34947 11143
40790 1 16771
40791 1 13205
40792 3 49417 21766 22657
40793 2 32449 38383
40794 0
40795 3 33829 29365 4330
40796 3 7573 15538 15890
40797 2 11284 27409
40798 1 40766
40799 3 47017 18140 32850
40800 1 2338
40801 0
40802 5 25391 17969 8051 14138 34874
40803 2 41889 14825
40804 3 9001 45637 28340
40805 1 12789
40806 5 10300 28913 40166 24160 45605
40807 1 15331
40808 2 2719 20545
40809 3 16004 29576 27436
40810 3 38844 19215 41041
40811 0
40812 10 3617 2747 29721 16448 3993 17135 43491 9235 31103 25078
40813 1 16608
40814 1 42461
40815 6 42697 36774 6113 12268 12486 10215
40816 3 34203 34633 28168
40817 0
40818 1 24863
40819 1 39956
40820 4 24344 29368 42268 40526
40821 4 11412 34079 44841 25502
40822 3 43835 17212 30496
40823 1 28200
40824 1 9811
40825 2 30023 24320
40826 1 33656
40827 4 28860 47091 17391 24216
40828 1 44155
40829 2 4761 7701
40830 0
40831 0
40832 4 49745 17343 36574 8649
40833 1 25841
40834 2 41415 39445
40835 5 10255 42134 25579 49671 2930
40836 3 6971 13471 12843
40837 2 40142 42227
40838 3 13800 43987 4333
40839 4 32124 3982 25047 34756
40840 1 32780
40841 3 47083 6184 20081
40842 3 31227 30729 11530
40843 1 14343
40844 6 27138 24265 5085 39394 49689 6289
40845 1 49887
40846 2 47874 17878
40847 1 29656
40848 1 43817
40849 0
40850 2 42363 48168
40851 4 22531 41274 6059 42842
40852 3 33467 20430 42993
40853 3 10521 16239 26763
40854 2 12070 28403
40855 4 18070 4152 10563 26295
40856 1 22744
40857 1 6806
40858 0
40859 2 7136 39216
40860 1 7886
40861 3 35523 6238 1253
40862 4 41010 18538 36757 14668
40863 0
40864 1 26422
40865 3 34357 34875 29560
40866 3 6032 15071 13261
40867 1 48194
40868 3 18781 26507 9992
40869 3 40793 29967 32696
40870 3 29387 11509 6208
40871 1 32371
40872 4 21684 25880 38860 19493
40873 2 1668 13475
40874 0
40875 0
40876 2 39384 28948
40877 0
40878 1 38772
40879 2 31895 27158
40880 3 47482 41158 10772
40881 0
40882 0
40883 2 28170 32955
40884 2 32132 25236
40885 0
40886 1 26922
40887 1 32312
40888 1 42506
40889 2 47712 35348
40890 4 211 20598 48873 38739
40891 2 16333 43045
40892 1 42749
40893 1 10879
40894 5 25889 34327 3268 19351 27941
40895 3 8379 11301 33437
40896 5 13344 49982 49837 27599 5568
40897 0
40898 2 26711 8028
40899 0
40900 1 41375
40901 1 18075
40902 1 32192
40903 0
40904 1 11820
40905 1 9008
40906 4 47582 8124 40020 28339
40907 1 22939
40908 0
40909 0
40910 5 12483 8634 49086 30436 7104
40911 3 3725 23775 43987
40912 2 21953 19574
40913 4 42733 28831 4952 25399
40914 2 40283 30546
40915 2 34051 24415
40916 2 16714 15343
40917 5 11850 37206 7233 8439 25684
40918 2 14957 45751
40919 2 1045 31760
40920 1 23420
40921 3 10354 18776 40241
40922 2 5451 1909
40923 2 27855 48975
40924 2 48925 39442
40925 1 24208
40926 1 45930
40927 2 8382 6253
40928 0
40929 0
40930 2 19315 18187
40931 3 47336 49843 23441
40932 3 31497 19883 46323
40933 0
40934 5 26482 43214 43565 9546 21244
40935 1 22317
40936 2 18503 43452
40937 1 37610
40938 1 9943
40939 1 33775
40940 0
40941 1 19216
40942 3 12145 8189 25781
40943 1 46925
40944 2 7977 43033
40945 0
40946 5 5741 28444 25322 33939 11993
40947 1 15405
40948 1 28307
40949 0
40950 0
40951 3 37762 49467 33936
40952 1 18130
40953 2 27231 40231
40954 2 24139 21747
40955 2 12021 40372
40956 3 13831 26377 45512
40957 2 48333 23926
40958 1 20791
40959 1 5111
40960 3 23780 13814 3198
40961 2 33642 44346
40962 2 42682 25408
40963 8 37417 28857 46513 27368 46660 15327 9693 1539
40964 1 41435
40965 2 12204 6201
40966 0
40967 3 25440 18355 11153
40968 1 38060
40969 2 47253 23664
40970 1 42803
40971 0
40972 3 15456 36396 37601
40973 3 9805 2389 3616
40974 1 24460
40975 4 36497 16634 12413 43611
40976 2 26568 4882
40977 2 32204 26469
40978 0
40979 2 8640 19308
40980 5 44241 38585 38428 17549 14235
40981 2 7427 24793
40982 3 8054 3769 711
40983 3 1850 17516 33865
40984 3 16558 37794 44321
40985 2 6639 39821
40986 2 35809 23205
40987 3 171 14702 29516
40988 1 19641
40989 3 3284 41405 16630
40990 0
40991 3 38961 47315 24850
40992 2 20491 36510
40993 0
40994 1 41805
40995 5 16600 38895 31314 7461 29884
40996 1 45316
40997 3 13709 317 31999
40998 0
40999 2 8031 1756
41000 2 39771 37986
41001 1 7779
41002 0
41003 3 6724 41365 2659
41004 1 17200
41005 2 22047 6610
41006 1 35452
41007 1 34951
41008 0
41009 2 18029 22540
41010 0
41011 0
41012 2 38306 29678
41013 2 48886 33819
41014 1 38678
41015 1 38375
41016 2 769 11087
41017 4 14748 47485 13586 3937
41018 2 26907 13916
41019 2 46513 3964
41020 0
41021 2 9299 21270
41022 0
41023 2 48071 39198
41024 5 18456 48651 45403 35430 23134
41025 2 28695 38496
41026 0
41027 3 36694 1170 8416
41028 4 16067 45687 24390 19247
41029 2 4407 8832
41030 0
41031 0
41032 2 11416 6798
41033 3 7294 48059 11620
41034 1 4361
41035 1 40115
41036 4 2510 24192 29213 18254
41037 1 6328
41038 6 15982 49882 18702 6810 40482 21122
41039 1 37910
41040 1 38527
41041 5 32750 3142 37618 35721 41136
41042 1 4433
41043 1 8154
41044 1 8140
41045 2 13224 26266
41046 3 41634 11363 33443
41047 2 9938 26538
41048 4 37129 47961 9006 22512
41049 1 28015
41050 4 37449 14751 34600 13523
41051 0
41052 1 31236
41053 3 23725 39423 37214
41054 0
41055 1 19577
41056 1 31761
41057 4 46571 1383 6049 43975
41058 2 37581 44029
41059 1 28875
41060 4 36914 37859 32281 13891
41061 2 22506 34682
41062 4 31955 17078 21091 4144
41063 4 47481 28043 40629 24744
41064 4 20566 16399 45995 34982
41065 1 7945
41066 2 9848 47177
41067 1 30512
41068 1 45733
41069 0
41070 2 7624 4265
41071 0
41072 1 48630
41073 1 9786
41074 2 10512 8606
41075 1 44195
41076 3 13633 8098 6899
41077 4 29690 933 46591 8866
41078 2 45659 38846
41079 5 49707 48157 32697 21911 36134
41080 1 11292
41081 1 38214
41082 2 13414 5920
41083 0
41084 1 47433
41085 2 16223 12879
41086 1 27058
41087 3 23136 35225 35192
41088 4 28775 45807 762 26450
41089 2 3682 16144
41090 3 41786 36599 13688
41091 2 26747 4617
41092 3 17723 42186 44670
41093 4 46305 36638 12613 1109
41094 3 16943 16403 23881
41095 3 26914 27870 49088
41096 3 36077 7067 4008
41097 2 23564 597
41098 3 18346 25050 30909
41099 1 344
41100 2 38274 29492
41101 1 422
41102 3 22551 36061 21336
41103 7 630 15820 10242 14443 31576 18196 33592
41104 1 13440
41105 1 34801
41106 0
41107 1 13870
41108 2 35795 20223
41109 3 41943 23366 10532
41110 0
41111 4 38887 3643 14314 3798
41112 2 43099 35315
41113 2 595 28145
41114 2 41012 15250
41115 2 17526 12670
41116 3 23157 41202 21736
41117 2 21724 5519
41118 2 1899 35132
41119 1 8663
41120 4 40587 37678 46285 27918
41121 3 31071 44635 17593
41122 0
41123 2 19337 4322
41124 4 23356 10710 26912 36583
41125 1 33591
41126 1 10011
41127 3 11104 26687 11987
41128 2 21675 30280
41129 1 19156
41130 1 12249
41131 2 13476 42417
41132 1 12540
41133 1 38104
41134 3 8657 13779 37276
41135 1 15132
41136 1 20880
41137 1 10736
41138 1 37555
41139 1 43128
41140 3 20659 11619 38999
41141 5 42295 16802 13831 21636 43856
41142 0
41143 2 18555 7487
41144 0
41145 1 37372
41146 2 18844 15559
41147 2 9686 29947
41148 4 32349 5640 44540 37075
41149 3 26450 2692 42388
41150 6 11409 34421 33695 9130 48706 45197
41151 3 2857 29836 38930
41152 2 6266 46950
41153 1 1937
41154 3 39708 32178 17384
41155 2 29700 4232
41156 0
41157 1 24010
41158 2 14040 19105
41159 2 39234 47540
41160 1 19412
41161 2 44846 30477
41162 1 34990
41163 0
41164 1 2150
41165 2 14182 32904
41166 0
41167 0
41168 3 47970 5398 11281
41169 2 30072 32445
41170 5 6478 44637 34353 27920 35225
41171 1 24645
41172 2 46493 23565
41173 2 46701 26208
41174 2 43075 1181
41175 0
41176 2 35206 34562
41177 0
41178 4 16643 33917 42264 41057
41179 3 30198 25617 5883
41180 2 24529 24599
41181 4 6989 31425 49499 19594
41182 3 12352 46244 13640
41183 4 9972 43148 3974 46191
41184 1 24556
41185 0
41186 2 24000 30381
41187 2 23567 3891
41188 0
41189 1 13752
41190 3 36031 42768 46524
41191 1 27775
41192 0
41193 1 28066
41194 2 29923 16956
41195 0
41196 4 2754 20482 13919 21296
41197 1 34485
41198 3 33758 7249 32317
41199 2 22104 2740
41200 2 26268 16281
41201 0
41202 3 6889 598 35744
41203 3 861 681 48346
41204 5 27028 47391 28557 10254 9283
41205 0
41206 3 31993 44812 10011
41207 5 28321 14100 9809 25163 7815
41208 0
41209 5 34508 49858 33699 42049 3816
41210 1 2511
41211 1 33359
41212 2 39108 15378
41213 0
41214 4 28303 4325 21906 47948
41215 2 10316 47494
41216 0
41217 3 47855 7719 3794
41218 3 21972 38971 41432
41219 1 25476
41220 3 43805 12400 31939
41221 2 28019 31734
41222 1 36955
41223 3 26592 25475 38201
41224 4 23 32808 29226 8818
41225 0
41226 5 25718 21635 46927 26339 41335
41227 5 44013 27077 13940 38134 29677
41228 3 28954 46906 7695
41229 3 15246 34492 4931
41230 4 4225 28361 40068 47478
41231 1 33556
41232 1 197
41233 1 4325
41234 1 14270
41235 4 36509 32901 8081 40071
41236 0
41237 3 40351 37081 39524
41238 3 4194 143 25424
41239 1 38106
41240 3 4966 45776 20915
41241 1 1499
41242 1 22157
41243 4 46705 44464 31761 10272
41244 5 14708 20226 39207 38850 32042
41245 4 45992 28382 8727 49157
41246 0
41247 1 29344
41248 2 49437 41237
41249 2 17300 29597
41250 4 14522 30310 44707 8090
41251 2 16963 3152
41252 1 15033
41253 3 15 43666 18275
41254 1 44873
41255 1 41916
41256 0
41257 2 15879 25639
41258 1 8513
41259 5 32404 14114 43838 48273 11449
41260 1 12266
41261 1 21414
41262 0
41263 5 45817 35653 31369 11648 4176
41264 2 44288 36889
41265 2 12490 23517
41266 4 30452 6432 27592 29820
41267 0
41268 1 1034
41269 3 12135 26960 16611
41270 2 19199 28601
41271 1 13840
41272 1 10307
41273 5 7710 2474 30078 46988 33231
41274 2 40069 43887
41275 4 6213 34808 29544 22412
41276 0
41277 1 9900
41278 2 36999 9845
41279 2 47519 28578
41280 2 42082 47427
41281 2 20870 16918
41282 1 14662
41283 3 25221 45434 46234
41284 2 3366 15092
41285 2 39585 16491
41286 3 3147 15603 28503
41287 1 31733
41288 2 36837 48325
41289 0
41290 3 43866 33792 47187
41291 4 13298 35774 7897 12930
41292 4 15483 26165 1958 43814
41293 4 42863 12467 1952 46836
41294 0
41295 3 33500 26285 492
41296 2 21433 31358
41297 3 30968 11615 3303
41298 3 4922 19395 46543
41299 1 16087
41300 3 29726 26290 27719
41301 2 31665 44711
41302 2 45209 12364
41303 2 39245 36031
41304 1 45341
41305 1 34169
41306 2 31783 3953
41307 0
41308 1 32751
41309 2 40763 42248
41310 3 46773 13305 18502
41311 1 18472
41312 3 15432 29725 1228
41313 3 30485 46706 14106
41314 1 38058
41315 3 5568 39295 31580
41316 1 5528
41317 3 42563 11057 24234
41318 1 19045
41319 1 29581
41320 2 35063 9588
41321 6 48987 33594 9383 42979 5247 37399
41322 2 18823 14700
41323 2 29316 29681
41324 2 44173 7252
41325 0
41326 5 10387 38140 42116 11617 38267
41327 3 6039 19145 3528
41328 3 11928 1282 28979
41329 1 760
41330 2 35635 3208
41331 4 35768 18846 520 41589
41332 3 1420 33643 3452
41333 2 34314 29886
41334 2 18869 1729
41335 1 27237
41336 1 1846
41337 1 39721
41338 1 10461
41339 2 8004 22565
41340 1 37448
41341 2 46256 24765
41342 4 8232 9009 44991 11854
41343 1 29450
41344 1 1196
41345 1 34396
41346 2 20032 41364
41347 1 36570
41348 1 48485
41349 1 13089
41350 2 4378 10016
41351 2 20412 41809
41352 4 31550 36919 22997 30467
41353 0
41354 0
41355 2 12443 23287
41356 2 46742 24271
41357 1 37337
41358 1 47509
41359 1 26159
41360 1 6502
41361 2 42903 19990
41362 4 17933 36931 19334 30592
41363 2 34727 28371
41364 2 10052 39500
41365 2 16456 1026
41366 0
41367 0
41368 5 10270 45616 40254 32759 4607
41369 4 47004 27044 3665 41382
41370 2 14773 40613
41371 0
41372 1 41407
41373 2 27579 32910
41374 1 44076
41375 2 15896 182
41376 2 35905 1
41377 2 33105 45359
41378 5 4072 33156 18181 48461 16979
41379 2 32572 11705
41380 3 11196 45833 40852
41381 4 4243 798 33250 6649
41382 3 34824 38174 6832
41383 0
41384 2 45839 22694
41385 3 12058 13302 22940
41386 1 846
41387 1 24915
41388 1 28766
41389 2 26915 1116
41390 3 30241 46250 10838
41391 2 41484 15745
41392 4 6331 4317 8310 20206
41393 4 35380 41689 25211 39218
41394 1 40212
41395 0
41396 4 47578 31938 47764 554
41397 0
41398 2 14650 46767
41399 0
41400 3 18225 22224 9117
41401 1 38901
41402 3 22743 49197 45358
41403 1 25718
41404 1 14940
41405 2 48260 23802
41406 3 23321 39423 9839
41407 0
41408 4 20200 9651 9241 17711
41409 4 24195 11456 14478 23245
41410 3 6876 27083 19622
41411 2 13775 32217
41412 1 32305
41413 4 112 46759 47586 23008
41414 2 44468 30474
41415 0
41416 3 17192 16405 26151
41417 2 29989 23979
41418 0
41419 2 21541 28205
41420 0
41421 2 36245 18225
41422 3 25008 41847 30066
41423 2 30706 49900
41424 1 38800
41425 3 43303 38837 29185
41426 1 42986
41427 6 13643 5288 35355 49609 17746 36193
41428 3 30633 28545 37319
41429 3 8900 46190 23750
41430 0
41431 2 9114 21721
41432 4 44176 41205 16359 35317
41433 0
41434 0
41435 1 18913
41436 3 13804 39094 49947
41437 0
41438 1 17965
41439 1 6686
41440 3 38989 36994 8399
41441 1 15798
41442 3 46769 26889 28293
41443 2 28772 16364
41444 3 28280 36945 20640
41445 4 4502 20487 2636 22346
41446 5 45126 39847 27298 35594 49403
41447 2 6066 4306
41448 1 14818
41449 2 25114 43508
41450 3 43694 4701 35457
41451 4 23039 16184 14861 18151
41452 0
41453 3 14230 21780 49405
41454 3 12721 39939 36913
41455 4 6133 30645 20306 19928
41456 2 15201 22584
41457 2 855 8226
41458 2 1943 19298
41459 0
41460 2 12042 28738
41461 1 35968
41462 3 33063 8780 232
41463 2 10860 14955
41464 2 17317 3320
41465 2 38001 3103
41466 2 11592 4859
41467 2 40509 23167
41468 0
41469 0
41470 7 26505 23562 5920 20270 28757 23683 33918
41471 3 36206 38853 26664
41472 1 35429
41473 0
41474 2 31508 46644
41475 2 45667 31696
41476 1 29462
41477 3 4752 44386 7944
41478 1 40322
41479 2 8698 12435
41480 5 25920 23046 19662 21277 44087
41481 2 18085 22023
41482 2 37589 25992
41483 2 7376 19808
41484 1 46750
41485 3 1852 44408 12771
41486 3 29763 18086 30570
41487 0
41488 2 24095 34501
41489 1 12770
41490 1 34346
41491 1 15997
41492 1 17114
41493 4 16501 14175 4519 29724
41494 0
41495 1 42013
41496 2 12749 11422
41497 3 29664 12526 38765
41498 2 24812 48260
41499 3 29871 38049 20938
41500 1 26020
41501 0
41502 5 18319 2826 15463 33657 6273
41503 2 17843 43810
41504 3 28102 22976 5257
41505 1 2865
41506 0
41507 3 16832 28838 37127
41508 1 41031
41509 2 29760 33528
41510 0
41511 3 10069 20537 40907
41512 2 17024 16376
41513 2 45808 19940
41514 2 44085 46828
41515 0
41516 3 31487 7363 38450
41517 2 40096 2234
41518 0
41519 0
41520 3 11147 8548 17415
41521 3 14109 17599 8764
41522 2 14214 49282
41523 2 41987 46225
41524 1 41709
41525 0
41526 1 18898
41527 2 33647 46371
41528 1 36525
41529 2 11018 17578
41530 3 14607 20980 4590
41531 0
41532 5 15743 9685 47641 4961 10101
41533 2 3219 23575
41534 5 46219 31874 36094 21398 9152
41535 2 33653 9133
41536 3 40384 34576 40957
41537 4 33549 13831 17835 22725
41538 1 29162
41539 3 47950 23720 7008
41540 2 37849 10493
41541 1 24452
41542 0
41543 4 2027 31835 24204 35151
41544 1 40137
41545 2 40907 5474
41546 1 22439
41547 2 1177 1401
41548 3 4499 30205 22692
41549 3 19775 17873 7820
41550 3 11526 23361 40075
41551 2 42499 11168
41552 6 43546 38988 29388 11581 5051 25700
41553 3 47606 41617 47748
41554 4 46534 4705 9999 42634
41555 2 2580 13552
41556 1 35199
41557 1 5858
41558 1 8785
41559 0
41560 3 14258 48679 18001
41561 0
41562 3 36172 15991 16210
41563 5 22908 22585 46295 38275 31118
41564 2 22842 23832
41565 0
41566 1 45469
41567 3 23599 8739 33439
41568 0
41569 2 19578 44802
41570 2 25438 26437
41571 2 9724 47784
41572 4 23196 2017 36865 45909
41573 4 9173 44689 48095 27782
41574 1 11653
41575 2 32736 30057
41576 2 35207 27471
41577 4 27762 42196 8680 9297
41578 3 19984 26337 2808
41579 0
41580 0
41581 1 36622
41582 2 49227 47480
41583 3 42730 31732 16681
41584 1 45283
41585 3 26687 33704 44455
41586 1 23783
41587 4 4705 6413 40612 24682
41588 0
41589 1 9505
41590 4 38890 25319 15163 11403
41591 3 42712 29844 43279
41592 1 40024
41593 7 39883 43153 31444 13174 21033 35439 11381
41594 1 39694
41595 3 28622 18662 19411
41596 0
41597 1 26819
41598 2 12105 9849
41599 2 35922 13480
41600 1 34935
41601 3 24473 5425 43332
41602 2 2444 11993
41603 6 45247 26274 49090 45034 580 7234
41604 0
41605 2 19204 7490
41606 0
41607 1 33652
41608 1 48604
41609 0
41610 1 40467
41611 1 30774
41612 4 37535 47746 14365 37809
41613 0
41614 4 17597 14586 3822 12932
41615 1 14663
41616 4 10590 37451 16464 44780
41617 0
41618 5 9875 43183 45926 44162 5895
41619 3 5067 21355 4189
41620 3 28368 45408 31276
41621 3 3227 8811 32873
41622 2 28642 4697
41623 3 43985 35672 3771
41624 4 16889 32414 9001 2400
41625 3 347 2365 1076
41626 1 782
41627 2 5203 16051
41628 1 2813
41629 2 9319 42409
41630 1 17280
41631 1 45623
41632 2 35801 36116
41633 1 19882
41634 2 48987 21858
41635 2 427 19914
41636 2 11691 37000
41637 2 34046 25438
41638 1 29456
41639 3 6189 47867 36107
41640 1 28361
41641 1 27098
41642 1 13919
41643 3 44672 9101 15312
41644 1 43943
41645 1 21332
41646 4 22931 20031 16228 25047
41647 3 701 44660 3617
41648 2 894 15593
41649 3 10199 42724 47622
41650 1 33506
41651 3 20593 14534 28633
41652 2 41395 12413
41653 2 14976 29516
41654 1 35531
41655 1 31574
41656 0
41657 2 35533 35254
41658 1 23816
41659 0
41660 3 26736 43188 49719
41661 1 27615
41662 1 30225
41663 0
41664 2 35513 8454
41665 2 25115 48876
41666 2 15678 12858
41667 1 5474
41668 3 34254 28642 27582
41669 3 4230 16476 45408
41670 1 19035
41671 0
41672 1 3103
41673 3 29713 29670 49248
41674 0
41675 0
41676 2 41883 16485
41677 1 40615
41678 0
41679 1 16033
41680 5 19424 39121 24393 39205 35118
41681 2 19342 20638
41682 2 14701 30905
41683 1 10216
41684 3 32562 18324 32609
41685 2 13543 19995
41686 1 35851
41687 4 44296 7204 35283 26140
41688 2 38443 31504
41689 0
41690 4 2509 27045 13098 23535
41691 2 21667 14082
41692 3 19260 34167 21036
41693 3 13467 2758 7817
41694 0
41695 4 38153 28261 161 43636
41696 2 18429 14911
41697 2 20737 45981
41698 3 3397 20796 28053
41699 5 9182 17771 40385 32045 41474
41700 2 9986 12694
41701 3 39999 26032 7329
41702 1 48770
41703 1 34723
41704 0
41705 1 9328
41706 0
41707 1 46873
41708 1 45539
41709 2 3263 38173
41710 4 32487 38386 6098 21444
41711 4 13844 2945 21889 32303
41712 0
41713 0
41714 0
41715 3 12105 1026 16822
41716 1 16359
41717 2 42467 2320
41718 2 26164 3283
41719 6 42327 4251 7419 7373 12561 30122
41720 3 48442 9611 23115
41721 4 7230 5548 7745 37680
41722 3 26199 17032 30040
41723 1 23160
41724 3 25953 8997 36803
41725 3 39836 6608 17070
41726 0
41727 1 23149
41728 1 28045
41729 1 31356
41730 2 5002 12591
41731 1 35105
41732 2 14726 29247
41733 2 32743 40114
41734 2 7221 13722
41735 2 48497 23487
41736 2 3236 43544
41737 4 9281 12078 45101 13316
41738 3 12783 25460 23770
41739 3 23939 8021 17784
41740 0
41741 2 20599 49890
41742 1 17537
41743 4 46851 15148 19939 39729
41744 1 16441
41745 3 48500 9997 13404
41746 2 12853 12797
41747 2 18356 37760
41748 2 40474 10816
41749 1 38975
41750 4 11514 2744 1142 37724
41751 3 2706 40130 15015
41752 2 16548 5359
41753 1 16840
41754 3 28117 23135 49861
41755 2 3885 2875
41756 3 30455 37550 4037
41757 2 42561 45800
41758 2 4560 31827
41759 0
41760 0
41761 1 33138
41762 5 14928 4243 25185 24484 44980
41763 1 4539
41764 4 12382 22389 3662 26298
41765 4 19226 15780 44842 45627
41766 3 22271 6240 23443
41767 2 34120 35884
41768 2 12357 33572
41769 4 43556 1599 30243 9584
41770 1 20138
41771 1 39695
41772 2 9063 46477
41773 1 37491
41774 0
41775 6 19854 26349 17609 13734 34123 4910
41776 1 48122
41777 0
41778 1 45394
41779 3 9328 41432 37308
41780 5 24544 16409 17143 5361 6980
41781 4 273 679 10491 46466
41782 1 2111
41783 2 27894 37249
41784 0
41785 4 42789 42822 19892 42303
41786 2 48582 37583
41787 1 23312
41788 1 1834
41789 2 17797 28621
41790 1 14834
41791 1 3268
41792 1 13245
41793 1 246
41794 2 7857 44092
41795 1 28276
41796 0
41797 3 29076 21198 41740
41798 5 34974 31072 17318 34025 9912
41799 1 17712
41800 3 14703 25150 26188
41801 3 25196 1173 9980
41802 1 46981
41803 2 14594 46385
41804 2 5440 8038
41805 2 37755 45596
41806 5 3832 26922 4972 32059 33017
41807 1 22359
41808 2 36501 44394
41809 2 37256 42503
41810 2 32909 9068
41811 1 26094
41812 1 39281
41813 2 34296 45080
41814 3 46790 48649 33073
41815 2 6241 24028
41816 1 40836
41817 4 29236 49977 15656 21997
41818 2 21896 20655
41819 1 22198
41820 1 6344
41821 2 7475 3240
41822 0
41823 0
41824 1 46273
41825 0
41826 3 14166 1999 7659
41827 1 20974
41828 2 47738 9165
41829 0
41830 0
41831 1 49496
41832 3 6392 5259 46418
41833 3 350 19796 48900
41834 2 19137 14398
41835 1 29646
41836 2 34069 21316
41837 0
41838 2 11470 19950
41839 3 45345 2389 3575
41840 0
41841 2 37718 23898
41842 1 9395
41843 4 49187 30086 46280 16757
41844 1 22072
41845 3 2239 43685 15510
41846 5 2879 9375 18295 3744 376
41847 3 38362 29942 10049
41848 1 5173
41849 0
41850 1 7923
41851 2 34823 12167
41852 0
41853 1 24247
41854 0
41855 4 4440 41130 902 39277
41856 1 3947
41857 5 47539 20191 32448 4585 7644
41858 0
41859 0
41860 3 12799 7129 26156
41861 2 48747 45168
41862 1 19871
41863 1 23670
41864 1 14450
41865 0
41866 2 10369 12101
41867 2 29231 16113
41868 2 40974 46713
41869 1 10823
41870 3 40432 15340 42250
41871 2 22540 33696
41872 2 14547 4468
41873 0
41874 3 32535 4676 16617
41875 2 1589 48864
41876 1 6483
41877 3 43055 35744 10457
41878 6 17853 9822 17709 4576 47479 24653
41879 2 46114 11137
41880 0
41881 1 19842
41882 1 37892
41883 2 42996 28977
41884 0
41885 2 26057 6868
41886 2 24075 20311
41887 0
41888 6 48705 37155 42498 20194 46004 27633
41889 3 35625 36118 42688
41890 3 3943 15767 20752
41891 2 26881 32536
41892 1 19294
41893 6 6553 21635 3423 29036 48083 43723
41894 2 18324 44949
41895 2 40712 37203
41896 3 42181 38482 44978
41897 3 32755 5886 47416
41898 4 51 31512 25276 4654
41899 2 47180 33426
41900 1 26623
41901 5 2122 11328 47107 46914 1029
41902 5 6080 8252 32042 39190 7612
41903 0
41904 0
41905 1 26646
41906 4 4950 21656 22119 5644
41907 3 27508 47849 7436
41908 2 2411 47969
41909 1 24823
41910 1 1597
41911 3 31858 49709 15559
41912 0
41913 3 3920 18026 42387
41914 3 10935 23382 37341
41915 3 10072 16168 13580
41916 4 41482 35023 42456 14204
41917 3 14852 93 28012
41918 2 4034 14299
41919 2 16551 48876
41920 2 40677 5371
41921 2 33907 1358
41922 1 26946
41923 1 30526
41924 1 26490
41925 4 49984 37417 47206 9917
41926 3 34038 18390 22247
41927 3 5673 41064 26392
41928 2 12351 18819
41929 2 10620 40708
41930 2 38010 30039
41931 0
41932 5 32986 13675 20909 14009 26577
41933 0
41934 1 8460
41935 3 4234 13264 8243
41936 4 6217 27278 45988 4281
41937 6 30454 49153 222 37838 49229 37966
41938 1 39013
41939 1 9852
41940 5 44076 21102 23266 27136 5045
41941 2 37910 35950
41942 3 7601 29288 44054
41943 1 29374
41944 4 31246 14045 18887 27997
41945 1 7896
41946 3 3609 10162 32258
41947 3 4322 20609 11611
41948 0
41949 4 4380 41255 38741 18026
41950 4 1978 37843 7082 12466
41951 5 11887 8162 36859 1614 43427
41952 1 15408
41953 3 2776 30091 44098
41954 1 39349
41955 2 22271 14376
41956 3 47444 13798 9678
41957 2 9231 33616
41958 1 4134
41959 2 7415 43285
41960 2 36632 36120
41961 3 14411 11024 36090
41962 3 37059 45543 2460
41963 2 6025 37783
41964 2 32306 11642
41965 1 32855
41966 0
41967 7 2799 2456 5488 19202 32536 49181 26187
41968 1 48790
41969 1 11890
41970 0
41971 3 24833 20414 8432
41972 0
41973 3 25408 21260 12412
41974 3 27520 37956 10754
41975 4 17996 9385 27249 15834
41976 0
41977 4 23451 21759 48395 16906
41978 1 5374
41979 1 5151
41980 3 38217 3923 45859
41981 2 43732 9190
41982 1 34236
41983 1 26947
41984 0
41985 1 12172
41986 0
41987 1 5245
41988 3 19370 12144 16191
41989 0
41990 3 35803 28282 18583
41991 0
41992 0
41993 1 21167
41994 3 40345 5084 23616
41995 1 39142
41996 3 14821 8556 6753
41997 3 15047 34379 22928
41998 1 6961
41999 0
42000 2 36741 13499
42001 2 47543 35392
42002 2 18186 37169
42003 3 2032 17287 9176
42004 2 5808 5441
42005 2 606 35972
42006 2 41203 3675
42007 0
42008 0
42009 2 7348 9603
42010 1 38784
42011 1 16445
42012 3 3531 39094 24014
42013 4 15178 21879 36566 17459
42014 3 13785 23525 13212
42015 4 19413 15796 17987 20138
42016 6 44856 19538 21477 28929 40490 17057
42017 3 13395 7312 794
42018 0
42019 3 23276 13789 5494
42020 3 16672 18431 32429
42021 1 15237
42022 1 35661
42023 3 27888 4597 15755
42024 3 9440 8512 5118
42025 1 44796
42026 2 43921 16452
42027 0
42028 1 6860
42029 2 7575 36283
42030 5 23968 22305 25182 16435 12234
42031 3 13220 33837 17823
42032 0
42033 2 4508 166
42034 4 8000 8656 39715 26271
42035 3 44699 5006 12908
42036 3 16855 7698 42942
42037 0
42038 2 1256 30903
42039 1 34619
42040 2 23662 26016
42041 1 41766
42042 1 26540
42043 1 24195
42044 3 42313 49482 22350
42045 4 4832 32074 28451 9693
42046 0
42047 2 21822 32510
42048 0
42049 2 43121 7539
42050 2 7783 13241
42051 3 29197 47213 22044
42052 2 3321 1198
42053 4 19976 19348 32960 19861
42054 1 46163
42055 1 13414
42056 3 41584 32198 49393
42057 4 14948 40517 32725 21559
42058 1 14200
42059 0
42060 0
42061 2 3438 29395
42062 0
42063 3 33072 4799 15455
42064 2 16897 2756
42065 0
42066 2 47117 19300
42067 3 20632 15345 30531
42068 2 12340 41848
42069 1 13376
42070 1 11094
42071 0
42072 1 42176
42073 2 42251 2726
42074 2 8330 11352
42075 2 30619 52
42076 3 3243 39295 20718
42077 1 17886
42078 0
42079 2 27875 7141
42080 1 43037
42081 2 46696 30132
42082 2 3693 269
42083 3 45142 5705 17191
42084 2 45056 23829
42085 2 4414 31247
42086 2 43719 46781
42087 5 31842 38117 16417 33467 5632
42088 1 35915
42089 3 16663 21715 5673
42090 3 18652 6882 14689
42091 2 12749 15074
42092 1 11273
42093 1 26730
42094 1 28028
42095 1 35550
42096 1 39026
42097 1 47328
42098 1 2699
42099 3 1911 39930 31231
42100 1 27784
42101 2 7147 3795
42102 2 6880 28367
42103 2 9871 28095
42104 2 21415 39153
42105 3 6101 18720 33641
42106 5 3975 12520 36903 14216 42314
42107 1 6366
42108 0
42109 2 9610 2038
42110 0
42111 4 23144 13985 16311 45608
42112 1 17756
42113 4 23191 14332 21954 22927
42114 4 9822 20636 2752 30632
42115 0
42116 2 22571 32628
42117 0
42118 3 10039 5154 18441
42119 0
42120 0
42121 3 17347 42822 26238
42122 2 8676 45099
42123 1 8624
42124 3 18511 37964 37600
42125 3 33104 22170 30030
42126 3 31670 4255 25415
42127 0
42128 3 4442 48850 9187
42129 2 39374 30242
42130 2 20980 40791
42131 2 45091 49613
42132 2 35983 47075
42133 2 32895 34923
42134 4 38709 12916 697 47667
42135 1 11397
42136 1 27691
42137 1 22749
42138 3 43111 30499 2143
42139 0
42140 2 46152 46620
42141 2 2182 11761
42142 2 35636 46303
42143 4 40261 28532 5366 10315
42144 3 9353 3858 11004
42145 2 40824 34962
42146 1 4892
42147 1 22069
42148 0
42149 1 39943
42150 1 21001
42151 2 34469 15088
42152 2 25339 1257
42153 2 34676 13395
42154 1 7870
42155 1 23050
42156 5 1231 37866 5927 44945 364
42157 0
42158 1 45459
42159 0
42160 3 14390 33083 4931
42161 1 47478
42162 3 40285 11637 47016
42163 3 6575 22723 31937
42164 2 48173 2756
42165 2 12232 26580
42166 1 39486
42167 1 3504
42168 3 5394 32234 1887
42169 1 23389
42170 5 14776 47503 29659 12809 1546
42171 2 36277 7273
42172 2 44262 48294
42173 1 41753
42174 4 43055 46525 26390 49945
42175 1 39950
42176 4 19025 22800 16759 7907
42177 2 44067 29115
42178 1 38652
42179 2 30404 19607
42180 0
42181 0
42182 0
42183 3 28001 48928 9244
42184 7 36016 8745 39090 18232 21097 32436 13505
42185 4 19672 26190 9813 27064
42186 4 15248 427 5608 36825
42187 4 2149 34154 34872 1145
42188 2 39746 46244
42189 2 33399 35751
42190 1 29107
42191 5 42299 30280 1813 30006 1851
42192 2 40545 1084
42193 2 11817 18708
42194 2 3818 45360
42195 2 13975 27748
42196 1 49142
42197 2 22070 10837
42198 1 4197
42199 0
42200 1 20713
42201 1 19045
42202 1 10114
42203 3 24771 7160 40127
42204 3 35436 8548 47633
42205 0
42206 2 24542 7943
42207 0
42208 0
42209 0
42210 4 47259 43063 8022 44934
42211 2 45158 35254
42212 3 49914 10575 44408
42213 4 14866 42588 11090 3784
42214 4 14864 15876 22205 22016
42215 1 31256
42216 1 31096
42217 2 4436 47524
42218 0
42219 3 30778 21328 15037
42220 2 17232 30323
42221 0
42222 5 11618 27328 44948 16530 26217
42223 3 18647 47530 18471
42224 3 34591 2118 13996
42225 2 11400 28106
42226 0
42227 1 34885
42228 2 4038 48145
42229 3 1056 11028 5533
42230 3 714 11673 42511
42231 4 36162 543 8068 7901
42232 4 19349 15634 5394 34692
42233 2 8859 9916
42234 1 28386
42235 3 12978 15558 25879
42236 1 23127
42237 0
42238 2 26476 32547
42239 1 49608
42240 3 1041 31251 43477
42241 4 40702 2172 4585 9216
42242 2 497 25499
42243 1 41903
42244 1 13518
42245 3 41843 13449 37422
42246 0
42247 2 8392 21425
42248 1 3234
42249 0
42250 2 16343 2829
42251 3 33050 20938 32038
42252 0
42253 2 21537 5503
42254 2 39528 3797
42255 0
42256 1 22070
42257 2 27069 8000
42258 3 49721 43892 38527
42259 3 20894 42525 38540
42260 0
42261 2 9755 34105
42262 0
42263 3 15087 21314 21578
42264 3 4 25415 45338
42265 4 43392 49596 29227 14317
42266 1 5259
42267 3 46706 45490 19852
42268 0
42269 2 11359 19564
42270 2 23069 25896
42271 1 42058
42272 0
42273 3 49971 39013 9487
42274 1 39984
42275 2 26649 38582
42276 2 2273 37462
42277 3 3493 10040 39005
42278 1 17865
42279 2 40233 37427
42280 4 41075 9768 11063 6002
42281 2 43831 104
42282 5 21405 29497 21287 3070 36277
42283 2 28398 38048
42284 2 20876 46493
42285 4 17102 40780 13480 28274
42286 4 49588 47566 43253 37836
42287 1 30072
42288 1 12766
42289 4 27620 21858 40954 36690
42290 2 42397 7161
42291 4 14427 47449 42215 45759
42292 2 23547 33152
42293 0
42294 2 26848 12720
42295 3 1861 13048 18500
42296 2 2108 42312
42297 2 13257 17573
42298 3 27526 11954 4636
42299 0
42300 1 19930
42301 1 20897
42302 3 13309 19256 28816
42303 2 27365 23823
42304 1 42916
42305 1 48887
42306 3 14077 29216 18991
42307 4 34743 32199 5807 19781
42308 0
42309 2 33501 32960
42310 4 23877 9583 26257 9957
42311 1 44202
42312 0
42313 4 14750 42180 19695 45955
42314 3 45631 10112 310
42315 0
42316 2 3131 49515
42317 3 39541 8753 32140
42318 4 9502 18113 34594 35318
42319 2 47270 31944
42320 5 38817 12722 44890 48975 20160
42321 2 43059 914
42322 2 3513 32334
42323 0
42324 4 7182 36188 7887 41117
42325 2 2312 17345
42326 2 7787 18737
42327 4 14240 26529 23603 3862
42328 1 28556
42329 5 29526 21818 43905 38556 29086
42330 1 32235
42331 0
42332 2 28386 24337
42333 1 13972
42334 3 26942 31299 29927
42335 4 29867 36067 36229 21183
42336 1 49462
42337 5 41873 25796 26204 9401 28024
42338 0
42339 1 7209
42340 2 11653 5014
42341 1 5
42342 2 46270 21984
42343 4 46490 22661 8736 36546
42344 0
42345 5 33100 25776 25568 22267 6599
42346 3 8887 34852 520
42347 2 45052 3977
42348 3 24352 32523 26222
42349 5 29728 3595 43137 13939 38240
42350 2 28067 8024
42351 3 4652 8356 21418
42352 3 2077 24942 24006
42353 1 23862
42354 3 47963 13339 17696
42355 1 1994
42356 2 40370 43472
42357 3 46207 46293 30348
42358 5 5196 40140 31677 36799 23188
42359 2 28881 17509
42360 2 6094 3633
42361 2 32464 30105
42362 1 26772
42363 0
42364 0
42365 2 1794 16659
42366 1 11339
42367 3 42682 7323 1427
42368 1 26855
42369 0
42370 2 36484 14775
42371 2 30003 1730
42372 2 1064 36955
42373 2 44339 44314
42374 2 32053 18622
42375 1 18353
42376 2 37257 11320
42377 4 1531 49470 41461 8225
42378 0
42379 4 48232 15721 43320 27049
42380 6 17752 24144 18138 6748 49242 40773
42381 2 23820 25039
42382 1 11574
42383 1 34502
42384 5 23669 21171 49326 14927 21093
42385 2 41211 35846
42386 0
42387 2 40241 24859
42388 3 42277 38456 19661
42389 3 13370 20168 44757
42390 1 28557
42391 0
42392 2 3614 22700
42393 3 18959 13951 44918
42394 3 33161 29630 29566
42395 0
42396 4 44645 46019 41024 16124
42397 1 20406
42398 4 23619 12134 36253 48610
42399 2 31530 35205
42400 2 25527 47730
42401 1 46571
42402 1 15137
42403 1 32538
42404 2 45287 31278
42405 0
42406 1 21747
42407 3 46007 11241 27414
42408 2 26298 6238
42409 3 28471 43354 30750
42410 2 5591 14317
42411 2 20540 9064
42412 2 20145 44632
42413 1 17963
42414 1 16311
42415 2 26492 34764
42416 1 46390
42417 1 1878
42418 1 47969
42419 0
42420 1 5199
42421 2 24288 26127
42422 2 13602 32295
42423 2 4902 35606
42424 0
42425 4 5767 47378 22662 42747
42426 1 15177
42427 3 44381 43352 12909
42428 1 28530
42429 0
42430 4 22959 43437 46098 18044
42431 2 34849 28326
42432 2 6925 32045
42433 5 7617 25669 4570 15141 12492
42434 0
42435 7 1702 2781 12990 8825 14648 24750 10216
42436 1 45560
42437 5 10476 7176 16257 29985 44374
42438 2 43560 10360
42439 7 49809 35193 43472 35126 26447 33496 35392
42440 0
42441 3 16090 12836 19436
42442 3 33920 25826 38057
42443 1 40324
42444 1 2652
42445 2 44749 29240
42446 0
42447 2 47135 536
42448 2 27306 33072
42449 4 28898 49721 26808 1290
42450 1 17806
42451 1 17995
42452 2 26227 36949
42453 3 21243 10140 29112
42454 0
42455 5 10950 6527 17614 36895 17470
42456 4 23289 16680 38251 17673
42457 1 44043
42458 1 26515
42459 1 28335
42460 1 10302
42461 2 19116 25149
42462 2 1616 7021
42463 1 21553
42464 1 4027
42465 1 32984
42466 2 29328 27793
42467 1 13469
42468 3 14853 38972 49429
42469 5 3128 44689 22889 21879 13768
42470 1 49682
42471 1 24540
42472 1 22981
42473 0
42474 2 29100 5570
42475 1 3395
42476 2 16011 41644
42477 2 42176 33820
42478 3 20836 32941 18289
42479 0
42480 4 7951 3206 30026 16488
42481 4 48381 33727 25739 34529
42482 1 8941
42483 1 28002
42484 2 15011 15156
42485 2 40180 49546
42486 3 35672 43582 15240
42487 2 43884 32101
42488 1 48149
42489 2 43729 40534
42490 2 19907 26761
42491 1 17220
42492 3 11352 33800 29668
42493 4 7370 19717 43302 363
42494 3 40394 15227 48650
42495 6 33355 38579 28158 2669 39565 4627
42496 3 13109 48524 35895
42497 1 47935
42498 2 32477 5485
42499 1 26010
42500 2 2351 5271
42501 6 12355 44596 31816 37009 41537 22640
42502 2 23938 44827
42503 3 42323 35130 20657
42504 2 39641 19337
42505 3 35903 24332 13023
42506 2 14434 31660
42507 2 10862 12790
42508 1 29531
42509 0
42510 3 11355 3967 23182
42511 1 25432
42512 2 13295 20337
42513 2 25094 47589
42514 0
42515 3 38824 17046 48024
42516 5 8401 27521 36203 21785 3975
42517 1 3123
42518 3 27706 33998 45009
42519 3 30041 15949 4022
42520 2 31414 30625
42521 2 27566 18065
42522 2 36275 12448
42523 1 860
42524 2 572 19377
42525 4 43629 34560 15787 28153
42526 1 44495
42527 1 41906
42528 4 7539 46516 5809 8812
42529 0
42530 2 15806 27119
42531 2 43502 7919
42532 3 49058 48693 48280
42533 3 27265 48866 43432
42534 0
42535 3 40838 12097 32189
42536 3 16076 22555 36032
42537 3 46773 34953 19237
42538 3 21262 48099 43083
42539 0
42540 1 22836
42541 3 45346 36411 21552
42542 0
42543 3 19977 4553 8098
42544 3 48984 27416 7220
42545 3 14364 30641 46223
42546 3 4098 11434 2591
42547 3 6571 19550 5703
42548 2 19301 37972
42549 2 37598 26770
42550 4 19075 8861 12557 3473
42551 0
42552 0
42553 1 12201
42554 2 25953 14356
42555 1 14575
42556 2 278 46316
42557 0
42558 1 6941
42559 4 19160 34026 28761 25327
42560 4 36195 3612 9852 46554
42561 0
42562 2 33285 8588
42563 0
42564 2 25676 33046
42565 0
42566 2 35421 16679
42567 3 3700 13267 46653
42568 4 10361 31394 42536 46825
42569 3 8455 26241 48698
42570 0
42571 4 19241 34345 44626 2823
42572 3 31163 21700 27865
42573 2 46714 8463
42574 5 26916 5617 21346 5524 8668
42575 2 24155 40808
42576 4 38643 31538 4535 21632
42577 1 14172
42578 0
42579 1 820
42580 3 794 43651 33999
42581 0
42582 3 20335 17508 29985
42583 3 7050 22119 21215
42584 3 5257 2023 9336
42585 1 21166
42586 1 38342
42587 6 46915 24971 23844 19543 39251 28062
42588 1 4617
42589 3 39596 6337 1824
42590 1 2931
42591 1 39731
42592 3 41571 27403 47810
42593 1 34208
42594 1 36077
42595 0
42596 4 37491 1117 21287 2246
42597 1 44647
42598 0
42599 2 552 15710
42600 1 31947
42601 2 48379 40888
42602 1 35661
42603 0
42604 1 6448
42605 0
42606 2 37583 20013
42607 3 15744 34780 37640
42608 0
42609 3 25035 7870 27947
42610 4 31440 44615 6725 41684
42611 1 48436
42612 3 20884 6441 34302
42613 2 10038 6422
42614 4 273 39374 47538 46569
42615 2 6400 35275
42616 0
42617 3 41158 35685 46692
42618 2 24894 37907
42619 2 13213 38211
42620 2 8385 34857
42621 1 43596
42622 4 31834 22727 48481 14147
42623 3 16444 27695 36708
42624 2 25879 7965
42625 0
42626 0
42627 0
42628 4 20892 16797 45485 37169
42629 2 26088 45244
42630 2 22313 49661
42631 3 24301 49444 38901
42632 2 29232 46325
42633 4 49861 16671 39535 31138
42634 0
42635 1 44131
42636 1 38352
42637 2 27519 17984
42638 2 33336 40982
42639 2 18917 11368
42640 1 37944
42641 5 39407 39968 13149 46387 49391
42642 0
42643 1 30418
42644 1 47318
42645 2 6427 9569
42646 2 34889 17908
42647 2 49726 15729
42648 3 26113 14789 21717
42649 2 34102 22701
42650 6 1359 19064 6863 32508 45540 25736
42651 2 34351 36653
42652 1 11373
42653 0
42654 1 28649
42655 1 29114
42656 2 42636 38107
42657 1 21490
42658 5 33346 18600 29862 34163 505
42659 3 28453 35435 49353
42660 1 18946
42661 4 27511 4466 4311 20414
42662 0
42663 3 5628 5907 38441
42664 0
42665 2 39747 28609
42666 3 17438 44708 28187
42667 5 17453 41747 8115 37283 11159
42668 2 10095 46528
42669 3 39456 13970 36153
42670 0
42671 3 30718 15746 44345
42672 2 37748 8399
42673 5 20265 27145 31352 2893 21728
42674 2 47700 8859
42675 3 2683 35558 28413
42676 2 45279 30425
42677 3 40522 45694 14427
42678 4 49405 26716 25447 42597
42679 4 2812 40888 48701 49375
42680 1 40347
42681 3 20762 19321 46284
42682 3 43801 36918 22946
42683 2 11296 37582
42684 1 656
42685 2 28586 34375
42686 2 24306 23421
42687 1 6923
42688 2 44920 40231
42689 4 11462 37512 43069 8900
42690 1 9140
42691 0
42692 0
42693 2 6018 30872
42694 4 24463 46375 31061 47320
42695 3 45556 26322 23951
42696 3 36096 13731 32163
42697 3 49526 38414 30206
42698 2 26182 3025
42699 2 35342 38755
42700 3 13972 45638 26467
42701 2 37806 25254
42702 3 42611 45819 14103
42703 0
42704 2 29937 13641
42705 0
42706 0
42707 1 8257
42708 2 47892 16299
42709 3 16922 18078 2070
42710 1 44615
42711 7 28497 15213 39882 9079 9424 6804 31052
42712 4 31853 17684 43157 27901
42713 2 40358 10293
42714 3 46685 3200 23454
42715 3 10843 21482 44670
42716 2 32045 40292
42717 2 32236 14673
42718 1 191
42719 2 30170 8160
42720 2 20668 12079
42721 1 18284
42722 0
42723 5 22971 25808 8527 22466 37807
42724 3 33137 23343 39410
42725 4 31256 38221 43608 10213
42726 1 15683
42727 3 5123 21502 40729
42728 2 48402 12488
42729 0
42730 2 28853 46714
42731 2 16941 15677
42732 3 34027 46645 30822
42733 5 6099 44606 46924 6637 3755
42734 2 13796 6973
42735 1 38797
42736 1 11361
42737 2 10044 4535
42738 1 4969
42739 0
42740 3 20629 18978 16770
42741 0
42742 3 47391 1729 38943
42743 1 36900
42744 5 13478 2971 49059 21275 42828
42745 1 39999
42746 0
42747 2 4976 42806
42748 2 8876 7667
42749 4 16134 19540 24846 18214
42750 1 2581
42751 0
42752 3 47541 18600 34724
42753 1 19094
42754 2 31560 24225
42755 1 25566
42756 1 29098
42757 1 13135
42758 5 46782 41395 41763 21854 9735
42759 1 39691
42760 2 17545 29101
42761 3 45092 14483 16834
42762 2 28475 22705
42763 1 49363
42764 0
42765 3 23452 10237 20991
42766 3 8283 25410 25872
42767 1 27914
42768 3 17549 24101 29758
42769 0
42770 2 2944 31986
42771 2 47007 13802
42772 3 35289 8202 35599
42773 0
42774 3 37381 42769 42236
42775 4 19762 24501 14107 12528
42776 1 31484
42777 1 43387
42778 5 17239 40159 48949 27043 46880
42779 0
42780 0
42781 2 23658 24051
42782 0
42783 2 13215 15306
42784 3 610 40537 37803
42785 3 38192 122 47692
42786 0
42787 0
42788 1 43463
42789 3 34464 20148 7502
42790 3 33377 7601 17447
42791 2 4171 6822
42792 3 39982 30214 4740
42793 2 7381 16772
42794 2 19196 40143
42795 1 21409
42796 0
42797 0
42798 1 45125
42799 1 28551
42800 3 36773 8605 32647
42801 0
42802 2 45480 14077
42803 0
42804 0
42805 1 9125
42806 1 48980
42807 0
42808 4 23159 22095 19169 3661
42809 4 18660 47382 36223 49894
42810 4 8764 5321 31080 3719
42811 5 9301 46880 28959 27006 2923
42812 5 26342 15461 29185 13547 16195
42813 2 49273 28835
42814 1 5057
42815 3 38417 27689 35445
42816 0
42817 3 42047 840 10452
42818 1 39494
42819 3 3990 27709 15374
42820 2 37137 32121
42821 0
42822 2 6800 36426
42823 3 7325 5764 35331
42824 0
42825 1 542
42826 0
42827 1 28440
42828 2 45324 14649
42829 4 10928 5359 34129 20173
42830 4 42139 44059 46489 12587
42831 3 16100 20706 33670
42832 4 11150 16424 35858 31534
42833 1 29131
42834 2 30118 31551
42835 2 14266 24188
42836 1 16529
42837 2 36615 17387
42838 3 30557 4179 44725
42839 3 11075 41999 9387
42840 1 5258
42841 1 41424
42842 0
42843 2 12796 34201
42844 1 23211
42845 3 22970 47183 10112
42846 2 23524 8992
42847 0
42848 3 27580 25054 48049
42849 2 20756 18249
42850 1 43921
42851 3 30424 1842 29218
42852 4 29649 12979 1143 6166
42853 3 28418 10465 48631
42854 3 26213 4209 37264
42855 1 11352
42856 4 2899 16762 37568 13999
42857 3 39700 9838 43236
42858 5 29134 34277 3830 23850 2456
42859 3 24858 35671 14601
42860 2 32702 47416
42861 0
42862 2 46773 45229
42863 2 22242 855
42864 1 13879
42865 0
42866 2 7905 47007
42867 2 44649 17374
42868 1 40225
42869 2 40523 13212
42870 2 21157 4073
42871 4 7552 7889 28109 41397
42872 4 48574 23673 24965 27421
42873 2 13746 34257
42874 3 25736 28063 5883
42875 1 49215
42876 2 11827 7891
42877 6 31734 13465 41550 10764 7616 5769
42878 1 29501
42879 1 28702
42880 2 15116 44155
42881 4 41364 37980 17794 43741
42882 0
42883 3 42953 48815 35684
42884 1 33724
42885 1 14953
42886 2 14219 36444
42887 1 47582
42888 1 6439
42889 2 20518 37340
42890 0
42891 5 20981 37573 29078 3381 18015
42892 1 46775
42893 3 33065 15884 6343
42894 1 22656
42895 1 25850
42896 2 10961 24140
42897 0
42898 2 26700 18018
42899 0
42900 0
42901 1 14425
42902 2 3527 810
42903 0
42904 2 18084 48460
42905 0
42906 1 17180
42907 0
42908 0
42909 3 27564 43463 43863
42910 2 46024 8386
42911 3 30186 41914 40555
42912 3 6763 23125 21505
42913 5 20036 38136 36131 31297 49996
42914 1 35881
42915 4 8377 22824 4547 42358
42916 2 9636 11291
42917 1 22319
42918 2 38554 23207
42919 2 26925 14710
42920 3 36592 32386 9487
42921 1 10404
42922 2 31576 10346
42923 2 37998 13340
42924 2 33494 27204
42925 0
42926 4 26618 39212 35619 18363
42927 2 38064 28920
42928 1 29543
42929 0
42930 3 23653 18568 15921
42931 3 34121 35403 10326
42932 4 48826 25859 17619 12698
42933 2 22078 48509
42934 2 37264 35491
42935 2 36159 33031
42936 0
42937 2 48426 4552
42938 1 26585
42939 3 21278 15410 32961
42940 6 11322 43967 31228 1229 42237 30503
42941 1 9619
42942 1 32803
42943 1 12421
42944 2 9588 8900
42945 4 15781 44894 42351 20075
42946 1 40251
42947 3 23315 39296 36699
42948 4 28596 47391 37857 5220
42949 0
42950 2 49380 10872
42951 1 21386
42952 2 4117 28292
42953 3 14446 43800 44113
42954 0
42955 2 24705 39423
42956 2 10883 9862
42957 1 37497
42958 1 29296
42959 1 3263
42960 2 9024 45740
42961 0
42962 2 1161 43041
42963 0
42964 2 33981 31248
42965 1 30598
42966 2 38344 27749
42967 3 3947 19202 27878
42968 1 47709
42969 2 8104 30953
42970 3 49172 3577 48089
42971 0
42972 2 26163 29063
42973 0
42974 0
42975 5 24548 49549 16376 27284 30592
42976 3 49555 26728 25125
42977 4 43683 19371 22639 8733
42978 1 4950
42979 3 40692 2998 41168
42980 1 22346
42981 0
42982 4 44582 32069 5432 40977
42983 2 7296 17781
42984 2 3994 14132
42985 2 34078 42025
42986 2 35329 48965
42987 2 35055 9807
42988 3 1748 40963 3743
42989 4 2814 10438 28327 43667
42990 3 16444 22485 43704
42991 0
42992 1 8528
42993 3 23234 27383 45200
42994 4 14740 6803 23447 49324
42995 0
42996 1 24056
42997 5 15453 7819 31057 8384 1255
42998 4 34480 21860 36582 21846
42999 2 7469 46757
43000 3 20290 4115 12705
43001 0
43002 3 4971 19616 1059
43003 1 25370
43004 1 21865
43005 2 27803 20354
43006 0
43007 1 49642
43008 5 29782 11217 23801 38565 31161
43009 1 25758
43010 2 7293 49277
43011 4 14565 22541 22802 44549
43012 2 5307 5135
43013 2 16369 43707
43014 3 47037 25958 25285
43015 0
43016 3 22445 16939 1897
43017 1 43399
43018 4 35536 11932 48515 12951
43019 1 34897
43020 4 12401 45563 16218 28896
43021 0
43022 2 14879 13261
43023 1 24497
43024 1 49097
43025 3 6068 39564 5011
43026 2 49859 34924
43027 1 18508
43028 4 17248 34406 42554 33613
43029 3 45828 7261 28074
43030 4 33690 18857 19144 23667
43031 2 11255 23738
43032 3 26069 2272 43485
43033 1 34865
43034 1 40350
43035 3 47035 39504 10205
43036 0
43037 1 41935
43038 1 6676
43039 0
43040 3 956 13299 21866
43041 0
43042 4 21895 23547 28665 43932
43043 4 10654 24520 39413 15433
43044 3 40787 6193 45395
43045 1 31273
43046 2 20389 23977
43047 2 39630 39746
43048 5 34104 16273 38732 46850 1385
43049 4 28622 1268 40745 5010
43050 2 8562 19773
43051 1 22426
43052 0
43053 0
43054 3 40668 20081 23398
43055 1 42893
43056 3 48854 45480 18020
43057 0
43058 4 36369 44467 38526 2060
43059 2 31919 21763
43060 3 13527 38900 29169
43061 3 21294 40683 21661
43062 0
43063 1 12005
43064 2 22698 44963
43065 1 17691
43066 3 45578 49268 42075
43067 3 36020 20288 23981
43068 1 5957
43069 0
43070 0
43071 2 32969 26746
43072 2 32550 20822
43073 1 23737
43074 4 13539 25777 41174 32174
43075 6 15787 43408 39417 29201 25257 45301
43076 4 15437 26798 30905 45088
43077 4 14712 46019 34150 45067
43078 5 8843 21772 15106 14260 40242
43079 1 49939
43080 0
43081 4 8206 4037 32261 39893
43082 1 39017
43083 1 26158
43084 0
43085 3 2031 41966 45804
43086 2 5971 14594
43087 4 37208 9164 37459 37932
43088 3 37806 3702 16063
43089 1 14501
43090 0
43091 1 23905
43092 3 3287 4191 11705
43093 2 6319 45902
43094 1 46249
43095 2 38915 5704
43096 1 8331
43097 1 15456
43098 0
43099 0
43100 3 45127 17376 9722
43101 2 10102 49882
43102 1 43073
43103 1 31016
43104 1 41845
43105 5 27631 2055 44707 31521 32586
43106 1 41508
43107 3 26683 3805 46757
43108 2 2728 38589
43109 4 1968 14780 20901 1858
43110 4 32140 41115 29101 33188
43111 1 34754
43112 2 37083 34384
43113 1 7780
43114 1 19116
43115 2 11554 20058
43116 2 26265 76
43117 1 38808
43118 2 13354 25770
43119 2 47656 12303
43120 1 30914
43121 5 47007 6585 17015 8100 21543
43122 4 42661 46040 31157 33649
43123 3 44998 8501 41263
43124 2 41265 3213
43125 2 45378 25643
43126 5 29624 13235 32983 4522 20465
43127 3 29648 15415 19073
43128 0
43129 2 42955 23886
43130 2 20452 36059
43131 3 40150 43891 46418
43132 3 4648 4498 6289
43133 2 10826 38944
43134 3 39947 19170 45235
43135 0
43136 0
43137 3 6966 41127 36115
43138 3 21843 22916 17827
43139 1 36592
43140 3 7596 26444 39971
43141 3 44528 36278 42700
43142 2 48208 42400
43143 2 28712 37848
43144 4 31812 45967 2445 3221
43145 2 24354 37813
43146 2 47361 5761
43147 0
43148 0
43149 2 48850 43785
43150 3 8219 8212 43016
43151 2 12744 30195
43152 5 5559 21684 35996 14308 41902
43153 2 25321 29548
43154 2 13437 11628
43155 1 34564
43156 3 16870 11623 1367
43157 1 46496
43158 2 2891 42122
43159 0
43160 1 2066
43161 4 39155 19666 33292 26396
43162 3 30408 16762 46535
43163 2 47594 36131
43164 3 41347 40198 6094
43165 1 21731
43166 2 21781 3733
43167 1 6433
43168 1 29417
43169 1 29690
43170 1 46622
43171 1 48299
43172 4 17893 42043 21294 11059
43173 1 6048
43174 3 49434 45205 9670
43175 1 42418
43176 1 35463
43177 2 538 32402
43178 4 48203 45857 16681 8470
43179 0
43180 0
43181 0
43182 0
43183 5 49419 33810 43575 7108 31716
43184 2 26910 37967
43185 2 3491 27660
43186 4 15215 994 49658 5437
43187 4 44668 45841 34885 34024
43188 1 33965
43189 1 14218
43190 3 41622 22106 48092
43191 3 16384 38543 15233
43192 4 11006 15667 34965 47615
43193 3 23609 35447 25640
43194 3 18116 40218 18746
43195 4 19226 38596 30025 45042
43196 1 29584
43197 2 38623 1275
43198 2 37087 46539
43199 4 45975 17451 12923 48081
43200 0
43201 2 30087 30388
43202 4 1501 14524 198 29540
43203 0
43204 0
43205 0
43206 1 49685
43207 4 26401 47477 41995 49261
43208 1 23576
43209 0
43210 4 11116 37712 41561 6202
43211 2 45598 32541
43212 3 23188 10009 5759
43213 1 11799
43214 3 27391 4616 45889
43215 3 34177 35072 37287
43216 2 24426 13432
43217 1 15519
43218 2 46752 19836
43219 0
43220 2 12464 19223
43221 1 11967
43222 4 39898 3195 7542 20448
43223 9 39025 14352 19905 16979 29729 37563 37679 18562 33742
43224 2 42564 11520
43225 4 20255 31527 27556 10124
43226 3 41006 35789 49653
43227 4 25043 21815 4996 49702
43228 0
43229 0
43230 0
43231 0
43232 2 43530 28555
43233 1 25969
43234 3 14864 10504 38558
43235 2 5796 44789
43236 2 14828 48602
43237 3 7982 20737 40904
43238 3 31624 9452 41996
43239 3 3558 33559 14450
43240 3 17211 34734 7034
43241 1 27176
43242 1 35461
43243 0
43244 2 39615 27751
43245 1 45336
43246 3 45540 49833 49546
43247 1 29260
43248 2 1252 19536
43249 1 5894
43250 0
43251 2 11490 31361
43252 0
43253 1 26430
43254 0
43255 5 17643 30666 20385 45059 12634
43256 3 23149 9173 2546
43257 0
43258 3 47226 31144 24879
43259 3 44763 511 21309
43260 0
43261 3 36730 36139 6371
43262 4 41464 39891 19141 23752
43263 2 38275 27238
43264 1 11529
43265 4 21603 3622 29381 12723
43266 2 3745 39177
43267 4 10918 5601 1469 10151
43268 2 37663 14081
43269 1 14943
43270 3 44411 18964 41059
43271 3 2974 46693 28781
43272 1 7125
43273 1 47414
43274 1 28858
43275 2 32256 33906
43276 3 22277 22873 19781
43277 7 13224 20867 30406 44034 43022 10566 28688
43278 2 2919 18640
43279 1 8446
43280 1 34527
43281 4 46302 22831 36527 2292
43282 2 25814 19794
43283 2 9279 21774
43284 0
43285 2 8568 37824
43286 5 46858 1457 8413 22652 25318
43287 1 34436
43288 1 20108
43289 2 13380 21415
43290 4 1342 38656 7205 1520
43291 0
43292 2 5953 45199
43293 0
43294 3 4706 20656 49299
43295 2 37627 48950
43296 3 17084 43661 42533
43297 2 26109 19260
43298 1 39012
43299 1 10799
43300 3 32091 12181 49829
43301 2 43823 4841
43302 3 4144 13669 6025
43303 2 4108 46429
43304 3 4079 7462 47756
43305 0
43306 5 2525 40056 32198 40419 21389
43307 3 25081 34859 36527
43308 5 35697 41052 3856 26280 45498
43309 2 17768 17378
43310 2 43384 2345
43311 1 15377
43312 3 26371 47501 29719
43313 6 26323 18996 7000 38114 10477 39851
43314 1 32986
43315 1 25152
43316 4 39550 2753 16646 2743
43317 6 28599 13544 46691 39210 11151 28965
43318 0
43319 3 24468 22942 48106
43320 0
43321 2 21260 23310
43322 3 11991 9535 4930
43323 1 19547
43324 4 34415 17341 18781 18327
43325 1 46486
43326 2 49518 6510
43327 1 25487
43328 0
43329 0
43330 0
43331 3 21746 17207 35587
43332 2 26410 10841
43333 2 26348 34506
43334 4 8253 22083 4260 16877
43335 0
43336 2 42257 49913
43337 4 9680 43122 28626 29274
43338 1 20811
43339 1 37091
43340 1 30944
43341 1 28041
43342 3 44110 43568 46937
43343 3 48264 12474 49064
43344 3 13309 19638 40025
43345 1 8541
43346 4 21712 41719 6102 30270
43347 3 24071 22014 38359
43348 3 26685 17813 18262
43349 0
43350 1 47610
43351 2 32684 29305
43352 0
43353 1 676
43354 2 25081 20092
43355 1 47460
43356 1 4335
43357 2 31077 18274
43358 1 30683
43359 2 10597 33544
43360 3 46343 7596 29497
43361 3 31399 49115 49943
43362 0
43363 3 767 17997 44775
43364 3 33190 22550 23619
43365 3 10109 23244 43219
43366 2 40583 5388
43367 4 46492 14754 18359 47937
43368 3 14908 11067 7862
43369 3 5412 33688 43515
43370 2 33341 30645
43371 2 16024 2282
43372 3 16667 29449 836
43373 4 37530 39542 22104 44675
43374 2 9136 14732
43375 1 10780
43376 2 43590 22445
43377 1 14801
43378 4 7522 42115 26657 702
43379 3 6811 5928 39182
43380 1 39005
43381 1 21346
43382 2 11665 37332
43383 2 43792 1848
43384 1 44883
43385 1 43200
43386 4 37009 27432 10287 22681
43387 2 6092 23042
43388 4 28945 44451 9699 4890
43389 4 38975 9708 2939 21686
43390 2 45893 10073
43391 1 24907
43392 0
43393 2 6194 5069
43394 2 33143 35798
43395 5 40206 21874 37024 27640 44968
43396 2 32078 15131
43397 3 8510 30807 1156
43398 3 31572 47450 47005
43399 1 7428
43400 2 44395 17367
43401 3 4634 14623 40465
43402 4 22057 2611 18927 26537
43403 1 49667
43404 1 7397
43405 3 38215 10541 45574
43406 4 18718 9069 30995 21594
43407 2 42887 45740
43408 3 11475 37098 41182
43409 2 47220 812
43410 1 25521
43411 3 34597 7079 5975
43412 1 44091
43413 0
43414 0
43415 3 6426 48789 23531
43416 3 4420 48772 34763
43417 0
43418 5 48689 46893 39083 13886 27913
43419 3 14092 3224 13843
43420 2 27346 6746
43421 0
43422 2 6503 10545
43423 2 22857 14141
43424 2 10818 12543
43425 0
43426 3 36877 20426 10093
43427 1 23984
43428 2 23476 17236
43429 0
43430 2 45707 2146
43431 2 10926 23308
43432 3 38735 42119 48917
43433 4 46250 15197 24243 21865
43434 1 15944
43435 1 23521
43436 2 2867 41108
43437 1 10706
43438 3 29383 21193 26573
43439 1 21310
43440 3 46396 30709 31284
43441 1 49115
43442 2 8764 15368
43443 2 5149 41298
43444 3 37714 49013 43004
43445 5 3700 41655 21823 42982 15145
43446 2 4508 24102
43447 3 34263 7535 45630
43448 6 46373 41044 21330 21590 1620 2347
43449 3 16918 29575 12861
43450 1 973
43451 0
43452 3 22656 25474 25736
43453 2 36231 46392
43454 1 1920
43455 4 10024 22852 12615 2814
43456 1 3010
43457 0
43458 5 9042 46039 11139 34481 16375
43459 2 12243 3796
43460 0
43461 1 12130
43462 3 23352 34912 35732
43463 3 29797 44315 7541
43464 1 4388
43465 1 46154
43466 3 32488 23254 17658
43467 2 32400 10540
43468 3 49168 17875 46439
43469 4 36416 5672 49108 22573
43470 3 14412 690 31116
43471 2 21585 23012
43472 3 24918 47101 8459
43473 0
43474 0
43475 2 49909 13692
43476 0
43477 2 44901 25043
43478 1 12906
43479 2 30809 19569
43480 1 10184
43481 0
43482 1 31343
43483 1 9568
43484 1 3994
43485 3 22033 46732 12466
43486 2 8293 33228
43487 1 4844
43488 2 2816 47830
43489 3 31563 47545 42380
43490 3 24710 35559 47763
43491 3 12641 6088 42590
43492 1 5564
43493 1 5531
43494 4 21595 32585 22286 3286
43495 3 26578 22965 45665
43496 2 7877 29753
43497 3 6936 9716 30813
43498 3 27789 34239 18655
43499 3 45504 48774 26588
43500 3 8338 18141 32480
43501 1 252
43502 0
43503 0
43504 0
43505 1 5707
43506 1 46051
43507 3 24381 36254 44253
43508 6 48375 28453 43524 28505 44930 33131
43509 5 43167 35472 21776 2113 10989
43510 3 48863 41540 28946
43511 4 21208 21965 11701 29427
43512 2 3404 35456
43513 3 25184 36514 21193
43514 3 14846 36233 6782
43515 1 22605
43516 2 11124 38041
43517 3 14409 5541 26744
43518 0
43519 3 27366 28807 24218
43520 1 22656
43521 2 28483 18488
43522 6 38495 27309 47852 29497 37130 33009
43523 4 16680 27472 26591 15768
43524 4 16164 22639 46787 6411
43525 2 47738 477
43526 1 49981
43527 3 13039 33758 48128
43528 6 17461 18935 40970 14413 36300 11429
43529 1 32414
43530 3 8961 26567 45556
43531 2 14865 12223
43532 3 7330 15560 11874
43533 3 17641 42532 49865
43534 1 7108
43535 0
43536 0
43537 2 43849 7023
43538 1 49934
43539 1 16378
43540 3 49374 9399 13631
43541 0
43542 2 39682 42953
43543 1 27809
43544 2 16015 41114
43545 0
43546 6 31297 1580 27189 39294 49873 37981
43547 0
43548 0
43549 1 42936
43550 1 47342
43551 2 3479 16462
43552 5 8407 38198 27011 31250 35496
43553 1 3230
43554 3 17790 45064 15595
43555 2 43576 11338
43556 2 4354 40672
43557 0
43558 1 15705
43559 1 27428
43560 1 5633
43561 0
43562 3 4168 19894 29756
43563 3 33806 17685 46606
43564 2 42405 3203
43565 1 42803
43566 2 32702 15118
43567 2 12767 38319
43568 2 4752 18402
43569 1 9849
43570 2 35661 21389
43571 0
43572 5 3502 11003 34755 33043 29676
43573 2 3314 30065
43574 2 24040 24689
43575 1 35215
43576 2 18470 43380
43577 1 14704
43578 3 47751 23414 15776
43579 0
43580 1 12162
43581 3 22128 14227 23945
43582 2 261 39147
43583 3 41102 6613 36396
43584 1 39441
43585 1 9438
43586 2 18559 44358
43587 1 7159
43588 3 46501 40781 47456
43589 2 42772 6303
43590 2 43122 34280
43591 0
43592 1 17579
43593 2 6555 30899
43594 5 38232 11027 28950 45694 45140
43595 0
43596 3 5349 9306 25241
43597 1 34177
43598 3 27131 24776 1942
43599 3 19688 16531 13356
43600 4 24515 18768 46864 18791
43601 2 47301 29790
43602 1 34540
43603 2 7461 28478
43604 1 15861
43605 2 7116 38984
43606 2 16941 14654
43607 0
43608 3 8656 41580 3796
43609 3 2821 41832 24298
43610 2 22251 35313
43611 0
43612 5 16354 28205 12456 21849 25159
43613 1 49684
43614 4 10762 27158 28558 9367
43615 2 32653 13403
43616 1 11677
43617 0
43618 2 30204 45374
43619 1 7041
43620 1 2831
43621 2 26356 29339
43622 0
43623 1 42659
43624 3 19564 38954 39026
43625 1 48472
43626 1 32652
43627 2 17813 16915
43628 4 16915 32767 14050 29629
43629 1 48984
43630 0
43631 3 47326 25992 44579
43632 0
43633 1 304
43634 1 47338
43635 2 40226 38574
43636 2 20474 481
43637 2 6450 32151
43638 4 34881 35755 19473 2761
43639 1 44383
43640 1 44132
43641 4 19710 7787 31381 656
43642 2 30420 31251
43643 3 3070 18503 14694
43644 3 41880 13226 19246
43645 1 47616
43646 2 28181 14432
43647 4 2414 19647 20526 25296
43648 1 11617
43649 1 34011
43650 2 13528 20818
43651 3 2422 28593 15908
43652 1 25446
43653 2 41124 47198
43654 0
43655 0
43656 2 3389 12498
43657 3 1120 22164 18997
43658 0
43659 0
43660 3 24783 12306 47509
43661 1 1641
43662 0
43663 3 45312 44784 18185
43664 4 42316 18456 32576 31938
43665 1 28864
43666 2 20577 1428
43667 2 37822 5464
43668 5 49974 35310 16134 20502 23483
43669 4 28327 12920 8241 35821
43670 3 9621 32753 33379
43671 3 15110 45686 26489
43672 1 3925
43673 1 20689
43674 1 42550
43675 4 34483 21313 44551 29580
43676 0
43677 2 10241 23392
43678 2 39226 49873
43679 5 15469 3135 28925 40428 13676
43680 2 9173 46140
43681 4 6600 18510 21105 23803
43682 3 6037 9599 3634
43683 0
43684 4 45814 48261 29524 4603
43685 3 28672 2781 43716
43686 1 14337
43687 1 46684
43688 3 19186 49330 40021
43689 2 16735 16053
43690 0
43691 1 17783
43692 4 13194 11016 10035 42928
43693 2 47469 21358
43694 3 40648 27934 942
43695 2 10961 11184
43696 3 43341 46563 26680
43697 3 29770 3981 6547
43698 2 11888 30628
43699 0
43700 1 12293
43701 0
43702 2 14743 12879
43703 1 12094
43704 3 6130 25050 3922
43705 1 462
43706 3 7900 30019 30917
43707 1 46726
43708 4 31667 35082 46529 6425
43709 0
43710 0
43711 2 48898 24695
43712 1 33505
43713 2 9307 43271
43714 4 35185 37704 19703 16828
43715 3 7257 34685 4390
43716 5 26415 21944 25757 2830 29158
43717 1 17259
43718 2 42071 43171
43719 1 13572
43720 1 6127
43721 1 31662
43722 1 4255
43723 1 32239
43724 2 49339 15228
43725 0
43726 1 48605
43727 1 43116
43728 3 1734 49399 37803
43729 2 30592 38799
43730 1 2899
43731 3 40588 23230 2106
43732 2 30570 21948
43733 4 131 18651 48918 1418
43734 3 19879 15928 9775
43735 3 1131 42885 31300
43736 4 39151 34725 24982 33621
43737 0
43738 1 12538
43739 3 14861 11896 48230
43740 2 38707 6897
43741 2 450 24808
43742 2 15796 36852
43743 1 18946
43744 0
43745 2 756 34140
43746 1 13261
43747 2 41174 29913
43748 1 17378
43749 1 25961
43750 3 48488 46445 286
43751 1 12002
43752 2 39929 29897
43753 1 48127
43754 3 39697 7223 41555
43755 4 13063 23936 20449 41499
43756 2 45560 38294
43757 2 2531 32127
43758 2 21539 34758
43759 4 36846 13214 565 30328
43760 1 19570
43761 3 16535 38169 38507
43762 3 19714 30079 39940
43763 1 15393
43764 1 43057
43765 1 46451
43766 3 14075 11126 48770
43767 1 5651
43768 2 10770 36495
43769 2 40286 14813
43770 4 22821 9662 35610 41434
43771 0
43772 6 8433 29856 35830 19330 10401 19071
43773 0
43774 0
43775 2 7581 1191
43776 1 34112
43777 5 14293 39066 40315 1058 3388
43778 2 36021 48233
43779 1 5875
43780 0
43781 1 27200
43782 1 48285
43783 1 4760
43784 1 19803
43785 2 22757 31249
43786 2 18369 18379
43787 2 12255 15247
43788 2 20631 8598
43789 1 4344
43790 1 20465
43791 1 18422
43792 1 17484
43793 1 22538
43794 3 23059 3987 17899
43795 3 494 20541 11579
43796 4 12051 49687 45695 3357
43797 3 37039 45404 47150
43798 2 47771 38258
43799 3 32221 2134 46407
43800 0
43801 3 42251 17252 36382
43802 2 6924 15731
43803 0
43804 0
43805 3 1512 47574 1773
43806 3 15827 7481 25623
43807 2 34337 34822
43808 1 34020
43809 2 47591 8196
43810 2 25484 2042
43811 1 24227
43812 2 38084 20859
43813 2 34333 24470
43814 0
43815 1 18375
43816 2 12276 12262
43817 1 31588
43818 4 17851 34993 27403 48789
43819 1 21216
43820 1 20813
43821 4 26299 38515 5613 22473
43822 3 31345 9621 31894
43823 1 26045
43824 1 11074
43825 1 32094
43826 0
43827 1 17949
43828 1 16185
43829 2 26212 9594
43830 3 27718 31315 32572
43831 4 18723 21005 8527 17524
43832 1 28455
43833 0
43834 3 20208 38861 23014
43835 2 23591 3971
43836 3 22954 49186 5393
43837 3 38801 2916 13823
43838 3 37413 35809 1910
43839 1 2170
43840 3 36426 15000 2527
43841 3 9650 20807 19947
43842 1 3897
43843 1 25976
43844 0
43845 1 31847
43846 3 15062 13983 36525
43847 2 39627 36336
43848 1 13182
43849 2 18839 11470
43850 1 31740
43851 2 31645 32682
43852 3 49865 34975 35823
43853 0
43854 2 26934 21025
43855 0
43856 5 34455 20104 38501 37015 18687
43857 2 31904 14883
43858 2 9661 26401
43859 2 8746 8620
43860 1 29865
43861 0
43862 3 27477 17811 16853
43863 1 5537
43864 1 28057
43865 1 7445
43866 1 19801
43867 2 13913 2999
43868 2 24189 24211
43869 0
43870 1 41788
43871 1 29582
43872 3 32580 17145 31903
43873 2 46931 8403
43874 3 11108 28422 44920
43875 1 41908
43876 2 6453 10275
43877 3 49179 28897 41587
43878 4 47496 47428 16161 21291
43879 5 24439 45367 15753 20905 33071
43880 3 4026 30706 49222
43881 1 24336
43882 3 26955 40187 40480
43883 4 12706 29704 38204 12818
43884 1 19116
43885 2 937 4680
43886 3 7466 3525 32878
43887 3 6461 22362 14159
43888 1 16176
43889 3 12623 19180 6387
43890 1 30034
43891 2 38489 39907
43892 1 47439
43893 1 43241
43894 1 9982
43895 2 16170 13401
43896 0
43897 2 30554 14680
43898 3 39030 9650 44121
43899 1 34494
43900 2 33609 11023
43901 0
43902 1 42117
43903 2 20859 17926
43904 1 49819
43905 0
43906 0
43907 1 27823
43908 0
43909 0
43910 2 8469 19908
43911 3 36092 18015 49949
43912 3 17901 29113 16018
43913 2 13339 17767
43914 2 23094 32314
43915 1 48025
43916 3 47560 33063 32575
43917 2 7239 10907
43918 2 33731 38410
43919 4 22947 44145 25981 26163
43920 3 7118 25447 42423
43921 2 26555 22943
43922 2 39918 46559
43923 2 47216 19506
43924 1 23277
43925 4 47584 23484 25883 24913
43926 4 29363 26608 38721 23773
43927 3 9139 22159 9226
43928 3 34204 32478 43431
43929 4 9059 16043 29855 27089
43930 3 10307 40070 28997
43931 3 2 16172 29367
43932 1 37505
43933 1 43501
43934 2 32555 16133
43935 1 29364
43936 1 14587
43937 3 3968 89 4617
43938 0
43939 2 45667 47962
43940 3 46439 35335 46427
43941 1 20511
43942 2 33298 9379
43943 1 3939
43944 2 37902 31160
43945 2 48653 43517
43946 5 25340 565 29529 32473 33405
43947 1 3815
43948 4 752 37323 49519 12270
43949 1 38132
43950 3 34223 22531 14935
43951 1 5293
43952 1 7971
43953 6 8114 25869 41485 16355 47884 6988
43954 1 143
43955 1 24197
43956 5 2892 33562 25787 28752 4451
43957 0
43958 2 7979 41799
43959 1 38844
43960 1 1976
43961 4 26457 4257 40937 22518
43962 2 11392 49008
43963 4 38445 15609 1252 42276
43964 0
43965 1 36306
43966 1 11977
43967 3 35096 31818 42899
43968 4 24554 1756 8251 4871
43969 2 35664 27508
43970 2 36921 41239
43971 3 6163 35847 48448
43972 2 28585 8629
43973 1 26678
43974 2 32274 7308
43975 2 34735 19346
43976 2 14337 49197
43977 1 12248
43978 5 20721 40726 46437 48289 25981
43979 2 48479 8909
43980 5 34118 25178 47298 2874 19229
43981 2 21662 25218
43982 3 9614 14665 26566
43983 2 47294 13583
43984 1 46336
43985 1 39685
43986 1 13425
43987 1 31657
43988 1 15185
43989 1 13533
43990 3 27553 14776 1566
43991 1 13179
43992 2 34645 3049
43993 2 539 4441
43994 1 39111
43995 2 43406 43124
43996 0
43997 2 2837 29094
43998 3 32942 42908 13352
43999 3 38689 21764 11583
44000 4 36249 46653 23240 6982
44001 4 23338 48182 16667 24017
44002 3 9455 17855 40145
44003 0
44004 1 8928
44005 3 40229 28105 41705
44006 0
44007 2 30208 34628
44008 3 396 3724 39265
44009 2 21317 23963
44010 1 44214
44011 3 9141 48960 14068
44012 0
44013 2 23113 2640
44014 3 28222 38717 33623
44015 3 36833 48675 21975
44016 4 25610 40849 42454 15041
44017 3 24359 25065 10456
44018 4 29497 22995 34021 27601
44019 4 43648 4948 71 28870
44020 0
44021 0
44022 2 15689 27790
44023 1 13155
44024 0
44025 1 11538
44026 3 4397 39224 46843
44027 2 24430 95
44028 2 275 1821
44029 4 185 43992 17674 22479
44030 4 319 47492 29116 29837
44031 0
44032 1 45545
44033 5 28928 22837 38332 48095 13807
44034 5 44603 49629 17539 16550 12057
44035 1 45884
44036 3 21633 45612 39689
44037 0
44038 2 47724 11887
44039 1 31068
44040 2 25619 19587
44041 3 1149 5583 43994
44042 4 31155 43198 40950 39623
44043 3 38228 16437 17853
44044 6 7299 7139 906 34198 42896 31186
44045 3 7948 43854 32370
44046 1 44842
44047 1 19812
44048 1 39837
44049 1 33082
44050 1 1283
44051 2 47155 12301
44052 3 31141 18682 23777
44053 5 34901 34711 27255 43620 1182
44054 5 45668 29000 38850 20747 40665
44055 1 17914
44056 2 39601 48163
44057 2 16460 14412
44058 1 24223
44059 0
44060 4 4287 46194 1172 6305
44061 4 36667 48189 46 3601
44062 1 48945
44063 0
44064 3 8674 15445 14843
44065 2 10798 35394
44066 1 2149
44067 0
44068 3 44923 39244 33523
44069 2 29172 34149
44070 0
44071 1 47656
44072 2 38659 24688
44073 0
44074 4 46611 18081 32254 1691
44075 2 40099 25671
44076 1 21956
44077 1 14421
44078 1 44211
44079 1 15589
44080 1 12853
44081 2 10343 3365
44082 3 39072 25019 31148
44083 4 47966 35646 29146 5095
44084 2 9400 44538
44085 1 37179
44086 2 20620 6075
44087 3 8064 7001 14322
44088 0
44089 1 39922
44090 3 47652 7638 19721
44091 0
44092 3 10189 28353 18704
44093 3 43278 48946 40351
44094 2 48291 30719
44095 3 28266 44442 40147
44096 1 40414
44097 2 4280 10394
44098 4 26596 9069 8869 7796
44099 3 20867 3420 9920
44100 0
44101 3 48982 24224 884
44102 3 35345 39926 17556
44103 2 27893 37119
44104 3 23087 11479 15233
44105 1 23766
44106 1 46099
44107 1 49996
44108 1 43144
44109 1 7081
44110 3 4480 31171 31997
44111 3 20434 10491 38816
44112 2 4101 43292
44113 3 8571 34081 24932
44114 0
44115 1 16929
44116 2 3935 33527
44117 0
44118 4 21648 27493 32833 13780
44119 3 3650 26269 25468
44120 3 31766 43086 9540
44121 1 23150
44122 2 2441 21777
44123 1 12639
44124 2 16439 11252
44125 1 21051
44126 4 25612 39271 45671 14126
44127 1 29153
44128 2 4812 23780
44129 2 35193 13163
44130 0
44131 1 37663
44132 2 6792 8156
44133 3 605 21156 35459
44134 1 1341
44135 2 15715 42347
44136 4 6538 48202 38932 37053
44137 1 14705
44138 0
44139 3 18292 23155 35882
44140 4 21811 8093 34275 3336
44141 0
44142 2 42689 1337
44143 1 46763
44144 1 1967
44145 1 11214
44146 1 33001
44147 3 1302 6677 20955
44148 1 7515
44149 2 31900 10136
44150 1 30872
44151 1 39973
44152 3 28394 12848 36855
44153 3 35766 19 23810
44154 2 11061 44552
44155 1 10873
44156 1 36042
44157 2 8426 14857
44158 1 12802
44159 1 7511
44160 2 22085 20249
44161 1 27252
44162 0
44163 1 44897
44164 1 15883
44165 6 14775 3677 26301 37458 45165 32150
44166 3 10545 7899 33022
44167 0
44168 0
44169 2 21713 21357
44170 3 44542 41394 11505
44171 0
44172 4 31894 20683 8492 43571
44173 1 9780
44174 3 45741 16408 12276
44175 3 47363 42653 14652
44176 0
44177 3 7700 20694 37169
44178 0
44179 2 17192 34826
44180 0
44181 0
44182 1 16302
44183 3 34154 45623 15503
44184 2 45068 11968
44185 1 23346
44186 1 35479
44187 3 18562 37591 20991
44188 2 11020 7357
44189 2 3279 41511
44190 7 48789 40907 7806 6664 41794 36280 17795
44191 0
44192 2 42207 16945
44193 3 25455 38247 27713
44194 3 41221 2 34662
44195 3 26542 10863 3777
44196 3 29874 13433 35833
44197 3 19006 32061 46178
44198 0
44199 2 13581 40827
44200 3 14442 29166 18355
44201 4 18249 34655 12308 486
44202 0
44203 2 20945 43469
44204 2 31274 31658
44205 5 22362 6049 20710 10795 31217
44206 2 18702 22260
44207 3 22629 9014 13928
44208 1 47120
44209 2 33244 45569
44210 6 17749 44388 2181 42507 35306 40423
44211 2 49542 28613
44212 0
44213 1 36185
44214 4 23467 24660 26622 41536
44215 2 33353 30365
44216 0
44217 2 43036 48839
44218 1 1322
44219 0
44220 1 40662
44221 1 5967
44222 1 632
44223 2 41719 49570
44224 4 1452 18204 2349 28201
44225 1 35114
44226 0
44227 1 44229
44228 3 877 584 1816
44229 3 34381 30386 9769
44230 0
44231 1 41449
44232 1 39348
44233 5 19687 12252 3417 15038 13291
44234 0
44235 3 363 18088 2406
44236 2 24626 8361
44237 1 22385
44238 3 11515 37134 22440
44239 1 20638
44240 2 30270 32114
44241 2 8675 33531
44242 5 8218 47103 49971 30820 16318
44243 7 6686 32026 23369 32935 46386 14812 37771
44244 0
44245 2 34992 8587
44246 2 44710 32325
44247 1 29054
44248 3 46570 42596 32047
44249 1 43246
44250 1 2100
44251 2 37481 21423
44252 0
44253 0
44254 1 23251
44255 2 47395 5860
44256 2 49971 7609
44257 2 32765 5387
44258 1 1971
44259 1 9269
44260 2 42099 5735
44261 0
44262 1 5975
44263 1 26047
44264 2 13812 20251
44265 6 13970 22038 41541 11400 11650 35418
44266 0
44267 2 16884 47301
44268 2 37019 21933
44269 3 48941 26497 10771
44270 3 25976 27082 1427
44271 3 35699 49799 15051
44272 1 6761
44273 0
44274 3 11975 20634 4568
44275 3 19587 42142 44236
44276 0
44277 2 2759 48594
44278 5 23651 25056 19392 49988 44051
44279 1 28404
44280 1 46550
44281 4 29434 13890 47690 32726
44282 1 34237
44283 2 47771 11060
44284 3 46325 41837 38890
44285 2 36173 22814
44286 0
44287 0
44288 3 26595 16737 26155
44289 3 28805 6106 12224
44290 2 27417 29634
44291 1 39199
44292 5 28928 23890 30003 164 41398
44293 3 7662 29582 25497
44294 0
44295 4 4837 11628 3132 38415
44296 2 43341 38779
44297 5 19389 1967 14613 45377 49734
44298 2 7918 19779
44299 0
44300 0
44301 1 40886
44302 1 20129
44303 1 34812
44304 1 35932
44305 2 22224 40313
44306 2 15778 42655
44307 4 3020 22006 23639 19587
44308 1 41997
44309 1 47036
44310 3 5769 35020 12905
44311 2 32881 15182
44312 2 14988 31275
44313 3 29224 43188 47137
44314 2 43950 26543
44315 1 11655
44316 4 6899 44758 27178 26019
44317 1 9938
44318 1 602
44319 1 9519
44320 2 15597 17656
44321 3 2652 40039 26236
44322 3 1684 14375 28522
44323 1 47293
44324 2 34413 9969
44325 2 202 24484
44326 3 30674 12392 45279
44327 2 2548 27210
44328 1 35182
44329 1 40923
44330 2 5327 29545
44331 1 37005
44332 2 4412 22103
44333 1 9929
44334 4 21072 36740 40954 17302
44335 2 6672 19136
44336 2 10453 8240
44337 4 44520 3470 25838 5548
44338 3 11779 38345 19330
44339 1 595
44340 2 15620 39503
44341 3 19200 13563 25227
44342 5 18279 5977 30413 30921 9155
44343 3 27223 38939 34253
44344 2 21320 15239
44345 2 8117 6019
44346 4 19458 6438 4073 48337
44347 2 46590 1148
44348 2 28192 34379
44349 1 47643
44350 0
44351 0
44352 2 11941 22554
44353 1 45378
44354 2 10832 42610
44355 2 3666 9208
44356 1 29448
44357 3 44805 38603 23772
44358 2 15686 6459
44359 0
44360 3 3793 20475 13403
44361 1 14642
44362 0
44363 2 17835 44034
44364 0
44365 1 4944
44366 1 5419
44367 0
44368 2 37156 45675
44369 1 5412
44370 1 11507
44371 0
44372 3 44462 40246 48671
44373 2 14599 2112
44374 0
44375 0
44376 3 2337 21913 39940
44377 2 33756 19560
44378 2 9882 39784
44379 2 15432 22907
44380 3 14406 37457 24263
44381 3 11024 24226 45564
44382 4 46965 33330 16858 41316
44383 4 46668 17181 42127 39330
44384 3 43322 45226 17113
44385 6 47437 7625 31557 16736 38496 13737
44386 3 15840 8740 13102
44387 2 7694 26725
44388 1 30985
44389 1 42187
44390 1 19181
44391 2 45898 36109
44392 3 43530 34802 40007
44393 3 5962 5420 17582
44394 2 49298 38320
44395 5 32845 9477 45089 42859 13534
44396 4 21765 42066 8842 4330
44397 1 23403
44398 2 12097 32408
44399 2 15666 40640
44400 2 9239 46614
44401 2 43044 1341
44402 3 30404 33687 40172
44403 1 45114
44404 2 8067 16616
44405 2 28017 17893
44406 1 47483
44407 2 21404 13982
44408 1 4547
44409 1 6469
44410 2 47355 32175
44411 1 29147
44412 2 10938 37916
44413 1 4969
44414 0
44415 0
44416 2 43408 38816
44417 1 45233
44418 0
44419 0
44420 3 25944 5218 47303
44421 1 32198
44422 3 20073 41703 39387
44423 3 23773 24053 30962
44424 1 38902
44425 1 4619
44426 3 10449 4857 21348
44427 1 33905
44428 3 20862 31318 37889
44429 2 5423 28799
44430 1 8692
44431 3 45450 21342 170
44432 3 24004 28304 34882
44433 1 39891
44434 2 11450 7800
44435 6 2070 17813 15410 47074 39181 15056
44436 4 5878 48586 5338 35604
44437 3 9832 40815 26782
44438 2 33035 33629
44439 2 28840 41638
44440 2 31727 45208
44441 3 20560 27981 15588
44442 3 2763 12366 10034
44443 5 10748 4851 1536 18616 17676
44444 3 6506 3738 40785
44445 2 16752 28953
44446 2 43270 308
44447 0
44448 1 45029
44449 2 40248 46594
44450 2 14807 1307
44451 2 36834 31504
44452 2 38370 7349
44453 1 38794
44454 0
44455 2 17209 28146
44456 5 25715 26468 13191 27352 36801
44457 3 49248 6549 46128
44458 0
44459 4 17943 21592 44555 7868
44460 0
44461 1 18051
44462 4 40143 35304 25386 49648
44463 2 27333 9413
44464 0
44465 3 5396 40667 11120
44466 2 26665 29978
44467 1 13352
44468 1 14564
44469 1 23616
44470 3 9516 1748 40174
44471 2 16009 1877
44472 1 42994
44473 4 40682 8787 19707 31876
44474 3 28634 10713 18386
44475 2 16410 41233
44476 2 24016 17249
44477 2 27667 8770
44478 1 13892
44479 2 45911 34233
44480 0
44481 4 49634 19372 23110 48629
44482 2 13366 25262
44483 0
44484 4 5242 11567 45581 17914
44485 2 11146 30540
44486 3 5275 44324 314
44487 1 4041
44488 2 31513 22868
44489 2 6842 14612
44490 1 30928
44491 0
44492 3 41863 14628 21066
44493 2 43239 15023
44494 2 49013 19624
44495 4 5139 10496 49487 15815
44496 1 45703
44497 1 27251
44498 1 16223
44499 1 21299
44500 2 43656 21012
44501 3 3883 18586 2995
44502 3 30924 8829 38814
44503 2 3320 911
44504 0
44505 1 33608
44506 2 32965 11799
44507 3 42115 19254 39514
44508 5 11175 16776 37434 46515 31560
44509 4 10362 23291 29218 4283
44510 1 30908
44511 3 22199 38340 40813
44512 3 36491 21497 7489
44513 1 28657
44514 1 36470
44515 2 22178 15217
44516 2 40211 33540
44517 3 45395 44899 19040
44518 2 48993 41952
44519 2 1323 28132
44520 2 24672 17232
44521 1 16463
44522 2 3594 45087
44523 5 22448 46404 47005 16259 6492
44524 1 29497
44525 1 76
44526 3 30765 11434 10912
44527 1 36037
44528 4 26050 45134 1442 46271
44529 6 44994 13265 23965 31986 39433 24588
44530 1 22259
44531 1 19983
44532 1 14292
44533 0
44534 1 20778
44535 1 38073
44536 2 24151 30418
44537 3 44321 33493 5808
44538 4 13767 11779 1559 11721
44539 2 13989 28316
44540 0
44541 3 24675 45753 8664
44542 3 14332 18718 24162
44543 1 39858
44544 1 13609
44545 1 2895
44546 2 15110 14758
44547 2 1172 40427
44548 4 48750 30767 11824 5401
44549 2 39662 40415
44550 3 21106 13523 6896
44551 0
44552 4 35884 5859 17366 48052
44553 2 4755 12972
44554 2 23263 46547
44555 3 37523 35782 8445
44556 1 42579
44557 3 41219 49197 48519
44558 2 17779 38260
44559 2 659 27653
44560 3 28464 30499 3633
44561 2 27643 17962
44562 1 14100
44563 0
44564 1 33807
44565 1 6080
44566 3 32599 12239 24037
44567 0
44568 1 42752
44569 3 6306 6775 30344
44570 3 10323 28807 32188
44571 0
44572 1 23050
44573 1 47523
44574 3 25984 41336 27419
44575 4 28441 39905 40599 41489
44576 2 25370 469
44577 1 34462
44578 1 29128
44579 2 41230 20659
44580 0
44581 0
44582 1 40448
44583 2 13676 39400
44584 2 8309 36700
44585 2 25287 47756
44586 1 27182
44587 2 15283 23815
44588 3 37230 7051 44704
44589 2 11296 48519
44590 2 19989 7920
44591 4 40987 27122 47273 39712
44592 1 26143
44593 0
44594 3 39738 44299 6583
44595 4 12464 1631 12364 43465
44596 0
44597 2 41198 41034
44598 2 39841 36317
44599 2 31491 43964
44600 3 48349 14498 19166
44601 0
44602 2 41452 26108
44603 2 20529 22686
44604 4 35400 34991 14344 5074
44605 1 6094
44606 1 48574
44607 2 25202 26056
44608 6 47770 33432 6345 3262 28165 27352
44609 0
44610 1 22747
44611 1 7699
44612 0
44613 2 20113 26819
44614 2 22778 33435
44615 2 27613 615
44616 3 13399 7213 40146
44617 3 2730 40414 37532
44618 4 13130 25789 7803 10757
44619 5 27980 10228 4827 32018 13482
44620 2 9772 7428
44621 2 10981 20820
44622 0
44623 1 37341
44624 4 39966 21089 28582 34850
44625 1 2323
44626 2 26547 11837
44627 1 12851
44628 0
44629 2 2149 41754
44630 3 6507 22104 5062
44631 1 43909
44632 1 18444
44633 2 19584 44703
44634 3 9407 36985 3956
44635 1 21945
44636 3 42507 49075 22544
44637 2 10274 32503
44638 2 21255 32734
44639 2 42939 26947
44640 2 38500 13305
44641 1 17613
44642 3 1989 25961 6088
44643 1 29080
44644 2 27179 22543
44645 1 2754
44646 6 4289 18195 30030 17533 21001 26440
44647 3 34611 14504 10200
44648 1 30334
44649 5 29654 44972 10846 27513 31396
44650 1 45995
44651 4 17105 11910 4878 14688
44652 1 36967
44653 1 31892
44654 2 28299 40509
44655 2 23553 31319
44656 2 47442 44814
44657 4 20671 25011 8464 9847
44658 2 33439 16927
44659 0
44660 1 41757
44661 5 30459 19449 5031 32143 32387
44662 2 25611 22940
44663 3 46149 1800 9379
44664 2 4485 33128
44665 0
44666 2 47389 4203
44667 6 11578 20010 25715 9935 46271 35632
44668 2 39649 34553
44669 0
44670 2 32691 35871
44671 6 23064 19574 26043 47528 3347 5704
44672 2 43812 30047
44673 1 24675
44674 0
44675 4 25525 35378 22092 38714
44676 3 12482 19466 22872
44677 4 275 48852 49388 35498
44678 0
44679 2 4574 4461
44680 3 41267 34276 40258
44681 2 30747 1595
44682 2 35053 33710
44683 2 46115 13988
44684 1 41315
44685 1 27437
44686 4 5025 27942 23098 28450
44687 0
44688 4 35129 20667 30061 38132
44689 2 29800 5857
44690 2 30620 44674
44691 0
44692 3 34014 9931 13698
44693 4 27646 31261 9743 29732
44694 3 49187 32138 39
44695 1 39644
44696 1 43221
44697 2 40682 37699
44698 3 32075 9182 40819
44699 3 15982 41793 14579
44700 2 24438 32987
44701 0
44702 3 19669 6428 10509
44703 2 20747 31760
44704 3 19122 2824 36643
44705 2 37490 18081
44706 1 28311
44707 1 149
44708 3 18950 15982 32880
44709 2 45316 38123
44710 1 10821
44711 4 832 38274 27955 25184
44712 0
44713 1 45046
44714 2 14820 41019
44715 4 23531 5482 14262 34153
44716 1 38754
44717 1 25279
44718 3 38980 40170 9112
44719 2 20912 21473
44720 1 47977
44721 2 18540 42580
44722 3 36184 47431 21527
44723 1 22352
44724 0
44725 2 8392 13513
44726 1 24932
44727 2 14590 41613
44728 1 46962
44729 0
44730 0
44731 3 39276 10378 41046
44732 3 28068 25056 35957
44733 2 15834 32108
44734 2 43070 4179
44735 1 46446
44736 0
44737 1 15971
44738 0
44739 4 23832 434 4617 36140
44740 2 23926 2283
44741 1 45015
44742 2 6483 32920
44743 1 35185
44744 0
44745 3 30017 49800 11163
44746 2 40538 27394
44747 3 43197 27156 8434
44748 4 8459 42040 33515 33663
44749 3 2351 17949 49268
44750 3 33693 24221 7543
44751 3 1365 24288 48739
44752 1 3666
44753 3 14338 49452 24858
44754 1 39
44755 2 33455 9299
44756 1 9623
44757 1 17294
44758 6 15188 26703 29917 43769 30116 44260
44759 4 35842 34255 4155 34522
44760 6 20537 40524 2419 30748 12217 14146
44761 1 16954
44762 1 11983
44763 2 8579 44129
44764 0
44765 1 5519
44766 2 18818 48791
44767 2 22472 41431
44768 4 38098 13156 44183 1859
44769 1 49027
44770 1 5132
44771 2 41019 36499
44772 1 33067
44773 2 29131 45302
44774 4 16769 44075 35433 18246
44775 4 48331 39616 16314 18277
44776 2 6775 28864
44777 4 11848 39223 4832 35401
44778 3 22850 44929 45471
44779 5 35117 7494 40322 36694 4186
44780 3 30159 39344 10998
44781 3 21721 9150 35904
44782 3 19208 27564 28082
44783 4 40723 44132 44658 8157
44784 2 19145 12920
44785 0
44786 2 43730 38463
44787 3 6283 47041 24483
44788 1 11836
44789 3 32006 26462 10400
44790 0
44791 1 44064
44792 5 23682 794 30048 47451 37724
44793 2 20976 46035
44794 0
44795 0
44796 0
44797 3 19013 33129 23943
44798 1 2096
44799 2 458 48496
44800 1 32424
44801 1 18997
44802 1 34513
44803 5 33358 4438 36828 35841 25253
44804 3 48476 47726 1036
44805 1 48482
44806 0
44807 2 3001 15524
44808 0
44809 2 3472 28939
44810 5 31015 13319 1956 47782 10982
44811 1 37932
44812 0
44813 3 28379 44873 32188
44814 2 9377 49645
44815 1 1041
44816 1 43601
44817 0
44818 2 23203 10615
44819 1 30166
44820 2 17629 41559
44821 1 6950
44822 4 23338 44671 10264 28564
44823 3 43779 20201 298
44824 5 36579 2551 18383 47651 28283
44825 1 48512
44826 1 42326
44827 1 5500
44828 3 41264 29090 27549
44829 0
44830 1 12806
44831 0
44832 0
44833 4 40635 25145 889 25961
44834 0
44835 1 26948
44836 2 994 22911
44837 0
44838 3 42876 19272 39074
44839 4 49470 3745 41743 7478
44840 0
44841 1 18872
44842 2 41821 46021
44843 1 16298
44844 6 38502 24023 17476 41592 22070 44984
44845 3 42060 9775 27885
44846 0
44847 0
44848 2 35794 45583
44849 3 42129 25896 4469
44850 1 9567
44851 5 2352 38917 14864 25490 48146
44852 0
44853 0
44854 2 714 10628
44855 3 43128 27855 19129
44856 3 11093 44457 759
44857 4 11577 36729 24104 13556
44858 3 47278 7259 24708
44859 1 42637
44860 3 45395 4174 48009
44861 3 34408 818 43931
44862 0
44863 4 23306 48362 21727 6172
44864 0
44865 1 47159
44866 2 220 22383
44867 2 45083 20733
44868 3 14643 41701 8907
44869 5 21583 10424 11404 37517 10741
44870 0
44871 4 28798 25281 39883 46571
44872 1 18701
44873 5 27420 27497 15705 32138 18174
44874 3 46449 36905 31002
44875 4 40606 10056 36504 41308
44876 2 49997 27580
44877 0
44878 3 7008 49989 33418
44879 0
44880 2 36270 25372
44881 0
44882 2 36267 14200
44883 3 49738 34712 14044
44884 3 29677 37410 29481
44885 1 4248
44886 2 19153 34928
44887 1 10444
44888 2 9629 31107
44889 4 11756 39395 22462 33328
44890 0
44891 2 5749 17978
44892 2 33795 27632
44893 5 14667 41911 1044 49233 3199
44894 2 25346 8743
44895 3 43382 1671 154
44896 2 49243 279
44897 2 16423 19684
44898 0
44899 1 37567
44900 2 24961 47847
44901 0
44902 2 28504 47775
44903 1 23515
44904 1 23980
44905 0
44906 3 35580 26611 49275
44907 4 15499 10926 43264 47005
44908 5 28620 17129 24131 40333 42543
44909 5 1931 2488 25719 9858 17552
44910 2 48597 40695
44911 3 27507 10196 10515
44912 3 28378 38503 38173
44913 2 26943 4628
44914 2 32607 29219
44915 3 36335 14237 6234
44916 1 46643
44917 0
44918 3 49694 30142 38133
44919 1 19239
44920 1 18864
44921 1 5501
44922 4 16426 3286 37898 27372
44923 1 47400
44924 2 32688 11766
44925 2 35628 18969
44926 2 2886 42888
44927 1 47269
44928 4 4211 342 47447 5776
44929 3 225 24244 1792
44930 5 41335 34390 10839 17999 28617
44931 1 5340
44932 1 11481
44933 4 44513 9511 17055 34693
44934 0
44935 0
44936 0
44937 4 34029 12787 11834 12837
44938 2 44011 2527
44939 0
44940 2 10228 46008
44941 3 27494 21551 43096
44942 2 11574 37237
44943 2 48263 25722
44944 3 19013 29455 532
44945 0
44946 1 16942
44947 0
44948 2 26228 45680
44949 1 17952
44950 3 29479 419 11198
44951 3 36568 40330 19512
44952 3 12013 1463 2522
44953 2 1068 12501
44954 3 15691 24317 33105
44955 5 48726 37046 31463 38167 26749
44956 5 19649 21516 47794 20919 29012
44957 3 25623 40611 5007
44958 6 35363 13826 39615 6582 4447 20042
44959 0
44960 3 33824 30564 40073
44961 1 42905
44962 1 34097
44963 3 12354 42720 32393
44964 3 15678 33617 37794
44965 2 32916 16931
44966 3 19619 29193 5290
44967 0
44968 1 7885
44969 0
44970 1 33570
44971 2 25592 18353
44972 2 27534 42497
44973 1 14672
44974 2 19877 11091
44975 4 6089 574 40378 11612
44976 1 32277
44977 3 12539 23096 31640
44978 1 42294
44979 4 18754 2191 14020 16958
44980 0
44981 3 9099 6584 45373
44982 4 12588 7944 7794 28988
44983 2 13421 34494
44984 3 1517 47219 22672
44985 4 35819 44178 35935 2622
44986 3 10341 17711 30662
44987 2 1418 4179
44988 1 41386
44989 3 29818 1902 3101
44990 4 30194 6096 20425 29974
44991 1 42260
44992 2 24573 7964
44993 0
44994 0
44995 1 45864
44996 3 46663 26989 34892
44997 3 1331 12738 20342
44998 4 25264 26684 12692 34360
44999 1 10679
45000 0
45001 1 44836
45002 0
45003 4 10686 28442 33197 12599
45004 0
45005 1 27002
45006 1 14430
45007 2 34157 33194
45008 3 14757 43771 7846
45009 2 21213 41575
45010 2 42926 43451
45011 2 3553 14918
45012 2 8813 22877
45013 2 19741 6590
45014 1 45255
45015 2 45120 48285
45016 2 2748 34522
45017 1 15589
45018 2 32382 50
45019 1 12170
45020 2 3037 199
45021 2 14239 40650
45022 2 28809 4746
45023 4 38755 21197 32 21231
45024 0
45025 3 36856 29845 44244
45026 2 47114 38269
45027 3 258 15415 46279
45028 1 2548
45029 2 30166 11545
45030 2 34857 23485
45031 2 11003 14536
45032 3 31842 41594 44697
45033 6 5282 41037 5559 31013 36230 8475
45034 1 49254
45035 2 28891 25270
45036 0
45037 3 9779 41419 43838
45038 1 35340
45039 2 21352 33512
45040 1 9233
45041 3 32018 12653 34855
45042 4 29983 26840 9477 35838
45043 0
45044 1 22563
45045 2 1423 39183
45046 3 33649 35614 44309
45047 2 34603 27048
45048 2 30754 18226
45049 2 42206 34685
45050 4 16339 38712 3788 10235
45051 2 2940 36165
45052 0
45053 3 45678 38136 6425
45054 3 15107 29773 161
45055 3 25455 16932 22435
45056 1 1926
45057 1 38302
45058 0
45059 0
45060 1 8127
45061 2 31319 38082
45062 2 13335 18989
45063 2 33788 46211
45064 0
45065 1 38050
45066 4 5686 40579 24914 47052
45067 4 23541 7686 45318 25496
45068 2 20243 17218
45069 0
45070 3 46429 12700 44306
45071 2 42461 259
45072 2 28234 29634
45073 1 44077
45074 2 43615 23847
45075 1 12618
45076 2 4582 26821
45077 2 10197 20310
45078 0
45079 3 7123 26494 1673
45080 2 7771 23681
45081 1 36637
45082 3 7257 28465 21364
45083 2 27403 7212
45084 0
45085 2 27543 18725
45086 2 48348 16448
45087 1 48854
45088 1 3818
45089 3 13686 42409 27635
45090 0
45091 1 6886
45092 1 9345
45093 2 37669 34301
45094 1 45299
45095 1 15313
45096 0
45097 1 18237
45098 5 32169 48604 33148 26324 26452
45099 1 22680
45100 1 3192
45101 3 27695 3033 16154
45102 1 27907
45103 1 30699
45104 1 18163
45105 3 29362 6823 34333
45106 5 37257 41465 32778 23292 8843
45107 1 41764
45108 3 25186 42560 16474
45109 0
45110 1 28489
45111 1 6023
45112 2 5027 22922
45113 2 21825 49475
45114 0
45115 2 38729 40912
45116 2 49288 9669
45117 2 34915 10116
45118 2 21075 30375
45119 4 6554 42239 13509 28553
45120 0
45121 4 3088 1072 39526 1717
45122 3 34724 35203 36961
45123 0
45124 2 8148 30411
45125 2 49841 2590
45126 0
45127 2 46797 36327
45128 0
45129 0
45130 1 20072
45131 1 37978
45132 2 34372 23656
45133 1 33228
45134 0
45135 2 35931 48955
45136 1 12060
45137 4 8340 48397 7768 25907
45138 1 44290
45139 2 22091 9894
45140 2 10089 27401
45141 3 15464 24570 37675
45142 0
45143 2 26125 7821
45144 3 8683 1082 23617
45145 2 7819 40204
45146 1 49327
45147 1 42416
45148 0
45149 3 39654 25061 21707
45150 3 32482 36512 15641
45151 2 11000 34268
45152 0
45153 3 3689 5580 13217
45154 0
45155 2 10027 3591
45156 1 23023
45157 1 4799
45158 5 24089 11575 40215 34224 20399
45159 2 31201 35055
45160 0
45161 0
45162 3 5135 33020 41235
45163 5 3697 45600 8176 17083 33335
45164 0
45165 1 19387
45166 2 13824 29659
45167 2 37403 38154
45168 1 44638
45169 2 25996 44301
45170 3 6558 33187 46734
45171 2 5570 15256
45172 3 10682 27356 48279
45173 2 48678 30563
45174 3 36953 5960 17929
45175 0
45176 1 25933
45177 2 2814 46712
45178 3 30839 34037 39003
45179 1 18040
45180 3 25700 27637 41661
45181 0
45182 3 30266 47352 20898
45183 4 37859 17465 41144 27967
45184 1 38312
45185 0
45186 1 209
45187 0
45188 2 11115 18440
45189 1 28612
45190 4 4338 44049 12566 36998
45191 2 5923 42407
45192 0
45193 1 6558
45194 1 24348
45195 4 25511 20838 610 13141
45196 0
45197 2 37992 8755
45198 1 21215
45199 1 41465
45200 0
45201 2 18815 42943
45202 1 34
45203 2 42492 35496
45204 1 44545
45205 1 43650
45206 2 44076 45550
45207 1 46507
45208 2 41212 35875
45209 1 45375
45210 3 44333 24979 365
45211 0
45212 2 31577 14365
45213 4 45693 36914 27618 10588
45214 4 29822 32402 5906 44729
45215 2 5867 21988
45216 5 31117 2285 14596 14994 22870
45217 0
45218 4 49632 20646 35959 32362
45219 2 7723 28094
45220 1 30303
45221 2 12492 17323
45222 7 6617 21848 29613 32509 28209 6705 1002
45223 3 16320 1449 29660
45224 2 19131 45153
45225 2 42896 2674
45226 4 36406 29913 18987 43796
45227 1 23795
45228 3 25486 6609 14421
45229 4 47322 11083 25004 43700
45230 1 38861
45231 4 6104 33160 22133 38840
45232 1 14426
45233 1 5265
45234 3 38839 43435 26900
45235 2 44951 33564
45236 3 2731 10613 46996
45237 1 46076
45238 1 3809
45239 3 34966 16814 6684
45240 4 40656 29005 29557 18805
45241 0
45242 3 31399 41456 49340
45243 2 38865 27312
45244 4 33306 35904 22310 20830
45245 4 3751 46966 47864 11866
45246 2 2331 30715
45247 2 12563 23395
45248 0
45249 1 7113
45250 2 47330 25918
45251 3 18304 24350 21814
45252 2 8410 28527
45253 1 36685
45254 3 39184 22338 1929
45255 0
45256 0
45257 1 17532
45258 1 11415
45259 1 46222
45260 6 27268 31704 37196 23710 26756 15104
45261 1 22163
45262 3 27211 25657 41154
45263 3 34611 44382 16999
45264 0
45265 0
45266 4 7513 3172 47737 11712
45267 1 10814
45268 1 46841
45269 3 6886 41608 44497
45270 2 1664 19616
45271 2 18510 19334
45272 0
45273 0
45274 0
45275 2 30806 49676
45276 1 38088
45277 2 49922 14358
45278 3 22884 9847 11964
45279 2 16555 35958
45280 1 24882
45281 1 12872
45282 1 6142
45283 1 30987
45284 5 14542 44971 42809 42046 27340
45285 3 12638 30096 27720
45286 1 33572
45287 3 20333 29921 35690
45288 2 32482 7298
45289 2 10089 38483
45290 1 12910
45291 1 3286
45292 3 48407 44101 32511
45293 1 39549
45294 0
45295 2 9399 36034
45296 2 14663 28716
45297 3 39409 27849 24012
45298 4 42322 16343 970 4348
45299 2 20233 9598
45300 4 19428 1308 11135 31230
45301 2 10338 20960
45302 2 2960 30721
45303 6 8913 34627 35884 14441 39131 16972
45304 0
45305 3 32882 9823 38588
45306 5 6204 42259 18960 24723 48175
45307 1 35395
45308 1 1609
45309 4 6319 14270 46513 41872
45310 2 41894 38256
45311 3 21741 11312 28482
45312 2 9406 49272
45313 1 23704
45314 1 48012
45315 2 49870 19654
45316 1 38959
45317 2 48660 13562
45318 3 31270 17787 24370
45319 2 41006 46392
45320 1 18228
45321 4 29465 1677 20626 39431
45322 3 37025 3924 14782
45323 3 17972 599 14914
45324 3 8450 4098 11277
45325 1 20413
45326 3 41190 14548 16325
45327 4 5665 22782 35604 37622
45328 0
45329 4 6511 23787 46863 45935
45330 1 7987
45331 2 14696 23781
45332 2 15779 15840
45333 2 41735 36374
45334 0
45335 2 28247 32449
45336 3 36783 12158 5261
45337 3 21097 17316 31041
45338 3 18462 17038 42057
45339 2 46326 19020
45340 2 31016 331
45341 1 43654
45342 6 2176 2306 18995 3833 18855 39640
45343 6 31676 8827 6361 26052 15275 49428
45344 3 25099 28696 49624
45345 0
45346 1 33570
45347 1 49170
45348 6 19160 30325 8723 2366 9034 33848
45349 3 16489 5665 21169
45350 2 44144 30859
45351 0
45352 0
45353 2 2893 26596
45354 2 31037 8867
45355 0
45356 1 41439
45357 0
45358 4 5465 46504 35115 19017
45359 2 28417 10554
45360 2 28377 15288
45361 2 34399 918
45362 2 17654 46351
45363 1 47520
45364 1 33149
45365 4 2456 47223 33751 11603
45366 2 8229 47041
45367 2 20648 10730
45368 0
45369 1 1966
45370 5 33196 46321 29101 17033 20483
45371 1 37045
45372 1 36172
45373 2 2385 7729
45374 1 22116
45375 1 18905
45376 1 15385
45377 1 30228
45378 2 29278 1564
45379 0
45380 1 41921
45381 3 35983 35055 38183
45382 2 13039 2838
45383 2 41136 33421
45384 1 16996
45385 3 44052 33422 18111
45386 5 8691 41796 14391 48081 34467
45387 2 19682 9704
45388 3 308 19566 47429
45389 0
45390 2 3965 127
45391 3 45738 47360 30196
45392 0
45393 2 23380 28205
45394 2 30161 11125
45395 1 1070
45396 2 4195 8822
45397 1 28810
45398 2 37039 36700
45399 0
45400 3 8391 13784 38530
45401 5 9444 34695 38417 49205 28698
45402 2 20663 42240
45403 3 30197 36393 25628
45404 3 15404 31580 28550
45405 0
45406 1 32976
45407 3 10759 42048 44102
45408 4 3302 43326 34985 2113
45409 1 35473
45410 5 30846 8627 30577 5036 19062
45411 1 36141
45412 1 48083
45413 5 1633 36198 43726 38680 10210
45414 4 47712 4253 23601 14141
45415 3 13639 11079 14644
45416 0
45417 1 36287
45418 1 48659
45419 1 13115
45420 3 7704 31049 8260
45421 4 46808 44395 43733 14211
45422 2 43456 7435
45423 3 42478 20042 33768
45424 1 49891
45425 1 39012
45426 4 34933 10650 42830 16819
45427 3 17644 14926 26623
45428 1 35320
45429 1 38706
45430 2 8986 36407
45431 3 26482 8002 42051
45432 1 14845
45433 1 13923
45434 3 14115 19113 37930
45435 0
45436 3 46357 26086 28590
45437 0
45438 0
45439 4 12833 10049 2900 39467
45440 2 19133 15875
45441 3 21097 45374 35689
45442 2 13500 45623
45443 2 40987 32014
45444 3 3699 27581 39430
45445 0
45446 1 27396
45447 0
45448 0
45449 5 29379 36693 838 10972 42200
45450 4 609 24894 333 24204
45451 1 24649
45452 3 29053 7785 44621
45453 3 49906 36712 8921
45454 2 46879 11744
45455 2 33955 5920
45456 1 33384
45457 4 19731 30374 30649 13135
45458 3 44500 35604 10647
45459 2 31207 43716
45460 0
45461 2 10469 4423
45462 1 10637
45463 6 12507 31928 30940 29799 10937 16295
45464 2 36388 42748
45465 1 8123
45466 3 20478 20649 4969
45467 1 20147
45468 2 15178 44407
45469 0
45470 3 26872 6493 33089
45471 2 18880 10395
45472 1 22180
45473 4 45869 31060 518 7643
45474 0
45475 2 42925 25417
45476 2 41833 26447
45477 0
45478 3 8823 19240 29369
45479 1 16745
45480 2 23086 49444
45481 0
45482 2 18556 31920
45483 2 3626 47573
45484 5 40999 24812 30339 20131 29075
45485 2 31743 13039
45486 1 28846
45487 2 34827 2132
45488 6 37354 11730 29774 40535 35605 30868
45489 1 42182
45490 2 4691 23666
45491 3 27304 31465 31135
45492 5 18683 11502 14274 28418 40192
45493 1 14296
45494 2 7759 22990
45495 0
45496 1 28669
45497 2 31753 34388
45498 4 20692 20864 10087 25378
45499 1 39833
45500 2 31386 28989
45501 0
45502 1 10706
45503 1 45156
45504 1 24475
45505 4 13307 39673 35091 841
45506 0
45507 0
45508 2 28055 13671
45509 1 2547
45510 3 31256 20150 9392
45511 2 2696 46784
45512 1 620
45513 4 3920 42398 23690 38508
45514 0
45515 4 19842 46443 36922 15340
45516 0
45517 3 19017 39375 33493
45518 1 9308
45519 2 47447 37866
45520 2 8104 43134
45521 0
45522 1 3796
45523 0
45524 3 32901 24142 5237
45525 2 13455 32687
45526 2 32360 18313
45527 1 22617
45528 4 22229 47740 45989 33862
45529 2 13313 20765
45530 5 47915 28728 47832 13621 23962
45531 2 22565 16096
45532 5 25870 42705 18150 4540 54
45533 3 37865 22938 11946
45534 3 30286 13562 42749
45535 1 26150
45536 2 23004 40967
45537 0
45538 1 34759
45539 3 37541 40875 2431
45540 2 26984 10080
45541 0
45542 0
45543 1 43182
45544 1 46698
45545 5 39271 29341 9805 32743 49399
45546 2 26394 10778
45547 0
45548 3 42337 6352 8707
45549 1 11149
45550 1 28912
45551 3 14739 8175 27558
45552 2 41272 7491
45553 3 5355 29691 33772
45554 1 26804
45555 0
45556 0
45557 5 918 26080 8243 16545 36877
45558 1 36300
45559 2 36570 21369
45560 0
45561 3 21359 37947 14239
45562 3 16884 12209 31790
45563 2 49926 7899
45564 4 34305 6447 39388 25506
45565 5 21297 44429 39408 9551 49207
45566 0
45567 0
45568 2 23769 2602
45569 5 20288 10387 23467 12949 29899
45570 4 22546 38013 28169 47098
45571 0
45572 1 46666
45573 3 6163 46714 17568
45574 1 22059
45575 2 18658 20575
45576 4 29439 20647 25961 7268
45577 2 2326 29306
45578 1 36952
45579 1 26709
45580 1 36997
45581 2 29828 43996
45582 2 21837 15111
45583 2 44629 44875
45584 1 21238
45585 0
45586 4 7624 17608 35445 38813
45587 1 44322
45588 1 1074
45589 1 7511
45590 1 5137
45591 4 23898 38390 44758 25474
45592 2 32963 14008
45593 2 40608 5515
45594 2 39811 23326
45595 0
45596 3 25514 11634 40773
45597 1 16164
45598 0
45599 1 19559
45600 2 18723 27587
45601 2 8808 16758
45602 1 37095
45603 1 47220
45604 1 24345
45605 1 37328
45606 4 12507 9543 38024 8881
45607 2 11330 35195
45608 4 30654 19711 8401 26820
45609 4 6638 11319 46793 31156
45610 4 16128 32116 12502 27499
45611 3 20403 36697 45680
45612 3 42534 21136 48752
45613 2 21790 49844
45614 0
45615 0
45616 2 31400 32367
45617 2 41022 18285
45618 1 41898
45619 2 12368 39573
45620 1 32298
45621 2 2818 7730
45622 5 24879 34778 25165 6887 33225
45623 0
45624 1 18477
45625 1 45159
45626 2 46671 48684
45627 4 37147 16941 1459 26807
45628 1 24625
45629 1 45715
45630 2 35091 5363
45631 1 630
45632 1 39485
45633 1 42532
45634 2 17233 10306
45635 3 30025 33159 35978
45636 2 27542 24034
45637 1 3371
45638 5 20495 17436 5077 44515 3357
45639 2 33791 31140
45640 0
45641 3 8174 513 31349
45642 1 1359
45643 4 45141 29336 18507 31750
45644 2 5358 40047
45645 4 44958 6720 21542 16750
45646 1 48921
45647 5 6687 1127 44928 40038 39156
45648 1 49706
45649 1 16292
45650 4 23031 42987 22346 42917
45651 3 22204 17590 49645
45652 4 18136 39261 12309 5863
45653 7 2528 5154 24242 38973 31210 216 29911
45654 1 35890
45655 3 40579 34548 25635
45656 1 28011
45657 2 29312 5678
45658 2 43073 39318
45659 3 1526 46436 33829
45660 0
45661 2 42000 5986
45662 1 14619
45663 1 47095
45664 2 28460 43384
45665 2 10189 28586
45666 1 32433
45667 4 4530 35839 49436 14578
45668 3 26866 33383 16085
45669 1 22610
45670 2 21860 6194
45671 3 39298 25754 5991
45672 1 40461
45673 7 33167 49015 21454 18223 28309 38905 15012
45674 2 19448 19764
45675 2 12716 37771
45676 1 43902
45677 1 23770
45678 2 42558 9030
45679 0
45680 4 7349 16134 14545 46669
45681 1 46142
45682 2 44183 9796
45683 1 38640
45684 4 28144 21624 6924 28997
45685 2 30614 44970
45686 1 46172
45687 2 9922 49964
45688 3 35005 21967 22108
45689 5 6713 49409 35212 49020 43291
45690 0
45691 3 9674 41750 27109
45692 1 34158
45693 4 5129 21235 41056 2344
45694 3 48912 36334 43279
45695 3 20940 18263 20249
45696 3 44774 45952 22761
45697 2 48358 21833
45698 1 43006
45699 4 37912 715 34249 3874
45700 4 38973 38028 46086 18583
45701 1 1253
45702 4 21709 15686 14217 19105
45703 0
45704 2 29379 5917
45705 4 9187 11500 45586 10491
45706 2 21201 388
45707 2 25376 38159
45708 3 19560 11429 6558
45709 3 10082 33720 8169
45710 2 22767 12153
45711 0
45712 2 47705 11081
45713 1 41520
45714 1 17784
45715 3 9238 41766 19859
45716 3 37512 18748 14879
45717 0
45718 2 14878 31673
45719 0
45720 2 26694 2805
45721 0
45722 0
45723 2 6867 34168
45724 1 26241
45725 1 4228
45726 5 34524 36861 35127 9708 39015
45727 1 8325
45728 2 26521 30885
45729 1 1041
45730 3 27659 19427 5752
45731 2 28007 36109
45732 3 1530 25117 9631
45733 1 44691
45734 2 23916 17271
45735 2 36581 45218
45736 3 7451 41631 26047
45737 4 21919 8889 7076 7308
45738 2 13294 25157
45739 1 47447
45740 2 46486 43107
45741 2 6720 764
45742 2 43815 26567
45743 2 22261 36129
45744 2 30736 16437
45745 0
45746 1 46301
45747 1 49133
45748 2 98 15167
45749 5 869 22234 17074 27145 4663
45750 5 7413 23983 47192 43791 15058
45751 2 39683 48922
45752 2 2842 47262
45753 1 42735
45754 1 7145
45755 4 1997 43975 43158 9258
45756 2 30639 44500
45757 2 46264 37441
45758 2 9422 27734
45759 1 31490
45760 0
45761 1 34747
45762 0
45763 3 5768 48264 41221
45764 2 5945 8457
45765 0
45766 3 46051 7588 43783
45767 2 27563 18351
45768 3 5843 2094 30225
45769 1 30387
45770 2 24086 2366
45771 1 25447
45772 1 12093
45773 1 18348
45774 2 29298 29164
45775 2 6397 49717
45776 3 22282 26365 21850
45777 1 47288
45778 1 10440
45779 1 45205
45780 0
45781 2 44400 24982
45782 3 4306 45620 46856
45783 3 22404 9382 2941
45784 6 26602 4231 13013 47371 38085 34361
45785 1 5625
45786 4 27081 6635 31075 12605
45787 3 28135 3756 37860
45788 0
45789 1 3853
45790 1 3046
45791 1 40859
45792 3 9048 18634 2493
45793 1 40735
45794 3 22034 8556 25171
45795 2 5946 8603
45796 3 49260 35715 13780
45797 0
45798 4 24991 27371 48241 45994
45799 2 6034 17689
45800 1 18647
45801 1 16335
45802 2 19086 2854
45803 1 25453
45804 1 12764
45805 2 38239 307
45806 0
45807 3 35587 3429 42615
45808 1 29336
45809 4 47284 42262 41887 33730
45810 3 2543 11614 21052
45811 1 12624
45812 2 40852 16111
45813 2 29806 16724
45814 0
45815 3 28856 26128 7089
45816 3 44174 34629 31609
45817 1 12943
45818 4 45953 36759 1090 38340
45819 0
45820 4 13700 42583 7062 24562
45821 2 12836 22735
45822 1 35580
45823 2 40607 37651
45824 2 8067 24159
45825 1 33555
45826 2 34728 19908
45827 0
45828 2 46565 35586
45829 4 40357 47415 1514 19348
45830 0
45831 3 27795 27508 28785
45832 0
45833 4 25415 47996 2692 45488
45834 2 18679 11523
45835 1 4717
45836 0
45837 7 36494 38596 33644 48787 4270 38789 27207
45838 3 28362 45128 44834
45839 2 34497 9642
45840 1 32374
45841 2 45652 17205
45842 4 40776 21616 21917 32804
45843 6 1703 497 11425 20422 35029 16134
45844 5 48535 7463 37530 41145 19143
45845 0
45846 3 19225 49781 12074
45847 2 1982 5052
45848 1 4964
45849 2 48341 29306
45850 3 47927 38685 29050
45851 1 26796
45852 0
45853 0
45854 3 5270 27778 192
45855 2 25874 3285
45856 0
45857 2 34299 39182
45858 2 45281 49507
45859 4 34524 36877 15497 36360
45860 1 27622
45861 3 30532 11058 32119
45862 3 7953 32741 33826
45863 2 39889 27188
45864 2 38705 41059
45865 3 9514 26558 22225
45866 2 5019 1020
45867 0
45868 1 36278
45869 0
45870 4 45927 16136 23766 7019
45871 1 20
45872 2 20780 32760
45873 3 38723 805 42857
45874 0
45875 5 11013 5670 46351 41392 41235
45876 1 35148
45877 6 23333 19558 42661 43452 4736 36763
45878 4 33097 25890 14156 22168
45879 2 20419 40369
45880 0
45881 4 21467 32998 40296 47576
45882 0
45883 0
45884 1 26826
45885 1 2918
45886 3 41766 31288 13616
45887 4 44238 20892 17538 5573
45888 4 15749 24622 25327 30418
45889 5 42226 43917 33404 16816 24243
45890 0
45891 2 29357 32955
45892 0
45893 0
45894 4 6588 20958 9692 38094
45895 4 21113 8769 47738 45182
45896 2 5264 22781
45897 3 15645 11244 6506
45898 4 19005 45772 36475 23512
45899 3 13186 42803 45195
45900 0
45901 3 37823 11392 38161
45902 2 38479 46278
45903 1 46196
45904 1 16925
45905 0
45906 3 20810 4495 44431
45907 1 40957
45908 3 20296 48655 22805
45909 1 7966
45910 1 42953
45911 2 31231 39015
45912 2 6563 47867
45913 1 3408
45914 1 15405
45915 4 19138 33286 47395 21053
45916 4 8488 8351 48074 39102
45917 0
45918 3 3412 4786 48817
45919 1 49770
45920 0
45921 1 49880
45922 2 42559 26105
45923 3 18498 43696 18181
45924 1 11734
45925 4 49650 8705 9192 31883
45926 1 18043
45927 1 28656
45928 5 21991 35677 30324 33860 13158
45929 2 27955 28533
45930 2 43390 25533
45931 2 16075 6503
45932 5 3405 49147 37723 39988 26554
45933 4 1405 2429 39827 12597
45934 2 43049 22598
45935 2 28797 42905
45936 1 21340
45937 0
45938 0
45939 1 26430
45940 3 36776 14608 35501
45941 2 29539 7090
45942 0
45943 0
45944 4 14639 32139 33076 30807
45945 2 40878 22183
45946 1 16725
45947 0
45948 4 38695 46803 39059 12436
45949 1 9307
45950 2 10305 46126
45951 1 19531
45952 2 9058 34252
45953 1 13797
45954 1 31277
45955 1 42754
45956 3 29268 2017 45774
45957 5 32132 16385 13128 47192 33074
45958 3 21613 577 22633
45959 1 15905
45960 3 16129 24964 30691
45961 3 13081 45867 38964
45962 1 1464
45963 6 21579 359 12888 29350 47479 22969
45964 5 20335 43986 25149 8893 28747
45965 5 8278 35287 26955 17911 45295
45966 1 22588
45967 1 10362
45968 3 11435 41607 20456
45969 4 12215 7640 8540 7526
45970 2 36342 22570
45971 1 17292
45972 2 32972 6769
45973 1 6078
45974 3 15429 16689 32140
45975 3 38736 8454 12414
45976 1 28459
45977 2 12844 10685
45978 6 41 21774 2537 45811 2808 47283
45979 2 33377 43763
45980 1 22844
45981 1 45677
45982 0
45983 0
45984 1 2146
45985 1 35548
45986 7 26139 26103 12723 28999 25010 27324 27790
45987 3 32272 44120 18331
45988 2 39438 21041
45989 7 711 42893 25191 20137 41837 10998 37759
45990 5 48782 13951 21256 39938 12837
45991 2 16185 47420
45992 2 30981 42537
45993 1 23189
45994 5 22928 22030 23796 19538 12848
45995 2 11287 34554
45996 2 19476 10766
45997 2 30087 34745
45998 3 15658 2553 35712
45999 2 28198 41479
46000 2 10266 23208
46001 3 23480 19738 22559
46002 3 5855 33162 10101
46003 1 30428
46004 2 21905 27637
46005 2 11668 28740
46006 1 16630
46007 3 5549 4858 6558
46008 2 28093 42858
46009 1 8000
46010 0
46011 0
46012 1 49708
46013 2 42765 43281
46014 5 16443 23157 32373 20346 27775
46015 4 43889 28570 28336 44981
46016 0
46017 2 18199 30371
46018 3 3658 31840 32771
46019 6 12647 24866 38798 8423 9683 40462
46020 2 7200 1501
46021 5 13139 40685 40611 12082 41499
46022 0
46023 2 27482 32196
46024 1 43797
46025 2 2004 29612
46026 1 26877
46027 2 615 40794
46028 3 44745 27908 3703
46029 1 4352
46030 1 48403
46031 0
46032 0
46033 2 9005 34053
46034 2 26952 34409
46035 2 21119 7517
46036 2 25782 33266
46037 1 31006
46038 2 2321 11793
46039 0
46040 3 38316 14092 3898
46041 1 45112
46042 0
46043 3 22267 13072 7667
46044 1 29178
46045 2 24853 35441
46046 1 10030
46047 4 40071 42226 3081 7822
46048 2 20707 1672
46049 0
46050 1 24019
46051 1 36242
46052 1 37500
46053 3 11941 34892 5504
46054 1 11296
46055 1 20883
46056 1 10313
46057 0
46058 0
46059 1 20329
46060 2 27221 17253
46061 2 23377 17948
46062 1 9229
46063 1 28898
46064 3 45741 9530 4288
46065 4 29303 39604 28096 47567
46066 3 1444 47499 6366
46067 1 37952
46068 1 45886
46069 2 3439 34036
46070 0
46071 1 17831
46072 6 6870 37008 20608 45654 7557 32491
46073 1 43475
46074 3 11052 29489 27374
46075 1 28008
46076 2 37394 1334
46077 2 2758 915
46078 2 4580 47884
46079 2 14859 6083
46080 2 3839 29166
46081 4 47816 37728 34640 18931
46082 1 27285
46083 4 21228 23258 32442 23684
46084 2 4173 12447
46085 2 25115 19571
46086 3 2501 5731 13336
46087 0
46088 3 31957 41703 1654
46089 1 2124
46090 0
46091 3 29926 12999 35615
46092 1 48807
46093 2 12645 44555
46094 1 44268
46095 2 26725 36920
46096 0
46097 3 15571 18979 9843
46098 2 29395 26521
46099 3 11969 18026 7823
46100 2 34046 31147
46101 3 12396 36205 25689
46102 0
46103 7 15584 46863 14175 24764 6302 24952 4427
46104 0
46105 3 3165 28683 8268
46106 1 37955
46107 0
46108 4 21637 31996 577 18161
46109 3 41161 6195 12465
46110 2 41538 31246
46111 2 39171 4759
46112 3 49670 23067 19124
46113 1 6057
46114 4 30029 10674 23494 41641
46115 0
46116 0
46117 2 38159 13181
46118 4 42169 40496 7555 22595
46119 1 16289
46120 1 8593
46121 1 18075
46122 5 49742 9852 9076 28925 37797
46123 1 4228
46124 2 41103 35683
46125 1 31692
46126 2 42459 1037
46127 3 25364 7941 23402
46128 2 18046 10890
46129 2 43061 33546
46130 2 42920 43212
46131 3 40475 11867 7460
46132 3 38390 38635 37752
46133 4 14903 30497 42800 28787
46134 2 2848 42444
46135 1 11662
46136 4 36503 8393 18844 8366
46137 2 38498 9978
46138 3 47004 11524 19202
46139 2 20821 23773
46140 3 10361 15910 31149
46141 0
46142 2 9744 37363
46143 3 34258 42422 13677
46144 2 2087 4058
46145 0
46146 2 35481 14184
46147 0
46148 0
46149 0
46150 2 6827 36259
46151 3 19670 35913 6649
46152 1 20546
46153 0
46154 3 7276 23123 661
46155 0
46156 3 35760 420 3921
46157 2 29763 14646
46158 0
46159 1 16560
46160 4 17582 23403 12343 48889
46161 4 25899 10976 45808 24143
46162 3 6026 34100 49821
46163 4 17413 38866 34499 32288
46164 2 18359 39408
46165 0
46166 4 29429 4724 7087 44006
46167 1 12207
46168 1 12214
46169 2 39760 10065
46170 1 22011
46171 1 23971
46172 1 25994
46173 2 16228 13340
46174 2 7828 40617
46175 4 10220 16094 47095 17327
46176 2 28451 12540
46177 2 48544 17052
46178 0
46179 0
46180 0
46181 2 40474 31958
46182 1 35797
46183 1 36385
46184 2 35574 48322
46185 3 39632 41299 31189
46186 2 26071 18749
46187 1 30264
46188 1 18350
46189 3 28850 19921 37766
46190 2 4014 46245
46191 1 20943
46192 1 29584
46193 3 24107 26026 35630
46194 2 37647 11911
46195 3 47816 20349 40354
46196 4 49150 33417 41098 5160
46197 5 22380 11329 35532 24737 27573
46198 3 48498 42115 40086
46199 3 1691 3263 10037
46200 4 19728 36332 32685 25903
46201 3 48936 5521 27038
46202 2 15273 22566
46203 1 31456
46204 0
46205 2 49690 48952
46206 3 28960 15254 43527
46207 1 49851
46208 2 8837 15379
46209 2 15999 22975
46210 2 43 47539
46211 0
46212 3 39609 47673 36544
46213 4 8274 3211 35728 33803
46214 2 30170 25070
46215 1 17141
46216 1 9705
46217 1 735
46218 3 19394 36442 41737
46219 1 39084
46220 2 36494 24142
46221 2 38423 5509
46222 2 17634 32333
46223 1 48133
46224 2 37737 30236
46225 0
46226 2 4761 41620
46227 5 42549 44286 8539 36226 49279
46228 4 29281 16110 23327 14655
46229 2 47970 4480
46230 1 6324
46231 2 31257 45386
46232 2 21492 37048
46233 3 32557 24281 12201
46234 4 44416 25317 10923 49687
46235 2 47770 24247
46236 0
46237 4 48151 7594 27960 43230
46238 2 32191 20329
46239 2 43616 27938
46240 1 15945
46241 3 46387 42314 22356
46242 2 29808 16837
46243 0
46244 3 24192 27999 39939
46245 4 24045 33327 40239 12610
46246 6 5128 18095 5035 9465 9501 3181
46247 2 37451 5457
46248 0
46249 1 27134
46250 2 10324 35566
46251 0
46252 2 3177 31902
46253 5 15700 11977 32367 38604 45254
46254 1 29047
46255 1 37169
46256 3 36632 40686 39207
46257 1 25738
46258 1 6856
46259 3 30042 36008 16906
46260 1 12586
46261 2 43213 23369
46262 2 29524 10409
46263 3 23209 36601 48704
46264 0
46265 1 31968
46266 4 49004 24669 36554 41026
46267 0
46268 0
46269 3 40298 14490 6402
46270 0
46271 3 840 32328 931
46272 0
46273 2 40639 1217
46274 4 6375 36298 47682 19969
46275 1 34789
46276 3 5348 20583 43333
46277 4 8380 43208 44273 46789
46278 0
46279 1 47266
46280 4 4931 39670 8885 49014
46281 3 46175 10566 37072
46282 3 2118 3931 9736
46283 0
46284 2 44155 35575
46285 0
46286 4 22521 48429 2643 13191
46287 3 4002 23787 28633
46288 3 20991 14030 29319
46289 3 7491 17554 41091
46290 1 889
46291 3 35150 40545 37322
46292 4 47152 11253 1679 9896
46293 2 25642 44126
46294 1 47484
46295 1 48036
46296 1 49339
46297 3 23599 22630 38128
46298 0
46299 2 37373 39286
46300 1 45003
46301 0
46302 3 17050 10900 10321
46303 2 33317 4402
46304 5 33258 40363 1609 1489 9819
46305 2 23883 45181
46306 2 1166 15333
46307 2 26264 24499
46308 1 31390
46309 2 37165 32037
46310 1 42419
46311 2 13928 4836
46312 4 12818 36732 47935 49940
46313 2 21691 17864
46314 5 29647 2547 43583 34895 1278
46315 0
46316 1 38396
46317 2 49642 31630
46318 3 33309 9065 33384
46319 1 19076
46320 1 31401
46321 0
46322 1 8996
46323 3 48962 39062 34757
46324 2 32209 36344
46325 5 41350 21308 16764 24925 20051
46326 2 9177 47499
46327 2 3987 14586
46328 0
46329 2 22167 42457
46330 2 9600 16135
46331 0
46332 3 47656 20873 45900
46333 2 14172 46918
46334 4 26532 12636 4620 22816
46335 2 45990 24135
46336 2 46509 25630
46337 1 46398
46338 1 4584
46339 2 33094 11418
46340 1 31568
46341 1 30672
46342 2 33703 41858
46343 3 34824 240 32279
46344 3 2431 8925 23608
46345 4 26984 539 14224 7650
46346 4 9957 32131 1966 29150
46347 2 44990 3704
46348 2 559 5243
46349 0
46350 0
46351 0
46352 1 49374
46353 0
46354 2 35147 45529
46355 3 44654 32120 26707
46356 3 32095 22297 2891
46357 2 42320 33178
46358 4 12171 17398 3740 4212
46359 2 41119 32155
46360 2 35249 42919
46361 0
46362 0
46363 2 31472 45661
46364 0
46365 2 10111 18776
46366 2 37974 3953
46367 3 7541 13467 24283
46368 3 2608 43697 37738
46369 1 33166
46370 2 35357 999
46371 2 15684 21814
46372 0
46373 1 15525
46374 4 747 35078 30816 19107
46375 4 624 12873 47362 24943
46376 3 35041 49024 47965
46377 0
46378 1 47739
46379 1 11123
46380 1 21298
46381 4 17148 47502 2617 10036
46382 2 13485 42561
46383 1 42835
46384 1 37325
46385 1 20758
46386 1 17427
46387 1 40715
46388 1 16857
46389 0
46390 3 16278 27673 6772
46391 0
46392 5 4249 23617 15022 9018 14564
46393 0
46394 0
46395 2 8184 4787
46396 1 11456
46397 4 11701 16544 37879 6897
46398 1 8645
46399 3 45418 30768 49696
46400 2 13868 16111
46401 2 15962 18713
46402 1 43185
46403 1 40960
46404 1 20160
46405 1 45019
46406 2 7146 1344
46407 0
46408 2 32463 44710
46409 2 14156 34481
46410 3 30464 60 38122
46411 1 15382
46412 1 11293
46413 3 7179 23195 10971
46414 2 24158 49400
46415 4 8575 1229 47940 21561
46416 2 30937 29928
46417 0
46418 1 18311
46419 0
46420 2 38731 45943
46421 3 24337 33002 36479
46422 2 34782 34043
46423 1 33718
46424 0
46425 2 34916 36497
46426 2 48333 5213
46427 1 10413
46428 3 33835 27001 46286
46429 2 46767 14286
46430 2 37908 47480
46431 0
46432 6 4977 18355 19626 17994 28621 39883
46433 2 17201 1725
46434 2 27421 46859
46435 4 8145 21198 44090 29718
46436 1 29277
46437 6 3515 49901 6125 30655 17550 37212
46438 2 20923 12072
46439 2 8959 15163
46440 3 2766 13327 49372
46441 1 12901
46442 3 16750 3107 11722
46443 2 568 42802
46444 1 27713
46445 1 28256
46446 2 36978 43709
46447 3 19987 29120 620
46448 1 17777
46449 0
46450 5 15708 28567 49355 25311 5096
46451 2 7092 23629
46452 1 18680
46453 4 11004 9151 9707 9521
46454 3 36807 24675 39845
46455 0
46456 1 5625
46457 2 36910 10239
46458 3 33762 3330 43962
46459 1 5324
46460 1 46413
46461 4 44939 40365 39546 37022
46462 0
46463 3 25377 22577 41418
46464 2 15414 14351
46465 3 9228 7878 48686
46466 2 9348 16350
46467 1 26510
46468 2 31560 16731
46469 1 566
46470 2 3473 3740
46471 2 12511 24707
46472 2 35141 49687
46473 2 19254 35680
46474 3 257 38962 9663
46475 7 9677 6864 10322 19148 1714 17301 47863
46476 3 24415 18093 24063
46477 0
46478 3 33246 28772 3909
46479 3 4261 27726 46637
46480 1 26529
46481 2 7869 6482
46482 2 39768 1026
46483 3 30526 13004 7484
46484 0
46485 0
46486 2 40324 16327
46487 4 9535 23333 18709 7086
46488 3 48279 8666 23191
46489 7 26608 26455 21270 23219 34741 40793 16231
46490 5 8499 36513 1304 3215 36035
46491 1 8512
46492 0
46493 3 7759 11745 48651
46494 4 29367 17932 9581 28340
46495 3 14651 19814 1587
46496 2 47768 38798
46497 1 18541
46498 1 24598
46499 2 1796 49611
46500 2 9932 44904
46501 1 8136
46502 3 11124 9359 34514
46503 2 689 24355
46504 1 39634
46505 4 12182 32649 42846 22696
46506 4 28297 28683 16860 39461
46507 1 32127
46508 1 29789
46509 0
46510 3 15300 40156 30953
46511 4 6056 46987 39972 40097
46512 8 3196 38283 48578 36708 11139 35474 43722 42515
46513 1 11781
46514 4 26422 23733 46657 30036
46515 3 865 4857 25717
46516 3 26906 39619 2693
46517 1 38931
46518 1 45645
46519 4 14224 19897 23847 39260
46520 2 3418 24927
46521 2 16786 26048
46522 3 47331 305 5579
46523 1 11693
46524 2 39528 6743
46525 4 46911 14624 40896 27061
46526 2 17663 31780
46527 4 31890 37347 15880 31596
46528 1 32025
46529 2 10369 18887
46530 3 9065 33733 44193
46531 3 4279 46477 34972
46532 2 10939 42229
46533 1 20115
46534 2 38539 23310
46535 2 39396 5902
46536 1 7211
46537 1 46609
46538 0
46539 1 31332
46540 1 42736
46541 4 16659 3543 11188 19615
46542 2 167 41034
46543 1 43253
46544 2 3946 48384
46545 2 9592 4935
46546 3 12053 4968 31633
46547 3 14429 33920 45955
46548 3 19672 46003 34743
46549 1 46943
46550 2 47495 7968
46551 2 39131 22280
46552 4 35082 16088 47651 10628
46553 4 44096 43757 15765 44582
46554 3 7987 15121 2708
46555 1 10690
46556 0
46557 1 29432
46558 4 6546 42815 2282 9432
46559 4 35273 14561 16750 36031
46560 2 33559 47619
46561 3 31493 25717 16896
46562 1 43483
46563 4 7881 4445 42302 8371
46564 2 25655 21930
46565 1 38137
46566 2 6357 48215
46567 2 28286 16731
46568 2 7134 22408
46569 5 14739 16258 8622 46056 17278
46570 3 47646 46514 21165
46571 4 13729 30134 37924 23172
46572 2 6061 45880
46573 0
46574 3 29624 20798 7466
46575 3 3758 31514 35977
46576 2 37806 43348
46577 3 44936 46547 48145
46578 1 45057
46579 2 39672 10835
46580 1 47855
46581 4 25087 35946 1611 4952
46582 2 4872 37561
46583 2 15265 46649
46584 2 7382 1086
46585 1 24983
46586 1 28075
46587 0
46588 1 7400
46589 2 35043 6918
46590 0
46591 2 24325 42056
46592 6 37135 17074 44073 13038 3701 171
46593 0
46594 4 14255 47005 47825 6292
46595 1 24913
46596 3 30729 27490 49911
46597 3 11542 22724 8871
46598 1 36641
46599 3 30020 36881 28874
46600 4 11095 4583 43003 49068
46601 2 17512 3520
46602 1 47244
46603 3 3183 49254 14705
46604 2 19979 33227
46605 4 32894 2886 26635 813
46606 0
46607 1 28881
46608 4 33039 8944 41355 15825
46609 2 3199 40863
46610 1 48504
46611 0
46612 0
46613 0
46614 2 6903 9647
46615 2 16220 25926
46616 0
46617 0
46618 2 44548 12609
46619 1 38800
46620 4 5692 22536 20455 11658
46621 3 32719 18166 7448
46622 3 33033 49270 33793
46623 0
46624 2 21051 18756
46625 6 39568 24664 35597 44025 36395 42291
46626 0
46627 2 40844 20002
46628 0
46629 1 36825
46630 2 28088 31525
46631 2 41939 38945
46632 3 35475 43575 37581
46633 4 25272 13269 13520 43193
46634 6 24390 19509 39416 27617 29494 33798
46635 5 16962 43556 35048 40693 41306
46636 2 18709 5844
46637 1 14585
46638 5 36130 16801 36012 307 18689
46639 0
46640 1 3615
46641 3 20969 4413 40167
46642 1 25906
46643 1 23712
46644 2 9602 39650
46645 1 31334
46646 4 20993 17690 11659 13507
46647 0
46648 0
46649 2 2100 40027
46650 1 9752
46651 3 15366 1306 19970
46652 0
46653 1 14137
46654 3 16778 45007 47694
46655 1 48418
46656 3 49349 17736 4284
46657 5 44641 15665 3757 44347 39283
46658 1 28654
46659 0
46660 0
46661 6 41158 6142 24751 7244 15119 16801
46662 3 39329 27192 37457
46663 0
46664 1 49929
46665 2 4406 449
46666 4 11335 21092 23864 48624
46667 1 29655
46668 4 32117 13879 9827 22106
46669 1 7027
46670 2 20798 47493
46671 2 775 16401
46672 1 21986
46673 2 47298 20674
46674 2 47162 25178
46675 5 42645 8371 23189 7721 31860
46676 1 9801
46677 1 21132
46678 3 20852 6790 9878
46679 2 36951 7980
46680 1 12609
46681 6 36480 21476 47419 49193 6754 5354
46682 3 853 31576 11146
46683 1 38215
46684 0
46685 4 8771 44624 22817 41598
46686 2 48950 24717
46687 0
46688 1 42133
46689 4 26111 7718 20125 20309
46690 1 15512
46691 2 18157 72
46692 2 18808 23817
46693 3 37325 30257 11493
46694 0
46695 3 6015 17735 24509
46696 2 7415 40092
46697 1 4696
46698 2 31357 23195
46699 1 29724
46700 3 12901 36607 31265
46701 2 17478 14143
46702 2 7783 33161
46703 0
46704 3 20558 35151 43042
46705 0
46706 3 15292 44721 39808
46707 2 23565 14951
46708 2 27295 6958
46709 3 19699 47440 6475
46710 5 18014 17611 25560 22751 33909
46711 3 41908 30566 12666
46712 1 10601
46713 3 35685 41547 32755
46714 2 38935 17853
46715 3 5448 46856 17643
46716 2 38502 42010
46717 2 19696 29676
46718 1 33692
46719 1 37398
46720 1 41498
46721 2 41505 38614
46722 4 20532 5939 28809 3480
46723 2 8527 28833
46724 1 115
46725 0
46726 1 21227
46727 3 42224 9727 34707
46728 3 35554 17423 16323
46729 2 22318 4035
46730 3 23260 41315 44192
46731 3 43850 33882 24729
46732 0
46733 1 49163
46734 4 47229 41238 4217 34601
46735 1 42839
46736 0
46737 2 46748 48875
46738 2 6247 42375
46739 1 12441
46740 1 47708
46741 2 44138 39208
46742 0
46743 2 19945 10581
46744 1 25549
46745 3 35147 42980 15424
46746 1 39078
46747 1 25617
46748 3 34483 19682 1544
46749 3 1162 41416 42265
46750 1 12755
46751 5 24948 775 30584 26212 17392
46752 4 16786 39513 3435 44652
46753 1 49444
46754 6 7325 34952 38703 22556 8143 19391
46755 1 43529
46756 1 38234
46757 0
46758 4 34696 33606 29326 44136
46759 3 12137 12373 1492
46760 5 10645 33399 41511 33020 789
46761 3 33263 35911 39724
46762 1 27758
46763 5 39165 26261 38606 39894 28052
46764 2 1106 37373
46765 1 25978
46766 2 48406 24190
46767 1 13583
46768 1 20485
46769 2 1077 23025
46770 2 49157 29796
46771 3 11824 16988 28397
46772 3 21911 44470 30589
46773 3 1135 733 38461
46774 3 7083 23764 18797
46775 3 2139 29419 31209
46776 3 33531 28801 34853
46777 3 26820 20327 33755
46778 3 3099 29811 28331
46779 3 7981 5714 6451
46780 3 18772 27566 18039
46781 2 23826 46162
46782 2 47923 44516
46783 1 40125
46784 3 24205 2964 19065
46785 2 4104 40030
46786 2 38404 19934
46787 1 20973
46788 1 17238
46789 5 16358 40746 23522 7890 2496
46790 2 30495 49881
46791 4 36321 7590 47165 48831
46792 1 1668
46793 4 29891 3820 23157 16723
46794 1 31689
46795 2 11441 21450
46796 5 12986 23346 4444 2550 44883
46797 3 39225 624 21253
46798 1 34190
46799 1 49255
46800 4 34850 46003 11733 11257
46801 1 22757
46802 8 35442 28219 40516 25348 46894 3208 3998 21396
46803 1 37156
46804 3 45711 46821 28592
46805 2 35465 47607
46806 6 5663 15969 7679 36338 45353 42254
46807 2 11742 20177
46808 1 4322
46809 2 36206 4341
46810 1 41673
46811 3 5009 47251 3556
46812 3 47801 134 33860
46813 1 21876
46814 2 12045 32656
46815 2 31144 40253
46816 1 16217
46817 2 37667 40555
46818 2 29029 49070
46819 4 40558 16484 45772 39657
46820 4 35948 39578 14674 24563
46821 4 12585 22 38392 16181
46822 1 7163
46823 1 38077
46824 2 2272 49763
46825 0
46826 2 49271 24642
46827 5 39703 42463 15132 41467 17039
46828 0
46829 2 43422 15876
46830 1 12702
46831 3 29456 15347 44689
46832 3 30840 33823 21383
46833 2 13491 28714
46834 2 45699 24532
46835 3 38965 13246 31950
46836 4 33510 21944 22299 49122
46837 2 4958 28464
46838 2 29303 32603
46839 3 47872 41213 39858
46840 4 22931 39402 34382 4674
46841 3 43088 30503 39892
46842 0
46843 1 20731
46844 3 17536 27484 28935
46845 2 18764 27424
46846 4 2837 20694 37846 12488
46847 4 46580 33342 25040 32100
46848 0
46849 0
46850 2 27 13259
46851 1 46752
46852 2 24185 43679
46853 2 4948 11361
46854 1 16815
46855 0
46856 3 17516 40057 34385
46857 1 42796
46858 3 17837 5076 39339
46859 2 27723 12277
46860 1 17484
46861 1 22436
46862 2 40187 8645
46863 3 10554 25908 14032
46864 1 18867
46865 1 26515
46866 0
46867 4 31248 36139 43067 34917
46868 2 17305 5330
46869 1 12680
46870 0
46871 1 45758
46872 0
46873 2 33873 38962
46874 3 26703 16565 12824
46875 1 49730
46876 1 34147
46877 2 3880 19965
46878 4 11442 43864 29478 49568
46879 3 20957 14218 24351
46880 2 22103 35689
46881 2 17624 21589
46882 1 36296
46883 0
46884 3 39501 3949 32032
46885 4 41864 28379 47645 37174
46886 5 40453 40740 21463 48622 10607
46887 1 12354
46888 2 47414 29929
46889 2 13416 28362
46890 1 5233
46891 4 2223 20027 4364 13954
46892 2 10719 8201
46893 2 21446 5428
46894 1 16380
46895 2 7978 49799
46896 0
46897 1 40513
46898 0
46899 2 13650 32388
46900 0
46901 2 34475 25361
46902 2 24150 10140
46903 1 37814
46904 1 32491
46905 1 2091
46906 4 10504 32358 20330 29931
46907 3 33315 11849 15087
46908 6 644 22685 16475 45289 14493 49857
46909 1 2664
46910 4 29589 37722 49691 2600
46911 1 40217
46912 2 17305 46843
46913 0
46914 2 25116 25587
46915 1 32163
46916 4 35122 23951 47203 34138
46917 4 34732 7686 10286 14932
46918 3 36647 11774 15307
46919 4 30352 28624 46743 5331
46920 3 49360 4219 37314
46921 0
46922 1 14105
46923 2 21533 31264
46924 3 48415 16259 35729
46925 2 4031 3971
46926 3 7170 44050 25275
46927 4 6514 2846 5148 24847
46928 0
46929 2 36525 49089
46930 0
46931 3 44784 47417 23021
46932 5 35434 34768 41422 26951 11491
46933 5 43942 22490 48157 7136 6677
46934 1 27240
46935 1 49476
46936 3 16507 39842 3368
46937 6 42744 32310 21420 32431 45079 41173
46938 2 10383 31857
46939 3 49157 40528 29605
46940 2 42464 24292
46941 0
46942 5 33225 25384 49163 11036 2412
46943 0
46944 5 44729 35033 1895 39949 23373
46945 4 12307 6767 8175 22295
46946 0
46947 0
46948 1 27702
46949 4 34312 11156 33054 16239
46950 1 2024
46951 4 4706 25831 1502 36465
46952 1 44419
46953 1 48291
46954 2 21725 11857
46955 4 33654 43418 13740 35473
46956 3 41643 6541 17285
46957 2 23001 21130
46958 2 30436 48702
46959 1 39210
46960 2 43456 11576
46961 4 11840 9150 17682 18902
46962 0
46963 4 37004 650 27106 49168
46964 1 4579
46965 2 23052 25353
46966 3 49900 33510 37630
46967 3 48369 7303 22533
46968 1 37323
46969 0
46970 2 19634 34259
46971 2 33321 20415
46972 0
46973 2 36901 12874
46974 3 19503 19446 37438
46975 2 13202 21433
46976 1 30067
46977 0
46978 3 19784 21139 35828
46979 4 44727 38193 21598 36357
46980 0
46981 1 36120
46982 2 6189 47145
46983 3 4763 493 34959
46984 5 38103 16993 34642 25387 13127
46985 2 49764 29993
46986 1 1674
46987 3 7714 5793 22994
46988 2 31796 35632
46989 1 6286
46990 3 9046 39311 27843
46991 1 2558
46992 3 31440 12739 4337
46993 3 22540 31196 36037
46994 5 41121 15757 12287 41027 31257
46995 6 23486 36077 37132 44405 14792 12785
46996 1 47109
46997 3 31981 18137 42147
46998 4 40216 49958 164 9246
46999 2 24183 19808
47000 4 44922 8515 10633 42117
47001 3 27851 49480 44690
47002 1 45172
47003 2 28297 23570
47004 1 11793
47005 2 7613 4773
47006 1 46535
47007 1 43574
47008 0
47009 2 30804 20278
47010 2 7165 15114
47011 3 45827 35891 31068
47012 0
47013 4 23291 31730 29592 27423
47014 1 26237
47015 3 48697 1297 46636
47016 2 43131 20230
47017 4 2295 40782 16758 35352
47018 3 7004 14894 23285
47019 1 8457
47020 3 39370 39385 4951
47021 1 15745
47022 2 41415 19631
47023 3 26376 12904 27715
47024 0
47025 2 44433 43290
47026 4 24783 1201 30786 42741
47027 3 23234 22420 27334
47028 5 46878 32943 4089 9448 37837
47029 3 15624 25709 42855
47030 1 35631
47031 0
47032 3 19378 46338 442
47033 0
47034 0
47035 0
47036 0
47037 2 2668 19446
47038 1 19057
47039 2 24020 35727
47040 3 18795 8035 13981
47041 0
47042 0
47043 5 19867 35842 10453 49343 7891
47044 4 15609 40749 11070 30638
47045 1 41188
47046 1 18377
47047 3 48324 3002 29022
47048 2 9681 8059
47049 2 48821 2168
47050 3 23264 16591 5977
47051 2 39580 35722
47052 1 38420
47053 0
47054 2 48839 24937
47055 1 9722
47056 1 47350
47057 0
47058 1 39922
47059 1 36535
47060 1 42199
47061 2 1540 41024
47062 4 8442 37707 20725 25117
47063 0
47064 3 2573 21166 13622
47065 2 18193 8006
47066 1 1037
47067 2 32022 46142
47068 3 6570 31721 48867
47069 5 48483 42486 19427 31223 10765
47070 0
47071 4 42402 33525 49516 16668
47072 1 8083
47073 1 44402
47074 2 17491 11619
47075 2 11208 16523
47076 4 11204 39783 47598 10447
47077 2 25003 34907
47078 3 30035 45761 34098
47079 2 17518 12983
47080 6 33472 5794 17380 26446 1117 31707
47081 3 48672 35978 25785
47082 5 46132 12597 25175 23023 889
47083 1 38441
47084 1 31957
47085 2 27984 4799
47086 2 6238 45612
47087 4 3502 32596 23861 23252
47088 3 3262 30689 31448
47089 0
47090 1 24029
47091 3 49764 4843 33000
47092 2 19123 14040
47093 1 48800
47094 1 13271
47095 3 21863 5628 23570
47096 1 13223
47097 0
47098 2 21092 35680
47099 0
47100 2 24416 20321
47101 4 5461 8825 4735 46289
47102 1 28497
47103 1 41258
47104 1 6663
47105 3 48112 5333 4521
47106 1 198
47107 2 19970 41248
47108 2 47540 28087
47109 2 7241 37524
47110 2 45703 49917
47111 3 42643 21198 2228
47112 2 20509 25033
47113 1 10409
47114 1 23177
47115 3 28728 48754 9630
47116 2 23607 14017
47117 3 38922 22175 7977
47118 4 31633 27647 7710 32830
47119 3 31859 3840 48749
47120 5 38841 24234 16550 34062 5761
47121 1 17110
47122 2 2672 15515
47123 1 26373
47124 1 3048
47125 0
47126 1 28057
47127 4 11012 40824 5399 45309
47128 3 40738 22715 31537
47129 1 36235
47130 2 32621 27329
47131 3 29228 23472 26871
47132 2 11785 49184
47133 2 1781 29433
47134 3 25997 22736 28524
47135 3 822 5934 40522
47136 3 37095 47214 20841
47137 0
47138 0
47139 5 38302 31246 47174 12035 5496
47140 5 20292 41307 32753 24270 11063
47141 2 16966 12750
47142 0
47143 0
47144 3 2011 1339 22305
47145 1 45491
47146 5 11224 42103 31926 47405 38167
47147 4 40790 14088 35437 31107
47148 1 29554
47149 4 4504 17591 17879 37748
47150 1 9107
47151 1 42040
47152 3 47687 3115 12802
47153 1 48815
47154 2 49900 36371
47155 1 3476
47156 4 18734 44939 3425 3167
47157 2 21000 17738
47158 2 25391 46114
47159 1 31387
47160 6 47053 1579 10096 31593 45276 22849
47161 1 46584
47162 2 21413 31258
47163 2 6274 16598
47164 4 1090 15852 18683 28438
47165 2 48355 7142
47166 2 25889 47152
47167 4 48664 39287 11859 17019
47168 1 24795
47169 3 41968 27872 47988
47170 1 40591
47171 2 23082 40783
47172 0
47173 2 35952 23021
47174 3 39385 29464 42936
47175 2 29767 9683
47176 1 34409
47177 4 28797 1572 2884 21831
47178 3 23178 8714 14453
47179 1 38619
47180 0
47181 1 11370
47182 2 14093 4729
47183 0
47184 3 30294 3642 43950
47185 4 30926 25160 43028 8135
47186 1 3401
47187 3 21578 44345 20513
47188 2 22584 22729
47189 1 35567
47190 2 29512 15602
47191 0
47192 3 49506 33506 21386
47193 1 11101
47194 7 8258 41402 24147 15668 33651 19088 28047
47195 1 45154
47196 5 34392 39024 44467 33701 7022
47197 4 24276 18 8382 24170
47198 3 27313 20907 26020
47199 3 47073 17708 5467
47200 3 34015 24291 38224
47201 4 25750 9529 10240 4140
47202 2 15732 7910
47203 2 27060 24727
47204 3 34450 9413 47556
47205 0
47206 2 43540 21719
47207 2 35448 8623
47208 2 34812 38984
47209 1 3186
47210 4 33647 19216 12077 37742
47211 2 12090 44576
47212 4 43243 24144 24530 31349
47213 6 32507 39103 40900 28300 30401 3579
47214 4 46626 48681 39804 5945
47215 1 14967
47216 3 41744 18864 8404
47217 1 18084
47218 2 44825 20969
47219 1 26104
47220 1 31341
47221 2 16304 3229
47222 4 7390 46622 4297 48160
47223 4 41492 18819 12397 28251
47224 4 35102 40513 25364 35655
47225 1 12516
47226 0
47227 1 48177
47228 5 21024 38252 38915 33844 46560
47229 2 25626 14902
47230 2 7458 9634
47231 4 14392 44440 20150 1614
47232 2 36054 46795
47233 3 3158 35570 40292
47234 1 31961
47235 3 20455 4888 763
47236 2 11758 3738
47237 0
47238 1 23754
47239 1 33961
47240 4 38678 10344 41273 28384
47241 1 5481
47242 2 25316 923
47243 2 32234 37280
47244 0
47245 1 2902
47246 2 44795 22878
47247 1 18582
47248 1 48566
47249 4 44896 48962 11673 42402
47250 1 30371
47251 3 39521 41702 10067
47252 3 2358 36670 10054
47253 0
47254 4 3496 32608 18775 24911
47255 4 2530 19887 12788 20983
47256 4 10978 32603 25131 2476
47257 1 2724
47258 1 38065
47259 2 11527 8142
47260 3 12061 8193 10099
47261 1 14039
47262 2 48493 11928
47263 0
47264 1 30183
47265 3 15420 46460 919
47266 2 4650 14977
47267 4 45941 17457 44297 12874
47268 2 2563 26514
47269 1 590
47270 4 21079 2680 1747 28190
47271 3 31044 7527 42460
47272 2 16478 21815
47273 1 47476
47274 3 38981 29572 23394
47275 1 35196
47276 1 2120
47277 2 2466 520
47278 2 43567 15184
47279 6 15041 2251 44860 4092 33078 39648
47280 2 31674 30102
47281 2 36309 11400
47282 2 25626 43781
47283 0
47284 3 1052 15085 38809
47285 1 41860
47286 1 10411
47287 1 36153
47288 2 49715 14590
47289 2 43840 35365
47290 2 18062 39558
47291 2 48543 21006
47292 2 6888 9374
47293 0
47294 1 15429
47295 2 25074 41085
47296 2 10489 27838
47297 3 19429 19181 11574
47298 2 14060 4769
47299 5 13548 14968 9614 47937 25049
47300 3 4526 26280 9507
47301 1 19836
47302 1 49042
47303 2 43253 46875
47304 2 20596 16265
47305 3 37027 14880 752
47306 2 32593 27122
47307 5 44116 46694 5997 37854 755
47308 0
47309 2 46385 26586
47310 2 4057 23213
47311 3 21580 34124 28422
47312 2 3370 35714
47313 2 44179 36686
47314 1 17552
47315 1 15824
47316 0
47317 3 46199 17392 38028
47318 3 20435 25907 19690
47319 2 4598 15855
47320 2 45745 46176
47321 1 2606
47322 0
47323 0
47324 1 46877
47325 0
47326 1 46575
47327 1 26530
47328 4 25005 7961 37607 40313
47329 1 18128
47330 2 15821 29702
47331 2 43918 40715
47332 4 30245 11898 4013 49275
47333 0
47334 4 361 49839 3057 16358
47335 5 23104 48644 31099 29367 28177
47336 3 36509 29877 2274
47337 2 43158 30970
47338 2 13319 27221
47339 1 8450
47340 2 25833 43123
47341 1 16060
47342 2 34365 20928
47343 3 22867 9589 15971
47344 2 34568 20562
47345 3 13931 49732 6734
47346 2 3706 48234
47347 2 38035 33821
47348 1 1840
47349 3 7283 47863 20482
47350 3 33587 48429 49799
47351 1 30960
47352 1 48805
47353 0
47354 3 3503 19238 300
47355 2 25430 13402
47356 1 21194
47357 2 45429 32018
47358 1 12926
47359 1 45564
47360 4 19202 19602 44513 2136
47361 2 23065 42899
47362 2 40410 25890
47363 0
47364 3 1809 24594 9327
47365 1 39748
47366 0
47367 2 44164 8733
47368 0
47369 2 7204 36398
47370 0
47371 4 38937 37983 39476 26920
47372 1 20657
47373 0
47374 1 8081
47375 3 38627 8452 3369
47376 3 24538 30409 48024
47377 1 17052
47378 3 19936 46651 45850
47379 0
47380 2 44859 17361
47381 1 15276
47382 2 40614 46026
47383 2 1935 16254
47384 4 22445 4979 16622 30983
47385 3 29735 11240 8217
47386 3 45243 7541 106
47387 2 25472 18295
47388 3 44222 34096 23961
47389 2 44515 42611
47390 3 948 373 41922
47391 1 40543
47392 5 2678 42015 23535 24763 11608
47393 1 3422
47394 3 28862 42381 20012
47395 2 42258 10773
47396 0
47397 2 43696 43565
47398 1 46342
47399 0
47400 0
47401 1 17947
47402 1 13436
47403 1 25610
47404 3 43637 33738 43905
47405 4 19526 23780 49082 24427
47406 2 34239 23867
47407 6 20057 14555 29387 31300 30317 6745
47408 1 39504
47409 5 48833 47577 25388 380 14835
47410 4 2057 8342 34641 46802
47411 6 7509 17172 7396 43397 23678 26269
47412 3 880 37638 13577
47413 2 29709 43301
47414 0
47415 2 432 46501
47416 4 32084 11184 5762 40836
47417 2 34874 46572
47418 1 30125
47419 1 48809
47420 4 26025 34861 35554 29387
47421 3 45347 42051 47171
47422 5 23073 8364 16770 13533 16190
47423 3 41383 22256 7919
47424 0
47425 3 38616 42460 39724
47426 1 46036
47427 3 48967 35765 42130
47428 3 2907 44793 15130
47429 5 15492 48484 32358 19707 43032
47430 3 23851 40711 126
47431 3 21420 11635 37292
47432 4 38092 8456 25127 20913
47433 0
47434 1 29134
47435 2 25646 15793
47436 3 12887 38722 14127
47437 4 23509 34125 33591 33968
47438 2 13415 37763
47439 1 25225
47440 1 28407
47441 3 44359 30739 26646
47442 1 42553
47443 1 11984
47444 4 40856 46434 35522 41107
47445 2 3995 11390
47446 0
47447 3 40423 16318 12122
47448 1 3543
47449 4 25784 5918 8221 12055
47450 1 8343
47451 2 71 21033
47452 3 41794 29745 47458
47453 2 21601 40379
47454 2 9779 16620
47455 1 21216
47456 1 28911
47457 2 28786 35605
47458 2 23753 40486
47459 5 26013 45864 18787 4199 3113
47460 2 20639 48542
47461 0
47462 4 20516 10286 10162 5197
47463 3 20022 39182 7900
47464 1 11315
47465 4 5388 13425 14421 28908
47466 2 9336 46447
47467 1 44687
47468 1 37375
47469 0
47470 4 21894 18109 36968 47013
47471 1 3029
47472 1 41139
47473 0
47474 1 2390
47475 4 30238 29928 17903 45275
47476 2 23303 18736
47477 2 16673 43304
47478 2 1887 14203
47479 1 37170
47480 2 18942 32834
47481 1 9499
47482 0
47483 3 30366 20491 18121
47484 4 31606 31313 37540 17235
47485 4 31580 10444 47297 21567
47486 1 6350
47487 2 4800 37601
47488 3 38597 13322 19199
47489 1 36980
47490 2 29384 27977
47491 2 28126 3314
47492 0
47493 0
47494 1 37276
47495 3 19154 35877 12354
47496 1 40813
47497 2 11222 37514
47498 4 27974 26389 25722 24608
47499 5 44256 10310 31485 25190 43810
47500 2 9456 34943
47501 2 2315 9586
47502 4 46174 297 41659 7989
47503 3 34228 42861 7824
47504 1 31654
47505 3 15046 28052 26889
47506 0
47507 2 36801 12391
47508 0
47509 3 31415 39237 10563
47510 4 49940 12052 10268 2697
47511 2 28015 23781
47512 3 24744 43385 27648
47513 2 22409 33319
47514 1 1120
47515 1 17772
47516 1 46090
47517 0
47518 2 37281 41823
47519 1 3552
47520 2 32109 13280
47521 3 27985 41278 39234
47522 1 14796
47523 0
47524 0
47525 1 11551
47526 1 20358
47527 1 34716
47528 3 33432 24369 41177
47529 1 41733
47530 1 23895
47531 5 11458 13805 44332 37725 3105
47532 1 34511
47533 0
47534 1 16262
47535 3 47958 26658 46070
47536 2 27837 9060
47537 2 15792 47474
47538 1 921
47539 2 49530 4577
47540 1 34683
47541 1 37625
47542 6 49591 38625 39836 23065 39486 48568
47543 2 16137 34674
47544 3 28888 28208 29226
47545 2 40174 38635
47546 2 7067 13697
47547 2 42678 38143
47548 0
47549 4 27549 23970 13459 29993
47550 4 4910 8469 28033 13645
47551 3 32586 33538 13380
47552 2 13352 15566
47553 0
47554 5 42318 5904 32840 20435 38610
47555 1 42387
47556 1 23756
47557 2 5353 10641
47558 3 45253 9981 41459
47559 2 16584 12393
47560 5 37726 1984 32748 12746 1943
47561 5 26078 36363 30382 24235 10149
47562 4 24400 34143 47754 40852
47563 5 43248 22291 15758 23221 17785
47564 3 973 2687 48620
47565 4 27460 17569 26073 21912
47566 0
47567 4 44339 19059 39360 3937
47568 3 18533 41419 38317
47569 2 2303 49299
47570 3 35886 30998 44031
47571 1 39150
47572 0
47573 5 48912 5107 30757 30387 403
47574 0
47575 1 26477
47576 2 5901 8517
47577 0
47578 3 31676 4515 17910
47579 2 12331 35988
47580 3 38643 20286 31431
47581 1 42053
47582 4 22010 4594 39626 32528
47583 1 7945
47584 1 6106
47585 2 11807 42062
47586 0
47587 4 19656 4504 808 6068
47588 1 7666
47589 3 45039 6770 23876
47590 5 23920 28165 4088 24299 41854
47591 5 16244 19423 32608 42611 14904
47592 3 7395 21031 43022
47593 4 36019 18970 43294 9519
47594 2 6972 47337
47595 2 26222 33477
47596 4 20728 43389 49610 35492
47597 0
47598 2 48872 21592
47599 0
47600 1 41686
47601 4 47813 27565 11471 47551
47602 1 24796
47603 1 33317
47604 4 47747 49429 18530 32327
47605 0
47606 2 20672 48067
47607 1 8447
47608 5 31819 40327 33639 17779 26777
47609 3 23457 20460 19381
47610 3 1248 5066 10022
47611 1 3046
47612 1 42449
47613 3 45764 7439 49315
47614 1 43285
47615 4 11239 17842 38737 45726
47616 0
47617 4 46940 24558 12849 47701
47618 2 10606 640
47619 1 35459
47620 3 14800 38358 11126
47621 3 35547 1603 45655
47622 2 36260 32094
47623 2 15707 156
47624 0
47625 2 15841 23738
47626 4 26949 13457 6054 21536
47627 3 41341 9656 24150
47628 1 5551
47629 2 44558 48567
47630 0
47631 1 41263
47632 5 37591 835 42473 17365 29262
47633 3 48445 1224 15999
47634 2 4292 14015
47635 4 17958 18399 38479 15767
47636 2 48253 7989
47637 3 29733 41575 1665
47638 2 21461 6540
47639 2 12767 16749
47640 2 15466 40181
47641 2 49069 21958
47642 0
47643 2 21637 19709
47644 2 32507 25736
47645 3 15279 27048 48431
47646 5 8375 43836 21540 42788 36052
47647 0
47648 2 7032 41149
47649 1 15681
47650 2 31637 3326
47651 2 22932 23820
47652 4 25678 33681 31536 4323
47653 1 3426
47654 2 37220 14358
47655 4 32791 16254 4954 26056
47656 3 44368 11945 4863
47657 2 42856 2077
47658 3 32488 11941 15600
47659 3 31282 46021 45885
47660 2 7481 4281
47661 3 703 46671 49974
47662 0
47663 5 45644 18978 40021 21223 46790
47664 2 19276 44450
47665 2 43671 22433
47666 2 30880 45679
47667 1 29082
47668 2 17203 7056
47669 4 46836 3363 12555 29895
47670 4 24739 2925 43878 44813
47671 2 41773 7307
47672 1 49115
47673 0
47674 3 45686 41878 14514
47675 1 25117
47676 3 33816 16957 36105
47677 3 5335 12070 29242
47678 0
47679 2 16546 20955
47680 1 20560
47681 1 6367
47682 0
47683 3 45949 4991 8782
47684 2 1114 3575
47685 1 6594
47686 1 305
47687 3 22519 38121 35598
47688 3 30270 41224 43881
47689 1 10864
47690 2 39627 22771
47691 4 37295 40724 6255 30050
47692 2 36181 37435
47693 2 2470 5180
47694 0
47695 3 46130 44681 22566
47696 0
47697 2 31306 2815
47698 0
47699 1 3589
47700 0
47701 2 18954 37125
47702 0
47703 2 36570 46379
47704 0
47705 1 14601
47706 2 24291 11892
47707 2 32590 15454
47708 0
47709 1 30403
47710 0
47711 3 29333 42428 27094
47712 1 6346
47713 4 30223 10180 18172 23641
47714 1 11558
47715 2 40530 22433
47716 0
47717 2 41748 21270
47718 1 28506
47719 2 41162 44101
47720 2 37678 23820
47721 2 36406 19428
47722 5 39470 49740 21032 41060 4740
47723 1 16319
47724 0
47725 1 45759
47726 2 38424 33221
47727 2 45951 30316
47728 2 45953 17075
47729 0
47730 3 23544 21074 9165
47731 2 47556 2810
47732 0
47733 2 38842 18147
47734 4 41277 47527 23583 6033
47735 2 16975 10791
47736 3 23241 7824 39878
47737 4 36309 49045 33869 37878
47738 2 20214 25944
47739 1 8106
47740 2 9159 43051
47741 4 43805 177 876 36806
47742 2 21440 5310
47743 3 39476 14365 3401
47744 2 49224 31691
47745 2 33317 13481
47746 2 15733 9255
47747 3 14855 17758 14250
47748 4 34884 34055 2311 5678
47749 3 20535 42772 36405
47750 0
47751 3 22139 42719 4056
47752 2 47470 40737
47753 1 43212
47754 3 985 49111 34617
47755 5 8418 41343 14878 11267 19888
47756 2 22754 18069
47757 1 32271
47758 0
47759 3 21372 32060 15552
47760 3 16760 16873 35690
47761 1 38801
47762 2 43735 1694
47763 2 15935 4615
47764 2 255 30325
47765 3 36363 5141 31914
47766 3 35110 6091 32993
47767 0
47768 2 34411 10326
47769 3 1203 49217 2241
47770 5 9364 24068 14071 39536 3388
47771 4 26526 10638 818 40786
47772 1 27576
47773 2 16960 31565
47774 1 2018
47775 0
47776 0
47777 3 18341 19009 29870
47778 0
47779 2 6591 20533
47780 3 41359 11661 46660
47781 4 1435 49324 46248 17656
47782 1 28870
47783 1 40302
47784 2 45988 9501
47785 0
47786 1 35946
47787 2 19798 12738
47788 5 29137 35924 21157 905 26187
47789 6 27590 39239 38122 33634 13831 45338
47790 2 21816 21591
47791 4 6227 21566 34651 41333
47792 2 8760 14140
47793 1 14252
47794 2 35046 2995
47795 1 25646
47796 4 30179 28212 27278 37053
47797 2 36968 22720
47798 1 41105
47799 1 29756
47800 2 26723 32550
47801 4 792 34592 20452 33663
47802 1 14851
47803 4 37693 31221 24773 43007
47804 0
47805 2 37447 589
47806 2 10422 26246
47807 1 28777
47808 1 41680
47809 1 3855
47810 1 3349
47811 0
47812 2 41500 26874
47813 0
47814 3 25200 42189 13319
47815 2 12066 12713
47816 4 2749 15764 37442 23016
47817 4 31686 28395 169 30394
47818 1 45731
47819 3 19594 45429 33622
47820 2 37544 3883
47821 1 38825
47822 2 24345 12811
47823 1 35939
47824 3 15291 36085 48310
47825 2 40844 12622
47826 0
47827 3 44274 44632 3864
47828 2 15052 41541
47829 2 18704 49144
47830 1 11593
47831 1 18855
47832 1 48193
47833 3 43739 4510 34062
47834 2 5906 24960
47835 1 7730
47836 1 32434
47837 0
47838 0
47839 3 38505 33321 16397
47840 3 21282 27982 26448
47841 3 38386 1264 24067
47842 2 16752 21879
47843 4 36737 43607 25036 22366
47844 2 26144 11038
47845 1 13440
47846 2 2922 26880
47847 0
47848 2 11581 3180
47849 2 19805 415
47850 1 6586
47851 1 32443
47852 2 46012 36389
47853 2 5268 20198
47854 1 36880
47855 3 27379 6024 810
47856 0
47857 4 34439 2348 20092 33929
47858 4 36895 48606 3426 11378
47859 2 14536 8600
47860 3 20032 46277 48545
47861 1 11973
47862 1 15845
47863 2 46474 13482
47864 2 2151 35076
47865 0
47866 2 48606 22807
47867 3 3007 19410 37712
47868 4 33601 37111 8934 31527
47869 8 31872 8334 32087 12342 12950 21834 32205 20515
47870 2 46606 12770
47871 3 20955 16823 40861
47872 3 39466 40909 19221
47873 5 17053 10109 3526 7312 12160
47874 0
47875 2 42581 35050
47876 2 48065 17500
47877 1 36890
47878 2 16512 11928
47879 1 49652
47880 5 25968 13969 46595 30153 31634
47881 1 10348
47882 0
47883 2 47753 6945
47884 0
47885 2 4083 28846
47886 3 4176 9032 25973
47887 1 49875
47888 4 4375 49637 1644 25119
47889 3 44039 1280 37828
47890 2 34265 39994
47891 3 12023 44565 36239
47892 2 31115 31627
47893 3 8041 33996 46956
47894 2 14820 43217
47895 1 2932
47896 4 25585 30131 5821 39462
47897 1 12718
47898 3 13149 21978 44656
47899 5 30609 27940 408 28914 20499
47900 3 37587 6438 4863
47901 3 24532 12751 49891
47902 1 40699
47903 2 18076 48244
47904 6 38877 29324 4891 13913 22152 35292
47905 2 20171 26010
47906 3 49452 47499 32188
47907 3 2985 34213 49857
47908 1 12671
47909 0
47910 0
47911 1 6343
47912 1 20076
47913 3 6144 36958 39688
47914 2 6277 23339
47915 3 11826 12972 12657
47916 3 43452 35447 11294
47917 2 23148 6571
47918 2 13948 28651
47919 4 16739 41463 44997 2051
47920 5 32013 28119 42750 27013 33893
47921 4 11815 5426 6917 10718
47922 2 865 33249
47923 3 20407 44381 4469
47924 5 1790 47098 33674 32367 31230
47925 4 33228 39326 31112 16740
47926 3 1096 45418 10501
47927 4 20591 23954 23752 27934
47928 0
47929 0
47930 1 32462
47931 4 11423 18333 11819 27265
47932 2 26258 22740
47933 1 40460
47934 0
47935 4 37354 17545 10461 6092
47936 3 46558 45122 36198
47937 2 19064 36189
47938 2 23528 34727
47939 3 4688 20941 26366
47940 1 44529
47941 2 26002 33622
47942 1 19749
47943 2 47752 47814
47944 5 38762 41680 44391 16519 25663
47945 1 44877
47946 4 10372 34400 49676 38707
47947 2 11307 383
47948 1 46658
47949 3 33723 27923 15574
47950 3 41799 3093 20030
47951 4 9551 7953 17643 46619
47952 1 44635
47953 3 10788 47445 20991
47954 1 31925
47955 6 23341 33810 20277 27984 19872 33276
47956 2 46905 1207
47957 3 49594 45722 3941
47958 3 25294 22051 34661
47959 2 36760 46319
47960 2 46950 29226
47961 1 38262
47962 0
47963 0
47964 1 4686
47965 3 26899 13969 25659
47966 3 16116 17836 20361
47967 3 38256 4421 32226
47968 5 9065 9175 49228 24764 48063
47969 4 41024 43390 49338 4322
47970 4 15111 7758 14992 5692
47971 1 20897
47972 1 29257
47973 0
47974 0
47975 1 48499
47976 2 577 3356
47977 3 572 36449 5417
47978 1 20995
47979 0
47980 1 35058
47981 3 3639 29898 32282
47982 1 12923
47983 1 38876
47984 0
47985 1 35273
47986 4 49695 14533 17242 49652
47987 2 43985 43822
47988 2 11955 20730
47989 3 49221 25121 45493
47990 2 34625 12276
47991 1 33915
47992 4 27992 20431 42826 34440
47993 3 33858 27796 39232
47994 0
47995 1 19556
47996 1 27733
47997 2 17690 47314
47998 3 4132 10641 26172
47999 1 42524
48000 2 17032 13957
48001 1 29363
48002 2 22309 13625
48003 1 304
48004 3 11683 18302 4477
48005 3 44877 8370 13557
48006 2 43004 48708
48007 3 38939 21812 26712
48008 2 40027 3109
48009 2 8484 7805
48010 1 45933
48011 3 27135 8400 19222
48012 5 15020 35666 20340 6514 45726
48013 2 49929 5859
48014 1 41694
48015 0
48016 3 47817 22478 18854
48017 2 33295 38710
48018 2 42058 24126
48019 3 36019 16920 11414
48020 1 9139
48021 1 46598
48022 2 7095 17995
48023 3 30271 14765 8335
48024 2 33164 41150
48025 2 30847 6927
48026 3 20590 41987 27652
48027 0
48028 1 48296
48029 2 37964 18307
48030 3 10494 14594 5013
48031 5 47907 22565 48461 37179 7276
48032 1 29868
48033 3 43986 40422 8743
48034 0
48035 2 9394 15921
48036 4 43377 45854 47357 22412
48037 4 31447 43474 20726 34752
48038 4 33871 14039 22993 27886
48039 1 13529
48040 3 13560 16509 9400
48041 5 21470 48413 6839 48473 33903
48042 2 39664 34707
48043 1 41977
48044 3 32971 22206 5326
48045 0
48046 1 15699
48047 2 1057 13398
48048 1 6827
48049 4 29915 33689 14748 8587
48050 1 16644
48051 3 35458 9210 11122
48052 2 10340 41103
48053 4 44663 21745 15453 42936
48054 2 23145 227
48055 3 35753 21786 47239
48056 3 36302 19941 11505
48057 1 10388
48058 3 6677 28496 3274
48059 1 11827
48060 3 38172 2356 10272
48061 1 14454
48062 2 40831 42691
48063 5 36806 8784 24793 13200 42011
48064 3 21718 5771 42040
48065 1 380
48066 2 22129 49797
48067 1 36479
48068 2 37305 15739
48069 0
48070 2 2931 19296
48071 0
48072 1 12362
48073 2 14844 33683
48074 2 3967 10212
48075 4 8012 33006 26325 48818
48076 3 14448 8268 2504
48077 2 24951 13196
48078 3 34742 41518 9675
48079 2 6608 7624
48080 1 5530
48081 3 32639 23616 48598
48082 1 3234
48083 4 31922 7616 17442 33750
48084 4 37738 7958 31301 25532
48085 3 34954 40511 34108
48086 3 45066 6853 26344
48087 2 24841 36258
48088 2 41097 41916
48089 1 34193
48090 2 2240 12000
48091 1 42423
48092 1 9260
48093 0
48094 3 14305 42880 10159
48095 1 32569
48096 5 18881 44641 1283 11831 33553
48097 0
48098 2 39981 37244
48099 0
48100 0
48101 3 38815 5093 5600
48102 2 6076 45076
48103 3 28296 19697 16984
48104 4 1639 32721 13370 37180
48105 2 38049 16366
48106 1 18171
48107 2 2 9913
48108 6 30942 1097 17481 44307 32950 815
48109 2 21157 14184
48110 2 29338 18450
48111 2 17640 46003
48112 2 7370 42859
48113 3 6083 41920 27178
48114 0
48115 0
48116 0
48117 5 22945 40997 12695 4650 11232
48118 0
48119 0
48120 3 39408 32027 12925
48121 2 5485 19937
48122 2 6997 1310
48123 2 2427 42352
48124 0
48125 2 48378 37589
48126 3 48479 33074 49274
48127 2 29785 45536
48128 1 27339
48129 2 26370 14253
48130 1 17730
48131 3 22349 43285 42248
48132 1 19285
48133 3 46897 39688 31680
48134 0
48135 0
48136 4 1653 17884 24680 34350
48137 2 5853 12178
48138 1 15959
48139 4 11073 23508 19314 37785
48140 2 29021 339
48141 1 37176
48142 1 5021
48143 3 1818 13950 41672
48144 4 38392 31967 35853 32021
48145 3 40234 15734 8969
48146 3 9717 39729 22513
48147 1 35865
48148 0
48149 1 9609
48150 1 4430
48151 1 22031
48152 3 20484 9134 18884
48153 0
48154 0
48155 3 32705 22068 24542
48156 2 10914 32373
48157 2 39785 27518
48158 3 804 41089 46926
48159 2 35820 47384
48160 5 13262 49027 24330 28252 39097
48161 2 17439 9103
48162 5 47839 5869 1213 18910 26780
48163 0
48164 3 26080 19629 7486
48165 1 35772
48166 1 40888
48167 2 2283 8349
48168 3 455 9565 32579
48169 1 19729
48170 1 18316
48171 1 49602
48172 4 36605 37531 25796 43895
48173 1 43872
48174 2 23521 6914
48175 0
48176 5 44693 48050 28251 35033 42471
48177 4 41559 3143 32656 15570
48178 2 4950 41072
48179 0
48180 0
48181 3 439 39745 7453
48182 4 40803 44233 9892 20575
48183 2 19247 35325
48184 1 47455
48185 1 6023
48186 1 20436
48187 0
48188 3 38938 49163 21258
48189 1 33645
48190 2 20406 24204
48191 3 34613 43553 33449
48192 1 31535
48193 2 20690 32559
48194 3 4120 2124 22185
48195 1 25361
48196 4 7609 41653 12331 27679
48197 1 44804
48198 0
48199 3 29966 27939 8024
48200 2 42878 18539
48201 4 31760 43068 1134 32891
48202 2 30125 31438
48203 2 21210 15408
48204 3 7958 38415 44204
48205 3 41196 33008 41751
48206 2 8995 25328
48207 1 2654
48208 3 5155 31089 25450
48209 2 33756 210
48210 0
48211 3 21194 26105 25942
48212 0
48213 1 3712
48214 4 9752 24488 31057 35935
48215 5 37308 37126 37170 49816 13501
48216 1 3664
48217 3 37183 29415 2779
48218 2 36086 46213
48219 0
48220 0
48221 2 27066 18674
48222 1 6987
48223 2 19643 43648
48224 3 15110 16631 19087
48225 4 29937 49869 23289 49888
48226 5 1685 1615 43813 25047 17126
48227 3 45053 12133 47229
48228 2 29026 21309
48229 3 36662 10739 34815
48230 1 7306
48231 2 11976 4170
48232 2 23605 48394
48233 0
48234 4 2949 8747 42020 17903
48235 2 824 46156
48236 3 14400 32067 29660
48237 0
48238 4 21776 49151 40259 44400
48239 1 1429
48240 1 42566
48241 2 26740 14916
48242 0
48243 3 28164 4588 34025
48244 1 48047
48245 1 42467
48246 3 14530 11312 13735
48247 1 23791
48248 2 16167 29942
48249 2 21382 31654
48250 2 23860 11996
48251 2 36606 12652
48252 6 47917 21437 1239 14099 24402 16904
48253 2 44627 23580
48254 3 1825 37107 30990
48255 5 47622 34606 39727 38196 3628
48256 5 47323 37164 49642 39776 41221
48257 1 30729
48258 2 35144 22375
48259 3 32387 31239 22280
48260 3 14467 3899 36267
48261 2 6052 8788
48262 4 14017 27031 21496 37239
48263 3 14654 42400 40906
48264 2 12393 49681
48265 1 20146
48266 1 2879
48267 2 1243 13308
48268 4 42235 3971 15194 40859
48269 0
48270 3 21791 14700 32494
48271 1 49411
48272 4 15478 42242 39589 22223
48273 1 13046
48274 3 30583 4685 21828
48275 3 8282 3266 9404
48276 2 42572 21059
48277 1 6397
48278 4 29561 31809 35794 16716
48279 1 42280
48280 3 38284 16289 35446
48281 1 32626
48282 2 5411 42345
48283 1 42673
48284 0
48285 1 23579
48286 2 4191 6766
48287 1 15654
48288 4 45114 15847 41442 35851
48289 3 38108 6232 48304
48290 2 19781 20679
48291 2 45840 39474
48292 3 18102 6079 13487
48293 1 17068
48294 1 37652
48295 2 16784 26598
48296 2 32845 22229
48297 1 17942
48298 4 43098 1000 30523 38716
48299 1 41265
48300 3 33481 45438 22089
48301 1 14852
48302 2 45654 26336
48303 5 29900 11827 15212 47678 3255
48304 9 22948 31410 41299 20572 14952 23360 18975 33853 29432
48305 2 38063 4967
48306 1 45137
48307 0
48308 2 17898 26036
48309 3 43944 9026 9699
48310 0
48311 5 15764 20413 14905 13378 23791
48312 4 16658 34580 2608 24142
48313 0
48314 5 20845 29422 40928 9073 47158
48315 0
48316 4 750 1437 30802 34655
48317 3 49592 47450 6459
48318 3 35445 25190 16190
48319 4 29837 40157 4476 33134
48320 2 10988 18868
48321 2 9032 1374
48322 4 8290 39899 32467 41249
48323 4 14161 544 18688 30216
48324 0
48325 3 13220 42186 10770
48326 2 14462 1367
48327 1 15144
48328 1 19018
48329 5 45207 37819 43627 48156 41188
48330 3 11100 32854 42471
48331 3 3341 30805 1766
48332 3 28655 23244 11229
48333 4 24199 37488 15227 48204
48334 2 28652 18183
48335 0
48336 1 33889
48337 1 35061
48338 0
48339 2 32660 33711
48340 2 6670 41854
48341 1 762
48342 1 2624
48343 1 10953
48344 3 14560 27206 27364
48345 3 15717 29442 4722
48346 2 38369 29669
48347 3 42650 18744 2295
48348 3 36663 46605 22684
48349 2 35452 28137
48350 1 29277
48351 2 13324 35312
48352 0
48353 2 29646 6477
48354 2 36417 166
48355 1 49916
48356 5 9137 43793 32118 16396 12633
48357 0
48358 2 25792 29727
48359 4 22620 27315 42558 14090
48360 2 27261 2971
48361 5 37704 27605 36140 46188 38926
48362 3 30313 29606 37153
48363 2 16809 16217
48364 0
48365 2 168 3111
48366 1 11322
48367 3 31900 8942 46597
48368 2 38969 15144
48369 3 910 1353 30777
48370 1 20943
48371 3 12060 9652 45178
48372 3 30134 8993 43417
48373 0
48374 1 16830
48375 3 39929 44067 16978
48376 4 25157 46718 41887 19238
48377 3 8917 36847 38881
48378 0
48379 1 8540
48380 3 29453 11606 24384
48381 1 49532
48382 1 26808
48383 2 48853 34184
48384 1 25928
48385 1 5529
48386 0
48387 1 42876
48388 1 29451
48389 3 36393 8729 49228
48390 2 29755 43175
48391 1 20262
48392 1 17750
48393 2 40618 42522
48394 2 38824 2739
48395 1 13728
48396 2 21353 40049
48397 3 18792 24134 41219
48398 3 2428 23655 11966
48399 1 11680
48400 1 11650
48401 2 35949 22847
48402 2 34196 47507
48403 5 37476 28416 3534 41242 9949
48404 4 49883 21703 19433 29533
48405 1 40773
48406 3 41053 37466 34275
48407 2 15282 1622
48408 0
48409 2 6380 39640
48410 2 6565 47492
48411 3 31647 38564 39536
48412 3 6808 15480 42047
48413 1 27252
48414 6 2597 38142 8243 7002 47334 49002
48415 4 40700 45786 36661 20542
48416 5 10219 434 37059 41100 16172
48417 2 25700 45746
48418 2 7410 41366
48419 1 39083
48420 2 30585 31490
48421 1 18662
48422 2 34822 49189
48423 3 27650 27932 20163
48424 1 38109
48425 2 28742 29111
48426 3 13172 23434 39911
48427 2 14087 34778
48428 7 49980 21099 15581 30814 20225 3988 30110
48429 2 9416 5288
48430 1 46822
48431 2 12516 17947
48432 2 23372 25415
48433 4 49459 40299 3799 6596
48434 0
48435 3 18731 12656 14341
48436 2 10543 13825
48437 2 29275 41653
48438 1 36537
48439 2 19440 37186
48440 1 24683
48441 1 17322
48442 2 9355 36075
48443 1 5144
48444 8 18753 3824 39521 34162 21883 31227 16606 22908
48445 3 26524 2001 38762
48446 1 30673
48447 3 28693 38451 21250
48448 1 10131
48449 1 47110
48450 2 17171 43838
48451 0
48452 1 25376
48453 3 20065 27980 2403
48454 2 21769 412
48455 6 18147 41677 40673 17564 5658 10084
48456 2 3615 9851
48457 2 23183 9909
48458 2 41982 40721
48459 3 15997 10141 38064
48460 3 28345 36928 40396
48461 4 5195 48506 22743 29860
48462 6 18614 26837 6962 46112 7341 10011
48463 2 11341 36462
48464 2 8134 16321
48465 1 18394
48466 3 11418 31652 33763
48467 2 23852 38579
48468 3 24309 568 37515
48469 1 29639
48470 2 5328 4907
48471 2 29367 20500
48472 1 38338
48473 2 27720 47900
48474 0
48475 2 26835 47229
48476 1 43041
48477 3 42138 2507 29174
48478 4 19213 12509 28018 44324
48479 3 7395 37446 32768
48480 3 8800 32034 36704
48481 3 5555 3750 14037
48482 1 37663
48483 2 7764 30296
48484 2 44185 41578
48485 2 19736 35592
48486 2 4465 35179
48487 2 49454 805
48488 2 5706 47924
48489 1 13858
48490 7 41445 47815 10213 42417 18055 5832 35031
48491 2 17621 10710
48492 2 47889 4096
48493 1 8307
48494 0
48495 0
48496 3 20596 44115 43
48497 2 16439 24914
48498 2 30011 13379
48499 3 403 33914 31930
48500 3 776 31568 30864
48501 2 5342 37587
48502 2 36624 22605
48503 3 33390 35402 29658
48504 1 24179
48505 0
48506 3 13597 39384 39383
48507 0
48508 0
48509 2 3605 18290
48510 3 41443 11271 23794
48511 2 24758 4335
48512 2 27528 47563
48513 1 6045
48514 2 38118 39363
48515 5 8477 43463 16203 28078 27326
48516 1 4725
48517 3 42858 13606 40205
48518 1 49682
48519 3 14109 29676 31567
48520 2 47218 28664
48521 1 26324
48522 2 47596 37273
48523 1 37271
48524 6 36178 34109 25741 9674 45913 21030
48525 0
48526 2 46503 6783
48527 4 35755 43548 29503 25206
48528 2 4956 29914
48529 3 19794 13714 36131
48530 2 23750 10416
48531 2 1390 48199
48532 4 32819 11233 24060 19797
48533 3 49472 46968 9375
48534 2 46295 24755
48535 2 16528 39208
48536 3 10984 27579 46284
48537 4 26802 9803 5407 644
48538 3 25101 25195 32652
48539 2 834 670
48540 3 20740 3549 43516
48541 3 34284 36444 24193
48542 2 27061 41708
48543 0
48544 4 30634 43715 4034 42427
48545 1 30337
48546 1 21523
48547 2 123 16409
48548 0
48549 1 14027
48550 3 42839 4428 40597
48551 1 32708
48552 0
48553 2 27955 920
48554 0
48555 2 15464 4290
48556 1 32319
48557 3 30820 26840 40556
48558 1 23469
48559 0
48560 3 31166 46521 34461
48561 3 9975 39214 10829
48562 0
48563 2 10289 43805
48564 1 18582
48565 1 42838
48566 2 39021 26934
48567 1 48101
48568 0
48569 1 11901
48570 3 34765 49511 4781
48571 2 49986 31948
48572 1 17386
48573 0
48574 5 30541 14951 39838 46169 3698
48575 5 21195 9876 44010 47907 17739
48576 3 13271 47427 48034
48577 3 48809 31559 31198
48578 1 571
48579 4 9047 2083 43229 21453
48580 3 27296 23903 22960
48581 3 38270 18392 48550
48582 6 36322 28749 46114 32949 14627 22727
48583 4 11844 49258 38602 39800
48584 2 1336 34437
48585 0
48586 4 844 25369 21202 33631
48587 1 30289
48588 0
48589 4 40174 21556 29058 25578
48590 2 9144 38081
48591 3 29400 45878 43737
48592 3 45413 28020 21192
48593 2 47249 35697
48594 1 3396
48595 0
48596 3 2252 20925 36591
48597 3 20887 46314 42339
48598 2 36016 25436
48599 5 19289 12988 20857 33243 45466
48600 2 9534 25994
48601 1 44760
48602 2 7307 10368
48603 2 11065 46857
48604 1 25612
48605 4 7348 14516 43823 37295
48606 3 16056 20609 44091
48607 0
48608 3 41622 25752 47535
48609 1 5995
48610 0
48611 0
48612 6 24050 8028 8739 28985 40257 20507
48613 1 130
48614 2 24379 37681
48615 0
48616 1 15959
48617 1 1059
48618 3 6669 39672 28102
48619 5 10055 47799 47573 22463 42348
48620 1 35226
48621 2 38868 9066
48622 2 37917 29683
48623 2 42162 38963
48624 2 36822 31693
48625 0
48626 3 29885 8727 12792
48627 5 1028 35450 48094 29790 8536
48628 3 38443 25950 4871
48629 1 23648
48630 2 37235 37612
48631 0
48632 0
48633 1 41502
48634 0
48635 0
48636 0
48637 4 36777 46417 24782 30836
48638 3 2762 4112 38617
48639 1 6696
48640 2 1334 25426
48641 1 37811
48642 0
48643 3 3759 21924 20578
48644 2 28059 23304
48645 2 7731 43447
48646 1 11519
48647 2 16471 12680
48648 0
48649 4 46862 9485 11196 2341
48650 4 48620 7168 7400 9045
48651 4 5791 22783 41014 35798
48652 3 20917 17334 7041
48653 2 3066 43476
48654 3 12799 5853 11490
48655 2 21534 27416
48656 2 44980 42870
48657 3 5531 42296 15632
48658 1 48988
48659 0
48660 1 41974
48661 1 25657
48662 1 41183
48663 1 18148
48664 3 49458 26001 25740
48665 0
48666 4 6934 8867 20324 41249
48667 0
48668 2 8443 14388
48669 1 1208
48670 3 44523 35850 1857
48671 2 35697 12182
48672 0
48673 2 22759 21385
48674 2 49652 39815
48675 3 8460 20570 44026
48676 0
48677 1 15508
48678 3 45719 20769 23831
48679 6 12731 25854 20482 25623 41692 8737
48680 4 11279 21887 33670 10956
48681 7 17604 31735 21271 28733 11542 35936 1569
48682 1 8552
48683 1 48960
48684 1 45661
48685 1 17175
48686 2 25210 32203
48687 2 42779 44508
48688 4 297 5875 24966 37586
48689 1 31784
48690 3 10299 12962 3297
48691 2 21540 46629
48692 0
48693 1 5913
48694 0
48695 1 20538
48696 3 3934 46353 6743
48697 3 36765 21821 14072
48698 4 42958 16232 6639 38101
48699 2 29677 30250
48700 1 35405
48701 2 38730 37668
48702 3 32213 17174 38088
48703 2 21331 24549
48704 4 798 46094 29332 49541
48705 0
48706 2 35854 20434
48707 2 47014 28133
48708 2 29808 28862
48709 1 23246
48710 2 18657 7203
48711 3 24200 2770 12100
48712 5 29495 47450 19200 26245 36144
48713 3 26049 21322 14209
48714 3 24832 39029 43127
48715 0
48716 0
48717 2 34522 27948
48718 0
48719 1 11112
48720 3 21214 26014 15495
48721 1 33407
48722 2 21875 1158
48723 4 43620 42774 16011 32858
48724 3 27075 29039 35604
48725 1 41849
48726 2 19788 4575
48727 3 8670 11545 7769
48728 3 35872 28945 44991
48729 4 5526 15832 42936 19332
48730 3 38566 11143 24931
48731 3 26235 49133 29531
48732 3 539 49166 39178
48733 2 44563 29434
48734 3 2987 28383 11248
48735 1 37565
48736 2 22722 46565
48737 0
48738 5 29239 17680 43537 30753 7254
48739 3 14065 25956 16630
48740 4 36340 26934 4886 45677
48741 1 49213
48742 1 46920
48743 3 35537 47635 10506
48744 4 46538 22330 29123 48726
48745 4 25173 33082 41800 26344
48746 0
48747 0
48748 2 25860 24413
48749 1 48222
48750 2 8323 11255
48751 2 28618 49916
48752 2 31675 18340
48753 4 19750 32210 8227 33475
48754 4 31986 48349 33773 6042
48755 0
48756 5 27094 2460 32389 21814 42129
48757 2 29911 46371
48758 3 6374 862 31275
48759 0
48760 1 38886
48761 0
48762 1 23975
48763 4 23859 39967 38185 31923
48764 0
48765 0
48766 2 1061 44722
48767 1 2599
48768 2 28839 7135
48769 4 36462 5598 38833 7424
48770 0
48771 3 6034 6870 17095
48772 1 16803
48773 2 22769 2988
48774 0
48775 1 28099
48776 4 15282 18260 44431 11206
48777 3 30641 39450 44032
48778 6 23112 44940 49675 17567 35862 2360
48779 0
48780 4 19944 44732 31537 41218
48781 2 20945 17804
48782 1 10436
48783 2 7913 6580
48784 2 24789 49
48785 2 31440 17606
48786 3 841 38499 40251
48787 3 25496 32126 34908
48788 2 33382 25172
48789 2 30293 34571
48790 0
48791 4 27659 49710 2790 40974
48792 2 33436 37790
48793 1 40266
48794 2 42802 2999
48795 3 38764 30001 731
48796 2 47760 11153
48797 3 8518 13748 18391
48798 1 6890
48799 1 28268
48800 3 5289 15497 37338
48801 1 18931
48802 2 38612 550
48803 4 9898 13662 39338 25450
48804 1 11340
48805 2 43253 36393
48806 2 23428 552
48807 2 5853 21465
48808 2 43236 36043
48809 0
48810 4 25556 32201 49519 48087
48811 4 48939 26474 19874 46630
48812 4 41012 18332 8345 38415
48813 0
48814 2 26875 14460
48815 0
48816 3 11687 29781 7502
48817 2 32033 30539
48818 0
48819 4 27084 38948 20404 16092
48820 1 37910
48821 3 28616 24367 47358
48822 1 42956
48823 1 886
48824 1 44486
48825 1 47892
48826 0
48827 2 40343 848
48828 2 21267 49482
48829 1 3825
48830 5 12589 4006 1516 12401 14993
48831 3 34592 12377 30284
48832 1 47182
48833 4 11519 3423 47812 41488
48834 0
48835 0
48836 0
48837 2 35896 18478
48838 1 41064
48839 2 3720 10196
48840 1 26724
48841 1 31605
48842 1 5776
48843 1 10813
48844 2 29154 387
48845 4 43047 37770 32311 5664
48846 2 13724 9825
48847 0
48848 2 21330 23718
48849 2 46580 27352
48850 0
48851 3 25043 3747 43323
48852 2 21054 32586
48853 3 12623 35082 32155
48854 4 42358 47252 35895 24790
48855 2 40080 48200
48856 2 29335 1917
48857 0
48858 1 11054
48859 1 5818
48860 2 24008 1869
48861 2 258 24640
48862 4 44876 496 1054 13020
48863 0
48864 0
48865 1 37514
48866 1 25972
48867 2 14176 3356
48868 1 33318
48869 2 23039 27386
48870 4 45734 25387 46774 7467
48871 4 6682 41504 30550 5472
48872 4 16511 9160 1574 22840
48873 0
48874 4 39355 10456 10445 47538
48875 1 47953
48876 2 40003 33935
48877 1 28649
48878 2 48305 1059
48879 0
48880 1 19281
48881 2 4699 17031
48882 2 9409 44572
48883 2 39333 19552
48884 0
48885 3 6704 39972 32351
48886 1 8111
48887 2 41334 30022
48888 2 44301 21150
48889 2 3636 19132
48890 2 24715 27850
48891 0
48892 1 48748
48893 2 5261 45339
48894 0
48895 2 23782 22874
48896 5 20113 42342 32012 38054 18758
48897 2 42850 5145
48898 2 4934 38528
48899 1 4137
48900 2 6691 16574
48901 0
48902 4 23387 19944 21221 17435
48903 3 28927 34813 47725
48904 7 38803 25936 15833 23840 10527 31251 35094
48905 3 46423 43213 20289
48906 1 43892
48907 2 32702 35250
48908 4 39617 2280 22859 47174
48909 1 22414
48910 1 12667
48911 2 10904 12060
48912 2 43439 20417
48913 1 43695
48914 3 951 31028 14626
48915 4 38156 22324 33965 30034
48916 1 20606
48917 1 46277
48918 2 14173 17109
48919 1 2007
48920 3 33535 25272 18801
48921 2 39151 2229
48922 3 13732 31291 3928
48923 4 45206 34303 29948 42423
48924 2 9179 17603
48925 4 33270 5211 31050 32761
48926 1 48308
48927 0
48928 1 45629
48929 0
48930 4 437 43230 43526 580
48931 2 34003 33576
48932 0
48933 2 4847 26452
48934 2 16915 30508
48935 1 4116
48936 1 13579
48937 2 18395 25077
48938 0
48939 1 8925
48940 3 21636 5179 936
48941 1 43506
48942 0
48943 2 36850 44813
48944 3 44201 38558 42305
48945 0
48946 1 22741
48947 1 33477
48948 4 38137 41999 40560 23854
48949 3 18444 22168 14230
48950 5 33077 7406 27392 1203 20696
48951 2 44435 13166
48952 3 7009 44633 11384
48953 2 17539 38936
48954 3 18882 32237 18731
48955 2 9027 41574
48956 0
48957 3 5092 37337 39386
48958 5 9373 46220 39355 48085 10549
48959 1 3492
48960 2 27859 24651
48961 1 3486
48962 0
48963 0
48964 0
48965 1 25284
48966 2 22102 39335
48967 0
48968 1 34467
48969 2 40048 39407
48970 2 17373 20978
48971 3 38847 6951 4788
48972 4 41866 20745 7389 24501
48973 3 27171 5455 33403
48974 2 30044 15652
48975 0
48976 1 12449
48977 1 45454
48978 2 25845 31722
48979 1 36715
48980 1 40154
48981 3 34798 45824 5367
48982 1 10716
48983 1 42079
48984 2 17250 27800
48985 1 40550
48986 1 48217
48987 2 32952 37902
48988 2 19057 38210
48989 1 41935
48990 1 43053
48991 0
48992 3 26001 15400 14138
48993 3 29358 20975 3647
48994 2 13138 41090
48995 3 7376 23576 29930
48996 2 2585 45587
48997 1 29
48998 2 43457 5998
48999 1 30003
49000 1 17657
49001 1 32024
49002 1 43766
49003 5 24943 6356 7293 5699 12404
49004 1 34963
49005 2 6774 48620
49006 0
49007 1 37158
49008 1 24641
49009 0
49010 2 27634 48588
49011 2 46736 40587
49012 4 14274 20306 25396 27922
49013 3 13341 33495 10502
49014 1 43410
49015 0
49016 4 28100 2478 34859 18818
49017 1 45661
49018 3 5294 80 628
49019 1 48280
49020 2 20597 9896
49021 3 26254 45890 15192
49022 4 275 35987 47807 9530
49023 1 9585
49024 1 12580
49025 1 33104
49026 4 26975 35220 26470 31329
49027 2 18018 14920
49028 1 43218
49029 4 38743 19997 8234 22444
49030 0
49031 1 15061
49032 0
49033 3 41189 30215 41324
49034 1 44980
49035 4 30852 21426 13966 25304
49036 5 29067 46042 6681 28170 47948
49037 1 21349
49038 5 3388 5028 14860 6485 24507
49039 0
49040 2 46396 3180
49041 1 15895
49042 1 45633
49043 0
49044 2 25375 29975
49045 2 43254 14969
49046 4 28262 49032 40405 19391
49047 0
49048 4 9322 6879 15843 21544
49049 3 29379 31720 29421
49050 3 48893 12904 40978
49051 2 32104 29546
49052 1 5271
49053 5 21381 28230 2153 31285 30409
49054 1 24056
49055 5 36348 10243 17276 32405 30505
49056 0
49057 2 24776 8639
49058 1 26316
49059 3 38070 20061 9600
49060 2 11389 35394
49061 3 34559 42951 35541
49062 4 13744 1940 48691 20494
49063 1 43423
49064 2 36816 28284
49065 2 25729 11736
49066 3 37554 7103 21665
49067 3 33195 16266 27695
49068 2 73 6102
49069 1 44101
49070 1 37278
49071 2 8356 15575
49072 0
49073 2 40045 46058
49074 2 2243 36048
49075 1 7431
49076 2 2448 6468
49077 0
49078 1 28300
49079 2 37630 4493
49080 2 48173 35209
49081 3 819 48278 25664
49082 2 28972 418
49083 1 28171
49084 1 32424
49085 1 19458
49086 4 43351 16688 31006 13730
49087 3 36969 21891 25839
49088 2 20595 24140
49089 3 47643 16397 33974
49090 2 12295 36244
49091 1 20591
49092 1 11724
49093 4 12153 14132 25298 41127
49094 1 45452
49095 1 22118
49096 2 2402 26929
49097 4 8129 46320 2699 31515
49098 2 36082 14839
49099 2 32892 36489
49100 0
49101 2 35428 49364
49102 3 11101 16259 13244
49103 3 45983 17387 10450
49104 3 1839 20753 2460
49105 2 25020 45675
49106 1 43041
49107 3 20583 5039 11542
49108 3 34344 6904 38271
49109 1 42335
49110 3 35990 19284 16900
49111 1 26165
49112 4 9300 43759 19450 18297
49113 2 48231 39202
49114 4 10468 18295 17637 602
49115 4 36885 39277 12718 16470
49116 2 18644 48692
49117 5 22811 12511 21488 5708 28026
49118 3 49223 35607 7274
49119 3 29333 5398 48882
49120 1 37466
49121 1 39069
49122 2 20842 35841
49123 2 37330 3503
49124 1 42056
49125 3 3177 23485 18586
49126 4 28329 45980 41411 46650
49127 3 30718 8503 15600
49128 1 19581
49129 1 8926
49130 2 44383 8094
49131 2 7868 18157
49132 1 35839
49133 1 15205
49134 4 40381 23469 46999 2675
49135 1 12398
49136 2 27215 38004
49137 1 44611
49138 1 27296
49139 4 34324 3514 39912 30663
49140 2 26318 4300
49141 4 21039 16812 16135 19786
49142 2 43253 5712
49143 0
49144 1 19309
49145 2 2389 20952
49146 5 44979 43157 29062 1538 45748
49147 2 40821 41543
49148 3 7508 18379 9327
49149 2 15149 29446
49150 1 6973
49151 2 6346 26315
49152 1 26093
49153 2 15689 14713
49154 1 32235
49155 1 43444
49156 3 39503 23921 9531
49157 3 38127 48047 34263
49158 1 13152
49159 0
49160 0
49161 2 45024 11248
49162 3 14409 25896 12241
49163 2 37429 7650
49164 3 965 37207 19033
49165 4 20561 811 49877 27184
49166 1 27778
49167 2 19279 30749
49168 1 4407
49169 2 39914 43095
49170 2 30925 30969
49171 0
49172 0
49173 2 2517 43062
49174 1 2885
49175 2 49987 16898
49176 1 33896
49177 2 246 46243
49178 1 2353
49179 3 35205 32376 38603
49180 5 47338 18248 10274 11493 14019
49181 2 34346 44226
49182 2 22843 34349
49183 4 47750 45080 45900 23126
49184 2 38157 45797
49185 2 14141 45142
49186 4 10191 12435 25997 22321
49187 4 16325 10425 20422 37729
49188 3 39378 41954 12875
49189 3 13983 9022 46585
49190 2 1181 31119
49191 3 41586 4235 22148
49192 2 45616 8681
49193 2 46571 47933
49194 2 41205 18325
49195 1 39196
49196 4 9693 5750 46025 46533
49197 3 2740 37106 38209
49198 0
49199 2 11792 6406
49200 2 44210 41800
49201 1 28080
49202 3 43094 233 3932
49203 0
49204 2 43501 21544
49205 3 44097 23225 37741
49206 2 20085 9017
49207 4 24020 887 34315 22566
49208 1 35339
49209 0
49210 3 26575 7813 42436
49211 2 13080 46076
49212 1 17959
49213 2 17769 7576
49214 2 49656 17872
49215 0
49216 1 18639
49217 4 39993 37353 31392 23310
49218 3 48845 38950 13698
49219 2 40892 27062
49220 1 9342
49221 2 21694 47427
49222 1 10889
49223 5 34192 29394 30877 18944 45254
49224 2 49222 49082
49225 1 8091
49226 0
49227 2 48172 17309
49228 5 38751 46479 41591 33068 17304
49229 4 22532 22339 29475 29549
49230 5 31543 11871 43093 34809 389
49231 3 28946 25958 32880
49232 2 14234 27150
49233 2 23817 3012
49234 1 12004
49235 3 5839 18970 24361
49236 1 25118
49237 2 1511 49146
49238 4 27944 10084 280 1706
49239 2 46482 46501
49240 3 10836 43343 6622
49241 0
49242 3 15008 31421 12921
49243 1 36330
49244 4 2695 7079 40087 45031
49245 2 39423 33917
49246 2 38660 45734
49247 4 49445 45915 30815 33506
49248 2 28559 39130
49249 1 37632
49250 3 30518 36474 17216
49251 3 40861 8741 42725
49252 1 1324
49253 0
49254 3 1309 27406 25627
49255 1 32976
49256 5 12897 31289 25752 12197 46819
49257 0
49258 3 492 4886 28866
49259 3 7677 43091 33589
49260 4 37056 12677 38888 38005
49261 2 14656 6851
49262 2 869 43340
49263 2 14012 28113
49264 5 19876 30357 37418 2687 21465
49265 0
49266 2 7445 26911
49267 2 9077 28195
49268 3 28063 17265 1169
49269 2 40825 44625
49270 2 23231 5541
49271 2 13743 44931
49272 3 21740 32485 16538
49273 0
49274 0
49275 2 39381 19852
49276 1 45619
49277 3 4057 35635 15918
49278 3 35836 3481 11432
49279 2 45454 17339
49280 1 24967
49281 1 10288
49282 3 1617 44460 9803
49283 1 30075
49284 3 47916 18822 36194
49285 3 12051 17422 7917
49286 2 14395 31577
49287 2 48715 32806
49288 2 24589 38392
49289 0
49290 2 33095 28040
49291 2 12146 28552
49292 7 19262 12251 48757 12053 38533 21829 6613
49293 2 1993 19358
49294 4 5254 3478 20319 46158
49295 1 19746
49296 1 21170
49297 0
49298 0
49299 1 34531
49300 1 25406
49301 4 47121 46723 43219 35707
49302 2 17138 22947
49303 2 9404 32795
49304 3 40074 31166 34820
49305 5 13727 38896 7454 6921 19171
49306 0
49307 2 43874 12524
49308 5 16863 32058 40281 22311 3463
49309 3 26166 36426 28736
49310 1 16685
49311 7 31597 48677 26756 5670 47567 21448 39752
49312 0
49313 0
49314 2 47340 94
49315 3 36511 43763 4785
49316 1 16776
49317 5 3956 27219 25762 9722 26803
49318 5 17726 8132 15733 13174 4505
49319 1 24635
49320 2 3257 2907
49321 0
49322 3 39567 2550 38211
49323 1 24226
49324 2 47810 25531
49325 0
49326 5 2405 47164 17948 46329 20207
49327 3 49055 40569 13368
49328 0
49329 3 7161 49396 37609
49330 2 45001 8912
49331 0
49332 7 30581 21234 15436 33331 28314 23605 15402
49333 2 5007 28695
49334 3 38588 41439 9871
49335 2 23691 7667
49336 0
49337 2 30311 38091
49338 0
49339 3 48971 41805 11714
49340 1 46025
49341 3 10692 38284 2394
49342 4 21900 7309 8280 1862
49343 1 17354
49344 0
49345 0
49346 1 4106
49347 3 42443 12473 23022
49348 4 12021 10456 19480 38999
49349 6 29215 11348 42634 41505 10476 25862
49350 1 37680
49351 3 10375 31031 14687
49352 4 44649 10943 9357 7867
49353 2 38877 1367
49354 2 18337 48881
49355 0
49356 4 27807 11963 42557 44082
49357 0
49358 1 34542
49359 2 17620 6057
49360 3 7695 22824 27821
49361 2 7964 24396
49362 2 39267 2280
49363 2 32710 45917
49364 3 44068 10956 11408
49365 3 19481 8763 40287
49366 2 16618 4269
49367 1 30316
49368 1 3294
49369 2 33681 41979
49370 1 46123
49371 1 27973
49372 4 14014 40381 33342 44584
49373 1 30517
49374 1 47035
49375 1 5254
49376 1 30563
49377 2 34278 10323
49378 3 35402 9612 17502
49379 2 49282 41
49380 2 43543 11027
49381 2 20856 41872
49382 1 40736
49383 1 7989
49384 1 4367
49385 2 30850 27840
49386 2 27139 29335
49387 3 18421 49310 12068
49388 1 8329
49389 1 37327
49390 1 49438
49391 4 35663 8071 24107 25398
49392 4 15565 38188 32928 8140
49393 1 41954
49394 3 36429 17373 49191
49395 1 24954
49396 1 20437
49397 3 43375 21882 10715
49398 2 26748 22564
49399 1 2455
49400 1 41712
49401 3 33164 37810 38039
49402 2 26270 48787
49403 1 30800
49404 1 17001
49405 0
49406 1 42480
49407 2 24355 48533
49408 4 24639 18210 21820 43958
49409 1 17271
49410 1 36030
49411 2 36508 31331
49412 1 33015
49413 3 43913 16679 43634
49414 1 3616
49415 0
49416 2 45998 26310
49417 3 13576 19386 17970
49418 1 2556
49419 3 26042 7761 5697
49420 1 17057
49421 4 8455 40142 11031 48173
49422 0
49423 3 8139 41766 25144
49424 2 33059 3084
49425 4 5229 38447 16298 43984
49426 0
49427 0
49428 2 47503 28402
49429 0
49430 2 38793 2323
49431 1 30544
49432 1 29071
49433 2 12026 8168
49434 2 49292 46802
49435 2 47640 33117
49436 1 46319
49437 1 16521
49438 1 18906
49439 2 48623 34352
49440 1 5203
49441 4 38970 44197 34140 38904
49442 5 39742 17093 37608 26232 15844
49443 1 18013
49444 3 49666 15696 24438
49445 3 45069 24236 49915
49446 2 22865 22281
49447 4 18003 44211 5790 39855
49448 1 27207
49449 1 40820
49450 2 21126 43214
49451 2 207 11866
49452 3 34807 28887 39878
49453 5 11285 37698 17035 34674 20781
49454 2 2103 48341
49455 1 34579
49456 3 42706 44790 16176
49457 0
49458 3 28630 1891 26270
49459 2 10532 3962
49460 1 33534
49461 1 11488
49462 0
49463 1 35997
49464 1 21511
49465 1 11958
49466 2 9176 3888
49467 2 9618 35271
49468 2 47034 7597
49469 0
49470 3 45112 18183 33188
49471 3 30382 2358 16090
49472 4 15786 9263 31122 3182
49473 4 14275 34418 45965 14198
49474 5 38504 21300 15685 11840 4132
49475 2 38639 22193
49476 1 36986
49477 1 25822
49478 1 29737
49479 5 5604 42315 28157 42058 8435
49480 2 27077 11088
49481 2 44751 14084
49482 3 22643 6754 28252
49483 0
49484 1 44018
49485 1 10506
49486 2 21885 44781
49487 1 49492
49488 1 13848
49489 2 44869 6455
49490 0
49491 2 49113 36125
49492 1 27442
49493 6 16875 19671 7566 281 31600 49672
49494 3 45550 796 44150
49495 1 35918
49496 2 10674 16835
49497 5 3835 43594 15897 32226 40711
49498 3 29644 3502 5126
49499 1 48741
49500 1 40090
49501 4 42988 45512 36184 34277
49502 1 31507
49503 1 11704
49504 8 6869 14824 37285 12054 21482 18889 12684 11890
49505 3 29186 39094 47339
49506 2 33175 1735
49507 3 22408 37737 21480
49508 3 24552 21731 26833
49509 1 47902
49510 1 46690
49511 0
49512 1 14024
49513 3 48662 41330 36387
49514 0
49515 2 45831 33292
49516 2 39482 34910
49517 1 696
49518 4 40162 23507 44270 38696
49519 1 47578
49520 2 47957 44671
49521 1 26207
49522 4 603 4461 4487 2509
49523 1 30352
49524 1 12781
49525 2 43275 28828
49526 2 43520 34991
49527 3 10520 24148 43480
49528 4 25911 45027 24333 35126
49529 2 2878 2921
49530 2 26865 32774
49531 1 30990
49532 3 48460 16060 30062
49533 4 22157 43104 11211 39161
49534 2 40997 5076
49535 4 26224 41556 8856 43628
49536 1 20302
49537 2 40824 2254
49538 1 34883
49539 0
49540 2 42084 31861
49541 1 9724
49542 2 3047 39923
49543 3 17436 2373 48091
49544 2 44784 39646
49545 0
49546 3 46759 43999 12746
49547 2 41844 5605
49548 2 28350 6328
49549 4 43580 42789 13951 46856
49550 2 43968 38769
49551 2 976 28077
49552 2 4696 47512
49553 2 28116 28109
49554 3 13152 42816 23298
49555 1 1466
49556 5 27403 5908 48271 203 15867
49557 2 17585 10045
49558 0
49559 2 41023 8474
49560 2 42125 8292
49561 1 33288
49562 6 2067 4734 916 41579 3490 18876
49563 6 26857 30493 30766 45670 2683 14787
49564 1 18096
49565 5 4888 34803 24012 45117 1052
49566 0
49567 2 45616 38297
49568 1 34308
49569 1 17855
49570 1 42640
49571 2 42824 35849
49572 1 17884
49573 6 14211 9460 13945 36283 42371 32710
49574 1 7822
49575 3 20807 33019 13647
49576 2 11100 12798
49577 1 41165
49578 4 7232 37271 2287 18129
49579 2 42191 47940
49580 2 25461 47521
49581 0
49582 0
49583 4 18812 5114 35233 27081
49584 4 6470 38218 30499 14835
49585 4 7302 37795 23642 21502
49586 1 42337
49587 3 19240 3323 38811
49588 0
49589 5 28422 30753 40573 2764 47046
49590 0
49591 3 28051 26437 3901
49592 1 2029
49593 3 20041 47461 36862
49594 1 13918
49595 2 30361 30937
49596 1 14977
49597 1 40490
49598 3 3035 23398 26853
49599 2 43538 19923
49600 3 11093 6434 15131
49601 2 23287 30681
49602 4 18685 1247 20722 11838
49603 2 24731 7699
49604 1 4563
49605 1 22800
49606 4 45968 33618 47823 31818
49607 3 1223 49566 26789
49608 2 26347 6586
49609 0
49610 4 11111 14921 30749 11292
49611 1 44779
49612 5 48630 29907 25376 31603 48463
49613 3 38299 42013 24753
49614 0
49615 3 13558 24013 3517
49616 3 48765 28944 24210
49617 2 14215 43640
49618 4 38293 7615 11420 48065
49619 3 31135 26749 1281
49620 2 44312 41700
49621 3 34368 40434 25468
49622 4 10777 32521 40257 13494
49623 3 27713 27698 48187
49624 1 42479
49625 1 37775
49626 2 49178 34496
49627 4 15763 5900 37121 13378
49628 1 17823
49629 2 40569 14432
49630 1 12141
49631 2 22532 9855
49632 2 17495 5514
49633 2 19069 47332
49634 1 36379
49635 1 9358
49636 2 9395 40082
49637 1 37830
49638 4 7167 23858 25799 38604
49639 1 46696
49640 2 40314 13559
49641 2 28324 43397
49642 2 5052 27664
49643 2 416 44667
49644 1 47610
49645 3 19116 7403 14493
49646 3 12189 17836 36084
49647 8 22890 41778 39170 41237 45120 36915 22163 29108
49648 2 23876 47586
49649 4 39317 25131 19736 15400
49650 1 36566
49651 2 37285 31874
49652 1 25386
49653 0
49654 2 9775 40555
49655 3 16869 12893 30263
49656 1 43806
49657 2 32807 5877
49658 0
49659 1 48222
49660 4 44412 1620 10240 1069
49661 2 13867 5171
49662 2 18034 24436
49663 2 23593 38464
49664 0
49665 1 2241
49666 4 16156 39683 13149 40977
49667 1 21836
49668 1 3120
49669 1 21550
49670 4 42614 9442 36039 14842
49671 0
49672 0
49673 1 12712
49674 3 12575 46122 41328
49675 1 34570
49676 3 42117 13252 36872
49677 1 34784
49678 2 18388 28450
49679 1 7606
49680 2 9520 46059
49681 1 41262
49682 2 49233 28552
49683 1 106
49684 1 18541
49685 3 25568 37333 24024
49686 5 31791 28537 6852 42902 35885
49687 1 6107
49688 2 19331 46268
49689 1 24923
49690 1 25173
49691 4 25459 44987 15352 18443
49692 2 20234 14650
49693 2 3464 14725
49694 0
49695 0
49696 3 48092 36709 19279
49697 2 49706 41458
49698 0
49699 3 43536 7636 49862
49700 1 34884
49701 0
49702 3 34670 46328 10298
49703 2 11482 6859
49704 1 47327
49705 2 24956 144
49706 3 23605 13974 968
49707 1 27059
49708 3 16001 48604 25468
49709 0
49710 1 48518
49711 3 20289 25208 45312
49712 1 19824
49713 3 5378 26848 44380
49714 0
49715 3 10710 16362 16494
49716 1 17558
49717 4 25156 13162 29567 21391
49718 1 49438
49719 3 11836 40657 10976
49720 1 5213
49721 4 48590 27360 32277 45108
49722 3 17662 5834 18775
49723 2 12742 1826
49724 1 40045
49725 0
49726 0
49727 4 29834 25035 29853 3097
49728 2 46699 42721
49729 1 46317
49730 1 23195
49731 3 29207 34152 37888
49732 2 15290 30044
49733 3 46838 29949 37508
49734 1 11509
49735 0
49736 2 14503 19809
49737 2 48067 49842
49738 2 8905 40646
49739 2 45703 11968
49740 2 7582 41351
49741 2 38151 21194
49742 1 32032
49743 0
49744 3 14158 29948 15174
49745 3 26962 12686 789
49746 2 46101 22670
49747 3 17570 38974 47815
49748 1 31012
49749 2 45493 48525
49750 3 19176 8734 10533
49751 0
49752 2 48968 48906
49753 2 3446 3876
49754 2 43579 31841
49755 2 47745 8926
49756 3 36635 13276 19352
49757 3 28663 10076 4777
49758 3 39201 1176 38476
49759 0
49760 0
49761 2 34997 30748
49762 2 29695 45653
49763 0
49764 1 9409
49765 0
49766 1 1198
49767 1 8573
49768 0
49769 3 43378 48139 16929
49770 4 24555 12893 20758 25004
49771 2 43857 47201
49772 2 1037 48458
49773 2 25094 36208
49774 0
49775 0
49776 2 10362 6646
49777 2 28129 17331
49778 2 3643 42804
49779 3 20889 24498 23222
49780 0
49781 4 19431 44026 7343 32693
49782 2 11703 15311
49783 3 24938 9076 11846
49784 1 22802
49785 4 31028 49410 17206 4146
49786 3 31486 43503 11216
49787 3 19227 48258 20035
49788 5 15556 49865 45190 47262 18101
49789 1 10741
49790 2 32435 8178
49791 1 44379
49792 3 35105 34627 49460
49793 1 9947
49794 4 29174 19585 25369 46691
49795 1 38065
49796 2 2751 8004
49797 0
49798 3 33718 17087 9080
49799 3 384 9476 37765
49800 1 20467
49801 1 17405
49802 2 36596 44175
49803 0
49804 3 44062 10742 37741
49805 1 16323
49806 2 34231 2343
49807 1 33268
49808 2 15946 7869
49809 1 13801
49810 7 5476 28584 40110 45885 3904 37427 5834
49811 1 45061
49812 1 12420
49813 2 6702 39803
49814 1 48376
49815 1 12536
49816 1 40769
49817 2 23361 25619
49818 1 41351
49819 1 8547
49820 2 36158 45856
49821 1 36645
49822 2 13699 48144
49823 0
49824 1 16589
49825 4 21630 42137 15279 7196
49826 1 49235
49827 0
49828 4 23680 13936 7706 20591
49829 4 10087 48333 25569 7860
49830 0
49831 4 722 44065 31926 22618
49832 1 37540
49833 2 37743 43704
49834 0
49835 3 22857 6306 38592
49836 3 35444 6745 13732
49837 3 29937 36967 16499
49838 2 41843 31956
49839 4 44057 2283 30721 38593
49840 1 17168
49841 2 20979 41433
49842 1 26391
49843 1 7079
49844 6 12440 24282 23637 16891 16446 21843
49845 0
49846 3 40729 11306 24162
49847 4 34788 43967 29321 24007
49848 2 35635 22250
49849 4 17889 41785 26886 36232
49850 2 11768 46178
49851 2 25611 15565
49852 1 8220
49853 2 44635 43917
49854 1 13612
49855 5 16 39145 10326 14629 49365
49856 2 26894 38386
49857 3 34093 28355 46701
49858 1 16292
49859 3 17914 4683 32964
49860 3 38774 34731 40290
49861 3 37997 40946 23911
49862 1 46683
49863 2 8278 28120
49864 1 1993
49865 2 18373 7408
49866 2 25647 16930
49867 0
49868 1 8828
49869 0
49870 2 8449 36174
49871 0
49872 1 41094
49873 1 29618
49874 2 14479 46299
49875 1 29454
49876 0
49877 3 9044 38802 41174
49878 1 14834
49879 1 35154
49880 5 25946 12490 13567 13901 21996
49881 3 43502 28444 24885
49882 3 28497 5033 27801
49883 4 15716 14615 21857 41293
49884 4 11643 18282 40353 5750
49885 2 49962 45495
49886 2 11301 844
49887 1 11811
49888 3 29117 10883 2373
49889 2 37008 11765
49890 1 44046
49891 2 45576 6072
49892 3 12837 5164 21016
49893 6 35517 33091 22438 1013 37397 44239
49894 2 18921 29446
49895 2 10659 45649
49896 0
49897 2 49351 36610
49898 0
49899 1 46476
49900 1 28134
49901 1 11553
49902 2 44405 46633
49903 3 26999 26726 37656
49904 4 41245 3986 42252 35802
49905 2 20285 27907
49906 3 23464 46152 5554
49907 3 29528 24830 7915
49908 2 46895 3177
49909 1 21538
49910 3 18396 34792 36838
49911 6 46512 5677 39721 19000 17702 35673
49912 5 376 8102 45937 41534 22564
49913 2 38980 23492
49914 1 10909
49915 1 6698
49916 0
49917 2 32942 47230
49918 3 41254 37264 27255
49919 1 3877
49920 1 15498
49921 3 13592 34759 11284
49922 2 27749 47885
49923 3 16615 26217 30265
49924 3 48104 23057 27658
49925 4 29611 10305 26929 6823
49926 0
49927 1 8078
49928 2 32325 15110
49929 1 27339
49930 0
49931 1 5357
49932 3 49433 9370 29144
49933 2 36978 23318
49934 3 30657 31470 18580
49935 1 37640
49936 2 42740 13772
49937 2 33012 37532
49938 2 13523 34814
49939 3 28181 42306 34970
49940 5 20152 12864 11393 21568 46085
49941 2 43942 10767
49942 4 22186 31417 16937 498
49943 2 908 6298
49944 2 35275 37866
49945 5 8472 11926 43254 32045 11132
49946 3 43497 2276 21461
49947 3 9417 30053 4495
49948 2 35382 32268
49949 0
49950 1 38086
49951 0
49952 2 40852 30247
49953 0
49954 6 10495 49957 110 16451 14494 9251
49955 3 15396 40030 3212
49956 1 11552
49957 3 11858 15157 1485
49958 2 15033 46043
49959 3 3153 12361 37739
49960 2 3737 31125
49961 0
49962 1 22200
49963 3 8027 8595 33117
49964 2 7867 35222
49965 3 37651 38498 48539
49966 3 38474 3196 34801
49967 4 584 2626 1210 21724
49968 1 46098
49969 3 3517 29466 10561
49970 1 46709
49971 3 42989 45572 33183
49972 1 45539
49973 1 22382
49974 1 12867
49975 3 18674 36819 28289
49976 1 26569
49977 1 26742
49978 4 45322 11961 27955 43360
49979 3 6395 13728 24580
49980 0
49981 3 42539 27671 20815
49982 0
49983 7 22987 42692 9565 18994 47436 35077 13271
49984 2 1011 4185
49985 2 8831 3743
49986 2 11467 31711
49987 4 15170 12741 47609 21614
49988 4 5162 21505 23111 1709
49989 1 32803
49990 0
49991 0
49992 4 31960 3536 28960 15567
49993 2 40046 18919
49994 1 49996
49995 3 45816 17783 15148
49996 4 45583 25823 4282 30094
49997 2 16374 29879
49998 3 37230 8231 36822
49999 4 35437 27083 8993 45503
0.85
0.000001
100
