10000 20000
0 0
1 0
2 2 3457 6640
3 0
4 2 933 5987
5 2 4033 6161
6 1 2044
7 0
8 3 4974 6150 2569
9 6 1108 2076 9352 3155 5222 3696
10 2 4597 3867
11 0
12 1 1361
13 1 3512
14 2 1427 1743
15 2 7279 858
16 1 131
17 1 3717
18 1 635
19 0
20 0
21 2 6023 9209
22 3 8357 6973 2578
23 3 3876 1211 666
24 3 5786 7916 7026
25 1 2388
26 1 3991
27 1 2989
28 4 8730 160 4355 1119
29 1 5833
30 1 3712
31 3 7784 2602 3006
32 2 2701 403
33 2 4017 5416
34 3 1871 7911 676
35 0
36 2 6705 7317
37 3 2782 153 2849
38 0
39 3 4078 8789 6098
40 0
41 2 3569 2294
42 3 284 491 4328
43 1 3978
44 1 3936
45 5 9156 8104 3771 9027 3173
46 1 2315
47 0
48 0
49 2 5341 3223
50 2 5086 6595
51 2 2568 5109
52 2 2386 2777
53 4 241 9284 4640 8148
54 0
55 4 6336 9813 939 2092
56 3 8685 1878 5899
57 1 6307
58 0
59 3 7515 8428 2879
60 4 4532 6773 1669 5341
61 3 8227 5363 7212
62 2 6099 2203
63 3 532 1206 6039
64 0
65 1 7835
66 1 732
67 4 7504 8736 9353 7660
68 2 3289 8270
69 3 9005 2439 2815
70 5 196 1093 5938 906 4976
71 1 3248
72 3 3413 6134 9713
73 0
74 2 988 1207
75 2 2448 1995
76 4 8853 5967 6693 7637
77 1 2070
78 2 8829 3810
79 0
80 3 7901 5666 8703
81 3 7823 8143 9618
82 2 40 7138
83 4 5841 2747 7291 8499
84 2 820 2380
85 4 9096 7130 3555 1045
86 3 6402 9659 851
87 3 887 6205 606
88 0
89 0
90 1 4587
91 2 9934 6244
92 1 1713
93 2 8491 1102
94 3 8541 8506 4221
95 5 3695 39 5716 8346 2580
96 1 3101
97 2 8000 1398
98 4 9626 9070 7831 9219
99 1 1765
100 4 1006 9071 4027 5042
101 3 9099 7790 9126
102 1 3180
103 1 8970
104 3 6188 717 3887
105 8 6953 7671 6130 7715 9062 8848 1340 3677
106 2 3327 8648
107 2 3790 622
108 2 9145 4971
109 2 7198 9339
110 2 4913 6356
111 1 9716
112 3 8813 4886 7508
113 4 1309 6804 6893 7925
114 0
115 0
116 4 2458 6923 8539 621
117 1 2368
118 0
119 1 9375
120 1 1517
121 2 6492 1853
122 1 6672
123 0
124 2 9910 1743
125 2 2617 5172
126 2 1797 5288
127 4 2939 7150 5768 5804
128 1 5722
129 2 1499 5147
130 1 8154
131 3 9575 9340 7851
132 3 8525 8453 6603
133 0
134 2 2428 7728
135 2 8168 6377
136 0
137 3 574 6389 3385
138 1 1736
139 4 5229 8655 692 2216
140 3 234 2419 8548
141 2 4596 5923
142 1 7553
143 1 3957
144 3 4102 8876 9587
145 1 3207
146 0
147 1 7864
148 2 156 541
149 0
150 3 5224 1073 5077
151 1 4435
152 2 1002 9225
153 3 5480 936 8174
154 1 4051
155 1 2611
156 5 812 9641 4159 2740 3862
157 2 9375 781
158 1 4958
159 4 2279 8611 2314 4529
160 6 9706 7094 9619 1238 474 2310
161 1 174
162 1 9879
163 3 6736 6168 5301
164 5 741 6798 6094 8548 6910
165 4 3524 3570 7067 6303
166 3 6789 8522 9435
167 0
168 3 280 6820 8472
169 3 941 5206 1629
170 1 9937
171 0
172 3 3404 6678 2345
173 3 8777 9888 3334
174 5 1987 681 5185 4467 5015
175 3 1102 9027 9588
176 2 2944 4499
177 3 6693 1762 5908
178 2 1808 9120
179 1 9523
180 1 7063
181 3 6365 6900 1811
182 4 3890 5425 3483 9193
183 2 5640 9958
184 1 6027
185 3 5568 704 2059
186 2 1193 9276
187 2 6208 5402
188 2 539 5335
189 4 2110 2965 9379 8741
190 1 4947
191 1 5068
192 1 4090
193 1 9646
194 0
195 2 2053 6821
196 2 6309 468
197 2 8521 1877
198 2 4462 7396
199 0
200 0
201 2 1426 9907
202 0
203 2 3263 2482
204 3 9851 7620 8408
205 2 4234 9159
206 1 1345
207 3 3741 408 3932
208 0
209 0
210 3 2981 1646 9871
211 2 7468 4095
212 0
213 0
214 2 592 6659
215 0
216 2 8095 9364
217 5 735 4616 3635 2109 9047
218 2 46 8860
219 2 8797 52
220 1 4310
221 2 7255 2100
222 2 87 9999
223 1 7357
224 3 8160 4099 3890
225 1 2801
226 3 7642 9792 3555
227 1 9629
228 1 6617
229 2 5198 7269
230 2 3564 5527
231 2 7077 4648
232 2 9294 3170
233 2 2043 384
234 1 8607
235 1 3491
236 5 4956 9442 9697 2957 9987
237 3 5637 8742 9181
238 1 5331
239 2 7788 2557
240 2 8734 715
241 2 8253 3438
242 3 8184 7039 6342
243 1 9331
244 2 7770 7163
245 0
246 1 4632
247 1 1755
248 2 9782 8480
249 1 8605
250 2 4924 1304
251 4 3689 4382 524 626
252 3 1465 7238 8759
253 0
254 2 9013 6418
255 3 6716 8465 7180
256 1 7436
257 2 8174 5801
258 1 7846
259 4 4856 9029 407 5481
260 3 7892 1251 2681
261 1 1828
262 0
263 2 3859 2
264 3 3529 472 9906
265 1 3859
266 1 6481
267 3 7322 5102 6790
268 1 3027
269 2 5925 4261
270 3 6110 7458 2082
271 1 4996
272 1 5628
273 2 1358 2354
274 1 4925
275 1 2249
276 0
277 3 3180 4720 3644
278 1 2345
279 1 1023
280 0
281 1 2241
282 2 4950 7787
283 6 5305 5243 6486 6028 243 6252
284 2 3836 3894
285 3 9050 8026 4191
286 1 9777
287 1 6449
288 2 5557 9564
289 2 4893 9046
290 0
291 0
292 3 4311 3695 6077
293 1 7782
294 2 2372 9753
295 5 9865 600 7970 8005 4179
296 3 3398 68 7938
297 3 2750 6599 3415
298 1 7435
299 2 2683 6068
300 4 7217 2149 8982 1002
301 4 1363 9165 6422 36
302 4 9076 1500 9177 4829
303 3 9279 7973 770
304 2 7697 1478
305 3 1808 167 6376
306 2 8616 6096
307 3 9138 9253 9546
308 1 8064
309 2 7817 1999
310 3 2783 719 1348
311 4 4756 8585 2822 6772
312 2 1837 5522
313 2 5830 5200
314 3 5597 3572 6021
315 0
316 7 211 2089 5706 8440 7030 8035 7526
317 4 6121 3270 3681 8445
318 1 673
319 2 1116 9154
320 2 4196 581
321 2 282 2160
322 4 8100 5772 1752 4073
323 2 1858 471
324 5 6784 7462 7520 5974 8410
325 1 9973
326 0
327 2 9609 3728
328 1 5566
329 2 8764 370
330 3 3085 3077 502
331 1 7565
332 3 1051 9852 5892
333 0
334 2 5982 3699
335 2 1029 6917
336 4 6246 6117 5297 7929
337 4 5396 7329 4282 3292
338 1 3599
339 3 1013 2348 9481
340 1 4945
341 3 6072 7144 6900
342 2 3330 5204
343 1 269
344 2 6897 8706
345 2 4828 4781
346 3 7687 5179 7474
347 1 763
348 1 6672
349 1 297
350 2 5634 817
351 2 8679 7377
352 2 9834 9209
353 0
354 3 8508 637 2430
355 0
356 3 2960 2543 3785
357 1 8616
358 1 171
359 3 4428 3285 9232
360 1 6469
361 1 3376
362 5 9831 1877 6654 2882 5038
363 2 6002 6383
364 4 5001 951 8147 9920
365 1 416
366 4 7565 2225 7996 8518
367 1 8230
368 3 2454 4088 7950
369 1 7153
370 1 6557
371 2 8902 7696
372 2 9886 1831
373 1 432
374 4 7654 5774 9193 5762
375 1 7374
376 2 1956 9211
377 2 3067 7084
378 2 4710 5571
379 5 7641 9817 8554 2368 3596
380 2 1493 8263
381 2 9088 4446
382 3 9631 8861 6541
383 1 2601
384 4 6232 5495 8447 4185
385 0
386 1 8958
387 2 7881 3643
388 1 9545
389 0
390 2 5037 4766
391 1 1530
392 0
393 0
394 0
395 1 1950
396 1 4835
397 2 6349 9216
398 1 911
399 3 5322 8109 702
400 1 7434
401 1 7059
402 1 4776
403 3 4641 2474 2358
404 1 4785
405 1 2685
406 3 6947 6186 158
407 3 2131 532 7756
408 2 9943 8203
409 1 2843
410 0
411 2 159 789
412 2 180 3027
413 2 8738 5501
414 2 7275 7451
415 2 9615 9231
416 1 2146
417 0
418 3 6165 8097 7441
419 1 8535
420 0
421 0
422 1 4529
423 3 8696 8629 2655
424 3 1069 3314 5041
425 2 5280 7007
426 0
427 1 7779
428 1 8656
429 0
430 5 9341 444 1937 9363 1339
431 2 5938 895
432 4 7876 3339 7715 323
433 2 5608 1717
434 2 1976 7055
435 5 9717 8874 6720 8614 843
436 1 584
437 1 1887
438 1 9884
439 0
440 2 7617 2472
441 2 9037 284
442 2 8472 906
443 2 3361 3315
444 4 7525 3807 4165 733
445 2 6047 5510
446 3 9518 7415 6491
447 2 5194 746
448 1 6240
449 6 5609 7869 2555 8173 2406 3172
450 3 1475 5163 2006
451 3 5062 3483 8259
452 0
453 1 6901
454 1 3506
455 4 6784 7001 5738 8581
456 0
457 2 8297 192
458 0
459 1 7860
460 2 5295 5306
461 3 2795 2244 1640
462 1 3675
463 0
464 1 4799
465 4 6535 827 2869 2705
466 2 1595 2011
467 2 5428 4097
468 1 9077
469 3 8280 1609 219
470 0
471 1 2976
472 1 1901
473 2 6976 7850
474 5 66 2945 2700 5196 5739
475 2 9454 2971
476 3 5928 5760 5098
477 2 3348 1790
478 1 572
479 2 6582 1965
480 1 1140
481 1 8136
482 0
483 1 1357
484 4 8133 7819 6392 4334
485 3 6268 3670 4896
486 2 2004 8367
487 1 8370
488 2 2462 1208
489 3 5171 3726 2337
490 1 9651
491 0
492 4 5553 9730 6219 9837
493 3 7632 2887 9756
494 1 8534
495 2 9418 6374
496 0
497 2 2384 110
498 2 1897 275
499 2 5510 8282
500 2 9090 6553
501 1 5455
502 2 5221 1913
503 1 3698
504 4 6377 5256 582 1210
505 3 8861 9080 1285
506 2 2990 9936
507 0
508 4 2174 4458 153 3458
509 3 5057 7874 954
510 4 8509 5123 4603 1825
511 1 7966
512 1 4847
513 3 4785 5590 6203
514 2 5376 4368
515 3 2138 8133 1404
516 4 2734 4818 8501 2446
517 4 4733 6549 6126 8505
518 3 8296 2324 1248
519 0
520 2 2181 9004
521 1 3426
522 3 8727 7532 7221
523 2 2926 9618
524 0
525 1 5021
526 2 6605 3366
527 3 4568 5257 3388
528 1 3045
529 1 2298
530 0
531 1 9134
532 3 2544 7460 4511
533 4 3837 7947 6357 1765
534 1 6630
535 0
536 4 3325 9849 7867 708
537 2 301 919
538 6 6435 5 3857 6349 7444 9591
539 3 5960 1940 2840
540 1 8068
541 3 66 8401 4355
542 5 4512 4100 8046 8233 6301
543 0
544 3 2694 5340 7117
545 6 1842 7109 2707 9456 3932 1627
546 1 6132
547 2 9240 2807
548 4 6618 1782 2411 8388
549 3 7878 313 5344
550 6 4888 3309 4960 8561 3894 978
551 2 7256 9522
552 3 9943 3684 3944
553 1 4575
554 1 1151
555 2 3061 7346
556 0
557 0
558 2 6345 3953
559 1 2293
560 2 2806 5720
561 2 5004 8968
562 3 7179 8865 4455
563 2 1563 6971
564 2 4371 9837
565 4 8949 2987 4089 7162
566 2 9366 9572
567 2 1705 2289
568 3 2792 8151 8496
569 4 425 2832 8392 1201
570 2 7746 5623
571 1 6591
572 3 495 2646 2308
573 3 8867 9625 1462
574 2 3119 9997
575 0
576 0
577 3 7130 1790 2925
578 0
579 2 5672 3470
580 3 3062 4506 4141
581 4 6422 5720 503 6041
582 2 6260 3625
583 1 8603
584 4 9265 821 9728 3390
585 0
586 2 1443 7672
587 2 3800 2980
588 3 5304 2909 6225
589 1 5476
590 2 6088 7734
591 1 1020
592 1 9139
593 5 6749 3249 1652 4164 3994
594 3 7084 8483 6874
595 2 2299 3594
596 1 8473
597 3 3354 7315 7871
598 1 4656
599 3 2363 7479 9222
600 0
601 2 6620 962
602 2 5093 5713
603 3 7724 5616 2331
604 3 1093 3142 7353
605 4 9812 8880 6574 7789
606 1 2824
607 2 9990 1416
608 3 5664 1247 333
609 4 7174 7652 3331 826
610 1 4736
611 3 3460 6335 4447
612 3 205 7386 9910
613 3 2717 1843 6116
614 5 8598 4131 4516 8343 6318
615 3 7711 4283 9294
616 4 4739 2174 3714 1247
617 4 4296 7161 6617 4471
618 3 947 9750 7894
619 1 6656
620 0
621 3 3063 3265 5638
622 3 5796 5290 853
623 1 5635
624 1 4991
625 0
626 5 9848 2422 1576 2400 1987
627 1 8483
628 0
629 3 903 6530 7496
630 2 3173 6534
631 1 6026
632 0
633 1 1391
634 3 5934 9694 7452
635 0
636 2 5824 5888
637 2 8028 5637
638 3 958 429 6943
639 3 7609 2146 7863
640 1 8847
641 4 6720 4409 7404 3300
642 5 3918 8928 7940 4540 4958
643 1 3595
644 2 936 5727
645 3 6977 7878 1972
646 1 1616
647 1 2048
648 4 8934 6700 5015 5594
649 2 712 8167
650 3 9272 6055 4219
651 3 4309 1328 6561
652 1 338
653 2 2556 430
654 2 5047 1209
655 1 3750
656 2 2396 7981
657 4 1780 1478 3905 5460
658 0
659 2 2799 2498
660 1 9742
661 1 8075
662 2 7224 3303
663 3 3958 8186 2919
664 4 195 9232 4287 8089
665 0
666 3 434 130 4600
667 3 4298 4366 7687
668 1 1240
669 1 7457
670 1 7408
671 3 7513 158 9076
672 2 5133 9174
673 2 181 9760
674 1 995
675 2 6528 9045
676 1 3175
677 2 4389 4200
678 0
679 0
680 3 641 576 3363
681 2 3968 1625
682 4 6098 1068 9632 9888
683 1 593
684 0
685 4 3137 9569 1903 9247
686 1 9575
687 1 7939
688 4 8404 6573 6738 1177
689 2 2062 2920
690 2 7704 9539
691 1 1909
692 5 8935 6639 9113 4778 9892
693 0
694 2 5414 2123
695 3 5081 5623 4396
696 1 3673
697 1 7315
698 1 2996
699 3 1127 7452 838
700 2 1901 9152
701 2 8549 4409
702 2 2352 7544
703 2 8295 3776
704 2 8330 5937
705 1 6722
706 1 1707
707 2 5351 7826
708 0
709 5 9055 8974 8366 3258 1344
710 3 7170 6376 1871
711 3 4600 9312 6893
712 1 3819
713 2 2252 4898
714 6 7691 6264 3387 1937 3704 8128
715 3 6186 631 6939
716 3 754 3544 4328
717 1 6757
718 3 5340 2760 6607
719 1 421
720 1 7702
721 2 6154 3687
722 4 5020 2613 1307 1625
723 5 8055 8909 2312 2283 5425
724 1 9870
725 4 3763 9228 3728 8972
726 3 2083 2794 3856
727 2 7062 2820
728 0
729 3 5956 3467 2056
730 3 9140 3178 5859
731 4 7393 6501 3991 8184
732 5 5160 258 5768 2935 7795
733 3 4514 4370 1331
734 1 6550
735 1 8743
736 7 4290 9408 8260 9200 7001 359 9812
737 0
738 0
739 2 2256 2314
740 0
741 2 212 4724
742 1 6224
743 1 1073
744 3 2623 6191 3104
745 1 1594
746 3 7715 6553 8822
747 2 4939 7897
748 3 8276 2180 8947
749 1 3043
750 3 9074 3385 2570
751 6 3797 2845 1801 7818 5773 8654
752 1 3026
753 2 8519 9632
754 2 4235 8325
755 2 2166 6889
756 1 7872
757 2 463 8820
758 3 1659 5991 318
759 3 1080 8440 5211
760 2 300 3188
761 2 1810 4010
762 2 4794 4905
763 2 4310 5152
764 3 3890 1838 9518
765 1 9273
766 4 5128 8370 6334 9430
767 1 8697
768 3 5751 9314 8682
769 1 8639
770 1 9334
771 2 8290 6858
772 2 1257 5143
773 3 3646 3118 9096
774 1 9263
775 1 9220
776 1 315
777 3 8961 107 3383
778 2 4920 879
779 6 8554 7923 2512 252 2023 4088
780 0
781 1 8318
782 1 2578
783 3 2229 4815 8204
784 0
785 0
786 4 3380 2393 3993 668
787 3 1137 5122 1289
788 3 3610 773 2890
789 2 9058 2015
790 2 462 9021
791 4 5554 5622 5135 7255
792 0
793 1 4248
794 1 1299
795 1 9362
796 1 2305
797 1 2502
798 3 9208 2840 9183
799 2 6195 9057
800 3 91 9594 1385
801 2 9171 1275
802 0
803 2 4719 8816
804 1 339
805 3 1664 135 3808
806 2 3159 9054
807 2 3311 9679
808 3 7828 9169 819
809 0
810 1 944
811 1 3405
812 0
813 2 4201 9555
814 5 8297 4422 3207 7939 2709
815 3 539 4700 1250
816 3 1521 1656 1490
817 1 4219
818 5 950 712 5803 6523 6175
819 1 6792
820 2 8890 8428
821 0
822 2 1999 4274
823 2 5971 4250
824 3 7713 5597 6308
825 1 4987
826 2 9208 3580
827 2 732 8069
828 2 294 9881
829 4 762 7024 8181 1853
830 5 5208 969 6719 9337 3213
831 2 3573 5820
832 1 7627
833 3 6666 7841 2662
834 0
835 1 3475
836 1 863
837 2 1088 8191
838 1 5553
839 1 5524
840 3 5287 8068 9009
841 2 5981 8516
842 1 6245
843 0
844 2 2131 2550
845 1 9021
846 1 5904
847 4 7583 2692 1077 1028
848 3 8545 2497 3870
849 2 750 8308
850 2 4683 9206
851 1 6908
852 2 888 6453
853 3 9139 6656 4649
854 3 8557 2243 122
855 1 9892
856 2 977 3502
857 1 1603
858 4 3329 1147 5961 8725
859 2 5284 5709
860 5 1118 4181 8860 6805 641
861 6 8433 6402 8382 233 4299 1967
862 3 3823 9515 2543
863 1 1182
864 1 5737
865 4 1582 2499 157 6346
866 3 9037 9918 2684
867 4 8892 480 9746 8919
868 2 4556 1157
869 4 732 1677 757 918
870 2 6640 1582
871 2 4923 8629
872 2 7023 953
873 4 9411 8064 3133 9282
874 1 1353
875 2 9566 2489
876 5 3068 1694 6181 3287 546
877 2 7047 7336
878 1 8073
879 2 7997 1924
880 2 804 4995
881 2 7034 4644
882 2 4578 8799
883 3 4941 8829 4230
884 0
885 3 186 3500 7370
886 5 4754 5752 9577 6781 5389
887 2 6623 3422
888 4 5605 6326 3353 7433
889 1 4027
890 1 2630
891 5 3079 1738 6531 1862 3792
892 1 6704
893 2 2376 1317
894 2 4817 723
895 3 3863 38 6529
896 2 7107 3772
897 2 7648 1615
898 3 7749 9116 1646
899 1 8327
900 1 7461
901 6 3940 6227 1542 9619 4709 9903
902 1 547
903 0
904 1 1318
905 1 2526
906 4 5502 2961 5249 3918
907 5 7504 918 4963 2278 8515
908 3 6452 216 6235
909 4 1945 3274 9082 6411
910 1 3332
911 2 6507 7941
912 2 7854 8123
913 3 8204 8266 1855
914 2 6034 7754
915 1 7612
916 3 5483 9114 8196
917 0
918 1 64
919 5 1446 3623 47 8982 7983
920 4 9649 4569 965 1323
921 1 3936
922 0
923 1 8012
924 0
925 3 1814 4921 4499
926 2 3726 6685
927 0
928 5 7296 4502 9280 5710 3092
929 1 8334
930 1 3575
931 3 4044 2390 5536
932 2 2518 1478
933 3 2343 8326 5758
934 3 376 1039 7124
935 0
936 2 3720 3000
937 0
938 3 7209 8249 6614
939 4 7725 7349 5619 7683
940 5 7065 945 3775 2432 6086
941 2 5079 6543
942 2 6598 5508
943 3 9651 619 1164
944 3 1682 309 3434
945 1 9601
946 3 9277 398 2335
947 0
948 2 5112 1932
949 2 7179 323
950 2 6217 5748
951 3 7704 1770 5147
952 2 478 364
953 0
954 2 2061 7020
955 3 8799 1143 2855
956 2 4728 3812
957 1 7828
958 1 4798
959 4 9709 9461 7965 2394
960 1 2303
961 1 4811
962 2 1274 6317
963 0
964 0
965 5 4398 8987 9971 1762 9382
966 2 189 576
967 2 6400 581
968 4 4534 1939 3056 5455
969 2 460 8244
970 3 9767 1777 8762
971 4 6238 7514 3130 9522
972 1 3102
973 4 5776 4871 1903 1000
974 5 564 5006 1442 5607 4652
975 3 7597 814 7510
976 4 5623 8309 1881 1445
977 3 184 5598 6390
978 1 5610
979 2 2878 202
980 1 5542
981 2 7602 3199
982 1 9845
983 2 8290 2223
984 4 4265 1270 3793 2876
985 2 1149 5846
986 3 2969 8139 8726
987 2 1753 7833
988 2 1795 6677
989 2 6775 5625
990 2 2062 1711
991 3 8171 4273 6736
992 2 7653 1817
993 1 7319
994 3 4413 899 7177
995 4 1747 771 1518 8493
996 1 4122
997 1 4644
998 3 7177 5175 8019
999 1 3453
1000 2 1792 9608
1001 4 7332 3715 4742 2280
1002 1 1507
1003 2 5635 9413
1004 3 0 9037 1060
1005 1 8808
1006 1 4054
1007 1 6438
1008 3 1233 433 902
1009 2 9127 6568
1010 2 9144 2197
1011 5 442 6694 2860 7706 5771
1012 1 4921
1013 0
1014 2 4905 8955
1015 2 6177 6060
1016 1 815
1017 2 7472 1527
1018 0
1019 3 1616 8563 7485
1020 0
1021 1 3917
1022 0
1023 2 71 4562
1024 1 6007
1025 1 8173
1026 0
1027 0
1028 3 9176 6991 5644
1029 0
1030 2 6092 8033
1031 1 3307
1032 4 3089 3854 5300 4571
1033 1 5389
1034 1 1439
1035 1 8519
1036 2 3270 9804
1037 1 6969
1038 1 453
1039 2 4574 416
1040 2 45 4603
1041 2 3383 1806
1042 4 2568 7137 5178 3463
1043 2 3226 9542
1044 4 6693 9091 8025 7428
1045 3 9788 8061 3149
1046 1 8803
1047 5 5457 7026 8152 9835 3340
1048 1 9908
1049 2 5206 4427
1050 2 5196 9208
1051 2 5756 8431
1052 4 3520 8415 1007 6452
1053 3 2409 5131 3912
1054 5 1377 4916 7789 3514 1415
1055 2 8962 8746
1056 2 3137 5807
1057 1 2306
1058 3 6755 11 4945
1059 2 603 6382
1060 1 9011
1061 2 9416 9177
1062 3 7122 4293 7086
1063 1 6677
1064 0
1065 0
1066 3 1890 2561 196
1067 3 6010 4071 541
1068 2 888 2946
1069 3 2091 7837 7343
1070 2 1255 1057
1071 4 3734 1900 7830 8132
1072 2 8133 5422
1073 0
1074 0
1075 3 1150 6251 9863
1076 1 2611
1077 1 8132
1078 2 5650 2018
1079 3 4450 8043 8985
1080 4 5769 6332 4392 5044
1081 2 7773 6733
1082 6 6107 7438 2875 1444 7847 7071
1083 2 6597 8780
1084 3 54 4828 7199
1085 3 6941 3937 1100
1086 1 9901
1087 2 6222 2021
1088 2 1242 9482
1089 1 4328
1090 1 9234
1091 2 1087 4999
1092 2 8855 716
1093 3 196 2648 1589
1094 3 1332 9345 5841
1095 2 6405 3209
1096 4 9303 5135 7696 4026
1097 2 9280 372
1098 1 1005
1099 2 6128 9592
1100 5 4674 3204 6705 5488 9605
1101 8 2521 2355 9997 6786 9487 4389 3538 9882
1102 1 7666
1103 1 7672
1104 2 5975 1699
1105 2 6199 2702
1106 2 6947 168
1107 1 2923
1108 3 2994 653 758
1109 0
1110 2 7285 4571
1111 0
1112 2 295 5381
1113 2 6625 5785
1114 3 3279 9665 845
1115 3 423 9397 9873
1116 2 2176 465
1117 1 3356
1118 0
1119 1 9114
1120 2 1541 3886
1121 3 9084 6884 550
1122 4 8665 3412 7803 5049
1123 1 9179
1124 2 5971 7968
1125 3 6486 929 8566
1126 0
1127 0
1128 2 8107 51
1129 3 9759 9631 421
1130 2 3181 4870
1131 4 6985 4977 4895 2358
1132 0
1133 3 9533 1852 272
1134 0
1135 1 2205
1136 3 5920 4923 2521
1137 1 107
1138 1 3379
1139 1 5645
1140 4 1623 6127 1539 132
1141 3 4396 8579 1792
1142 3 6529 1862 3208
1143 1 2342
1144 4 1648 3616 2980 8996
1145 1 3148
1146 2 5936 3000
1147 5 3486 3949 2906 487 7350
1148 3 5117 3566 9156
1149 1 6124
1150 5 2341 9448 7950 5755 5227
1151 2 5339 8392
1152 2 509 506
1153 3 2036 8647 5018
1154 3 7208 3696 3350
1155 1 1833
1156 1 6015
1157 2 141 6373
1158 2 7804 7428
1159 2 9891 8375
1160 2 3120 94
1161 1 2679
1162 1 1601
1163 3 5697 4947 5738
1164 4 3715 2725 1870 1682
1165 3 561 9365 7820
1166 1 9256
1167 2 5541 1484
1168 1 8448
1169 1 6246
1170 1 2161
1171 1 3593
1172 4 4331 349 7064 7269
1173 4 6656 804 716 8202
1174 0
1175 2 8397 6530
1176 0
1177 2 7949 8735
1178 2 3564 4811
1179 1 31
1180 2 2982 4072
1181 2 1905 726
1182 2 5648 4943
1183 2 3521 70
1184 3 2634 9751 3638
1185 2 5989 1123
1186 0
1187 0
1188 3 1328 4252 8679
1189 2 3652 4870
1190 4 9123 2873 6499 7349
1191 1 5811
1192 0
1193 1 8927
1194 2 8111 5862
1195 2 9147 6675
1196 2 5164 9726
1197 1 7635
1198 5 9369 8079 7826 7968 3196
1199 0
1200 4 5293 3655 8443 6381
1201 1 9481
1202 2 9377 6903
1203 3 6305 9099 9934
1204 6 250 9581 9003 90 230 6433
1205 1 6022
1206 2 2193 7878
1207 0
1208 1 5493
1209 4 1018 3195 5786 102
1210 3 90 7516 7576
1211 0
1212 1 8794
1213 5 5328 6343 9856 8114 7762
1214 2 2560 9248
1215 3 6447 9143 5800
1216 3 1203 3986 3759
1217 3 5595 5025 1256
1218 4 5378 8737 9089 5302
1219 1 960
1220 3 8074 6879 7716
1221 2 7812 2967
1222 5 1477 4903 5253 9516 5606
1223 3 1097 194 5537
1224 3 5525 9 3757
1225 2 2327 5798
1226 4 7173 2762 5168 6536
1227 2 4268 824
1228 2 5722 6267
1229 5 4062 1361 1907 9111 3153
1230 3 3503 2644 8266
1231 4 3812 8779 8646 2308
1232 3 828 7700 5159
1233 1 2644
1234 1 4059
1235 5 9025 2213 503 8937 4877
1236 1 7361
1237 2 7567 8711
1238 2 276 1757
1239 3 6080 7075 9348
1240 1 3080
1241 2 303 3308
1242 0
1243 2 5562 2476
1244 2 564 2562
1245 4 9440 47 7084 965
1246 1 3952
1247 5 1192 5586 6935 7690 4626
1248 3 5709 9672 6179
1249 0
1250 1 3245
1251 2 2014 9237
1252 0
1253 1 8269
1254 1 9265
1255 4 8963 8417 3860 6262
1256 1 2136
1257 3 8498 7636 253
1258 4 595 8786 7317 3692
1259 3 3737 5680 8755
1260 2 3196 1560
1261 4 6735 5887 8364 178
1262 2 2674 3188
1263 1 9027
1264 4 559 5489 9015 505
1265 3 2764 1841 4233
1266 1 805
1267 2 782 1204
1268 2 9850 5968
1269 3 1287 904 6348
1270 4 658 1729 8859 1104
1271 2 4078 6817
1272 1 9249
1273 1 5310
1274 7 755 5645 8753 1531 8829 9360 7599
1275 2 6163 392
1276 1 628
1277 6 5836 4230 6329 4626 9632 4668
1278 0
1279 1 3099
1280 1 7041
1281 1 1536
1282 2 347 7926
1283 3 591 3847 820
1284 0
1285 4 569 3345 6963 3985
1286 0
1287 0
1288 0
1289 1 5020
1290 2 5438 5645
1291 3 388 6446 7508
1292 4 2563 673 9099 6430
1293 1 3392
1294 2 8118 5561
1295 2 9456 4907
1296 3 4053 3483 3062
1297 0
1298 1 1029
1299 1 5639
1300 0
1301 2 211 6549
1302 3 4189 8651 4406
1303 3 7708 9880 9645
1304 0
1305 2 7405 6319
1306 2 1995 6533
1307 3 7843 4501 3203
1308 2 1403 871
1309 2 2661 6253
1310 0
1311 1 7008
1312 2 8069 5196
1313 2 9958 6361
1314 5 6582 6970 3846 1390 8504
1315 2 9874 9156
1316 0
1317 5 8093 7156 4753 1588 1137
1318 3 7504 1784 1497
1319 2 2287 1579
1320 0
1321 2 9933 6824
1322 4 5992 9361 1586 853
1323 7 4443 8037 4173 5664 982 3220 8611
1324 3 3978 1043 196
1325 3 9161 1388 8521
1326 2 6256 8092
1327 3 5633 4314 2696
1328 3 861 3050 4011
1329 0
1330 1 1102
1331 1 7638
1332 3 940 6862 6557
1333 6 2989 2975 8560 1882 7019 4907
1334 0
1335 2 9504 1566
1336 4 761 3398 5697 1179
1337 4 187 5320 5912 2319
1338 0
1339 5 3434 8385 8368 2572 3232
1340 3 4389 830 127
1341 1 4845
1342 2 3727 7643
1343 2 9413 3822
1344 2 750 8037
1345 3 8884 9433 481
1346 0
1347 0
1348 2 5085 2197
1349 1 8066
1350 6 7360 5571 2073 7462 7664 172
1351 3 7555 6979 9739
1352 3 3137 2302 4468
1353 0
1354 0
1355 0
1356 2 5207 3700
1357 1 943
1358 2 296 5995
1359 4 2654 6009 1912 1388
1360 1 2296
1361 5 427 2468 4755 9595 1649
1362 2 3857 9846
1363 2 3066 2007
1364 6 7183 206 7332 3685 4855 1355
1365 1 6623
1366 3 3675 8914 7828
1367 1 4067
1368 1 4168
1369 2 6387 8107
1370 1 5078
1371 3 8076 5844 108
1372 2 3658 1747
1373 1 7813
1374 3 8644 257 8528
1375 4 4494 3644 7631 6758
1376 1 1278
1377 0
1378 2 3755 1721
1379 0
1380 1 3274
1381 3 9820 3819 6250
1382 3 6816 7395 7464
1383 2 2553 7173
1384 0
1385 4 6147 410 8060 9967
1386 2 4455 5948
1387 4 851 3346 5106 7290
1388 1 9361
1389 2 9622 9851
1390 3 1930 6368 365
1391 2 9557 988
1392 1 2368
1393 2 5096 6315
1394 3 4327 5652 7627
1395 3 5705 554 9961
1396 0
1397 1 8123
1398 3 8962 622 1033
1399 2 5775 1024
1400 3 9339 8709 4458
1401 4 1481 626 4123 5363
1402 1 5649
1403 2 5321 7412
1404 3 5760 264 268
1405 0
1406 2 273 2885
1407 3 6611 2586 9698
1408 4 3065 6879 5685 5846
1409 1 683
1410 2 5491 1328
1411 0
1412 3 9631 3299 2670
1413 0
1414 2 7692 1920
1415 1 5450
1416 2 4240 7003
1417 1 7677
1418 0
1419 4 5955 2034 7921 7358
1420 2 3520 7847
1421 2 8577 8407
1422 0
1423 3 8972 4333 5341
1424 3 7341 8077 423
1425 4 8588 1914 7173 7912
1426 3 8056 1405 2202
1427 2 3845 2111
1428 3 8500 6773 2878
1429 3 1641 7237 9256
1430 3 4150 8201 3638
1431 1 205
1432 2 2941 1928
1433 1 4039
1434 1 6017
1435 0
1436 4 4914 843 4017 5842
1437 1 1084
1438 2 8208 653
1439 1 4299
1440 2 9447 8457
1441 1 3472
1442 1 186
1443 0
1444 4 1751 9457 2222 1617
1445 0
1446 1 1051
1447 3 3109 4962 1508
1448 1 2645
1449 2 1864 6983
1450 1 3431
1451 1 4241
1452 2 8635 6768
1453 6 1777 2696 5440 1967 6129 6119
1454 1 798
1455 4 3819 2473 4866 4696
1456 0
1457 1 4552
1458 2 192 530
1459 3 8335 987 1095
1460 2 7254 7022
1461 2 8567 4862
1462 1 426
1463 2 3588 7590
1464 3 437 1302 1469
1465 2 8099 8470
1466 0
1467 1 843
1468 2 3454 7425
1469 2 6676 6181
1470 2 9540 1988
1471 2 2828 1693
1472 1 1035
1473 1 4050
1474 1 9008
1475 0
1476 2 4651 3793
1477 0
1478 0
1479 2 4701 4091
1480 0
1481 4 1116 7681 8031 6180
1482 2 7634 9848
1483 1 9859
1484 0
1485 3 8710 1812 8901
1486 3 2302 4524 277
1487 4 589 156 8174 5156
1488 1 6727
1489 3 980 4541 9215
1490 0
1491 2 2848 785
1492 3 9332 5915 7919
1493 1 9064
1494 4 5841 8864 9055 1881
1495 3 1536 999 8219
1496 3 3792 7523 7983
1497 1 8734
1498 1 4693
1499 3 9422 1650 5994
1500 1 4334
1501 2 2666 8146
1502 2 6716 2895
1503 4 731 2147 5302 575
1504 2 3393 5418
1505 1 6621
1506 3 1119 5628 7148
1507 0
1508 0
1509 5 4917 8604 5391 6192 7324
1510 3 7941 3486 2432
1511 1 6962
1512 4 7561 1518 7033 6268
1513 5 836 1685 2963 2828 2698
1514 0
1515 3 6793 5086 563
1516 2 450 2884
1517 2 9009 1672
1518 2 8273 4188
1519 1 2842
1520 4 5163 3489 7785 421
1521 3 6036 8350 8427
1522 3 2798 5813 860
1523 2 6247 3516
1524 3 8832 7653 0
1525 3 1236 46 6512
1526 0
1527 1 1874
1528 4 1722 1280 2879 2919
1529 0
1530 1 2493
1531 0
1532 4 9952 7447 9771 2219
1533 1 3920
1534 1 8776
1535 2 3263 1143
1536 0
1537 3 7992 2956 9357
1538 2 3736 8999
1539 1 4920
1540 3 6074 8244 1803
1541 1 7391
1542 2 9507 424
1543 1 8463
1544 2 4199 30
1545 0
1546 1 7412
1547 1 5742
1548 1 59
1549 3 4636 8648 4575
1550 4 4365 956 6517 4695
1551 3 8488 2605 3376
1552 3 4868 6768 6879
1553 1 454
1554 4 5091 8297 228 8265
1555 3 7577 7211 2845
1556 1 9227
1557 1 940
1558 3 6441 4370 5438
1559 1 8690
1560 3 945 8059 2531
1561 2 4687 6154
1562 3 1148 5833 6130
1563 3 7245 3084 6708
1564 1 8451
1565 2 7870 6748
1566 1 6637
1567 0
1568 2 2057 2277
1569 2 1925 6216
1570 1 6434
1571 3 3479 9840 6248
1572 1 1639
1573 3 3746 6481 4893
1574 1 8981
1575 1 7785
1576 2 8470 7033
1577 2 3011 8279
1578 0
1579 1 7689
1580 1 5004
1581 1 290
1582 1 2675
1583 7 4063 2190 1297 5110 6714 9955 5118
1584 4 2216 6678 919 6536
1585 5 3073 2029 2525 2561 1083
1586 2 1527 8199
1587 2 1775 2511
1588 0
1589 2 9469 7885
1590 3 2026 7524 2765
1591 2 1846 2658
1592 3 6452 4260 8878
1593 1 2551
1594 1 4514
1595 1 8739
1596 1 4406
1597 0
1598 1 745
1599 4 5576 4833 5000 9906
1600 3 4014 241 3793
1601 0
1602 2 6894 7329
1603 0
1604 2 4914 6003
1605 4 1434 5180 701 6932
1606 2 651 7403
1607 2 5009 8338
1608 1 8826
1609 0
1610 1 7492
1611 0
1612 1 9928
1613 2 8878 2198
1614 1 1499
1615 1 4159
1616 1 1309
1617 2 5832 623
1618 2 74 7682
1619 7 3884 1776 2009 1471 1122 744 4188
1620 2 5926 4331
1621 4 1844 2579 2334 4191
1622 2 6912 7971
1623 0
1624 2 8034 8733
1625 2 7693 9336
1626 1 2609
1627 4 1803 4161 7440 7338
1628 2 4088 1716
1629 2 6804 1575
1630 0
1631 1 1581
1632 3 7508 7056 7259
1633 0
1634 6 1856 7 1791 1683 3768 8919
1635 4 9416 2959 6957 7053
1636 2 6262 4879
1637 4 8292 7298 766 7323
1638 1 4689
1639 2 2829 8668
1640 5 3040 4038 7066 2144 4380
1641 5 1440 7987 2973 2619 316
1642 2 4014 3849
1643 1 3475
1644 2 5895 5987
1645 2 2710 7516
1646 0
1647 5 9646 1787 9430 1027 6908
1648 0
1649 2 7251 2367
1650 1 3944
1651 1 660
1652 5 9315 7776 7470 6523 2443
1653 3 5596 7630 3938
1654 3 5906 5954 7717
1655 0
1656 1 8491
1657 0
1658 1 2877
1659 1 2611
1660 2 1697 3162
1661 1 8705
1662 2 285 2774
1663 4 825 213 9381 5513
1664 1 3025
1665 2 3206 4604
1666 2 2794 9380
1667 1 1515
1668 3 5126 4010 6167
1669 1 4064
1670 3 1842 3469 6762
1671 1 5330
1672 1 8521
1673 6 4184 1619 5943 2408 5335 9565
1674 1 5785
1675 1 3918
1676 5 7562 3466 8708 4597 1681
1677 5 6780 2533 2212 9033 8594
1678 3 728 5473 6968
1679 2 580 5644
1680 1 2116
1681 2 5965 7942
1682 0
1683 4 4263 270 4801 5759
1684 2 8332 8846
1685 1 7050
1686 1 3279
1687 2 5325 7659
1688 1 9071
1689 3 6924 4496 4083
1690 1 6782
1691 1 7619
1692 1 5596
1693 2 8376 9343
1694 0
1695 1 346
1696 3 1567 9230 9172
1697 2 6865 8361
1698 2 7059 7735
1699 4 2073 520 4214 5027
1700 4 1957 8258 9753 2915
1701 2 9838 5232
1702 1 8450
1703 1 3796
1704 2 7742 3366
1705 4 6983 1556 3714 6093
1706 3 6515 7287 7426
1707 2 423 6002
1708 1 1350
1709 0
1710 4 4004 8549 5938 1303
1711 3 8419 5628 6216
1712 0
1713 2 2707 1244
1714 0
1715 4 9090 8957 6709 4278
1716 1 9220
1717 6 3118 7057 7468 9444 2985 5530
1718 1 5846
1719 3 9385 9452 9825
1720 1 6111
1721 2 9764 3276
1722 2 5549 5199
1723 3 9762 246 305
1724 4 2746 278 4798 4549
1725 3 3914 1973 8607
1726 3 3209 1610 4137
1727 3 9075 9238 2656
1728 4 6628 6337 1561 4406
1729 0
1730 1 3882
1731 3 469 3260 6996
1732 2 3977 1626
1733 3 129 9596 6504
1734 2 6463 5342
1735 1 8396
1736 2 1124 6731
1737 4 5168 7100 3274 1865
1738 2 3838 9889
1739 2 9436 4961
1740 6 3400 5924 551 9650 2995 6061
1741 2 623 4971
1742 2 132 1688
1743 1 5172
1744 4 2003 7375 2356 5963
1745 0
1746 4 2270 1627 1910 8475
1747 1 3348
1748 4 5267 2586 7975 5804
1749 1 2122
1750 2 1240 853
1751 2 482 1862
1752 2 23 7050
1753 1 8517
1754 2 4452 1886
1755 4 3716 5007 3399 4766
1756 3 3260 5067 4484
1757 2 222 7631
1758 1 4416
1759 2 3381 9945
1760 2 4818 4460
1761 0
1762 2 3214 3936
1763 2 912 7761
1764 0
1765 2 2738 9607
1766 2 4833 1060
1767 2 2446 138
1768 4 7275 6224 1387 8461
1769 3 6288 3374 9760
1770 2 9343 9910
1771 0
1772 3 1731 2660 7152
1773 2 3530 1684
1774 4 4986 4369 3779 2651
1775 5 7642 3123 9139 5584 469
1776 3 7252 3558 3545
1777 3 724 7392 941
1778 5 6775 7503 2870 3733 545
1779 2 4300 207
1780 4 1320 4017 6264 6113
1781 0
1782 2 3025 2818
1783 3 6927 9947 6939
1784 2 6580 9847
1785 2 6235 3417
1786 4 7709 9541 6768 8583
1787 3 7318 6956 9810
1788 3 2632 2805 2787
1789 1 2989
1790 3 1962 4629 5765
1791 4 7354 7277 7045 2052
1792 4 3035 8691 5116 6826
1793 2 4961 1899
1794 2 4596 3851
1795 0
1796 2 4728 7896
1797 2 1416 8587
1798 3 4401 744 8106
1799 3 8106 4732 7150
1800 2 1077 7698
1801 1 6800
1802 5 6717 3327 1145 4752 3272
1803 2 3293 5808
1804 3 6526 3511 5592
1805 4 9382 5835 9806 289
1806 2 5384 7652
1807 1 6528
1808 2 4769 8683
1809 2 3480 5885
1810 2 7892 2370
1811 1 899
1812 3 143 7696 9417
1813 0
1814 3 828 2346 7004
1815 0
1816 2 7249 5539
1817 3 586 6666 8663
1818 0
1819 1 4031
1820 3 7324 303 1744
1821 2 9303 7745
1822 2 8748 4702
1823 0
1824 1 5428
1825 1 692
1826 1 3591
1827 2 2105 6292
1828 4 9986 8998 8540 8874
1829 0
1830 1 1593
1831 1 9401
1832 2 850 1236
1833 3 4086 8080 1652
1834 5 4142 6801 7013 4963 8375
1835 0
1836 2 2531 421
1837 3 1929 919 728
1838 1 6626
1839 2 5677 5770
1840 1 6998
1841 1 2
1842 5 2024 6396 6471 5698 6265
1843 1 1101
1844 3 2523 3766 5318
1845 0
1846 2 7414 8599
1847 2 3288 8526
1848 1 6459
1849 5 2952 6967 2803 4896 6966
1850 1 3863
1851 2 3689 8636
1852 0
1853 2 375 8869
1854 4 7437 9058 738 2773
1855 1 7395
1856 1 5928
1857 4 5828 7243 8535 2232
1858 1 3575
1859 4 5309 4941 6846 8439
1860 3 4522 6023 5533
1861 3 3079 4293 1778
1862 0
1863 5 2881 2486 1601 8534 4103
1864 0
1865 1 4516
1866 0
1867 3 3344 2611 2654
1868 1 7292
1869 2 2431 2097
1870 3 5333 9535 5541
1871 1 833
1872 4 1172 9944 2606 4853
1873 3 5085 1813 1009
1874 1 6910
1875 0
1876 2 9721 333
1877 4 2586 5128 1810 3789
1878 1 79
1879 3 5790 5045 3340
1880 2 3809 1843
1881 2 1564 743
1882 1 1884
1883 2 8171 4428
1884 3 6120 1417 7954
1885 3 4739 2018 1937
1886 2 766 4973
1887 5 9223 8247 3826 1864 2496
1888 3 7506 665 8149
1889 3 5719 6925 2806
1890 1 5154
1891 1 2131
1892 4 7338 5814 6998 7642
1893 0
1894 3 3107 4123 4419
1895 1 3788
1896 1 9928
1897 1 6353
1898 2 8392 9718
1899 2 7487 7408
1900 3 2168 2453 7824
1901 7 9758 8013 3939 8911 4579 9560 3867
1902 2 3 6888
1903 1 991
1904 1 8966
1905 1 1543
1906 3 2183 1523 2638
1907 1 8615
1908 1 585
1909 2 3262 9015
1910 0
1911 4 6840 7931 6234 1406
1912 2 1616 6383
1913 6 5218 1276 538 8125 2007 1084
1914 2 4152 3932
1915 1 3672
1916 0
1917 3 5015 7246 7902
1918 3 339 736 6664
1919 1 56
1920 1 428
1921 1 8920
1922 1 7349
1923 4 2650 438 8861 759
1924 3 5128 7743 5450
1925 2 4938 1726
1926 4 239 6375 5152 6551
1927 1 8213
1928 2 9636 7209
1929 4 6019 8259 6902 5110
1930 1 5291
1931 2 2501 6500
1932 1 8516
1933 0
1934 2 3165 8712
1935 3 9173 8047 3985
1936 0
1937 3 5988 7471 3048
1938 2 4642 5210
1939 1 9608
1940 1 2589
1941 4 2901 7842 2890 8081
1942 2 1951 7558
1943 2 6038 887
1944 1 2700
1945 1 4349
1946 4 1732 7770 9300 3532
1947 0
1948 4 6998 3795 2157 5519
1949 2 6463 7864
1950 2 5692 9143
1951 2 2959 9588
1952 1 5929
1953 3 7572 6574 5509
1954 2 7315 2209
1955 1 4308
1956 2 8598 9324
1957 3 9756 8551 5755
1958 0
1959 0
1960 4 7781 8660 2496 5821
1961 2 3267 5041
1962 2 1727 6338
1963 2 1815 2426
1964 1 3349
1965 0
1966 3 4036 347 4584
1967 2 5290 8458
1968 1 4648
1969 2 7257 2755
1970 3 4277 3038 7302
1971 1 243
1972 3 6794 9280 8639
1973 1 8705
1974 0
1975 5 5880 7700 9507 9538 6187
1976 2 384 1610
1977 2 7995 3803
1978 3 6904 9141 7214
1979 3 7451 9920 7228
1980 1 4282
1981 0
1982 1 9551
1983 2 5926 1409
1984 0
1985 1 3030
1986 3 3273 1286 3637
1987 5 5436 9842 237 3736 8083
1988 1 5037
1989 1 5214
1990 3 7821 5519 8227
1991 0
1992 0
1993 1 1113
1994 1 1393
1995 2 76 8589
1996 3 1319 3232 1570
1997 1 6024
1998 1 7068
1999 4 4182 3953 2025 2682
2000 3 3884 3072 1513
2001 2 1419 752
2002 2 7351 2589
2003 2 1066 9180
2004 2 4974 4416
2005 2 9800 6642
2006 4 7682 2547 8759 6171
2007 3 2909 6470 8974
2008 3 4484 1592 3875
2009 1 3560
2010 1 3321
2011 3 5568 9316 3646
2012 2 6242 9632
2013 5 9367 3526 5151 9031 368
2014 0
2015 3 7651 3776 1788
2016 4 9544 4248 3837 7933
2017 1 6047
2018 4 9062 8984 3119 9209
2019 2 8672 8025
2020 5 621 9863 1200 2808 9182
2021 4 829 1986 8517 5636
2022 2 6371 7336
2023 1 2941
2024 0
2025 3 5343 3133 9808
2026 1 4304
2027 2 4267 6125
2028 1 9117
2029 3 2587 4 1845
2030 1 8628
2031 2 3694 8693
2032 4 8424 4894 2126 2961
2033 3 1746 9611 4253
2034 1 259
2035 4 1880 8086 9557 3340
2036 1 3719
2037 2 1484 6196
2038 0
2039 4 6099 8885 5887 789
2040 0
2041 3 7637 7660 5504
2042 5 9498 6781 7740 2411 83
2043 5 667 7721 5972 5420 9823
2044 0
2045 4 9854 5625 4461 4403
2046 2 4997 7838
2047 1 8272
2048 4 5959 9163 6411 958
2049 2 9823 6496
2050 3 9897 5784 2129
2051 3 1786 4467 8635
2052 0
2053 2 7858 8424
2054 5 6762 3517 714 6120 7454
2055 1 1671
2056 0
2057 0
2058 2 3465 4754
2059 3 4244 8725 4878
2060 1 1507
2061 1 4900
2062 3 8398 4530 6884
2063 1 7520
2064 2 3045 755
2065 1 8596
2066 2 8878 4796
2067 2 5728 8489
2068 3 4732 1593 1481
2069 1 7797
2070 1 1588
2071 0
2072 0
2073 2 6140 5706
2074 0
2075 2 360 6645
2076 0
2077 5 3917 2571 5180 900 5341
2078 1 8797
2079 3 9631 1597 4642
2080 2 1068 9752
2081 4 8403 447 3365 7847
2082 2 2905 6608
2083 1 6859
2084 2 2029 377
2085 3 4713 4613 1213
2086 1 16
2087 5 8656 4885 1603 8475 6374
2088 2 2112 9676
2089 1 3128
2090 1 7750
2091 1 3523
2092 3 9526 4356 4032
2093 1 3231
2094 3 1986 8144 3165
2095 2 3837 4353
2096 2 6272 2488
2097 3 5373 5152 3043
2098 2 820 5693
2099 1 3243
2100 3 3576 8484 9495
2101 2 2496 2814
2102 1 698
2103 1 4740
2104 0
2105 1 793
2106 1 4983
2107 5 8267 8530 2937 1627 778
2108 2 182 6787
2109 5 2863 9886 4536 1011 5606
2110 5 1075 5876 5384 8690 9244
2111 0
2112 2 1492 4949
2113 1 5155
2114 2 4438 2908
2115 0
2116 1 1229
2117 3 4375 5504 1797
2118 2 8445 6593
2119 1 1534
2120 2 7876 3225
2121 0
2122 2 6374 9890
2123 6 6587 3290 693 4250 1706 24
2124 5 2130 5586 4102 1623 8228
2125 4 7045 3488 61 799
2126 3 2349 587 7362
2127 2 3046 465
2128 0
2129 4 5007 8090 3376 7323
2130 1 4020
2131 2 6491 5942
2132 4 8369 6077 6538 7667
2133 2 243 4341
2134 1 5742
2135 0
2136 2 1270 2544
2137 2 3197 4536
2138 2 4429 4280
2139 4 1940 3269 5129 6298
2140 1 8836
2141 1 3115
2142 3 6102 6458 2302
2143 1 1726
2144 2 4775 5463
2145 1 4133
2146 0
2147 2 7879 8746
2148 4 967 3786 8196 3143
2149 2 7403 2741
2150 2 1552 6999
2151 2 4558 9123
2152 5 3894 5418 8409 6919 8507
2153 0
2154 2 7875 4458
2155 1 5310
2156 2 3742 9674
2157 1 5564
2158 2 4189 4553
2159 2 2676 4313
2160 3 9902 2293 8464
2161 3 1254 3638 4730
2162 1 4012
2163 0
2164 3 1385 9253 6234
2165 1 3036
2166 2 1447 3689
2167 2 3946 4118
2168 0
2169 2 7877 5122
2170 1 3595
2171 4 5465 7135 362 6443
2172 3 6039 3258 502
2173 2 4119 9725
2174 1 3118
2175 5 7892 4657 7267 4252 6966
2176 3 2859 8625 9130
2177 0
2178 4 7263 8566 5668 6037
2179 1 1063
2180 2 2776 2330
2181 1 1431
2182 4 2839 8152 3647 837
2183 1 3756
2184 0
2185 1 2992
2186 2 4999 7204
2187 0
2188 2 3397 876
2189 0
2190 3 8733 4609 234
2191 4 4563 7198 5798 8777
2192 2 1036 3174
2193 3 590 3162 1045
2194 3 3400 5676 2419
2195 2 7637 4958
2196 0
2197 2 816 5902
2198 6 6705 4192 5360 3461 7476 7594
2199 3 7503 1358 5427
2200 0
2201 1 4466
2202 4 6957 2097 8042 9238
2203 1 8910
2204 5 2620 9465 5315 1284 4671
2205 1 5186
2206 1 5607
2207 1 5007
2208 3 649 3595 8174
2209 3 4290 7738 4458
2210 6 476 4931 7160 8021 7783 3376
2211 5 7008 8485 5936 2424 582
2212 3 8805 6545 6494
2213 2 9303 7719
2214 3 1673 5070 6425
2215 2 9918 3687
2216 1 3780
2217 4 4824 4798 6902 8878
2218 3 9089 3303 9033
2219 2 4214 3260
2220 4 3472 445 7119 1977
2221 1 4589
2222 0
2223 0
2224 4 7054 7781 5376 905
2225 1 6519
2226 3 1383 3561 6669
2227 2 9922 4418
2228 4 6195 5837 7189 5439
2229 2 307 7528
2230 2 2158 7470
2231 2 60 4535
2232 2 663 4126
2233 0
2234 1 6999
2235 1 8776
2236 3 6625 3624 6236
2237 1 8038
2238 0
2239 3 9858 6441 5643
2240 1 2257
2241 0
2242 1 2038
2243 3 4807 8672 5443
2244 4 273 2388 8673 8307
2245 1 4354
2246 1 9679
2247 0
2248 3 1732 4463 8952
2249 2 7466 4547
2250 1 8377
2251 0
2252 4 5535 9029 1141 6712
2253 3 1736 2995 6876
2254 2 5856 2079
2255 3 7958 2899 2771
2256 1 6546
2257 3 2056 4563 1000
2258 2 4831 8132
2259 4 6881 7308 3907 4206
2260 1 4195
2261 1 6279
2262 1 1515
2263 2 4104 7837
2264 2 3601 2173
2265 4 3726 8775 8886 5428
2266 2 4437 80
2267 2 3832 658
2268 7 7018 3166 8252 2653 3678 4801 4842
2269 3 6408 3091 3950
2270 4 4927 6468 3743 3364
2271 0
2272 3 3261 4821 9288
2273 4 7151 6330 3418 282
2274 6 7756 1342 6625 104 4439 2901
2275 2 5270 3125
2276 2 7493 9262
2277 1 979
2278 3 8652 1216 2435
2279 4 3534 7137 4657 5394
2280 1 6682
2281 4 6970 2678 9250 5845
2282 2 3609 1665
2283 1 8514
2284 3 2779 4670 1168
2285 1 3147
2286 1 7232
2287 3 6779 1577 1092
2288 3 8253 4084 5567
2289 1 701
2290 2 4743 7653
2291 2 9548 4125
2292 2 3479 2829
2293 2 3250 4526
2294 3 6601 3945 1858
2295 2 271 600
2296 1 268
2297 0
2298 1 6511
2299 5 8457 6902 2416 9368 1302
2300 0
2301 1 6685
2302 2 3363 2921
2303 0
2304 2 462 3227
2305 1 5114
2306 3 4028 9971 9268
2307 3 8416 3882 6897
2308 2 5190 1117
2309 3 9375 1153 3665
2310 5 9751 9244 3219 9929 5306
2311 3 4409 6722 3842
2312 0
2313 2 776 642
2314 5 7646 9861 1327 8083 6863
2315 3 8653 9823 3944
2316 2 7108 9412
2317 0
2318 2 3329 2262
2319 1 1121
2320 1 9106
2321 0
2322 3 8695 6948 9700
2323 3 6419 1945 7429
2324 0
2325 1 3746
2326 3 2355 9771 5944
2327 3 9371 685 1694
2328 1 4850
2329 2 1649 4523
2330 3 5229 7090 4324
2331 2 3273 7667
2332 1 2556
2333 0
2334 2 8229 1829
2335 2 9454 5855
2336 1 6388
2337 1 4839
2338 3 3806 2116 2420
2339 0
2340 0
2341 2 8956 2879
2342 2 9744 9410
2343 3 53 2143 1451
2344 3 2716 8493 9746
2345 3 317 9362 6259
2346 1 6695
2347 4 7602 2303 8155 3461
2348 0
2349 2 7727 4013
2350 4 6082 3424 9985 2896
2351 1 5753
2352 1 1012
2353 3 4679 7966 5994
2354 3 6104 8151 4771
2355 3 6152 5246 4496
2356 2 6833 2571
2357 1 9813
2358 2 7527 3301
2359 3 516 9911 2853
2360 2 5210 5693
2361 2 9952 7485
2362 1 7608
2363 1 7434
2364 2 4607 4693
2365 2 4611 186
2366 4 3730 3757 8872 696
2367 2 7003 7887
2368 2 6070 8062
2369 2 2575 4929
2370 4 5832 7841 9865 6482
2371 3 1923 782 7666
2372 4 293 1275 2078 9798
2373 4 5663 9362 7416 1152
2374 4 3204 8629 9093 8090
2375 2 1699 8506
2376 1 7178
2377 3 8808 1477 3177
2378 2 3715 9534
2379 2 5644 4732
2380 5 5273 3493 7809 7410 9949
2381 2 2450 1075
2382 3 6247 6235 6379
2383 0
2384 3 4395 6009 1298
2385 4 6676 1605 1986 5654
2386 2 5426 6676
2387 2 7569 6242
2388 3 4908 2379 6650
2389 2 4755 7940
2390 0
2391 1 7444
2392 6 5735 7951 8234 8388 3095 9907
2393 1 3235
2394 1 2908
2395 4 1244 7501 5201 8044
2396 0
2397 2 2026 8503
2398 0
2399 1 4887
2400 2 3154 4851
2401 2 1794 4900
2402 3 2041 2258 4348
2403 3 9422 1871 515
2404 0
2405 1 5300
2406 0
2407 2 7387 1130
2408 1 9400
2409 1 6574
2410 2 8589 9078
2411 4 2387 9631 2798 464
2412 2 516 7442
2413 4 857 8176 3661 5489
2414 1 5402
2415 1 5509
2416 3 7379 2728 1170
2417 0
2418 1 6961
2419 0
2420 2 5816 4589
2421 1 2783
2422 3 6681 3191 4405
2423 5 4425 7801 5251 9403 5038
2424 3 114 9748 3250
2425 2 3124 1614
2426 4 6566 6253 223 5485
2427 3 7329 4598 1846
2428 3 5566 7860 9086
2429 4 2365 4470 6506 4799
2430 2 5638 9477
2431 2 7922 3866
2432 1 5544
2433 3 5017 7614 9162
2434 1 591
2435 2 8269 499
2436 2 8814 2705
2437 1 8459
2438 2 4618 2502
2439 1 1482
2440 1 964
2441 1 7145
2442 4 3956 7847 2369 1334
2443 1 9930
2444 1 932
2445 2 4794 194
2446 3 9096 1819 8831
2447 1 1047
2448 2 9375 3440
2449 4 6213 307 3925 546
2450 2 8300 166
2451 0
2452 6 5319 8465 1752 256 8811 8737
2453 1 7026
2454 3 169 8318 410
2455 5 3078 3532 4343 9000 5394
2456 1 7225
2457 0
2458 1 1383
2459 4 8971 298 6217 7760
2460 1 5056
2461 2 3716 6781
2462 1 6991
2463 2 7113 6612
2464 3 7717 2799 6509
2465 0
2466 1 9709
2467 0
2468 2 611 5246
2469 0
2470 3 3605 214 1785
2471 3 1504 2417 5099
2472 4 7501 8465 5610 5017
2473 3 2236 9886 1724
2474 3 7029 3163 1813
2475 2 3361 5049
2476 2 3981 8475
2477 2 4680 5841
2478 2 7149 2556
2479 3 3078 8721 5797
2480 1 6815
2481 2 6101 2191
2482 3 4951 8514 4997
2483 0
2484 0
2485 9 7108 1956 2645 2204 8579 7165 2546 5820 5998
2486 0
2487 4 9509 1478 9968 3167
2488 2 4217 5400
2489 3 3910 4496 8573
2490 4 8130 9981 6657 1215
2491 1 5694
2492 4 6289 78 3225 5497
2493 2 6051 3427
2494 3 926 3744 7836
2495 4 8732 8187 7767 3859
2496 0
2497 3 4213 818 9122
2498 2 1197 3390
2499 0
2500 3 6843 8832 2324
2501 1 9678
2502 1 6580
2503 3 6131 6116 7777
2504 3 6905 3349 1107
2505 4 8910 7826 3287 6050
2506 2 3573 2707
2507 3 3637 7017 7612
2508 0
2509 1 2558
2510 2 8156 1343
2511 4 873 1937 3703 7613
2512 2 3512 4106
2513 1 9794
2514 2 7943 6257
2515 2 2113 6116
2516 1 4203
2517 2 3807 5410
2518 0
2519 2 9477 5725
2520 3 8769 7744 5193
2521 4 104 2778 6094 3811
2522 1 9333
2523 2 9487 6756
2524 1 5925
2525 3 7255 9628 4140
2526 1 857
2527 4 5616 1723 4657 2082
2528 3 8683 2670 4544
2529 3 7810 4840 7295
2530 0
2531 3 9108 6869 9427
2532 1 640
2533 3 8071 365 4570
2534 1 6409
2535 3 6213 6203 7679
2536 3 3907 866 3910
2537 2 6730 5261
2538 3 4943 3713 7378
2539 1 7968
2540 1 6653
2541 1 1545
2542 3 6172 5872 4804
2543 4 7622 7166 2839 8690
2544 2 9266 8578
2545 2 8822 8690
2546 2 9191 6571
2547 3 6998 7039 3352
2548 1 2527
2549 2 1503 6634
2550 7 9251 9928 3061 7273 8559 7811 6918
2551 4 3244 4185 1562 6826
2552 1 6215
2553 1 3739
2554 1 4854
2555 2 6693 880
2556 3 7576 1304 6369
2557 1 2220
2558 0
2559 2 2292 8936
2560 2 3311 5895
2561 2 3814 9632
2562 2 5280 1532
2563 0
2564 1 9465
2565 1 1305
2566 2 944 6579
2567 1 2113
2568 1 3124
2569 2 9269 8533
2570 3 7794 1059 6608
2571 4 1699 5378 1912 757
2572 3 8112 793 1962
2573 3 5020 55 3596
2574 2 1846 8781
2575 2 7092 1095
2576 3 716 7255 8091
2577 3 8181 1345 7959
2578 3 6750 396 6960
2579 5 5699 2638 2657 9728 1184
2580 2 8689 1481
2581 4 5927 5333 4368 8665
2582 5 3671 9059 8327 9648 2233
2583 3 4566 5583 4078
2584 1 4993
2585 5 1231 8641 9455 4057 9320
2586 1 6686
2587 2 639 7295
2588 3 5340 8469 850
2589 1 1643
2590 4 540 4482 7368 9653
2591 2 7126 3988
2592 3 840 1476 724
2593 2 7011 2396
2594 0
2595 5 6073 1169 1326 2716 5180
2596 2 2699 3610
2597 4 7341 4827 9918 6667
2598 1 8203
2599 1 8227
2600 2 6798 7772
2601 2 5434 7727
2602 0
2603 2 1181 6211
2604 2 6460 8951
2605 2 1763 9945
2606 2 2687 7951
2607 2 5722 857
2608 4 6855 9233 8297 2018
2609 2 1162 387
2610 5 8982 7209 2226 6738 7189
2611 3 4065 5543 3095
2612 3 6145 3507 6890
2613 1 925
2614 2 4733 7293
2615 4 4232 458 5456 1172
2616 3 7420 4116 6913
2617 3 3874 9885 1193
2618 1 4946
2619 3 7328 5308 2755
2620 4 553 4893 5386 5838
2621 1 8289
2622 2 4409 6714
2623 2 5220 7278
2624 2 1535 5667
2625 2 3438 2626
2626 1 7877
2627 1 8084
2628 5 3360 6325 6071 120 9344
2629 0
2630 2 9720 2475
2631 1 3303
2632 3 5535 2062 9804
2633 2 846 9371
2634 3 2103 2220 3346
2635 1 6379
2636 1 7003
2637 1 5974
2638 1 9064
2639 1 7490
2640 1 2578
2641 4 7531 6585 1084 1143
2642 1 7954
2643 3 2356 1788 9867
2644 3 815 8775 2855
2645 0
2646 1 2027
2647 4 3868 8219 4969 5510
2648 2 5806 7933
2649 2 4162 4070
2650 1 5787
2651 4 3363 5565 4410 1073
2652 2 1260 1067
2653 2 6086 3797
2654 2 8520 3405
2655 6 9206 2519 3973 6506 5061 9347
2656 6 8668 6989 6829 1329 8912 8184
2657 1 2486
2658 2 3094 9580
2659 1 1110
2660 1 4511
2661 1 5705
2662 2 5117 6547
2663 1 3946
2664 1 5517
2665 3 1154 2228 3955
2666 4 4934 8513 1711 6861
2667 1 6237
2668 4 2808 4200 5175 9393
2669 3 2741 3953 9760
2670 2 477 1221
2671 2 6437 792
2672 0
2673 1 384
2674 4 3350 7411 1509 6802
2675 1 9338
2676 4 1752 7415 9659 3720
2677 3 9522 1163 4858
2678 1 3672
2679 5 1852 1411 6092 2084 8819
2680 2 8061 7669
2681 2 5994 1507
2682 0
2683 1 6186
2684 3 3929 460 3013
2685 2 9440 512
2686 1 8684
2687 2 5960 4394
2688 3 4961 8617 3726
2689 2 3260 8698
2690 3 3466 1021 1808
2691 4 7411 509 1561 9218
2692 3 6681 9344 6781
2693 1 3767
2694 7 7558 9010 5578 7061 3049 4668 12
2695 8 6010 2071 5650 930 3999 2473 4309 8841
2696 2 6741 1294
2697 2 1616 4718
2698 1 2880
2699 2 9114 6575
2700 3 7278 5426 5562
2701 2 5491 9117
2702 0
2703 2 8379 891
2704 3 5024 4008 8169
2705 2 1064 2987
2706 0
2707 1 2544
2708 1 4146
2709 5 5943 7781 8993 3959 5583
2710 0
2711 5 8297 2452 7112 5229 6704
2712 1 9230
2713 1 5735
2714 3 4090 9798 4148
2715 0
2716 1 6041
2717 4 1981 1170 1969 2510
2718 2 2381 7044
2719 1 8518
2720 2 156 6451
2721 3 3417 1343 2822
2722 0
2723 2 1283 9128
2724 0
2725 2 1797 3187
2726 3 5931 8536 3036
2727 0
2728 3 3150 608 902
2729 2 3594 4567
2730 1 4347
2731 2 8459 6462
2732 1 6629
2733 3 3475 5605 217
2734 2 742 2808
2735 4 5215 7357 1909 4240
2736 1 8854
2737 2 254 2397
2738 3 355 1733 612
2739 3 580 1602 4235
2740 2 1852 8330
2741 1 570
2742 4 5438 4804 3740 4401
2743 1 3221
2744 3 8823 8988 4547
2745 1 7315
2746 0
2747 3 9081 2767 2866
2748 2 3810 3196
2749 2 1978 7228
2750 1 7835
2751 1 2996
2752 3 8023 8375 4274
2753 2 4657 7235
2754 2 9304 36
2755 0
2756 0
2757 0
2758 3 8705 4726 7009
2759 2 5792 6368
2760 1 426
2761 2 2690 8146
2762 3 9942 2967 689
2763 0
2764 3 6362 6574 1239
2765 1 1013
2766 4 9567 9015 8217 4532
2767 1 820
2768 4 3531 7385 7179 1650
2769 3 9058 2662 2897
2770 1 5562
2771 1 2223
2772 3 8653 737 538
2773 5 8674 7482 2279 4177 2111
2774 2 3409 8058
2775 3 9754 6746 5885
2776 1 2855
2777 4 4319 3602 7716 7395
2778 2 3204 24
2779 2 9771 1137
2780 3 5125 8343 8819
2781 3 4137 1856 2715
2782 2 3857 5418
2783 2 4070 8104
2784 1 3868
2785 1 2052
2786 3 9493 7484 6358
2787 3 9782 407 140
2788 4 3482 9551 3022 8713
2789 1 7877
2790 1 1794
2791 3 3750 1128 3448
2792 5 3938 4292 3555 7622 2615
2793 2 5649 522
2794 2 4421 8993
2795 1 9000
2796 2 3915 9271
2797 1 3062
2798 1 4716
2799 2 7366 2499
2800 4 8230 180 8664 6842
2801 2 6975 7119
2802 1 642
2803 2 5225 554
2804 2 348 527
2805 4 8424 1147 6572 2709
2806 2 570 5844
2807 2 3594 8655
2808 2 9508 3393
2809 3 1253 7870 9389
2810 2 1926 4970
2811 2 7845 4396
2812 2 4440 5484
2813 1 8843
2814 5 6526 2425 308 6525 2088
2815 3 2622 7411 5202
2816 3 3646 41 7331
2817 2 3435 7766
2818 2 3151 3282
2819 0
2820 2 4126 4393
2821 1 6400
2822 3 8773 1452 8456
2823 2 4249 1725
2824 3 6251 5715 7121
2825 1 6654
2826 3 1367 3584 1895
2827 2 580 5117
2828 1 6425
2829 0
2830 2 2671 5930
2831 0
2832 0
2833 1 9596
2834 2 7185 7258
2835 0
2836 2 7529 7512
2837 2 2229 1768
2838 2 5727 5267
2839 0
2840 2 4468 2679
2841 3 4037 1566 1287
2842 2 9369 3700
2843 2 5555 1586
2844 1 1616
2845 2 7935 9254
2846 1 3518
2847 5 1958 4799 9308 3644 4471
2848 1 8613
2849 0
2850 1 2024
2851 3 6935 350 5724
2852 2 7784 351
2853 1 9274
2854 3 9058 9917 1877
2855 3 4624 3638 209
2856 0
2857 1 8049
2858 3 6015 505 3125
2859 3 1549 554 5332
2860 4 6465 7604 2386 8188
2861 2 7767 884
2862 2 6798 9904
2863 2 4880 3386
2864 4 9278 5982 5152 4308
2865 5 7417 3138 6939 2783 4288
2866 2 4217 4369
2867 1 9569
2868 1 9383
2869 5 9875 7649 8656 8893 9836
2870 2 1386 701
2871 5 5204 9994 4572 7942 6625
2872 2 5745 6412
2873 1 4047
2874 2 1427 2305
2875 2 518 2912
2876 3 5076 9681 4061
2877 0
2878 1 4913
2879 2 5485 3741
2880 3 3780 8731 1496
2881 0
2882 2 337 5689
2883 2 408 5843
2884 2 9803 826
2885 0
2886 4 7868 7241 7350 6763
2887 2 9331 7459
2888 1 2905
2889 1 9861
2890 0
2891 1 5513
2892 3 578 1771 5161
2893 1 2935
2894 2 60 8335
2895 0
2896 0
2897 6 9433 5711 9793 9639 7054 6631
2898 3 1406 2470 9517
2899 0
2900 1 9119
2901 2 5158 809
2902 2 1547 9357
2903 0
2904 3 5842 4299 7783
2905 3 4541 6819 570
2906 2 7840 5401
2907 0
2908 2 4145 3214
2909 0
2910 1 1086
2911 2 5262 8482
2912 2 9831 4037
2913 2 9077 5618
2914 4 441 6529 5684 4380
2915 4 2678 6293 6331 5827
2916 4 7483 1250 8233 2346
2917 0
2918 0
2919 2 7628 8643
2920 2 3667 4073
2921 0
2922 0
2923 4 6078 518 6209 7176
2924 1 4985
2925 2 6123 4756
2926 1 5815
2927 0
2928 2 2763 2917
2929 1 5651
2930 2 4902 6910
2931 3 1487 522 8325
2932 1 5034
2933 0
2934 2 1132 4355
2935 2 4554 5642
2936 0
2937 1 7798
2938 0
2939 1 6516
2940 0
2941 1 1167
2942 4 6703 6652 2348 6233
2943 2 3896 3128
2944 1 1879
2945 2 128 7764
2946 4 6785 2120 384 6478
2947 2 6177 2463
2948 2 68 3647
2949 1 5951
2950 3 4913 31 7493
2951 4 767 7413 6667 2381
2952 4 781 2761 7570 2652
2953 4 8407 2577 8668 5950
2954 2 2111 6005
2955 5 9148 8754 5957 3755 320
2956 1 633
2957 3 9731 3300 2223
2958 3 7782 2818 1396
2959 1 9952
2960 1 4877
2961 2 9836 6713
2962 1 8920
2963 1 1955
2964 0
2965 2 5586 9462
2966 1 7758
2967 5 8563 9320 1148 5712 8419
2968 2 3725 3908
2969 1 8540
2970 0
2971 5 3511 7384 7750 1988 3067
2972 0
2973 7 169 1086 5065 5264 9419 2659 2497
2974 3 294 4360 9278
2975 2 5812 6527
2976 3 2495 6948 7289
2977 5 3507 199 3669 1065 782
2978 3 6758 5340 8539
2979 1 7233
2980 0
2981 3 112 9315 156
2982 4 3360 8039 60 2785
2983 1 1512
2984 1 8494
2985 4 7839 4584 9752 7801
2986 5 1581 7545 8838 5243 6515
2987 0
2988 0
2989 0
2990 0
2991 0
2992 1 4709
2993 1 8252
2994 3 6098 9809 9915
2995 3 1232 5760 2099
2996 6 1206 1762 6580 1834 9830 5490
2997 1 6681
2998 2 4988 9225
2999 4 6952 6037 5465 6756
3000 5 7004 9287 8998 5130 9855
3001 3 1501 6839 8970
3002 4 4164 2731 6967 2579
3003 0
3004 1 7761
3005 1 8916
3006 4 2992 6157 3210 2155
3007 3 8375 2515 9563
3008 3 6124 2887 715
3009 1 2531
3010 3 9295 4283 4132
3011 0
3012 0
3013 0
3014 1 3218
3015 3 903 7557 8706
3016 2 5026 1207
3017 1 7589
3018 0
3019 5 9935 9235 7893 770 6035
3020 0
3021 4 1325 1316 3347 9871
3022 2 363 2309
3023 2 480 1357
3024 2 4675 8547
3025 3 7894 2873 8235
3026 2 5628 8204
3027 2 3458 7556
3028 1 8407
3029 1 9194
3030 2 1593 5221
3031 1 9096
3032 3 6152 354 8649
3033 4 3528 8720 9603 5459
3034 0
3035 3 178 7102 5882
3036 0
3037 1 8298
3038 1 1338
3039 1 4641
3040 2 8582 7441
3041 3 2227 4385 628
3042 2 1576 7644
3043 2 8401 6992
3044 2 1827 299
3045 2 9333 8083
3046 1 7807
3047 3 9472 7780 7942
3048 0
3049 6 7108 5333 6347 7479 8186 4430
3050 2 9937 4863
3051 0
3052 1 3094
3053 1 4683
3054 1 534
3055 6 8429 7849 6225 2019 2839 1040
3056 1 1136
3057 2 8800 3308
3058 1 5418
3059 4 1416 9512 8040 4435
3060 1 5670
3061 1 3594
3062 3 9997 6206 6177
3063 2 8695 4613
3064 0
3065 0
3066 1 6699
3067 0
3068 1 1551
3069 2 2077 3830
3070 2 4062 6422
3071 2 1680 2283
3072 3 6819 8733 350
3073 1 9565
3074 1 488
3075 2 8131 6931
3076 1 1316
3077 2 5934 4561
3078 4 6165 7446 539 598
3079 3 504 8456 1287
3080 1 8090
3081 3 1005 2087 296
3082 4 3104 5500 2572 792
3083 1 7158
3084 4 4703 9020 8967 9940
3085 2 340 498
3086 6 2602 9484 9930 9997 4294 9214
3087 2 1664 1705
3088 0
3089 3 6238 1708 4375
3090 1 4610
3091 4 6295 3572 1345 2843
3092 4 33 268 7071 9970
3093 3 4238 8973 4833
3094 3 3462 4706 8491
3095 3 8609 2813 2147
3096 3 82 1117 5680
3097 1 2343
3098 2 5243 7103
3099 1 9097
3100 1 3638
3101 3 337 7910 1061
3102 4 9635 4082 7104 937
3103 2 7326 5663
3104 1 5384
3105 1 2836
3106 1 1913
3107 3 5114 6082 1176
3108 1 1410
3109 1 8810
3110 1 467
3111 5 1674 5093 3816 467 800
3112 3 3608 4617 8354
3113 0
3114 3 1212 9647 5131
3115 3 9901 6248 4697
3116 1 4967
3117 3 5498 5707 3246
3118 5 8292 6923 3355 5588 2871
3119 1 6839
3120 1 2101
3121 2 4922 7902
3122 3 2333 4812 472
3123 2 5876 9638
3124 2 1307 7290
3125 4 7963 2244 2182 3157
3126 1 7606
3127 1 5414
3128 2 1151 4575
3129 1 9760
3130 2 7382 9405
3131 2 8212 7648
3132 1 9042
3133 3 5293 568 473
3134 2 6786 317
3135 1 1097
3136 2 4456 9178
3137 0
3138 2 5381 6938
3139 1 9789
3140 2 9811 5685
3141 2 5190 2026
3142 2 2758 2881
3143 0
3144 2 5856 8959
3145 2 8922 1454
3146 2 8544 4375
3147 1 4223
3148 1 8947
3149 2 3660 7324
3150 0
3151 1 6106
3152 2 6506 7751
3153 4 2914 6925 857 6519
3154 0
3155 6 4577 9893 9963 5011 7218 6161
3156 1 5028
3157 1 3374
3158 0
3159 1 5672
3160 3 2585 1650 8396
3161 1 7744
3162 2 2110 7624
3163 1 5028
3164 5 8441 8346 7481 5028 9543
3165 1 9271
3166 3 9998 1462 3016
3167 2 7014 1758
3168 3 7235 1021 4017
3169 1 4951
3170 1 7732
3171 1 8082
3172 3 121 5188 7268
3173 3 6896 935 3643
3174 1 6553
3175 1 7920
3176 2 958 3913
3177 2 1952 1759
3178 2 2747 6357
3179 7 9216 1157 371 1028 4230 6732 848
3180 1 6985
3181 2 2907 7657
3182 2 5361 9816
3183 2 7606 9143
3184 2 6415 5779
3185 0
3186 1 6687
3187 3 3850 398 4377
3188 2 5847 6267
3189 1 7055
3190 4 8306 2383 1041 7053
3191 3 8769 6422 7626
3192 0
3193 2 5909 9364
3194 2 2243 3947
3195 1 9909
3196 1 3954
3197 2 5451 9431
3198 1 3924
3199 2 5696 855
3200 2 3424 138
3201 0
3202 1 578
3203 3 4786 3497 2839
3204 1 9225
3205 0
3206 1 5771
3207 2 273 1675
3208 3 8894 5090 9461
3209 3 4002 7930 3922
3210 2 9570 5090
3211 5 1834 1234 7155 5945 6475
3212 0
3213 4 5591 2958 428 486
3214 0
3215 0
3216 4 4360 1140 3482 3540
3217 2 755 9250
3218 3 6836 3777 1222
3219 3 8281 966 3685
3220 1 1950
3221 1 6017
3222 1 8694
3223 1 9027
3224 1 7383
3225 3 5170 5620 9949
3226 1 6641
3227 1 1971
3228 4 4640 7360 8138 8684
3229 2 3865 9263
3230 1 8355
3231 2 5588 3075
3232 2 5460 8765
3233 3 2309 1312 5474
3234 4 1344 9900 3775 6539
3235 1 62
3236 3 4500 2920 5402
3237 1 844
3238 1 2760
3239 3 5959 6073 5290
3240 2 1538 2443
3241 1 2049
3242 4 7426 2413 8152 9511
3243 4 866 6855 3465 9181
3244 0
3245 2 4896 5020
3246 4 5229 116 8960 2222
3247 7 5682 667 7311 845 1747 4257 6821
3248 2 3391 6174
3249 3 1713 5043 235
3250 5 519 7564 8488 5130 5636
3251 5 1953 3747 8064 8301 7298
3252 2 969 8941
3253 1 6483
3254 1 6502
3255 1 4651
3256 1 3237
3257 3 3396 7186 3978
3258 5 8568 5646 7040 2384 6461
3259 2 2987 9098
3260 1 7367
3261 6 9032 9694 9661 7852 7169 6032
3262 3 6417 2656 3456
3263 2 8765 722
3264 3 2680 8467 8166
3265 3 9443 4898 204
3266 5 5299 5269 2553 8898 4542
3267 2 4286 8199
3268 1 3812
3269 4 488 6236 6078 193
3270 2 2407 3127
3271 1 3293
3272 2 6798 4574
3273 3 941 7374 1627
3274 1 4376
3275 1 7530
3276 0
3277 4 810 5178 9571 1261
3278 4 7936 6203 139 5229
3279 1 4183
3280 4 4507 3994 458 7147
3281 4 5252 7257 7254 7994
3282 2 4335 7089
3283 1 8278
3284 6 6240 4321 6907 300 2584 3478
3285 2 1636 4419
3286 2 6736 4302
3287 1 9957
3288 0
3289 0
3290 2 8029 5282
3291 2 6881 5097
3292 0
3293 1 6031
3294 2 4312 1770
3295 0
3296 2 7746 8148
3297 2 3847 996
3298 3 4971 9480 9720
3299 2 5999 6185
3300 1 9655
3301 1 8911
3302 2 5058 6784
3303 2 2577 6852
3304 4 1947 3980 5019 4496
3305 1 1019
3306 0
3307 1 5049
3308 3 7415 8254 6114
3309 5 2753 8481 9281 2797 1494
3310 4 372 9883 7739 3683
3311 1 7087
3312 2 9094 6085
3313 1 1587
3314 1 4349
3315 0
3316 4 5201 5030 7745 6201
3317 3 8298 1945 9269
3318 3 1142 7602 8495
3319 1 360
3320 6 6881 6668 393 5379 1324 8739
3321 1 4651
3322 2 2098 6715
3323 3 1441 1320 7728
3324 2 9466 9043
3325 0
3326 3 4472 723 9071
3327 4 5790 6872 9785 7278
3328 4 9003 6885 6983 2180
3329 1 7426
3330 0
3331 2 1733 2603
3332 5 2716 7722 9586 1290 4583
3333 1 5958
3334 1 7616
3335 2 7089 4196
3336 4 8236 8378 4725 6
3337 3 8937 6063 6958
3338 3 5393 2275 6298
3339 2 626 6718
3340 3 9601 3286 2427
3341 0
3342 2 6890 3699
3343 0
3344 1 2328
3345 2 8406 2319
3346 5 1895 6972 7445 6266 8527
3347 0
3348 1 9525
3349 2 4702 4569
3350 3 7169 844 3185
3351 1 5670
3352 1 7758
3353 3 9231 6209 2280
3354 2 9087 3399
3355 0
3356 2 7933 4680
3357 2 9207 7617
3358 2 4420 3969
3359 2 554 6890
3360 1 8084
3361 3 8388 9557 6517
3362 3 647 711 5499
3363 4 7378 7847 7394 1734
3364 3 6712 2883 406
3365 4 7498 3127 3076 5705
3366 1 1449
3367 0
3368 1 7471
3369 1 6441
3370 2 5785 9800
3371 1 1320
3372 0
3373 3 7027 6307 7572
3374 0
3375 5 3028 522 7815 801 5240
3376 6 3794 9586 8533 9603 7215 9874
3377 1 3428
3378 2 3990 1276
3379 3 3372 1686 830
3380 1 7021
3381 2 601 6361
3382 4 5832 9927 1806 5709
3383 2 3550 8037
3384 0
3385 3 6429 1908 9295
3386 3 703 8979 7183
3387 3 5100 695 3200
3388 5 4867 7530 8627 5879 5200
3389 1 5943
3390 1 4139
3391 5 5385 2104 4421 3628 7192
3392 1 2887
3393 0
3394 0
3395 2 711 1642
3396 2 7755 1754
3397 2 8460 9027
3398 0
3399 4 6528 9719 157 1911
3400 1 9261
3401 1 8938
3402 1 932
3403 2 5694 8892
3404 1 3307
3405 0
3406 3 2144 6056 2424
3407 6 2559 453 525 3677 2606 231
3408 0
3409 1 995
3410 1 8328
3411 3 1326 4651 7308
3412 1 1575
3413 1 1864
3414 1 4038
3415 0
3416 3 9178 5493 3787
3417 2 3803 1184
3418 2 4620 338
3419 1 1287
3420 2 7173 736
3421 0
3422 2 3512 5497
3423 0
3424 3 613 4759 9445
3425 4 36 9916 1 4605
3426 2 2452 567
3427 3 439 2728 8027
3428 4 8673 6395 7901 7178
3429 1 8098
3430 2 1106 530
3431 3 4174 1084 6046
3432 0
3433 4 8341 4237 1888 4745
3434 2 7871 3484
3435 2 1743 3328
3436 7 671 2809 7852 2787 5914 5158 5220
3437 0
3438 2 9648 7927
3439 3 452 848 450
3440 4 6057 2113 9840 4150
3441 4 2340 6979 7860 2908
3442 3 8925 639 2805
3443 5 5495 5359 6902 5334 3280
3444 4 8671 2893 5132 6497
3445 3 2995 876 1
3446 3 7388 1309 5144
3447 1 7609
3448 2 8168 4895
3449 1 6578
3450 2 192 4476
3451 3 3058 3736 992
3452 1 4302
3453 0
3454 4 5394 4146 636 6755
3455 1 5173
3456 4 971 7226 7120 7108
3457 4 8434 8121 7413 53
3458 2 2563 9086
3459 2 7281 5829
3460 2 324 1957
3461 2 5624 9672
3462 1 5110
3463 2 9160 9741
3464 1 9403
3465 2 5675 9917
3466 1 5798
3467 1 9546
3468 4 3203 5988 5515 2112
3469 1 3549
3470 0
3471 1 6261
3472 1 5975
3473 4 5223 9152 2661 623
3474 2 1191 3903
3475 2 4931 5396
3476 0
3477 6 2388 7990 6988 4634 6480 7408
3478 5 9559 7177 3953 9276 4462
3479 3 4651 8698 7191
3480 4 9060 6037 4488 7251
3481 2 6114 773
3482 3 2460 2681 1360
3483 1 9237
3484 3 2403 7367 4224
3485 1 6342
3486 2 1966 8668
3487 0
3488 3 9873 2152 4462
3489 2 292 7430
3490 0
3491 1 7977
3492 1 4732
3493 0
3494 1 3553
3495 1 7456
3496 3 3322 4429 7063
3497 1 4155
3498 2 2004 6945
3499 1 5823
3500 2 2081 9167
3501 3 4839 39 6865
3502 1 6934
3503 1 7079
3504 3 8131 8539 8040
3505 0
3506 2 2014 1681
3507 4 7704 5812 107 2763
3508 5 3748 1084 5079 3409 5055
3509 2 4029 5666
3510 0
3511 5 1177 337 3801 6190 8720
3512 2 6995 3114
3513 1 3214
3514 1 2677
3515 4 2352 5073 579 2381
3516 4 6269 7459 4706 4106
3517 2 5632 6179
3518 1 7876
3519 2 3153 3286
3520 3 7623 5004 8771
3521 1 5693
3522 2 3802 1760
3523 2 7619 1299
3524 0
3525 2 427 9781
3526 3 396 5467 9848
3527 0
3528 1 811
3529 1 8982
3530 3 1918 43 499
3531 2 8463 4758
3532 0
3533 0
3534 2 3753 2730
3535 4 5565 4599 3722 4049
3536 6 3693 452 5082 3586 1264 9680
3537 3 4499 709 5725
3538 0
3539 1 2752
3540 0
3541 7 8454 8112 5903 8335 6492 3370 1020
3542 3 4082 9569 9643
3543 2 6828 8160
3544 1 4517
3545 3 2027 3908 5330
3546 2 9620 2842
3547 4 2202 2755 1540 9524
3548 1 5255
3549 2 4674 9036
3550 1 4786
3551 0
3552 1 1014
3553 2 265 1809
3554 0
3555 2 2867 9599
3556 2 8498 377
3557 0
3558 3 8758 1241 8223
3559 0
3560 0
3561 5 7104 9506 4225 3724 7785
3562 1 6305
3563 4 9529 1680 8080 7174
3564 1 6207
3565 1 7639
3566 1 8610
3567 2 4191 9986
3568 2 9525 8833
3569 1 6705
3570 3 6956 1812 6593
3571 0
3572 2 5583 351
3573 4 3551 8420 771 3648
3574 0
3575 0
3576 1 2235
3577 2 4826 2590
3578 3 5965 4172 7297
3579 1 1318
3580 2 3594 3041
3581 3 6061 3050 8083
3582 1 6520
3583 2 8620 748
3584 2 5136 3164
3585 5 6828 1013 5601 8965 8490
3586 0
3587 2 9453 5379
3588 1 5573
3589 5 2387 5711 6773 1437 315
3590 2 9180 5237
3591 4 7489 5891 9057 5037
3592 1 4627
3593 1 9531
3594 2 3366 7240
3595 1 1609
3596 2 2305 6585
3597 3 7596 3582 1512
3598 4 1335 5671 3382 9113
3599 2 7552 2119
3600 2 1274 2231
3601 1 9679
3602 1 9705
3603 5 8190 872 6040 3018 8025
3604 6 9271 2326 7213 7841 9686 3373
3605 2 9824 5852
3606 0
3607 1 2360
3608 1 5190
3609 2 3938 2185
3610 2 2229 9130
3611 0
3612 3 4989 6743 7031
3613 1 3564
3614 1 8832
3615 2 6404 5413
3616 2 1906 2152
3617 0
3618 1 9894
3619 0
3620 1 8959
3621 5 6687 3190 3610 921 5731
3622 0
3623 1 7675
3624 3 3847 5884 4142
3625 0
3626 1 114
3627 1 2786
3628 1 8750
3629 3 7014 9520 7612
3630 0
3631 0
3632 2 4939 6708
3633 2 7985 8300
3634 1 2571
3635 1 473
3636 3 8531 6340 9745
3637 0
3638 1 3068
3639 2 1290 8785
3640 1 9787
3641 1 1783
3642 2 151 1315
3643 2 9321 9436
3644 4 4061 9925 983 3297
3645 8 4708 2102 6517 649 1279 6111 2095 5878
3646 0
3647 3 6530 5710 6691
3648 1 7450
3649 6 2747 5947 1979 5147 1414 875
3650 1 5602
3651 4 7522 2812 84 3635
3652 5 6945 1861 8111 151 8221
3653 3 6164 2297 1945
3654 0
3655 2 5039 2252
3656 5 7083 2902 1396 9873 6809
3657 2 3143 5631
3658 0
3659 2 2283 3
3660 1 987
3661 1 445
3662 2 1986 8152
3663 0
3664 3 2057 4853 5275
3665 0
3666 1 5280
3667 1 895
3668 3 9602 9583 6751
3669 4 6952 2151 9000 7401
3670 1 4203
3671 1 8442
3672 1 7420
3673 3 6544 8657 7084
3674 2 2826 286
3675 1 7335
3676 1 9336
3677 2 224 7644
3678 4 678 4252 3932 4831
3679 1 4016
3680 2 5215 310
3681 1 1158
3682 4 8888 8044 5532 8118
3683 2 7395 6247
3684 1 2580
3685 2 4168 7705
3686 4 3951 169 1382 5393
3687 4 1271 8097 544 4200
3688 1 1707
3689 4 9962 1196 300 9668
3690 2 1994 6212
3691 1 2113
3692 2 9623 5663
3693 3 2340 8320 3517
3694 2 5776 6119
3695 0
3696 1 2791
3697 1 2454
3698 2 1156 2051
3699 0
3700 1 8523
3701 1 5167
3702 0
3703 2 742 1850
3704 4 8465 279 7995 1280
3705 2 5786 5818
3706 3 2271 4960 7553
3707 3 5349 29 1127
3708 4 7792 9949 297 4505
3709 2 7765 831
3710 3 6803 2997 616
3711 1 8863
3712 1 9041
3713 2 8039 6562
3714 2 3139 7577
3715 1 5066
3716 0
3717 3 9824 8580 7937
3718 0
3719 0
3720 1 988
3721 2 3779 7023
3722 1 6786
3723 4 6599 9549 7124 3340
3724 2 4889 5625
3725 3 8067 9741 4698
3726 4 2241 2023 6255 5325
3727 0
3728 5 969 9674 6158 7911 6955
3729 4 7956 9368 7201 7929
3730 1 6611
3731 2 6033 3246
3732 3 8678 4910 5783
3733 0
3734 1 7640
3735 1 6950
3736 2 8427 9253
3737 1 7869
3738 1 5122
3739 4 8685 2597 4201 4328
3740 3 5907 1602 4740
3741 2 8943 645
3742 3 7553 394 1711
3743 1 4261
3744 0
3745 5 7135 990 5077 3315 3525
3746 1 7009
3747 4 7501 3781 3021 3368
3748 1 483
3749 0
3750 1 3392
3751 2 3517 8232
3752 2 4839 9465
3753 2 3478 4594
3754 3 7178 585 9019
3755 3 5638 3532 9587
3756 0
3757 2 1015 8258
3758 4 9797 1623 6535 7144
3759 2 5809 3469
3760 0
3761 2 6392 5919
3762 1 6778
3763 3 5848 6053 604
3764 3 794 6215 4294
3765 4 8287 1190 2019 9834
3766 3 8071 4297 8518
3767 0
3768 3 4268 1448 1923
3769 4 7537 120 3487 1343
3770 2 3409 5718
3771 2 8253 7092
3772 3 2947 3748 9
3773 1 9112
3774 4 4443 585 5368 9313
3775 2 8957 7636
3776 4 36 5590 4291 7504
3777 2 7952 3497
3778 2 9575 1726
3779 2 7490 7790
3780 4 5181 1443 889 1144
3781 4 6148 7719 80 2405
3782 2 4591 5809
3783 1 5327
3784 1 2396
3785 4 6444 3353 8257 2967
3786 2 4576 5188
3787 4 1205 7972 6463 435
3788 3 3356 692 5228
3789 0
3790 4 2328 5307 789 9081
3791 1 9986
3792 1 278
3793 1 4832
3794 4 2670 4145 7931 3060
3795 5 1211 3378 2577 6123 7259
3796 1 6316
3797 6 1209 2595 3960 9300 3881 9966
3798 0
3799 3 2109 2908 4835
3800 3 1378 4161 7134
3801 3 1408 2664 2856
3802 2 5166 788
3803 2 5201 550
3804 2 7854 7446
3805 2 5865 3494
3806 4 7053 7436 1302 9142
3807 3 9012 4882 8774
3808 2 9078 1693
3809 1 3415
3810 0
3811 2 8748 4470
3812 3 4745 568 1768
3813 4 5857 4432 8844 5498
3814 2 9832 4074
3815 1 733
3816 2 920 860
3817 1 2075
3818 2 7057 1475
3819 3 5173 8949 7932
3820 3 4424 2595 1476
3821 3 5286 3476 1831
3822 0
3823 2 5865 3351
3824 1 5433
3825 3 7030 8988 6839
3826 2 1269 2420
3827 1 2833
3828 4 8634 8157 4819 7142
3829 3 4273 2680 4612
3830 0
3831 1 2289
3832 2 5749 1985
3833 10 4120 3900 1805 8177 2307 805 4243 4315 8109 9703
3834 2 4722 4335
3835 4 9176 2584 7102 7000
3836 3 7637 2987 3343
3837 4 3831 1768 8534 782
3838 1 8496
3839 3 9043 8200 2322
3840 0
3841 1 5880
3842 2 7608 3941
3843 1 6288
3844 0
3845 2 8903 6199
3846 3 2469 2121 1263
3847 0
3848 2 3797 7601
3849 2 8770 8619
3850 4 6470 5148 1895 4617
3851 1 7822
3852 1 5573
3853 1 3629
3854 1 9249
3855 1 3679
3856 5 6614 515 9771 577 6087
3857 2 4079 1375
3858 0
3859 1 2216
3860 2 2047 7810
3861 1 5227
3862 3 3362 4035 5829
3863 1 3608
3864 4 5673 8740 5595 7367
3865 2 5159 9898
3866 1 3023
3867 4 4031 2102 5384 1686
3868 2 5266 2323
3869 4 566 3372 779 7851
3870 4 8518 6825 8973 9733
3871 1 9326
3872 1 3518
3873 4 7955 4543 8497 9333
3874 3 3894 1989 4751
3875 1 3424
3876 0
3877 2 2939 3545
3878 1 371
3879 2 9248 5673
3880 5 9601 9091 4587 6298 8946
3881 3 3817 7107 5952
3882 1 6818
3883 3 5686 2310 9781
3884 2 7874 2998
3885 3 7075 6027 6935
3886 1 4417
3887 4 936 4852 5714 1991
3888 0
3889 4 9818 3520 9659 4092
3890 3 1251 2145 9501
3891 2 3351 8082
3892 4 1691 109 8063 1349
3893 2 7469 9978
3894 4 9696 8502 5892 566
3895 1 1478
3896 2 1413 3398
3897 2 4382 6612
3898 4 462 9447 1796 305
3899 5 7104 4553 7305 2220 137
3900 2 3630 9749
3901 0
3902 1 9413
3903 2 4004 4442
3904 1 7449
3905 3 4338 8896 8807
3906 0
3907 1 7071
3908 4 1239 2360 2435 732
3909 1 1029
3910 1 9160
3911 4 7511 5055 2020 9990
3912 3 2877 1077 9417
3913 3 8893 1645 9581
3914 5 3377 6863 4028 1449 4034
3915 3 4334 6654 5378
3916 0
3917 1 1073
3918 2 5104 1900
3919 1 3546
3920 3 2202 5929 7198
3921 1 704
3922 3 3763 4497 1708
3923 1 44
3924 4 5098 9116 8078 2761
3925 0
3926 1 5284
3927 0
3928 4 8852 3465 4791 4806
3929 1 9844
3930 1 9575
3931 6 7234 5076 611 9930 4752 9393
3932 1 2232
3933 1 110
3934 1 8196
3935 1 3815
3936 6 3538 1965 9691 1547 1232 5576
3937 1 503
3938 2 6579 8132
3939 0
3940 0
3941 1 7003
3942 4 4259 1771 2065 5381
3943 4 5939 7847 294 9243
3944 3 6574 6399 6710
3945 2 8302 9377
3946 2 6343 8207
3947 1 9671
3948 0
3949 2 4868 8198
3950 0
3951 2 6209 7043
3952 3 8406 3450 5322
3953 1 9856
3954 1 9944
3955 3 7693 9455 1164
3956 1 7800
3957 2 1032 5372
3958 3 470 6836 4353
3959 2 4590 8476
3960 2 2346 6072
3961 3 1438 3083 5456
3962 0
3963 4 5025 2170 9164 7158
3964 1 6233
3965 0
3966 1 9829
3967 4 2140 6152 3807 4876
3968 3 4413 707 2986
3969 3 3054 4510 3788
3970 1 5581
3971 0
3972 3 2751 1328 8564
3973 1 1832
3974 1 9116
3975 2 7701 7957
3976 2 4470 7792
3977 1 6585
3978 0
3979 1 5713
3980 3 2779 6008 4236
3981 3 2257 3521 2980
3982 2 9005 8953
3983 2 8041 7513
3984 1 8885
3985 0
3986 2 8018 8380
3987 1 6415
3988 2 838 987
3989 5 1168 4866 8151 4024 2025
3990 0
3991 5 3066 2763 2718 9223 6946
3992 2 6909 9792
3993 3 4279 1183 5829
3994 3 6919 9879 1119
3995 2 5435 686
3996 1 9345
3997 3 7501 4010 700
3998 2 2629 1597
3999 2 5847 2325
4000 5 9626 6906 2361 6253 1302
4001 3 5536 5640 9498
4002 3 9827 9446 4460
4003 2 6582 7746
4004 2 1484 2309
4005 3 2261 7033 1660
4006 4 9653 574 9045 461
4007 0
4008 3 9357 6317 2512
4009 1 3599
4010 3 6466 9328 8656
4011 4 1945 4359 6401 6478
4012 0
4013 1 5954
4014 3 2332 5673 8991
4015 2 3756 4582
4016 2 8887 7197
4017 2 9221 273
4018 1 4220
4019 2 6914 5921
4020 2 7976 4271
4021 4 1725 9095 9635 4052
4022 1 2290
4023 2 288 9685
4024 0
4025 1 3334
4026 1 4351
4027 2 2664 9779
4028 1 625
4029 1 3887
4030 0
4031 1 2818
4032 6 6918 1647 8550 831 3477 1108
4033 2 4455 8467
4034 4 7820 4222 7054 6159
4035 0
4036 4 3635 6805 5129 8502
4037 3 2678 3707 5703
4038 0
4039 0
4040 3 4954 7685 5867
4041 1 1528
4042 2 6952 9736
4043 2 8555 9789
4044 6 151 3945 9377 374 5824 427
4045 1 2024
4046 3 2567 8275 9243
4047 3 1570 1935 8586
4048 1 8017
4049 3 7175 9651 8619
4050 1 3703
4051 1 2558
4052 0
4053 3 3513 1334 9648
4054 4 137 7377 3171 2079
4055 0
4056 2 9696 5117
4057 0
4058 1 7477
4059 1 4497
4060 0
4061 2 3217 9598
4062 3 9782 9374 2481
4063 5 8318 8148 92 1596 6362
4064 3 6203 5613 5408
4065 3 3309 5351 5363
4066 4 724 5608 2062 7147
4067 3 6014 9503 6223
4068 2 2645 6705
4069 1 5927
4070 2 7240 173
4071 0
4072 0
4073 2 3394 582
4074 2 9055 6313
4075 1 9982
4076 3 8463 959 8811
4077 3 4566 8596 60
4078 1 7078
4079 2 774 5421
4080 4 7667 1362 5262 2593
4081 0
4082 1 2767
4083 3 1690 2939 2776
4084 3 1099 7146 1452
4085 1 624
4086 1 8570
4087 2 2314 1399
4088 2 7275 3103
4089 4 2820 4689 7283 6418
4090 2 9925 2223
4091 1 5185
4092 2 3651 3412
4093 1 7931
4094 2 7512 4301
4095 3 7815 6276 3058
4096 2 5108 5210
4097 2 64 4829
4098 0
4099 2 281 3464
4100 3 395 7375 6136
4101 0
4102 2 8203 6623
4103 2 3444 7706
4104 5 4177 9988 466 9145 8736
4105 1 3567
4106 3 4817 6710 7085
4107 2 2735 1402
4108 2 6438 1887
4109 1 4217
4110 2 9982 9389
4111 3 4391 3692 6567
4112 2 946 9370
4113 2 1870 7504
4114 2 2792 5037
4115 2 3775 9022
4116 0
4117 4 2698 7598 7801 3304
4118 0
4119 2 5939 1273
4120 3 8330 9538 9806
4121 0
4122 2 4124 1104
4123 1 1493
4124 4 5076 1444 1098 6512
4125 0
4126 0
4127 3 630 9775 7523
4128 1 6948
4129 2 3252 1070
4130 2 175 205
4131 5 8638 1860 5871 8273 3879
4132 0
4133 4 1297 5800 7266 3920
4134 2 3478 3219
4135 4 7811 5057 1851 523
4136 1 5680
4137 0
4138 6 3332 1750 9564 4349 422 1098
4139 1 1679
4140 0
4141 2 2630 7472
4142 1 4779
4143 2 9257 5535
4144 3 2965 5176 1699
4145 3 2391 8687 7643
4146 0
4147 2 2090 4752
4148 2 9261 9955
4149 2 9051 2777
4150 3 1325 6070 774
4151 2 9085 7955
4152 2 6929 6873
4153 1 568
4154 3 8827 1620 6528
4155 7 288 8702 7602 1003 7432 2353 2896
4156 1 4922
4157 2 7282 7744
4158 1 8275
4159 1 3997
4160 1 9850
4161 1 1321
4162 1 2242
4163 4 9125 2831 6908 8155
4164 2 5097 2125
4165 3 1554 5930 8931
4166 3 6996 4574 2669
4167 2 7525 5509
4168 1 860
4169 1 679
4170 1 1544
4171 0
4172 2 3095 2554
4173 3 689 3385 217
4174 4 3292 1824 6752 8302
4175 0
4176 1 8824
4177 3 2663 8760 1802
4178 2 4255 6393
4179 3 6995 657 5363
4180 2 523 7055
4181 2 3250 7939
4182 0
4183 2 5190 4943
4184 2 767 3321
4185 3 4306 4180 3666
4186 0
4187 2 791 830
4188 2 139 4021
4189 2 4637 5155
4190 1 6225
4191 0
4192 7 5524 1474 9284 5644 2197 8178 2218
4193 2 5044 365
4194 5 6715 9230 6261 7049 4223
4195 3 8678 9545 7568
4196 1 8157
4197 2 9188 7195
4198 0
4199 5 6527 2487 1784 6208 8420
4200 6 419 189 7254 6663 9342 457
4201 0
4202 1 4948
4203 0
4204 0
4205 1 2165
4206 1 179
4207 0
4208 1 5911
4209 4 463 3454 5632 6849
4210 5 5651 3756 4388 3657 6946
4211 1 5172
4212 0
4213 2 3732 5058
4214 1 5268
4215 1 6626
4216 4 2885 7769 7240 246
4217 4 8178 9065 2162 3977
4218 2 1398 6325
4219 3 3432 5358 9321
4220 0
4221 5 9229 355 8506 5077 2517
4222 2 2305 8770
4223 3 9832 9113 1500
4224 5 8783 882 288 300 7544
4225 2 5539 1758
4226 1 2875
4227 2 8172 1449
4228 2 5578 7103
4229 4 1934 925 4589 6328
4230 2 5178 8128
4231 3 6995 8423 4787
4232 1 1877
4233 1 8051
4234 1 3352
4235 1 3336
4236 4 5018 4030 8824 322
4237 2 5428 4590
4238 1 9201
4239 2 9919 4810
4240 3 8871 5619 6822
4241 1 241
4242 8 2773 2315 3423 9129 5543 8301 9932 2884
4243 3 6932 4119 1270
4244 4 4970 7848 3460 172
4245 1 5288
4246 1 7953
4247 2 6939 8442
4248 1 4838
4249 1 3557
4250 3 6778 548 8807
4251 3 1654 736 9831
4252 2 2786 1829
4253 1 6944
4254 2 5335 3343
4255 1 5270
4256 2 7397 4671
4257 1 1774
4258 2 4601 9116
4259 3 2696 7522 9682
4260 2 2950 3465
4261 3 3129 5975 2751
4262 5 3566 1996 9003 3670 3437
4263 2 6126 6218
4264 4 8569 1416 8205 3828
4265 0
4266 2 9852 1660
4267 1 2511
4268 2 7690 1692
4269 1 3426
4270 1 8458
4271 1 1154
4272 2 3719 8938
4273 2 6894 2551
4274 4 4552 7455 3290 3811
4275 1 3700
4276 3 2794 6780 382
4277 5 2912 9831 501 9546 5984
4278 1 9131
4279 2 4082 9143
4280 2 5137 2671
4281 1 8869
4282 2 5040 7044
4283 5 7999 6079 8408 911 6680
4284 0
4285 1 5181
4286 2 2797 3485
4287 5 7753 481 8882 2507 5863
4288 0
4289 3 8641 1468 9437
4290 1 8037
4291 2 7503 3947
4292 2 997 6099
4293 3 7759 4222 7989
4294 1 7538
4295 3 1787 1118 3277
4296 1 7387
4297 2 9494 1109
4298 1 8165
4299 2 4920 9132
4300 1 9621
4301 2 6538 465
4302 1 7864
4303 1 8431
4304 2 8544 364
4305 1 9567
4306 1 6306
4307 0
4308 2 5830 9454
4309 2 4094 6486
4310 5 1271 6368 314 7477 8975
4311 2 1734 1225
4312 1 8382
4313 2 4994 6712
4314 2 5890 9485
4315 2 4475 8586
4316 0
4317 0
4318 1 9895
4319 3 6826 8994 3492
4320 0
4321 2 2595 1470
4322 2 6260 3458
4323 3 5320 4212 9791
4324 3 1457 2289 2287
4325 2 2691 8505
4326 2 7975 6820
4327 1 1384
4328 2 3147 1819
4329 1 2086
4330 1 2281
4331 3 6918 3666 9251
4332 0
4333 3 7974 5318 5216
4334 2 720 8865
4335 3 8482 8178 2993
4336 2 330 4008
4337 1 6250
4338 1 15
4339 4 8196 7455 8123 5504
4340 1 8195
4341 2 1254 1347
4342 2 8555 4250
4343 3 1818 3760 4011
4344 1 5048
4345 2 2250 326
4346 1 6974
4347 4 9733 8192 6490 1033
4348 3 4722 5819 8858
4349 1 4783
4350 1 916
4351 1 9835
4352 2 8183 8502
4353 1 9894
4354 2 1612 2309
4355 3 4423 6027 8624
4356 2 9308 5625
4357 2 4586 1350
4358 2 4014 9563
4359 1 1653
4360 2 8600 4135
4361 3 3120 5378 8579
4362 2 659 3457
4363 3 9018 9449 7180
4364 1 4916
4365 2 7914 6065
4366 2 165 4857
4367 3 9099 4714 949
4368 1 805
4369 3 4977 7372 536
4370 3 8818 7771 366
4371 6 5631 6717 6914 6945 9520 3310
4372 2 5174 7645
4373 3 9956 2164 9970
4374 1 136
4375 4 9002 4624 5838 2894
4376 2 251 3896
4377 1 3477
4378 4 1429 8472 2895 6084
4379 1 2726
4380 3 3707 1030 1349
4381 0
4382 3 2614 6777 1212
4383 1 5433
4384 5 123 4747 2922 3405 7590
4385 1 7303
4386 2 6420 3807
4387 1 4196
4388 2 1895 3343
4389 5 7289 1166 3347 6701 2353
4390 4 7202 5983 8518 7805
4391 1 4630
4392 3 169 3501 3786
4393 1 8335
4394 2 4442 100
4395 2 2516 9051
4396 1 8837
4397 2 2468 1941
4398 2 6191 6833
4399 1 282
4400 2 5342 9728
4401 1 7804
4402 6 9143 9252 6244 6433 2960 8727
4403 3 1376 2891 4413
4404 2 8039 9423
4405 2 5636 941
4406 2 9608 2379
4407 3 6860 7794 8594
4408 1 2872
4409 6 7592 158 8313 8338 4029 4215
4410 1 2133
4411 2 225 42
4412 0
4413 1 1798
4414 3 8599 116 1881
4415 1 5212
4416 0
4417 3 2754 3129 5385
4418 1 7678
4419 1 4102
4420 1 4759
4421 5 6966 8493 5655 9047 1969
4422 4 9543 1883 1913 3395
4423 2 1417 4126
4424 1 776
4425 1 432
4426 3 1919 4901 7899
4427 2 8010 9630
4428 0
4429 1 2110
4430 6 2533 9292 6987 6466 4643 1830
4431 4 5406 1992 1278 4840
4432 2 4172 4380
4433 2 2641 539
4434 0
4435 1 3288
4436 2 1840 1506
4437 3 6565 2117 3544
4438 0
4439 3 5388 2038 2161
4440 1 3743
4441 2 4946 8280
4442 1 6851
4443 1 3829
4444 1 4029
4445 2 4531 8835
4446 0
4447 1 6629
4448 3 8066 1474 8927
4449 1 5992
4450 1 8560
4451 1 8772
4452 0
4453 1 3580
4454 2 6205 4593
4455 2 5436 6856
4456 3 3008 9005 2993
4457 4 153 4697 5100 8646
4458 3 2562 6416 5157
4459 4 2732 7494 9087 2175
4460 0
4461 2 5247 3103
4462 2 6367 2689
4463 2 9741 6773
4464 1 5747
4465 1 8229
4466 3 5667 8363 4373
4467 1 808
4468 1 8903
4469 2 4886 8442
4470 1 7929
4471 0
4472 3 7736 3384 6963
4473 1 444
4474 4 6590 9674 8831 4491
4475 3 3988 3909 5412
4476 4 5878 6059 2963 7686
4477 1 2577
4478 0
4479 2 5461 8668
4480 5 3947 925 37 881 4630
4481 0
4482 1 4589
4483 0
4484 2 2654 1410
4485 2 4150 1490
4486 1 5227
4487 1 7188
4488 1 8040
4489 3 4197 9848 9612
4490 2 6835 9863
4491 4 8485 4705 9713 9079
4492 4 7329 7262 6608 6839
4493 2 6029 6736
4494 3 66 2583 8928
4495 0
4496 4 7308 4045 6091 6015
4497 3 171 3020 2985
4498 2 4212 4229
4499 1 9604
4500 3 5690 8237 7623
4501 2 3160 8888
4502 1 5540
4503 5 55 300 3999 2678 2251
4504 3 4218 8867 1894
4505 1 7448
4506 2 3174 5909
4507 5 8687 6194 1238 5360 6775
4508 4 5318 8107 1258 1165
4509 1 242
4510 3 9938 4733 4419
4511 2 8566 5799
4512 4 6860 4069 6233 543
4513 1 1883
4514 1 5191
4515 2 2057 5468
4516 3 4728 8079 6615
4517 2 3775 5047
4518 3 9176 6996 7990
4519 2 9344 7992
4520 1 8656
4521 3 9190 6168 7901
4522 5 5148 9220 332 585 5796
4523 1 6195
4524 2 1473 7680
4525 4 1891 8442 7132 3397
4526 1 7690
4527 0
4528 3 7795 9945 1796
4529 1 4082
4530 2 5717 2679
4531 2 9612 3865
4532 2 9297 2560
4533 4 1713 2869 9377 5365
4534 4 1588 1630 7013 4011
4535 2 8735 4768
4536 0
4537 3 8950 7215 3072
4538 2 7808 6955
4539 1 4243
4540 2 512 3708
4541 5 3011 7776 4815 7878 1001
4542 1 5441
4543 5 5263 3439 7734 1737 2606
4544 1 1505
4545 1 5096
4546 1 7056
4547 3 8624 2553 8382
4548 2 8940 4047
4549 1 3755
4550 3 9540 1074 9492
4551 2 7591 9062
4552 3 5708 5511 581
4553 2 9306 7355
4554 4 1045 2485 6586 2382
4555 0
4556 2 8239 7042
4557 1 3013
4558 2 6637 3732
4559 3 4142 6419 5085
4560 5 6069 9272 1982 8657 8354
4561 1 3690
4562 1 4823
4563 0
4564 1 8592
4565 2 5908 4134
4566 1 788
4567 2 4777 2566
4568 2 2767 4636
4569 3 1904 7739 9723
4570 2 176 6010
4571 0
4572 3 2331 3343 3880
4573 2 614 3152
4574 1 5042
4575 0
4576 3 5907 9944 6004
4577 2 4887 6102
4578 4 1518 9149 9775 8143
4579 1 9034
4580 1 6001
4581 3 6897 3049 5691
4582 1 2054
4583 2 3172 2203
4584 0
4585 2 2782 5692
4586 1 7259
4587 1 2163
4588 3 8266 7073 2643
4589 0
4590 2 3275 8833
4591 1 3133
4592 0
4593 1 5664
4594 5 4715 7715 5092 3828 2642
4595 2 6190 1502
4596 5 2969 3964 9803 2344 5753
4597 2 2454 3119
4598 2 2920 7309
4599 3 6042 496 4016
4600 0
4601 2 7293 8244
4602 2 897 2684
4603 1 8831
4604 3 5965 2965 7279
4605 0
4606 3 3389 6569 8056
4607 1 2760
4608 0
4609 3 7615 2715 50
4610 1 5522
4611 0
4612 2 6163 8721
4613 4 5053 482 3088 9169
4614 3 5836 8000 4571
4615 2 3878 8566
4616 2 9730 3870
4617 3 8062 8175 7613
4618 1 262
4619 3 9197 7029 4819
4620 2 263 9154
4621 4 8100 7146 9696 7052
4622 1 5506
4623 2 239 689
4624 2 4674 6760
4625 3 2320 5128 8171
4626 1 5091
4627 2 1755 6358
4628 1 3821
4629 1 1303
4630 1 728
4631 2 2513 2381
4632 0
4633 3 4539 6003 514
4634 2 9679 8978
4635 1 3643
4636 1 6981
4637 0
4638 2 8149 5752
4639 1 9069
4640 3 7188 4360 1518
4641 3 1735 4815 4491
4642 4 4142 1936 8239 3119
4643 0
4644 3 844 31 2458
4645 1 4609
4646 2 9320 5729
4647 3 3946 4921 4547
4648 0
4649 2 5227 2775
4650 5 7064 8228 7237 5409 436
4651 2 140 5225
4652 2 907 6900
4653 1 6196
4654 1 6842
4655 1 8312
4656 1 4238
4657 4 3159 8049 7543 4635
4658 1 9230
4659 2 641 4217
4660 1 3885
4661 0
4662 2 5888 6736
4663 0
4664 1 9513
4665 0
4666 1 9608
4667 2 3122 9414
4668 6 9586 1007 5904 345 1057 5399
4669 4 9283 8114 3010 1448
4670 1 7981
4671 2 489 4803
4672 4 1661 6695 4296 7765
4673 1 4498
4674 3 8428 3489 6480
4675 3 8681 9808 6345
4676 1 10
4677 2 2065 4493
4678 4 6279 5905 9622 9219
4679 3 9405 2218 4427
4680 1 2530
4681 2 6425 1119
4682 2 4352 2930
4683 3 6137 4289 736
4684 0
4685 3 1179 3346 2244
4686 3 5690 2549 3588
4687 4 1104 1455 5934 5876
4688 1 6234
4689 3 6032 8646 9292
4690 1 1124
4691 1 2865
4692 1 8230
4693 1 9713
4694 0
4695 0
4696 2 6253 2823
4697 0
4698 0
4699 3 1207 4976 6184
4700 2 1797 3048
4701 1 8701
4702 0
4703 0
4704 0
4705 1 6032
4706 1 8319
4707 1 715
4708 2 2409 5356
4709 3 9501 4096 1624
4710 1 4902
4711 5 4136 1673 4052 3277 6164
4712 1 5578
4713 3 9741 8522 6163
4714 1 5941
4715 2 4786 4955
4716 1 5192
4717 5 5301 2916 8547 9673 7184
4718 3 5623 5128 9484
4719 2 6978 4865
4720 2 5761 4148
4721 0
4722 2 6386 5492
4723 3 7518 4799 197
4724 3 8623 6725 8248
4725 0
4726 3 7971 7157 1579
4727 3 9982 2993 9511
4728 1 7307
4729 2 9113 4585
4730 0
4731 4 5653 2371 8999 2377
4732 2 632 9783
4733 3 5306 3910 2476
4734 0
4735 4 3047 8402 8551 3306
4736 1 7447
4737 0
4738 0
4739 1 2762
4740 2 1942 4088
4741 6 2504 6117 7006 4840 3476 7034
4742 3 674 8053 2911
4743 1 7271
4744 1 8457
4745 1 2395
4746 2 5541 75
4747 2 433 4420
4748 1 6277
4749 2 3352 9162
4750 2 6276 2855
4751 2 1261 9200
4752 1 919
4753 2 6474 9553
4754 2 4590 4650
4755 4 1831 4206 8439 80
4756 2 9571 2137
4757 3 3333 5825 355
4758 0
4759 2 7217 7768
4760 3 1465 6499 7848
4761 0
4762 1 7032
4763 1 3986
4764 1 5209
4765 2 449 1482
4766 1 2181
4767 2 581 1725
4768 2 3385 1115
4769 0
4770 1 6575
4771 0
4772 1 9933
4773 5 1977 5666 3427 0 4065
4774 2 7176 4561
4775 2 7300 3339
4776 2 9895 8827
4777 3 2846 3277 4110
4778 2 1107 8794
4779 1 5636
4780 1 7847
4781 4 2314 5967 2144 7834
4782 1 7594
4783 1 5873
4784 1 6266
4785 2 8926 9896
4786 5 4141 7614 3824 7880 4336
4787 2 6097 1206
4788 4 1530 4390 9244 5480
4789 2 5837 9637
4790 3 6076 4365 1850
4791 0
4792 2 7029 350
4793 3 3777 8998 1572
4794 4 277 8628 8618 2120
4795 1 1604
4796 0
4797 2 123 7032
4798 4 4000 2125 7531 3658
4799 1 8841
4800 2 7416 9401
4801 1 3566
4802 1 9938
4803 1 1774
4804 0
4805 2 6806 9601
4806 1 9353
4807 2 3515 3130
4808 4 8508 1600 5329 7222
4809 7 5993 6776 533 2289 159 7908 4177
4810 0
4811 0
4812 0
4813 2 576 5512
4814 2 9310 3430
4815 4 6446 4654 528 4521
4816 0
4817 4 5002 7319 4333 7967
4818 0
4819 2 1814 7178
4820 2 6544 9164
4821 0
4822 2 5624 5666
4823 5 8830 8897 7521 6529 4140
4824 1 7401
4825 2 5092 8614
4826 1 4249
4827 3 1303 2683 2991
4828 4 4471 1064 2228 8399
4829 3 8719 1848 6516
4830 2 6262 3358
4831 1 4744
4832 1 3818
4833 2 1347 8152
4834 2 3615 2241
4835 3 6489 3402 7915
4836 3 1165 125 1675
4837 1 4677
4838 0
4839 4 6978 4230 9155 2550
4840 5 5046 6706 1455 8179 1580
4841 2 1605 2708
4842 0
4843 2 4065 712
4844 3 4006 4715 8194
4845 3 7853 3815 6469
4846 0
4847 2 7080 8887
4848 2 8208 9095
4849 2 6918 5313
4850 1 234
4851 1 5548
4852 0
4853 3 15 4827 4158
4854 3 1375 6447 9085
4855 0
4856 1 7245
4857 5 7878 8356 8031 7324 7466
4858 0
4859 0
4860 4 4711 9332 6864 1156
4861 2 3205 2412
4862 1 7653
4863 1 458
4864 1 5697
4865 3 742 1457 7277
4866 1 6779
4867 5 9622 3846 6341 9054 2456
4868 1 1353
4869 0
4870 3 1062 2961 4551
4871 3 7001 7844 7348
4872 0
4873 3 1301 6693 4461
4874 1 6770
4875 1 7210
4876 2 8811 6886
4877 2 8903 8563
4878 4 2901 7918 5236 6580
4879 2 9539 633
4880 1 907
4881 0
4882 1 5716
4883 3 7629 9355 7533
4884 3 8493 1523 2312
4885 2 3448 1373
4886 1 6322
4887 0
4888 1 7977
4889 2 1807 8125
4890 1 350
4891 1 313
4892 0
4893 3 8724 306 8321
4894 4 1922 1167 8593 7589
4895 1 7823
4896 1 1994
4897 0
4898 4 7023 3366 4337 3093
4899 2 1483 26
4900 3 3292 9461 4427
4901 0
4902 3 3075 9858 6065
4903 3 898 4179 1435
4904 2 9691 835
4905 2 1750 6936
4906 1 6996
4907 3 4412 6191 7022
4908 1 6591
4909 1 4872
4910 2 350 3751
4911 1 7387
4912 1 7620
4913 3 6535 6191 9655
4914 0
4915 1 3968
4916 5 8952 6162 8738 1051 8033
4917 3 6783 5936 6793
4918 0
4919 1 1238
4920 3 3525 5818 1923
4921 3 4101 9866 9966
4922 1 2238
4923 3 2784 4506 1174
4924 2 4126 7806
4925 4 3066 4884 9096 1910
4926 2 6537 8858
4927 2 5025 7457
4928 1 8875
4929 3 7515 6617 2530
4930 1 7440
4931 2 3019 5703
4932 0
4933 6 5767 2118 3229 4521 9679 3465
4934 2 1312 4188
4935 0
4936 4 5180 9222 5873 8526
4937 1 7698
4938 1 1405
4939 2 8099 9133
4940 1 8740
4941 0
4942 2 1554 9644
4943 3 9123 1120 9
4944 2 3919 6671
4945 2 191 891
4946 0
4947 0
4948 0
4949 3 9776 3873 9558
4950 1 6289
4951 1 5029
4952 2 9366 132
4953 4 8063 5083 2813 282
4954 3 5829 5304 4744
4955 7 6147 4861 7896 6995 1107 1999 3405
4956 2 7800 78
4957 0
4958 1 3209
4959 3 464 7197 9824
4960 4 6883 8595 5013 181
4961 3 5928 5437 2031
4962 1 3203
4963 4 801 270 5894 5691
4964 1 9906
4965 1 7318
4966 1 2250
4967 0
4968 0
4969 6 7733 415 6362 4844 7303 6390
4970 2 6802 9134
4971 2 3527 183
4972 2 8861 7727
4973 8 8883 9446 4876 1139 1419 4491 4045 2066
4974 1 7382
4975 1 8565
4976 0
4977 1 5384
4978 4 6793 4346 5995 6098
4979 0
4980 2 4427 3688
4981 2 6318 3009
4982 3 3193 4802 2639
4983 3 7162 507 5060
4984 1 6516
4985 2 2620 7095
4986 0
4987 0
4988 1 4079
4989 3 8060 7051 172
4990 1 5078
4991 2 777 2429
4992 1 6222
4993 1 5751
4994 1 1006
4995 3 5787 3740 8386
4996 2 6022 4109
4997 2 1243 7520
4998 3 1884 8093 2884
4999 2 4058 462
5000 0
5001 0
5002 1 4960
5003 1 8133
5004 0
5005 2 5435 4799
5006 0
5007 1 9629
5008 3 9828 5133 4003
5009 2 3098 2495
5010 1 7830
5011 3 6709 1359 186
5012 2 1013 7895
5013 0
5014 2 8914 2992
5015 5 9079 1348 6308 7144 4330
5016 2 7979 2212
5017 1 8573
5018 2 7060 7234
5019 3 5069 6357 6236
5020 4 3176 5156 682 5340
5021 2 9937 3780
5022 4 4476 2259 8233 5487
5023 2 9509 3024
5024 1 5063
5025 1 9637
5026 1 3998
5027 3 7993 8973 3969
5028 0
5029 4 7089 1927 7684 2389
5030 2 7550 302
5031 2 4296 9829
5032 1 78
5033 2 4585 4416
5034 4 2851 8243 3509 2847
5035 4 4630 4058 7647 2135
5036 2 1547 8130
5037 3 4536 15 8385
5038 1 6325
5039 1 4897
5040 1 8422
5041 2 9433 5289
5042 1 9254
5043 0
5044 2 4327 2570
5045 1 6078
5046 3 5087 2448 9699
5047 0
5048 2 5497 5875
5049 0
5050 4 9810 4183 7470 6883
5051 0
5052 1 3519
5053 0
5054 3 5906 8853 2425
5055 3 3379 9812 325
5056 4 6938 1470 5428 2448
5057 2 369 5280
5058 0
5059 1 2658
5060 4 9543 4843 1116 1692
5061 2 1311 7508
5062 3 4854 4937 6919
5063 4 9680 3997 2461 8306
5064 2 4851 570
5065 2 9794 1809
5066 2 4339 6736
5067 1 5860
5068 4 4737 1594 5173 662
5069 3 2112 6349 7989
5070 3 1831 115 6655
5071 1 6223
5072 5 7471 7060 1790 5780 4033
5073 2 5187 2896
5074 2 6660 343
5075 1 5327
5076 1 7987
5077 0
5078 2 3938 9921
5079 2 9196 1513
5080 0
5081 0
5082 1 8310
5083 3 1652 7958 186
5084 1 8611
5085 1 9599
5086 0
5087 3 3594 2220 5336
5088 1 2583
5089 3 1960 6577 606
5090 2 3943 3035
5091 2 2219 1501
5092 2 4008 7753
5093 1 5550
5094 0
5095 2 6613 3555
5096 1 4850
5097 2 8308 9139
5098 5 2424 5217 9163 7056 6342
5099 1 8435
5100 3 6070 6812 7821
5101 2 3716 2867
5102 5 4049 6727 5844 9355 3698
5103 1 8050
5104 0
5105 0
5106 3 5657 1651 6274
5107 0
5108 1 4531
5109 4 9148 936 5007 3937
5110 0
5111 3 1784 3045 3726
5112 1 4750
5113 2 1730 3314
5114 5 2870 4432 3518 5971 4301
5115 0
5116 2 2104 637
5117 2 2756 2899
5118 1 8437
5119 2 7748 4622
5120 1 4619
5121 6 9797 5000 3963 6409 4068 603
5122 1 2265
5123 3 5803 935 3215
5124 1 1527
5125 2 9469 6897
5126 0
5127 1 4651
5128 3 7310 3170 2296
5129 3 9035 3798 5563
5130 2 5073 2028
5131 2 9483 3396
5132 4 4291 4777 746 6733
5133 4 283 6790 7237 2461
5134 4 3139 9417 5166 6636
5135 1 3620
5136 3 5469 46 731
5137 2 7478 5031
5138 0
5139 1 752
5140 1 3088
5141 0
5142 2 1858 1408
5143 1 3378
5144 3 6 138 1584
5145 2 7793 6575
5146 3 4532 5173 1620
5147 2 15 7092
5148 1 9449
5149 2 5033 4308
5150 5 2228 1031 9399 6057 7165
5151 2 3456 9356
5152 0
5153 4 2229 5323 9588 8889
5154 1 6186
5155 1 7973
5156 3 9288 8535 1244
5157 4 6416 5652 596 2903
5158 3 5339 2504 4056
5159 2 6397 9616
5160 2 148 8969
5161 4 9097 3883 8120 4274
5162 3 7354 6004 9564
5163 3 9923 74 972
5164 1 6045
5165 5 9152 7509 4922 1501 2201
5166 1 370
5167 0
5168 3 8791 753 9165
5169 4 8907 8094 1470 9256
5170 4 5221 1947 2455 262
5171 1 3764
5172 1 3475
5173 3 6886 88 2020
5174 2 8085 4996
5175 0
5176 4 218 7631 8520 8935
5177 5 4634 8922 851 7888 7540
5178 2 669 744
5179 1 8368
5180 3 2269 5732 4321
5181 0
5182 2 8315 7894
5183 4 7153 4326 1455 6181
5184 6 6134 527 4637 3249 7958 9843
5185 2 2396 7215
5186 2 8645 5669
5187 3 9722 9869 2411
5188 1 4822
5189 3 1080 8272 8605
5190 2 3351 6661
5191 2 478 4708
5192 4 7714 1932 3224 3022
5193 1 9043
5194 2 2753 683
5195 3 7628 3400 6030
5196 1 4126
5197 3 6258 5469 4978
5198 1 2795
5199 4 1799 9682 8621 8802
5200 2 8065 5272
5201 2 8340 6150
5202 4 959 6850 4844 2740
5203 1 6089
5204 3 2029 2717 8530
5205 3 5605 1130 3333
5206 2 2725 5995
5207 2 6539 8401
5208 4 2303 6108 2847 5629
5209 0
5210 3 3578 1349 8610
5211 2 63 4835
5212 3 3615 5878 5137
5213 3 704 7718 5702
5214 1 2417
5215 1 4183
5216 6 5712 7545 5929 13 3929 2442
5217 3 6379 2779 7281
5218 1 1775
5219 2 5979 9180
5220 2 5280 4823
5221 4 6799 2985 1865 8029
5222 0
5223 1 8189
5224 3 6125 4245 1951
5225 1 3990
5226 1 5049
5227 3 3163 492 1850
5228 1 6942
5229 1 2252
5230 2 1556 910
5231 3 2435 7212 7128
5232 4 4608 6492 9397 8483
5233 2 2128 8750
5234 2 3084 1768
5235 2 8432 8138
5236 3 7666 6609 1398
5237 3 3495 6702 6989
5238 4 2935 1539 7311 8086
5239 4 4158 939 8 2877
5240 4 8506 3471 5698 643
5241 0
5242 1 4513
5243 1 4442
5244 2 2338 4183
5245 3 8372 9186 8201
5246 5 4450 6920 6639 5561 5577
5247 1 5049
5248 1 7282
5249 4 6493 8292 1930 2396
5250 2 3761 4086
5251 2 8986 6457
5252 2 3465 8979
5253 3 6253 2841 1905
5254 1 8731
5255 2 7146 582
5256 3 8042 2269 6023
5257 1 6579
5258 3 5748 9075 6075
5259 2 867 8410
5260 3 7339 2944 2331
5261 0
5262 0
5263 1 5900
5264 2 610 329
5265 0
5266 3 7992 148 4632
5267 5 5890 4295 9809 4880 7363
5268 5 6757 4488 1373 4245 3174
5269 2 3518 9555
5270 4 4416 8909 740 1867
5271 6 4880 4539 209 9 9123 55
5272 4 720 2649 5372 4120
5273 5 7110 2559 1421 5043 4325
5274 4 5925 3441 643 1399
5275 1 7914
5276 3 6108 9197 859
5277 4 3828 9504 5981 1270
5278 3 260 7008 2324
5279 3 9925 8554 5643
5280 2 3436 6037
5281 0
5282 1 1595
5283 3 9362 1234 5201
5284 3 5524 3459 5454
5285 3 3665 7922 7049
5286 3 7972 4455 3956
5287 4 6831 1305 5702 7434
5288 0
5289 3 4680 5578 3855
5290 0
5291 1 919
5292 1 4745
5293 1 9663
5294 3 86 8818 5720
5295 3 2280 4015 609
5296 1 5148
5297 2 9307 4601
5298 2 7870 2206
5299 1 2138
5300 4 6666 850 4834 4257
5301 3 7409 1844 9734
5302 1 9158
5303 1 8457
5304 3 1096 1426 4991
5305 1 2083
5306 1 217
5307 1 4128
5308 4 401 477 4926 8679
5309 3 2035 6283 9091
5310 1 3871
5311 2 1525 1522
5312 2 6803 9169
5313 2 6402 7223
5314 2 3033 5151
5315 0
5316 1 9757
5317 2 8397 52
5318 3 2119 9890 6474
5319 2 9583 7932
5320 0
5321 2 9811 8282
5322 4 7887 8348 6004 6554
5323 2 1839 5024
5324 2 4814 6342
5325 3 1581 7427 9644
5326 4 4807 330 2590 9740
5327 3 3935 3559 8004
5328 4 9514 7194 1872 6535
5329 3 2564 3465 147
5330 1 5106
5331 1 2016
5332 0
5333 0
5334 0
5335 3 6248 2052 6804
5336 2 299 1792
5337 3 3991 4358 7262
5338 1 3124
5339 2 5087 8744
5340 2 9234 7209
5341 1 8182
5342 1 3382
5343 3 4035 7780 4932
5344 3 2066 3420 9137
5345 2 7922 4109
5346 3 4651 6891 6664
5347 0
5348 2 4913 4621
5349 3 3186 8860 8393
5350 1 389
5351 2 8928 5848
5352 2 1104 8549
5353 2 4154 1622
5354 4 4125 3268 9547 8971
5355 3 9335 8572 631
5356 2 6584 8731
5357 2 5547 2439
5358 2 4629 3847
5359 1 5198
5360 1 3388
5361 0
5362 2 7255 957
5363 0
5364 3 9339 250 7352
5365 0
5366 2 6544 126
5367 3 8438 9481 4122
5368 4 2564 6361 9235 4741
5369 1 4786
5370 2 934 4092
5371 2 6397 6536
5372 2 9882 2961
5373 0
5374 0
5375 1 1347
5376 7 5458 4333 1895 4363 4754 8643 6966
5377 0
5378 1 848
5379 4 8008 9458 2422 9055
5380 2 6403 7284
5381 3 1976 896 9361
5382 3 758 9433 5444
5383 1 5749
5384 1 7765
5385 4 950 7963 7424 9361
5386 2 6421 6955
5387 2 6960 2614
5388 1 8692
5389 0
5390 2 6833 4904
5391 1 2394
5392 0
5393 2 9987 8970
5394 2 2434 1997
5395 1 5830
5396 1 9754
5397 2 9282 817
5398 0
5399 2 2147 5892
5400 2 7047 6930
5401 4 3097 4755 6126 6788
5402 2 1163 8662
5403 3 3220 4670 3922
5404 2 1781 7077
5405 1 9847
5406 1 50
5407 3 5057 1709 3445
5408 4 6536 8618 1751 4869
5409 1 6366
5410 0
5411 1 6101
5412 3 5112 3108 753
5413 0
5414 0
5415 0
5416 2 2306 6587
5417 2 5812 7024
5418 0
5419 2 4150 7220
5420 4 2329 7360 4368 4157
5421 5 3742 3972 4770 560 277
5422 0
5423 1 2650
5424 3 2873 6921 6369
5425 5 1714 5838 1405 1622 5129
5426 0
5427 3 7049 1810 3900
5428 3 242 8447 6033
5429 2 9750 2963
5430 1 1461
5431 0
5432 3 1623 9349 1146
5433 4 2916 2416 7352 329
5434 3 5641 1909 8667
5435 5 8893 9107 4564 9013 4866
5436 5 3792 7784 1505 2650 6705
5437 2 8070 3593
5438 4 6804 4019 2520 6883
5439 2 8934 2526
5440 2 6113 9577
5441 1 7836
5442 2 8081 6863
5443 1 5895
5444 4 9010 4002 2941 8795
5445 1 7438
5446 1 2062
5447 4 1639 1014 6434 4847
5448 3 991 1799 6041
5449 0
5450 1 9582
5451 5 9056 8441 5435 2992 7720
5452 4 6886 1570 9009 1969
5453 2 5877 5016
5454 0
5455 1 278
5456 1 6807
5457 0
5458 4 2796 7451 7536 9096
5459 3 1766 4952 8993
5460 0
5461 1 5453
5462 1 2096
5463 4 1738 4417 3093 3823
5464 1 3400
5465 1 1832
5466 0
5467 1 5976
5468 1 5665
5469 0
5470 3 6037 2364 4502
5471 1 499
5472 1 2596
5473 4 3185 9172 6278 4649
5474 2 6742 9768
5475 3 9996 8276 3182
5476 3 9787 7188 8184
5477 0
5478 1 5153
5479 1 679
5480 2 8930 2433
5481 3 2715 1011 954
5482 4 1038 6297 6015 3755
5483 2 3857 4672
5484 3 4709 3758 3249
5485 3 2753 5737 8372
5486 3 82 7854 8142
5487 2 3211 5826
5488 1 9306
5489 3 7025 7056 1726
5490 2 6293 9932
5491 3 7661 5302 336
5492 4 1970 8402 7788 5629
5493 3 5849 2929 4312
5494 1 9110
5495 0
5496 0
5497 3 7774 4898 2170
5498 2 1392 2147
5499 1 4691
5500 0
5501 1 884
5502 2 6457 8041
5503 0
5504 2 2136 6363
5505 2 5390 9053
5506 3 9326 1964 174
5507 1 7143
5508 1 2422
5509 1 1792
5510 2 1948 1879
5511 2 1604 8574
5512 5 7874 1346 2701 559 1548
5513 1 891
5514 2 4113 2404
5515 1 8440
5516 1 3863
5517 0
5518 3 5858 97 3581
5519 3 4328 2319 4907
5520 2 5941 3729
5521 1 3508
5522 1 3954
5523 3 6988 1761 9043
5524 1 2895
5525 1 447
5526 3 5507 6799 2199
5527 2 6175 9475
5528 1 3268
5529 2 4419 7589
5530 1 8668
5531 1 2530
5532 2 1229 6128
5533 2 6955 7354
5534 3 2279 8959 1874
5535 2 1545 7399
5536 2 8121 8944
5537 2 7985 4946
5538 1 6746
5539 6 2275 883 682 4263 5034 9091
5540 1 3982
5541 3 7619 4009 7535
5542 1 1516
5543 3 3714 2359 3084
5544 2 680 2974
5545 4 752 9479 9391 4326
5546 2 842 2389
5547 1 7548
5548 2 8896 4065
5549 3 7087 3908 3267
5550 3 1923 9440 2643
5551 2 7600 4149
5552 0
5553 3 7936 5568 7638
5554 2 1048 167
5555 3 7093 6026 8285
5556 1 8343
5557 3 2559 5840 3063
5558 1 599
5559 1 6418
5560 1 1087
5561 1 9008
5562 1 3702
5563 1 4130
5564 0
5565 1 1842
5566 0
5567 3 1504 8140 7907
5568 3 7864 5818 7726
5569 1 2588
5570 1 1424
5571 0
5572 4 2748 4842 8882 188
5573 3 1124 6883 9983
5574 1 7398
5575 2 7148 9467
5576 0
5577 1 1703
5578 1 1891
5579 6 2697 5937 6547 4056 29 2512
5580 2 680 5942
5581 2 2377 3823
5582 2 240 2676
5583 1 6474
5584 3 9780 2786 9352
5585 2 2581 6059
5586 0
5587 4 9308 4460 5895 2033
5588 0
5589 0
5590 2 782 7301
5591 1 9535
5592 3 6218 5191 3061
5593 1 4518
5594 2 6991 3857
5595 3 3473 5572 3220
5596 2 7469 518
5597 1 8971
5598 3 1772 3031 480
5599 1 8969
5600 6 8182 819 4193 475 5532 6164
5601 0
5602 1 9464
5603 2 6386 8314
5604 3 9590 139 2512
5605 1 52
5606 5 1076 2144 2658 4422 7256
5607 1 9712
5608 0
5609 1 5698
5610 3 7156 559 8597
5611 1 6720
5612 1 5150
5613 2 2799 7039
5614 1 1713
5615 0
5616 4 6230 6613 9701 5673
5617 3 5917 2760 4768
5618 1 8417
5619 4 6639 4418 5873 1002
5620 1 1223
5621 2 7392 570
5622 3 5602 6829 7649
5623 1 7509
5624 3 2463 9872 9108
5625 5 6824 679 4023 798 6205
5626 1 9337
5627 0
5628 2 8514 9524
5629 3 5723 8909 2749
5630 1 2683
5631 3 2869 1379 750
5632 2 9472 5771
5633 1 4825
5634 1 7720
5635 1 2212
5636 2 1978 2190
5637 3 4711 9908 4670
5638 3 8825 7652 6918
5639 4 2055 5891 1581 9719
5640 1 6868
5641 4 5772 8973 4944 5650
5642 1 3617
5643 1 5017
5644 5 40 66 3782 9011 6706
5645 1 1493
5646 1 8176
5647 2 8008 8208
5648 1 4597
5649 1 5428
5650 3 4001 7734 529
5651 4 4755 8739 1892 5527
5652 2 3518 9838
5653 2 3927 1880
5654 2 8028 2080
5655 0
5656 0
5657 0
5658 2 8098 9216
5659 1 8133
5660 4 9268 4195 7644 1347
5661 6 4787 3736 6813 2296 674 8705
5662 1 1974
5663 1 3697
5664 1 4042
5665 2 5310 5637
5666 2 6250 2103
5667 3 5249 4662 5070
5668 3 3321 2726 4856
5669 2 9403 8806
5670 4 848 9092 1827 9414
5671 5 8669 6670 6565 1759 1616
5672 0
5673 0
5674 3 5832 5372 4115
5675 0
5676 4 1748 2703 8226 3518
5677 1 3221
5678 1 9610
5679 0
5680 2 6447 8722
5681 2 181 9682
5682 3 8568 9566 1260
5683 2 9705 957
5684 1 3888
5685 3 8537 7193 3426
5686 2 2 145
5687 2 9713 4509
5688 0
5689 1 3239
5690 1 4556
5691 1 5967
5692 1 6121
5693 1 7700
5694 0
5695 5 662 6692 7600 6078 3916
5696 2 6398 9874
5697 4 784 2531 15 4820
5698 2 563 4725
5699 2 6368 99
5700 3 5226 391 9433
5701 2 8229 7597
5702 2 2740 380
5703 2 7907 3615
5704 2 6624 3994
5705 4 2933 2498 9157 8599
5706 5 758 9665 3227 506 3000
5707 0
5708 2 3786 6371
5709 6 543 7384 1780 6357 8415 7605
5710 1 1392
5711 4 5794 1120 4447 3576
5712 1 2806
5713 1 9427
5714 2 987 2015
5715 1 7311
5716 3 7771 237 7450
5717 1 9362
5718 1 1789
5719 2 9707 9940
5720 0
5721 2 9515 228
5722 0
5723 4 2897 9942 4784 9706
5724 2 8566 361
5725 1 4406
5726 1 1400
5727 1 1773
5728 4 3952 8531 8465 5050
5729 4 2725 2360 6446 8387
5730 1 6695
5731 2 7768 9722
5732 2 4630 6284
5733 2 7888 5377
5734 1 830
5735 0
5736 1 5403
5737 3 7431 2814 9329
5738 0
5739 2 2251 6483
5740 2 1692 1931
5741 3 5712 3975 7367
5742 3 524 866 21
5743 2 1522 7952
5744 1 882
5745 1 3064
5746 2 4056 4885
5747 1 5459
5748 2 4317 5553
5749 0
5750 2 3220 464
5751 1 9948
5752 4 2420 7676 4234 2288
5753 1 3710
5754 0
5755 2 2645 3008
5756 1 2183
5757 4 9963 2476 7131 3597
5758 0
5759 1 1584
5760 0
5761 2 1993 9819
5762 3 3941 6837 8428
5763 1 6548
5764 5 3677 6622 9271 3702 3689
5765 3 4010 4631 8010
5766 2 790 5161
5767 1 9265
5768 3 8704 4401 9648
5769 1 484
5770 0
5771 5 9268 2814 6473 3571 1888
5772 2 538 6140
5773 0
5774 1 9079
5775 2 3102 6745
5776 1 6082
5777 0
5778 1 8355
5779 2 5568 6013
5780 1 8970
5781 3 8179 520 8156
5782 3 114 7605 7513
5783 2 1695 196
5784 1 826
5785 4 7758 5723 2347 4162
5786 5 8487 6898 6357 9357 821
5787 3 3828 2230 6318
5788 1 5372
5789 2 1794 1553
5790 2 3826 6745
5791 1 5153
5792 4 4048 7104 2692 2211
5793 1 185
5794 6 8935 2166 4698 6031 790 6643
5795 2 676 3090
5796 4 3003 2683 1514 5649
5797 1 2239
5798 2 4945 6777
5799 2 9912 2196
5800 0
5801 3 7613 9146 6611
5802 5 8449 1908 981 1079 24
5803 1 1168
5804 0
5805 3 9284 474 891
5806 1 663
5807 4 5786 3333 2456 9274
5808 4 8714 2097 4874 2164
5809 1 5609
5810 1 5193
5811 0
5812 2 5025 220
5813 3 424 8972 5940
5814 4 1982 8276 5555 2550
5815 1 4465
5816 2 2251 9767
5817 5 1089 5491 3549 4661 8716
5818 1 7827
5819 3 6828 202 5903
5820 0
5821 3 2707 8746 4574
5822 1 4366
5823 2 191 9359
5824 5 6499 4405 2447 2865 1984
5825 2 4404 1472
5826 3 3393 8945 5974
5827 1 3540
5828 4 9373 1574 6904 9312
5829 0
5830 1 9247
5831 1 2728
5832 3 6178 4723 578
5833 2 4189 1535
5834 1 8359
5835 3 7289 3702 3322
5836 1 5446
5837 1 2804
5838 4 6854 953 5335 7386
5839 1 9496
5840 0
5841 3 2037 5293 5046
5842 5 9094 1088 4571 4868 9789
5843 2 4815 8721
5844 4 3609 9696 1048 1348
5845 5 6244 1296 5736 29 87
5846 1 7146
5847 0
5848 3 7746 9740 2624
5849 0
5850 2 4703 9351
5851 2 8220 2134
5852 2 7979 1272
5853 0
5854 1 5372
5855 2 3271 5309
5856 2 1334 6939
5857 1 7526
5858 2 5392 747
5859 0
5860 3 3444 1543 7977
5861 2 4233 2188
5862 0
5863 0
5864 4 210 8184 4642 321
5865 5 2172 9527 9579 2272 8265
5866 2 4135 7470
5867 3 5637 8491 2309
5868 2 5800 9331
5869 1 5490
5870 2 8439 4124
5871 3 3538 7829 5768
5872 1 754
5873 1 7806
5874 2 5740 5476
5875 1 4324
5876 3 3245 8102 3641
5877 4 5276 6603 8940 4698
5878 3 1759 3902 7009
5879 2 8301 6311
5880 2 2685 1210
5881 1 653
5882 4 403 6320 7423 6229
5883 4 8849 6817 1634 9425
5884 2 3071 1844
5885 2 765 6376
5886 2 9528 2472
5887 1 5146
5888 1 6857
5889 1 3988
5890 4 5931 479 4735 7869
5891 1 7084
5892 5 9390 348 8509 522 8480
5893 0
5894 2 8522 4594
5895 1 4094
5896 5 6842 5147 3307 611 549
5897 2 937 9059
5898 1 6144
5899 0
5900 3 8225 9895 2263
5901 2 4464 5018
5902 1 7269
5903 1 7578
5904 2 6348 6840
5905 1 36
5906 3 3595 2284 5890
5907 1 5756
5908 5 9971 9956 7371 8795 6572
5909 4 3053 9504 4466 8910
5910 1 5176
5911 2 5683 4406
5912 4 5803 1735 938 5147
5913 1 2411
5914 5 1885 5771 3271 7016 1522
5915 3 3101 681 2888
5916 0
5917 1 2048
5918 1 6268
5919 1 2538
5920 1 4517
5921 2 1989 8269
5922 3 7208 4564 6210
5923 0
5924 4 2976 4564 6873 8221
5925 3 7637 3507 9125
5926 1 6369
5927 0
5928 3 1416 265 1573
5929 2 1168 9471
5930 2 9329 3363
5931 1 9962
5932 5 7291 923 9678 6171 4354
5933 1 5494
5934 0
5935 0
5936 3 9489 8389 3597
5937 2 8568 5369
5938 1 5616
5939 2 8084 9384
5940 3 1787 2023 282
5941 2 5038 2501
5942 2 6070 1740
5943 4 9551 9402 7489 4380
5944 0
5945 0
5946 0
5947 2 3455 7921
5948 2 8786 6260
5949 0
5950 3 8596 630 1343
5951 3 7012 2005 3068
5952 3 5222 7987 9328
5953 1 9089
5954 3 3937 3496 2265
5955 4 8043 5171 9065 4852
5956 1 9437
5957 3 7096 3315 7094
5958 1 481
5959 0
5960 0
5961 3 8887 9359 826
5962 1 1126
5963 5 4455 7034 3206 930 3993
5964 1 4865
5965 4 6717 4715 2929 848
5966 1 5383
5967 2 5716 9017
5968 3 5465 9880 8938
5969 1 8171
5970 2 4227 8586
5971 0
5972 3 5760 8069 4428
5973 1 8089
5974 1 50
5975 1 8902
5976 2 3643 8981
5977 1 2293
5978 1 2569
5979 2 1530 3557
5980 1 1914
5981 4 3532 4510 5689 7501
5982 2 3935 6536
5983 4 4742 6823 3778 558
5984 1 3185
5985 3 2645 9209 8427
5986 3 934 3430 733
5987 0
5988 0
5989 2 7908 8612
5990 2 6250 8397
5991 4 6559 884 3892 527
5992 2 2975 2601
5993 2 6255 1840
5994 5 369 6697 6235 1082 1115
5995 3 1071 978 6343
5996 3 2442 8924 5528
5997 2 2488 6341
5998 1 424
5999 1 4806
6000 1 1392
6001 1 6381
6002 2 2419 4542
6003 1 4566
6004 2 7489 5074
6005 2 7723 3766
6006 3 7767 2919 8676
6007 2 636 7271
6008 1 7127
6009 2 6675 6981
6010 0
6011 2 3379 6407
6012 1 4419
6013 2 8236 8978
6014 1 1676
6015 0
6016 1 5860
6017 1 3817
6018 2 5525 7523
6019 1 8147
6020 0
6021 4 3304 9063 3847 5662
6022 4 4440 7549 1908 2162
6023 1 717
6024 1 1916
6025 2 5708 9083
6026 3 7198 7093 8128
6027 0
6028 2 9614 2040
6029 2 7366 1467
6030 4 1130 7100 9086 432
6031 2 5297 152
6032 4 405 6424 1114 5118
6033 3 4775 4388 2343
6034 1 1498
6035 1 7300
6036 3 4952 3837 5395
6037 4 4249 5556 247 2558
6038 0
6039 0
6040 1 6670
6041 1 7059
6042 1 5728
6043 2 1568 4144
6044 1 7422
6045 1 3800
6046 6 2033 2903 7717 773 4786 5956
6047 1 4784
6048 0
6049 2 2680 5812
6050 2 1839 2267
6051 0
6052 2 7325 7071
6053 4 1057 9630 4446 1568
6054 4 3407 1011 8759 9159
6055 0
6056 3 6524 317 8134
6057 0
6058 2 6634 2449
6059 2 6266 179
6060 3 6313 6485 6948
6061 0
6062 1 5995
6063 6 5759 1062 1738 2604 9852 1319
6064 2 5677 9076
6065 2 3885 2905
6066 5 3973 4629 8273 7984 905
6067 2 9221 9175
6068 2 3909 3367
6069 4 3749 41 9919 4619
6070 1 274
6071 2 6450 4322
6072 4 1030 100 6982 2477
6073 2 9136 7607
6074 1 9864
6075 2 7465 5895
6076 2 6840 2000
6077 1 5327
6078 1 2360
6079 7 3711 4835 4234 9246 9091 3542 1473
6080 0
6081 7 3177 5165 9451 9558 6888 2117 4849
6082 1 2868
6083 1 4507
6084 5 2054 2979 2161 5499 8040
6085 0
6086 2 3681 7087
6087 2 3876 5937
6088 1 6432
6089 2 5704 3274
6090 0
6091 0
6092 0
6093 4 3693 342 3018 1824
6094 0
6095 4 3194 6956 1977 8822
6096 2 9746 8548
6097 1 4666
6098 1 9384
6099 1 1318
6100 1 621
6101 4 4470 964 3999 2124
6102 2 209 9657
6103 2 4668 9200
6104 2 6334 8855
6105 3 3382 8853 2810
6106 1 5029
6107 3 2158 6366 2048
6108 3 7528 7651 5634
6109 0
6110 1 7005
6111 1 6480
6112 1 2491
6113 2 8527 4714
6114 2 167 1980
6115 2 9414 703
6116 2 3432 4258
6117 1 8871
6118 3 1679 6581 3960
6119 1 6217
6120 2 7723 9166
6121 1 352
6122 2 2634 7997
6123 0
6124 3 7307 9106 9784
6125 1 6696
6126 1 6426
6127 1 9480
6128 2 1964 9674
6129 4 9534 3483 5630 814
6130 3 7134 4729 5104
6131 3 2708 2348 7023
6132 4 9014 2198 1973 2146
6133 1 5887
6134 1 1739
6135 1 2309
6136 1 1710
6137 3 3062 5291 1103
6138 2 8195 8100
6139 0
6140 1 7757
6141 3 2817 5674 2857
6142 2 6753 8877
6143 4 6194 690 4503 824
6144 2 5768 872
6145 1 4666
6146 4 8820 2371 7090 8031
6147 2 5191 1618
6148 0
6149 2 6961 4311
6150 0
6151 2 1342 6397
6152 3 4109 4373 4126
6153 3 1887 5417 3195
6154 1 4430
6155 1 971
6156 2 3846 5762
6157 0
6158 2 9381 4271
6159 1 9441
6160 1 1494
6161 4 1165 6731 7235 2196
6162 0
6163 5 3002 3857 264 4739 720
6164 2 7479 7919
6165 1 9337
6166 0
6167 2 6768 8931
6168 2 6804 5209
6169 3 2596 8103 7938
6170 3 1221 4232 5723
6171 0
6172 0
6173 3 7645 0 7888
6174 0
6175 2 132 4529
6176 3 897 2640 1843
6177 3 8551 4049 8838
6178 3 3083 491 5052
6179 1 3627
6180 3 3225 5257 9946
6181 0
6182 3 9128 6573 6084
6183 6 3827 3537 3128 567 1047 1369
6184 3 3052 6769 5707
6185 2 7509 8798
6186 0
6187 2 769 57
6188 1 2331
6189 1 5278
6190 0
6191 2 4778 6081
6192 3 1918 8393 6975
6193 1 5720
6194 2 6187 3986
6195 6 7923 4668 3344 9161 9492 5130
6196 1 6810
6197 2 4975 770
6198 4 5385 8460 976 2948
6199 1 7969
6200 1 5823
6201 3 2149 709 1730
6202 2 2556 2268
6203 2 5983 3783
6204 1 8281
6205 1 5525
6206 0
6207 0
6208 0
6209 0
6210 0
6211 2 2490 8871
6212 2 2253 6724
6213 0
6214 3 6644 1721 5501
6215 2 3579 3991
6216 5 9254 2691 845 4505 7553
6217 3 6101 9912 4759
6218 2 8547 4969
6219 2 370 6124
6220 3 7791 2686 2891
6221 3 415 1322 6164
6222 2 6162 6826
6223 0
6224 4 2975 4810 7730 6316
6225 1 9191
6226 2 1580 9962
6227 6 3943 4741 3551 9412 5943 1391
6228 0
6229 3 3062 7690 6158
6230 1 8620
6231 2 3286 3838
6232 0
6233 1 7892
6234 2 7135 8503
6235 2 581 4055
6236 1 3120
6237 3 5697 1770 5626
6238 5 7933 3063 310 1057 4982
6239 0
6240 0
6241 4 9157 4082 5552 6503
6242 3 5262 4760 8391
6243 0
6244 2 2234 1917
6245 3 3250 856 3150
6246 2 6590 4457
6247 2 9434 5981
6248 2 6480 3184
6249 3 2601 8018 5586
6250 1 6660
6251 3 8859 8703 7997
6252 0
6253 1 7787
6254 1 8623
6255 0
6256 2 7157 9575
6257 1 8244
6258 1 8163
6259 3 4426 7873 6189
6260 2 3917 8325
6261 0
6262 4 3292 3969 8451 7173
6263 1 1548
6264 0
6265 4 3956 112 1637 5356
6266 0
6267 3 9351 7312 6464
6268 1 1209
6269 2 7602 3017
6270 1 2151
6271 1 9790
6272 1 4002
6273 2 2869 1585
6274 3 6804 3364 3398
6275 0
6276 2 5252 2089
6277 2 2258 9688
6278 0
6279 2 6106 1577
6280 6 1279 1672 3975 5624 5457 6050
6281 0
6282 1 2120
6283 2 32 5294
6284 1 5143
6285 0
6286 1 8509
6287 2 1542 5096
6288 0
6289 1 7944
6290 1 7380
6291 2 1391 4406
6292 2 9120 1401
6293 4 2664 7483 2474 4076
6294 5 9324 9756 2465 9700 5511
6295 3 5829 386 3291
6296 1 4760
6297 0
6298 0
6299 2 8247 8840
6300 2 2265 6445
6301 3 4532 1707 1512
6302 2 8282 5718
6303 5 1625 3558 4129 8616 6160
6304 1 416
6305 3 2849 6659 9180
6306 1 3091
6307 2 8628 6527
6308 4 7211 8692 4249 9572
6309 2 9017 2312
6310 1 1363
6311 6 2919 8016 6960 1027 1696 3943
6312 3 903 1113 1002
6313 2 8113 5350
6314 2 1265 4575
6315 0
6316 1 6181
6317 0
6318 1 2329
6319 3 3928 618 9679
6320 1 8123
6321 2 9855 6771
6322 4 5880 1931 3100 6650
6323 1 2298
6324 1 975
6325 1 4869
6326 2 7772 7206
6327 1 2418
6328 2 9458 5441
6329 0
6330 4 4699 3116 9697 241
6331 2 1291 1196
6332 2 2418 5888
6333 0
6334 5 9339 9650 517 718 1832
6335 1 9468
6336 3 9373 8449 3552
6337 1 6102
6338 1 9752
6339 1 8086
6340 0
6341 2 5102 4803
6342 1 7563
6343 3 769 1174 790
6344 3 4528 995 4211
6345 2 7632 6498
6346 0
6347 1 8183
6348 1 4256
6349 0
6350 1 182
6351 0
6352 4 875 6544 6618 6115
6353 1 9523
6354 0
6355 0
6356 4 2342 4249 2294 5987
6357 2 9997 7189
6358 2 9776 8351
6359 0
6360 3 6098 3150 4093
6361 1 7094
6362 1 6326
6363 3 6698 1847 1673
6364 1 9213
6365 3 3662 3492 4130
6366 3 8379 1384 4792
6367 2 6202 5355
6368 3 6971 537 7965
6369 3 2625 7161 3043
6370 5 7014 3517 3467 2745 5885
6371 1 490
6372 1 5542
6373 0
6374 1 9570
6375 1 6886
6376 2 7622 4812
6377 2 3500 5687
6378 0
6379 2 496 7864
6380 2 603 4129
6381 1 1794
6382 2 8598 7990
6383 4 6969 2490 7777 5349
6384 0
6385 1 3635
6386 4 5903 4009 12 7940
6387 2 3408 2390
6388 3 7757 3121 6441
6389 2 1729 892
6390 0
6391 2 6690 4785
6392 2 5827 3517
6393 4 115 1867 4083 259
6394 1 359
6395 2 8014 3431
6396 0
6397 1 1552
6398 3 4066 2795 9593
6399 3 6285 8553 2881
6400 1 1062
6401 2 4739 8594
6402 1 5804
6403 2 1293 6308
6404 4 5691 5185 2057 1529
6405 1 6761
6406 3 2332 9331 6638
6407 2 4795 440
6408 1 5843
6409 3 1821 5955 7828
6410 0
6411 3 7234 9658 4690
6412 2 2030 5293
6413 0
6414 0
6415 1 5393
6416 4 8016 4433 9630 1444
6417 3 7890 3202 9979
6418 6 1457 6259 3149 2293 6437 9294
6419 5 7511 6139 7388 2154 47
6420 5 5263 8039 8365 727 4222
6421 1 7017
6422 1 2349
6423 2 7495 8769
6424 3 4740 5533 7680
6425 3 8461 5286 3042
6426 1 4833
6427 4 4431 1576 7023 8126
6428 1 9642
6429 3 5969 8570 5251
6430 0
6431 2 2522 539
6432 2 3054 1980
6433 1 1843
6434 1 2707
6435 2 2091 6752
6436 1 1704
6437 0
6438 1 7415
6439 4 9436 6174 4693 6538
6440 4 8940 186 7927 879
6441 1 3355
6442 3 2755 6448 3586
6443 2 6767 5162
6444 1 2429
6445 2 3243 1346
6446 1 3569
6447 0
6448 2 1696 5704
6449 4 6653 947 8875 8689
6450 0
6451 1 9484
6452 2 4789 8092
6453 2 8646 1077
6454 2 2804 2200
6455 2 6334 7297
6456 1 7269
6457 1 5984
6458 1 3606
6459 1 9886
6460 0
6461 0
6462 4 2121 4546 5488 4491
6463 3 1746 9005 2122
6464 2 5568 6536
6465 3 7188 3825 3380
6466 2 3494 6012
6467 4 496 5457 2217 7077
6468 2 3226 7883
6469 2 4156 5030
6470 0
6471 0
6472 2 8854 1342
6473 2 6675 8836
6474 1 1616
6475 3 5689 711 7816
6476 2 9892 1567
6477 0
6478 4 5339 9339 9565 9747
6479 0
6480 1 2767
6481 1 1399
6482 2 8385 5014
6483 3 7415 5813 4554
6484 4 5036 817 6387 5654
6485 0
6486 0
6487 1 4419
6488 1 187
6489 5 252 560 3946 6828 5096
6490 2 9305 2542
6491 0
6492 3 961 4099 8375
6493 4 9322 801 4252 5639
6494 2 6681 4925
6495 2 8528 2887
6496 0
6497 3 9584 3455 2794
6498 1 3031
6499 2 2161 9961
6500 3 2497 8736 2060
6501 2 6025 4856
6502 4 9471 1218 6411 6746
6503 3 1290 9508 3840
6504 2 461 3015
6505 2 5671 7014
6506 0
6507 1 6600
6508 4 790 9558 1291 2631
6509 1 3497
6510 3 2667 664 661
6511 1 7610
6512 1 3717
6513 1 7165
6514 0
6515 2 3343 5247
6516 3 2063 2642 7447
6517 2 3297 1778
6518 2 3577 385
6519 1 2524
6520 2 8108 9089
6521 2 5027 9692
6522 1 3247
6523 3 700 9359 2126
6524 0
6525 2 9186 5227
6526 3 1226 9319 4508
6527 1 2473
6528 6 9105 6358 7404 6855 69 1941
6529 2 8044 6646
6530 1 8502
6531 0
6532 4 888 7958 5355 2163
6533 3 2490 9303 2545
6534 1 7190
6535 1 6462
6536 0
6537 1 8653
6538 4 3312 8874 7391 4189
6539 2 3587 9861
6540 3 5804 3996 8243
6541 1 9412
6542 2 3301 8545
6543 3 5069 5465 1435
6544 2 8550 2367
6545 3 41 1906 2653
6546 4 6961 6056 1463 4458
6547 1 7599
6548 0
6549 3 8488 7130 6217
6550 2 436 8389
6551 1 8483
6552 1 7098
6553 1 7496
6554 3 5729 9336 3608
6555 2 927 9434
6556 2 8566 3383
6557 1 8557
6558 2 8994 7396
6559 2 7805 9292
6560 0
6561 0
6562 2 5837 1406
6563 2 4132 7799
6564 5 4840 821 3197 5251 3981
6565 0
6566 2 6334 2215
6567 4 304 8609 8125 4350
6568 1 9522
6569 1 2916
6570 1 202
6571 1 3826
6572 2 4466 2876
6573 1 8057
6574 3 8160 6788 6913
6575 2 1723 4549
6576 4 7219 2889 6119 5998
6577 3 4032 4184 91
6578 4 541 5093 1410 8153
6579 3 6526 1089 2867
6580 5 3910 9883 6043 3656 8016
6581 0
6582 0
6583 2 1798 4703
6584 6 8954 2019 9133 1960 5173 1476
6585 0
6586 2 8955 8946
6587 3 5551 4081 9512
6588 4 7623 4958 5566 8491
6589 2 1589 5281
6590 2 6793 7462
6591 0
6592 5 6796 8143 4245 5141 7519
6593 1 3146
6594 3 7392 8984 9223
6595 3 7915 3454 983
6596 4 6598 8944 6037 6193
6597 2 1372 8430
6598 1 6220
6599 2 2471 3220
6600 1 504
6601 1 111
6602 2 5601 9759
6603 0
6604 0
6605 2 5096 7992
6606 6 4226 6340 3588 8447 2923 9277
6607 3 9128 550 9895
6608 2 9743 4724
6609 0
6610 2 4900 9961
6611 0
6612 3 7501 5860 62
6613 1 5266
6614 6 4663 6119 65 8164 5482 1556
6615 1 3369
6616 5 4036 6183 6247 4557 3916
6617 4 3017 9274 9247 8029
6618 3 8231 4065 1157
6619 4 7733 8629 6005 8600
6620 1 302
6621 2 8299 5174
6622 2 7499 1300
6623 4 4516 9666 1213 5528
6624 7 3173 1877 63 5773 3563 6109 8460
6625 3 4371 4382 738
6626 3 4900 3303 9167
6627 2 2937 7169
6628 0
6629 1 1379
6630 2 6263 6272
6631 0
6632 3 3412 808 7878
6633 3 6886 5233 8773
6634 2 7091 7
6635 2 2657 223
6636 4 3397 7244 9629 3725
6637 4 5600 953 5330 3186
6638 1 9549
6639 2 6239 3565
6640 1 9298
6641 5 6500 8361 10 180 3992
6642 1 1993
6643 0
6644 3 6428 597 3672
6645 0
6646 2 1192 4025
6647 1 4396
6648 1 3567
6649 1 5211
6650 3 5165 7752 1206
6651 1 4989
6652 3 637 2867 976
6653 2 9238 2989
6654 1 9410
6655 2 5970 8623
6656 0
6657 0
6658 1 7176
6659 1 9973
6660 1 8569
6661 0
6662 3 146 3108 9207
6663 3 2395 2126 7081
6664 1 9989
6665 1 6518
6666 4 823 7838 2477 5809
6667 1 1899
6668 2 2100 5663
6669 3 1313 8537 8010
6670 1 8500
6671 2 9344 3842
6672 4 7821 7469 8120 5869
6673 3 9229 1043 1172
6674 2 4611 1151
6675 2 3856 494
6676 4 5357 1490 2300 7127
6677 5 8438 2460 2223 9333 7538
6678 2 8160 4079
6679 3 1675 9981 2740
6680 4 2115 1709 6924 7991
6681 3 1880 5882 6783
6682 2 8501 4230
6683 0
6684 4 7802 4448 2169 7265
6685 2 6360 8653
6686 3 1227 8585 6182
6687 4 6866 9372 6593 6609
6688 4 7171 5210 8919 7460
6689 0
6690 3 6775 8185 3678
6691 4 5938 553 820 6244
6692 2 6298 7934
6693 1 4620
6694 3 2546 9108 8995
6695 1 2081
6696 8 1507 4526 5732 9848 4982 8358 1327 5309
6697 2 5078 2190
6698 1 5831
6699 2 9591 40
6700 2 6822 2131
6701 1 9031
6702 1 2898
6703 1 6308
6704 6 1148 7649 3672 7239 4407 8043
6705 3 5214 7717 8954
6706 2 3786 1704
6707 2 7049 2674
6708 4 1512 7019 653 6152
6709 2 3819 2952
6710 0
6711 3 7992 1567 5809
6712 2 9724 8226
6713 2 5574 5273
6714 1 9826
6715 2 6656 995
6716 3 8387 9032 5109
6717 2 7743 1222
6718 2 9383 968
6719 4 5153 3236 7424 7866
6720 0
6721 2 5028 3459
6722 0
6723 2 1349 5441
6724 2 5876 492
6725 3 2491 3071 7907
6726 3 5174 7794 8167
6727 1 33
6728 0
6729 2 2496 2104
6730 2 6953 7882
6731 4 989 5143 9603 5914
6732 2 2314 896
6733 3 1802 4691 9736
6734 4 7049 497 6269 6046
6735 6 808 6469 193 563 1549 9805
6736 3 2793 8363 1786
6737 1 3908
6738 3 3517 8052 4974
6739 3 3266 4810 3305
6740 2 1127 5654
6741 2 6160 30
6742 4 2667 9374 2033 2163
6743 0
6744 1 8172
6745 3 2401 4694 945
6746 1 8198
6747 1 2111
6748 1 2587
6749 2 7883 5187
6750 0
6751 1 9809
6752 2 4671 5086
6753 4 5 790 9466 9362
6754 1 2691
6755 4 6596 9504 8941 5183
6756 3 2100 2323 7372
6757 1 3239
6758 1 5976
6759 1 4418
6760 4 262 3516 2211 7121
6761 1 2472
6762 6 4220 1406 3173 2619 4917 8341
6763 3 3902 8403 1563
6764 3 3471 8795 2153
6765 1 8525
6766 1 351
6767 0
6768 2 614 6911
6769 3 4035 8550 9007
6770 1 8494
6771 3 3941 9544 6685
6772 4 8403 1012 6430 9428
6773 0
6774 3 8376 3555 9254
6775 3 4214 1152 4309
6776 3 1089 8736 3903
6777 1 1896
6778 2 9003 582
6779 1 5164
6780 1 3884
6781 1 5417
6782 1 4975
6783 0
6784 4 8220 6684 545 9826
6785 1 1245
6786 2 9921 907
6787 3 7200 4546 8974
6788 4 8032 4873 9427 8340
6789 2 2850 4844
6790 1 3910
6791 5 7556 9207 998 4330 6659
6792 1 3998
6793 0
6794 3 9820 1870 4413
6795 0
6796 4 2002 7622 4202 7438
6797 3 8230 3457 5892
6798 2 7517 1455
6799 2 8837 409
6800 2 4662 3022
6801 2 7304 3282
6802 2 2909 9796
6803 1 748
6804 1 1768
6805 2 8138 8189
6806 2 1233 8300
6807 3 8464 8883 7078
6808 1 4775
6809 3 608 8392 739
6810 2 7222 5590
6811 4 1455 1669 3182 6927
6812 1 242
6813 3 2847 7020 6011
6814 0
6815 0
6816 3 7701 5538 1032
6817 4 8883 3823 2717 6668
6818 1 1766
6819 0
6820 1 7560
6821 2 103 9418
6822 2 4051 101
6823 1 3835
6824 1 8365
6825 4 4475 7688 5671 6489
6826 2 2313 7985
6827 2 275 6259
6828 0
6829 2 4482 8502
6830 3 5400 8336 89
6831 0
6832 0
6833 1 6777
6834 1 4399
6835 1 8723
6836 3 4978 110 1084
6837 1 6401
6838 1 547
6839 3 2087 7237 5772
6840 3 9501 9027 1184
6841 1 8050
6842 0
6843 1 3849
6844 3 9645 33 896
6845 3 6707 3151 1823
6846 1 3200
6847 1 6450
6848 2 6833 5570
6849 1 2028
6850 1 4660
6851 1 2249
6852 1 7414
6853 5 8658 497 5267 9016 8370
6854 3 2341 7673 7339
6855 4 2921 6083 5584 1068
6856 4 677 6636 1606 2112
6857 1 680
6858 1 3448
6859 1 4166
6860 3 6259 2730 6380
6861 3 307 5485 6096
6862 2 5022 8690
6863 1 2168
6864 1 187
6865 3 1619 1107 4259
6866 1 4800
6867 4 1276 1654 8171 4904
6868 1 9171
6869 2 5606 5072
6870 1 3280
6871 0
6872 1 1380
6873 2 5106 4931
6874 1 961
6875 1 3467
6876 1 2285
6877 4 8840 2192 8928 8870
6878 3 2077 2520 259
6879 3 3714 1858 8844
6880 1 2354
6881 2 4507 730
6882 5 3311 7764 4148 7589 6501
6883 1 6443
6884 0
6885 1 6637
6886 1 4490
6887 2 2458 1042
6888 3 6481 7121 9471
6889 1 2431
6890 4 6164 2933 3716 2985
6891 4 9712 4163 694 3687
6892 2 4397 8247
6893 7 5082 6797 2176 8479 6193 79 2215
6894 5 8395 3257 4791 1892 322
6895 2 9872 7012
6896 2 2864 1999
6897 3 5426 2363 3638
6898 0
6899 2 8339 6406
6900 4 6552 7343 1032 8111
6901 1 9227
6902 1 5519
6903 3 2042 499 6156
6904 0
6905 2 4618 9360
6906 1 3673
6907 2 9235 2123
6908 1 363
6909 4 7282 2590 7717 3002
6910 4 9833 395 1882 8220
6911 4 8960 2999 6171 9613
6912 5 2251 1365 2560 6019 9288
6913 3 9354 4092 2333
6914 1 8363
6915 1 8697
6916 1 5320
6917 2 3196 6259
6918 3 5322 2004 9667
6919 2 3611 4740
6920 1 7718
6921 2 5863 2060
6922 2 7030 2627
6923 4 5900 5711 4896 7177
6924 4 1280 6382 2660 2352
6925 0
6926 1 4381
6927 2 8731 9626
6928 3 2284 1437 1932
6929 1 1204
6930 1 793
6931 2 678 3814
6932 2 4483 4752
6933 4 7598 8272 4321 1718
6934 0
6935 1 2604
6936 5 1599 2958 4796 501 7295
6937 2 4702 9518
6938 1 4314
6939 4 4492 2623 941 1507
6940 2 2550 2412
6941 1 3092
6942 1 3062
6943 0
6944 5 9960 7186 504 3760 662
6945 2 999 7157
6946 3 2206 2344 6563
6947 2 1400 2429
6948 3 4817 5129 802
6949 4 4267 9131 8115 262
6950 3 176 5013 2135
6951 2 4223 4936
6952 1 7315
6953 2 6757 2470
6954 2 6130 9689
6955 0
6956 2 9539 6889
6957 2 1354 8646
6958 2 7866 6778
6959 2 4896 3661
6960 1 6521
6961 1 2371
6962 2 2872 4366
6963 1 9639
6964 1 4472
6965 1 9253
6966 1 4903
6967 0
6968 3 2718 7437 7573
6969 2 8427 1629
6970 2 7509 4801
6971 3 4644 4682 7992
6972 2 1136 4117
6973 5 3384 4370 1424 4190 5659
6974 2 5144 5322
6975 7 9383 9381 6156 508 378 2805 3190
6976 4 322 8694 7621 3553
6977 3 8078 6320 6330
6978 2 5321 3551
6979 3 4856 8175 7488
6980 3 3174 5740 2873
6981 3 8604 582 2529
6982 1 4272
6983 0
6984 0
6985 1 3423
6986 1 3024
6987 2 5864 3882
6988 6 178 9241 6745 3847 3181 3401
6989 2 6912 3398
6990 1 8687
6991 4 9854 8612 9211 1607
6992 1 4413
6993 3 2440 434 3470
6994 1 5392
6995 1 3837
6996 1 2958
6997 2 813 6493
6998 2 6106 4737
6999 2 4081 924
7000 1 9201
7001 1 5775
7002 3 4363 576 2337
7003 1 5801
7004 2 888 7794
7005 3 3581 1472 175
7006 3 5546 5069 2616
7007 4 2788 3713 5475 6091
7008 0
7009 4 2369 7060 2708 5019
7010 1 9716
7011 0
7012 1 8410
7013 0
7014 0
7015 2 384 1542
7016 5 4857 1141 7414 9519 8597
7017 3 1343 9250 1027
7018 1 7704
7019 1 1412
7020 3 6734 2843 2499
7021 0
7022 2 5057 4886
7023 0
7024 0
7025 0
7026 0
7027 3 162 8043 6474
7028 4 4681 4433 6989 5536
7029 1 1331
7030 2 6200 6969
7031 0
7032 1 7053
7033 2 8957 9801
7034 4 4385 896 7252 7983
7035 1 591
7036 0
7037 1 9151
7038 2 2807 1985
7039 4 6461 2566 8820 2840
7040 4 211 4078 9596 8464
7041 0
7042 4 9916 4606 395 4854
7043 3 2038 7527 5242
7044 4 2522 5981 7393 1801
7045 0
7046 3 3804 5729 6751
7047 4 4972 8651 7598 8802
7048 2 355 2465
7049 1 4766
7050 1 1761
7051 4 4646 9025 7509 7920
7052 3 1158 9790 6588
7053 1 7592
7054 4 9531 6059 7187 7219
7055 2 544 1960
7056 0
7057 1 6602
7058 1 2067
7059 2 4053 2472
7060 1 518
7061 1 3674
7062 0
7063 2 5255 2706
7064 1 7604
7065 4 6515 8231 2314 5030
7066 1 428
7067 0
7068 1 311
7069 0
7070 0
7071 1 9321
7072 3 2817 3637 7513
7073 1 856
7074 0
7075 4 5080 7947 6147 8318
7076 0
7077 3 1982 6643 3732
7078 2 2320 3162
7079 1 5728
7080 1 4191
7081 1 9807
7082 3 4711 6774 2662
7083 5 3296 2234 8418 7226 3136
7084 0
7085 0
7086 1 3025
7087 0
7088 2 2427 3017
7089 2 1299 1650
7090 4 774 2467 4310 1532
7091 1 4660
7092 2 8139 2976
7093 2 5681 9206
7094 4 1978 3723 2947 2537
7095 1 3280
7096 2 3423 5425
7097 1 6656
7098 1 2228
7099 0
7100 0
7101 0
7102 2 8109 7107
7103 2 7013 9764
7104 5 332 6707 1027 2428 7
7105 1 2699
7106 2 473 2179
7107 1 3770
7108 1 2356
7109 0
7110 2 3067 1986
7111 2 3203 5221
7112 1 5456
7113 4 4936 7153 981 555
7114 4 1344 8999 3234 498
7115 1 5257
7116 3 865 4902 1999
7117 0
7118 3 7503 184 1287
7119 2 7733 9375
7120 3 1159 3610 3570
7121 4 7795 9872 9043 3609
7122 2 5028 3412
7123 2 9686 3765
7124 4 2487 8964 6437 1551
7125 2 9077 886
7126 5 467 976 3467 4146 4223
7127 4 8300 2589 8614 7148
7128 4 3072 8878 2829 5641
7129 2 8734 8138
7130 1 5295
7131 3 2761 7105 1462
7132 1 5010
7133 2 6265 5501
7134 3 3976 9748 2016
7135 0
7136 3 8668 3109 4492
7137 1 8015
7138 0
7139 4 4349 859 3277 2605
7140 5 8486 4237 8631 1570 2624
7141 2 108 4729
7142 0
7143 1 7595
7144 2 3129 6450
7145 0
7146 1 9542
7147 4 6092 4703 539 422
7148 2 9851 8914
7149 1 5107
7150 2 2376 6661
7151 3 6259 5804 7648
7152 5 6110 383 7561 1550 7211
7153 0
7154 0
7155 1 3502
7156 1 2981
7157 1 2861
7158 3 8287 1707 9462
7159 5 8896 2431 8941 6238 954
7160 2 65 6096
7161 2 714 6868
7162 1 8491
7163 0
7164 4 7232 8524 1906 3087
7165 1 9104
7166 2 8856 1082
7167 2 2871 9865
7168 3 7205 7146 2169
7169 1 8135
7170 1 9175
7171 1 5467
7172 3 9881 2631 7703
7173 2 690 685
7174 2 9350 5765
7175 2 3165 5045
7176 4 4136 5027 4196 7562
7177 4 6565 2953 1253 4131
7178 3 2812 8731 7893
7179 3 6444 9502 7033
7180 2 6442 1365
7181 3 2578 7902 1115
7182 0
7183 1 6798
7184 0
7185 2 2800 9560
7186 2 7215 2609
7187 3 1167 7069 4901
7188 3 4280 2266 9576
7189 2 4157 1019
7190 5 6800 6606 8940 8441 4489
7191 2 4701 6006
7192 5 9719 8702 2743 4609 2788
7193 2 411 7811
7194 1 3479
7195 2 9520 158
7196 2 6777 6019
7197 0
7198 1 5882
7199 0
7200 3 1714 7803 9935
7201 3 3436 6804 8849
7202 3 9731 4137 8181
7203 1 3706
7204 3 4327 9427 6331
7205 2 4902 4897
7206 2 831 405
7207 2 1214 4746
7208 0
7209 2 5916 6212
7210 2 4865 9536
7211 4 3450 7227 4341 3205
7212 0
7213 1 1511
7214 2 3899 1623
7215 5 6820 6275 814 1720 6364
7216 3 1544 2023 8836
7217 4 7219 4033 7637 9082
7218 3 9740 6055 3078
7219 3 7753 17 124
7220 1 598
7221 3 7847 2353 8087
7222 1 2340
7223 0
7224 0
7225 3 1321 1486 289
7226 2 8789 3294
7227 3 335 1786 695
7228 1 3831
7229 2 3608 1296
7230 1 5199
7231 0
7232 4 8570 270 6180 9179
7233 0
7234 0
7235 2 7929 4339
7236 0
7237 2 1933 1202
7238 4 7771 2414 6252 6156
7239 0
7240 3 9226 2882 2468
7241 3 7754 2658 6033
7242 0
7243 2 6110 5690
7244 1 6446
7245 2 8854 6685
7246 3 4255 3637 6371
7247 2 5282 2865
7248 5 4468 2772 6912 5946 9508
7249 2 3781 1925
7250 1 4627
7251 2 5571 3361
7252 3 5013 3239 811
7253 3 9590 8568 9267
7254 1 8875
7255 3 634 6545 7702
7256 0
7257 1 9425
7258 3 8253 8451 4998
7259 2 6148 1003
7260 0
7261 0
7262 1 3047
7263 3 1669 1282 4763
7264 2 7831 2632
7265 3 9340 9709 3904
7266 0
7267 2 1899 7538
7268 3 6783 7018 8624
7269 2 3564 6637
7270 4 7149 3231 6340 1732
7271 2 902 4333
7272 0
7273 2 5374 967
7274 1 1199
7275 1 8680
7276 2 4285 5455
7277 3 233 9260 8339
7278 3 2465 5412 3374
7279 2 2577 8431
7280 3 8140 2468 5537
7281 3 5852 2094 2374
7282 0
7283 2 2493 9556
7284 1 8181
7285 2 8548 1818
7286 1 9957
7287 1 1598
7288 1 357
7289 1 7151
7290 3 9784 9879 9368
7291 1 6059
7292 1 5365
7293 3 2570 7405 5356
7294 1 7576
7295 1 6535
7296 1 658
7297 4 4590 1315 7127 2886
7298 2 2763 4344
7299 1 1898
7300 4 1325 7278 8696 3199
7301 0
7302 2 661 2539
7303 3 592 1127 6083
7304 3 569 349 6493
7305 0
7306 0
7307 1 1055
7308 0
7309 2 8468 2209
7310 1 2730
7311 1 3722
7312 5 1312 5392 5570 3698 5221
7313 2 7444 3337
7314 2 3046 7068
7315 2 5696 254
7316 0
7317 2 251 5480
7318 1 7581
7319 1 6284
7320 3 7 6814 3761
7321 1 9462
7322 2 5718 1182
7323 1 6720
7324 2 6112 4047
7325 6 3513 4565 673 7178 1181 7169
7326 4 9036 4577 455 1362
7327 5 9291 1151 3636 1818 8251
7328 1 5350
7329 4 6625 6778 5995 5879
7330 3 8324 4265 4357
7331 1 1036
7332 2 7013 3458
7333 2 5834 2317
7334 4 4296 948 9997 7413
7335 2 6485 8339
7336 1 5902
7337 2 4290 3299
7338 1 4140
7339 1 6469
7340 3 4511 3285 8201
7341 0
7342 4 8894 2941 4564 5960
7343 2 1095 8462
7344 3 9512 1879 2088
7345 0
7346 1 3745
7347 2 848 2116
7348 1 9723
7349 1 388
7350 1 4198
7351 2 6498 3647
7352 1 1973
7353 5 1017 9595 8482 340 563
7354 2 6681 1560
7355 1 6147
7356 3 6177 170 6239
7357 1 624
7358 6 2367 7251 659 4884 2724 1897
7359 0
7360 2 5375 5753
7361 0
7362 1 2056
7363 3 7190 4345 2932
7364 1 8257
7365 2 9077 9822
7366 2 9742 2170
7367 0
7368 1 1206
7369 2 2418 6373
7370 1 145
7371 3 729 3819 8096
7372 4 8747 3079 7729 9362
7373 3 6171 4851 7943
7374 4 3834 7833 5793 1218
7375 2 1756 2832
7376 2 3308 2253
7377 1 498
7378 0
7379 3 6324 2253 6163
7380 1 647
7381 3 75 8334 8143
7382 1 96
7383 2 3769 7862
7384 1 2482
7385 1 6530
7386 3 9098 8853 4511
7387 1 5137
7388 0
7389 0
7390 2 6721 317
7391 3 2640 9955 9068
7392 0
7393 2 7867 4059
7394 1 2990
7395 2 8423 2325
7396 1 9909
7397 4 145 1372 8969 1677
7398 3 5179 289 569
7399 4 4423 8302 1426 7712
7400 2 1218 9999
7401 3 4437 653 3209
7402 1 4986
7403 4 4341 7193 1759 5544
7404 4 7256 1288 8688 9955
7405 1 3591
7406 3 3738 6708 9322
7407 0
7408 1 718
7409 1 2561
7410 1 8997
7411 2 4606 1356
7412 3 4668 1401 4318
7413 1 678
7414 0
7415 3 3600 7858 2213
7416 0
7417 1 536
7418 1 9202
7419 2 3524 5741
7420 3 6720 8990 5138
7421 4 8683 6215 4068 7947
7422 2 737 5486
7423 3 3760 2679 8092
7424 1 587
7425 0
7426 2 805 1827
7427 3 6537 5754 5316
7428 4 4182 9104 3918 139
7429 2 8628 8247
7430 4 5679 2010 1041 4390
7431 2 7883 135
7432 0
7433 1 7880
7434 1 4563
7435 1 3567
7436 0
7437 4 9521 9894 8138 3360
7438 2 5753 5297
7439 2 9362 6049
7440 3 714 9972 4401
7441 2 5814 5550
7442 1 4051
7443 5 4264 7309 6147 3711 6787
7444 2 6403 6393
7445 4 9680 7415 6193 5011
7446 1 1073
7447 5 8320 1055 7427 5875 6825
7448 0
7449 2 1148 7439
7450 3 7856 8277 1751
7451 2 4487 4527
7452 0
7453 2 285 4069
7454 2 6818 1908
7455 2 1501 3754
7456 5 1473 6185 8083 6705 7075
7457 0
7458 3 8430 4732 5034
7459 3 1287 2657 6968
7460 2 8086 2683
7461 2 6757 3855
7462 2 8742 8955
7463 4 7438 2932 8961 2830
7464 4 2427 8743 6960 6851
7465 2 7158 8507
7466 1 2698
7467 1 4690
7468 1 5239
7469 1 2095
7470 1 1889
7471 2 2179 6040
7472 4 8797 7544 1240 7356
7473 3 4904 817 3597
7474 4 4390 4485 3265 4712
7475 1 2152
7476 1 3798
7477 0
7478 1 5027
7479 2 5670 1631
7480 3 9085 3782 2435
7481 3 2103 9944 9523
7482 0
7483 1 9058
7484 4 459 1092 5418 879
7485 1 2132
7486 5 5187 2679 6688 2009 2835
7487 2 5425 8756
7488 3 5305 359 5472
7489 1 8926
7490 3 9167 698 2400
7491 3 8378 1696 6589
7492 1 572
7493 3 8064 9254 9558
7494 0
7495 3 1129 4039 6242
7496 1 893
7497 2 9438 7810
7498 2 7642 3358
7499 2 174 8262
7500 4 3322 8002 6678 5761
7501 1 3137
7502 3 4988 216 7122
7503 1 9645
7504 2 8338 1004
7505 2 7174 909
7506 1 9207
7507 2 164 277
7508 4 7765 4573 7213 6133
7509 1 3500
7510 5 545 8325 9961 7229 9789
7511 3 2508 2959 8638
7512 0
7513 0
7514 3 6413 9959 618
7515 3 3927 3757 7783
7516 2 6084 1256
7517 1 8254
7518 4 1106 7053 8939 8799
7519 0
7520 1 8086
7521 4 4059 7850 5941 920
7522 2 61 6919
7523 4 8918 5809 2724 3058
7524 4 349 3090 7351 2180
7525 1 9543
7526 1 3511
7527 1 9351
7528 1 5134
7529 4 4517 1327 6854 9826
7530 0
7531 5 6250 2908 190 8911 711
7532 2 5808 2691
7533 1 8082
7534 2 5066 2930
7535 2 8379 6251
7536 0
7537 0
7538 5 8909 6444 6452 1564 6933
7539 1 6075
7540 1 3234
7541 2 4532 3504
7542 2 314 7166
7543 1 3156
7544 0
7545 0
7546 1 7151
7547 2 547 3654
7548 1 4247
7549 1 6235
7550 1 9481
7551 0
7552 4 7570 2526 9176 3910
7553 1 1880
7554 2 3841 2614
7555 1 4176
7556 0
7557 0
7558 0
7559 3 7705 4669 8221
7560 0
7561 1 9417
7562 2 719 9139
7563 1 6739
7564 3 2418 3992 5970
7565 0
7566 2 4623 9878
7567 3 8549 1002 9101
7568 2 3083 7461
7569 3 4614 7762 2981
7570 1 3602
7571 2 3516 3775
7572 2 7710 7287
7573 1 6613
7574 1 9016
7575 9 8181 2791 9792 5582 139 8971 2674 4125 1099
7576 4 7558 8753 5155 2807
7577 1 3458
7578 2 244 2890
7579 1 3460
7580 1 2699
7581 3 9803 5312 2029
7582 2 754 7344
7583 4 3950 6591 4710 1269
7584 2 898 8744
7585 2 3143 7122
7586 1 3890
7587 3 6983 8566 3359
7588 2 4102 3698
7589 1 3674
7590 7 7273 3388 4723 2183 8618 4571 3078
7591 2 3435 3745
7592 2 3395 9963
7593 2 8098 9001
7594 3 8663 6831 8254
7595 2 8512 1249
7596 0
7597 3 6634 2286 7542
7598 3 3560 302 5989
7599 2 3347 160
7600 1 6824
7601 1 5815
7602 2 1277 2498
7603 2 2367 9789
7604 1 7936
7605 3 6192 227 1477
7606 2 9642 8124
7607 1 7874
7608 2 3054 9843
7609 4 2593 4458 4093 9924
7610 3 1283 4481 266
7611 1 100
7612 1 9392
7613 2 382 2235
7614 2 3913 6070
7615 2 1555 2618
7616 0
7617 4 8741 6322 6200 5501
7618 2 3392 5048
7619 0
7620 1 6898
7621 3 9129 4016 4333
7622 4 6862 9493 5748 3555
7623 1 5800
7624 1 3531
7625 1 8079
7626 0
7627 2 4074 6907
7628 2 6609 5501
7629 4 875 1899 7825 330
7630 3 3453 1799 756
7631 2 6663 2197
7632 3 2078 7567 1113
7633 2 4413 6106
7634 0
7635 3 4447 1598 4545
7636 1 4481
7637 4 3452 9553 8593 7687
7638 1 7340
7639 5 8951 477 4145 4437 1644
7640 3 4709 9796 7509
7641 1 9280
7642 0
7643 2 1562 355
7644 1 651
7645 9 9982 1913 3268 9671 3090 1794 4306 3962 1301
7646 1 2576
7647 1 7327
7648 0
7649 0
7650 3 7466 4720 4149
7651 2 3309 8445
7652 2 9102 7052
7653 0
7654 3 6553 5833 6874
7655 3 5744 7415 9921
7656 4 7185 3771 8710 7725
7657 2 6283 4513
7658 1 576
7659 1 2510
7660 1 5212
7661 0
7662 1 3194
7663 3 2500 3304 9375
7664 1 4016
7665 3 8794 6771 154
7666 4 7364 2036 114 6538
7667 1 3247
7668 3 4438 4963 3777
7669 3 2142 3030 2951
7670 2 1843 4669
7671 3 3900 6549 4816
7672 1 9294
7673 2 6555 4906
7674 2 3958 9916
7675 1 6283
7676 4 9362 4742 4377 6709
7677 1 2769
7678 3 8536 6054 5858
7679 0
7680 2 455 6657
7681 3 5728 7331 6169
7682 2 6290 1427
7683 3 5112 7922 7811
7684 1 3501
7685 2 905 1602
7686 1 8540
7687 2 8152 8163
7688 0
7689 3 3306 5754 5418
7690 4 4139 5047 6867 9592
7691 2 9599 7791
7692 2 1349 2925
7693 3 3670 5179 1607
7694 2 3918 6353
7695 2 9030 5457
7696 3 253 6763 7469
7697 0
7698 3 4336 3700 67
7699 4 3782 2171 5204 7344
7700 1 5986
7701 2 9068 7562
7702 3 7518 2129 9563
7703 1 2086
7704 3 7364 934 1939
7705 1 5141
7706 2 2322 6196
7707 4 8173 6017 533 5157
7708 0
7709 1 1804
7710 5 7251 6034 8176 1008 2829
7711 7 7964 2793 4397 5626 6666 3510 5338
7712 2 4588 8272
7713 4 8336 7505 5213 3846
7714 2 3762 3551
7715 3 7275 2423 9290
7716 4 8264 9485 1290 5122
7717 3 3515 9617 8020
7718 2 2168 5921
7719 3 8659 8375 5762
7720 4 58 5536 1733 524
7721 3 6607 2724 8269
7722 2 7072 1405
7723 2 408 6650
7724 3 9940 6320 7336
7725 2 2064 3220
7726 2 4669 3847
7727 0
7728 3 2986 3348 1618
7729 3 7038 8302 5720
7730 2 5583 1738
7731 5 1996 239 5207 7948 7754
7732 4 3649 8182 9376 6297
7733 1 5672
7734 1 416
7735 0
7736 1 5391
7737 0
7738 2 9923 8454
7739 0
7740 6 4328 1150 9585 7186 5817 8959
7741 0
7742 3 8771 5134 2844
7743 1 2562
7744 2 1522 5415
7745 4 355 1515 4822 5448
7746 2 7766 2660
7747 3 5639 6700 7957
7748 2 2943 8431
7749 4 8382 7414 9605 799
7750 7 937 497 437 6542 3008 398 8331
7751 0
7752 2 2600 4310
7753 6 9422 1518 2271 9599 1163 6893
7754 2 193 7632
7755 0
7756 2 7343 965
7757 1 816
7758 3 6483 341 1308
7759 3 5021 4991 2732
7760 0
7761 2 7684 3885
7762 0
7763 2 448 2358
7764 1 5215
7765 1 620
7766 2 2601 179
7767 1 1151
7768 2 8503 8721
7769 4 2604 1291 945 139
7770 2 2114 3845
7771 2 836 2127
7772 4 6220 7027 2095 7066
7773 3 7725 7323 8830
7774 0
7775 1 4783
7776 0
7777 4 3260 8282 1579 6506
7778 3 5587 2827 6032
7779 3 8322 3226 4118
7780 2 7860 5373
7781 0
7782 0
7783 0
7784 2 4602 6291
7785 1 3982
7786 1 2180
7787 3 2470 9985 2460
7788 3 2675 534 6309
7789 1 8640
7790 1 4288
7791 1 8978
7792 1 6598
7793 1 6434
7794 1 4154
7795 1 8166
7796 3 4298 3502 5631
7797 2 8286 5371
7798 1 9863
7799 2 5952 2230
7800 2 1392 8980
7801 1 4393
7802 0
7803 1 8964
7804 0
7805 2 7170 5333
7806 1 2274
7807 3 5617 2924 5375
7808 5 3965 3434 2772 1320 1446
7809 2 221 8775
7810 1 1751
7811 2 7079 9026
7812 1 2190
7813 3 2296 869 6734
7814 3 2170 6216 7980
7815 0
7816 1 6971
7817 1 1706
7818 5 9870 6414 120 5106 8363
7819 1 1314
7820 3 1220 5277 9213
7821 2 4120 6605
7822 4 2719 3635 232 6253
7823 3 9351 7394 1776
7824 3 4513 1457 8776
7825 6 5327 7408 4429 7790 4218 57
7826 3 7784 363 1847
7827 4 5350 3707 5258 4599
7828 2 4663 3927
7829 4 9994 2478 6931 4109
7830 3 3013 1062 4301
7831 3 357 6446 2078
7832 3 1559 2794 9403
7833 1 6467
7834 3 8586 6642 4335
7835 3 898 1359 217
7836 3 6263 2799 3330
7837 2 9975 5396
7838 4 6874 3262 2015 5317
7839 1 3533
7840 1 2207
7841 2 2118 4764
7842 4 306 544 5927 8116
7843 3 1923 7401 16
7844 2 6273 5557
7845 1 2176
7846 3 2894 6541 8966
7847 2 8820 249
7848 1 8493
7849 4 3378 3346 5680 7133
7850 1 4748
7851 3 8668 9593 9804
7852 4 900 3206 8600 9967
7853 1 9888
7854 1 5912
7855 1 252
7856 1 6566
7857 1 4905
7858 1 930
7859 3 94 4921 3761
7860 1 4438
7861 0
7862 2 7222 4355
7863 3 8558 6000 4340
7864 2 1822 8849
7865 4 398 6208 6882 4179
7866 2 6071 6968
7867 2 5067 1649
7868 1 2232
7869 3 5693 992 6018
7870 0
7871 1 5434
7872 1 7225
7873 3 8512 9727 5530
7874 1 70
7875 2 6364 1662
7876 2 2223 2814
7877 3 8554 5144 6847
7878 5 5692 8024 4225 1302 5705
7879 5 4924 6537 1448 9065 990
7880 2 8675 8639
7881 3 4371 7550 9777
7882 4 9891 6148 5303 5893
7883 2 1357 371
7884 3 2608 2599 6220
7885 3 9384 1568 2026
7886 0
7887 1 3083
7888 3 7095 8730 741
7889 1 2957
7890 3 8271 969 7393
7891 2 4225 4244
7892 3 6727 7996 7058
7893 3 4487 9351 5723
7894 1 980
7895 3 6159 4982 2477
7896 3 2777 143 311
7897 3 257 7696 7579
7898 2 9722 1923
7899 2 6375 2297
7900 0
7901 3 6799 7695 8329
7902 8 5171 1470 7424 2153 7404 8023 5833 7963
7903 3 3457 6550 8790
7904 1 1125
7905 3 6863 751 1994
7906 5 420 5653 2993 3895 9007
7907 2 907 1787
7908 0
7909 1 2143
7910 0
7911 3 7997 2510 1407
7912 0
7913 1 1927
7914 1 9894
7915 2 8549 8349
7916 1 4630
7917 1 9356
7918 1 9530
7919 2 6329 8550
7920 4 5453 6798 7008 5249
7921 1 3361
7922 0
7923 3 5802 7149 6911
7924 3 9511 4366 6992
7925 1 9964
7926 1 6146
7927 6 3705 589 3212 771 3466 7438
7928 2 3973 3129
7929 2 9781 6339
7930 1 6172
7931 1 8093
7932 3 1614 3129 7133
7933 2 5611 7528
7934 2 6688 2057
7935 2 7848 7036
7936 3 851 8409 8693
7937 4 2066 4709 9004 3298
7938 3 9985 8117 7837
7939 2 3576 5907
7940 3 3064 585 2835
7941 2 5360 2486
7942 2 7629 4381
7943 2 1913 3891
7944 1 4
7945 1 979
7946 0
7947 1 3400
7948 4 7147 1952 6785 2491
7949 2 5017 4107
7950 2 693 7029
7951 4 646 5263 5210 720
7952 2 8489 2067
7953 1 900
7954 1 9885
7955 2 8304 7127
7956 0
7957 1 1840
7958 1 7078
7959 1 7272
7960 3 447 8279 2973
7961 1 4538
7962 1 6254
7963 0
7964 2 8249 5513
7965 0
7966 1 9771
7967 2 7874 5188
7968 4 8987 1607 8281 4813
7969 2 6935 4511
7970 1 5004
7971 3 3175 7426 236
7972 2 8960 9486
7973 2 6679 8937
7974 3 6052 1946 573
7975 2 1905 2971
7976 1 4940
7977 2 4092 1032
7978 2 7246 9199
7979 2 3487 2873
7980 0
7981 6 1652 7288 6136 6457 8477 586
7982 3 505 3805 7223
7983 2 7703 4105
7984 3 8017 8190 8681
7985 1 8348
7986 1 9416
7987 1 8224
7988 4 8487 8957 999 2919
7989 4 671 5367 9293 1830
7990 0
7991 1 8428
7992 1 5480
7993 2 8561 8629
7994 0
7995 2 8646 1537
7996 1 5973
7997 1 6078
7998 3 6419 3153 1964
7999 2 1257 8461
8000 3 1231 8108 9511
8001 2 9265 3477
8002 1 5416
8003 1 3008
8004 4 488 6483 7226 8818
8005 4 0 7343 6581 9660
8006 3 1193 4319 6547
8007 3 2908 1804 9590
8008 1 9060
8009 2 8760 9962
8010 1 7634
8011 3 2843 7739 1718
8012 4 8260 6993 6496 1228
8013 5 8366 2977 3480 8747 7236
8014 3 8786 7461 1209
8015 3 8878 8051 794
8016 3 9839 3274 4350
8017 0
8018 1 6667
8019 2 5913 5137
8020 2 489 7131
8021 1 7402
8022 2 816 7148
8023 2 4140 4910
8024 4 9461 1778 6266 1063
8025 1 1758
8026 3 1183 8561 7250
8027 2 2231 4453
8028 1 4073
8029 2 1262 9645
8030 3 3529 4972 4086
8031 1 9250
8032 2 8647 4899
8033 1 5581
8034 4 4291 6326 8544 9907
8035 3 5096 464 6093
8036 3 6866 6451 9504
8037 2 5460 2505
8038 3 6470 117 5181
8039 1 5655
8040 0
8041 2 7972 8807
8042 1 9192
8043 4 6474 3018 3210 8614
8044 4 63 536 7964 7425
8045 1 6572
8046 1 1094
8047 3 1531 4749 8122
8048 1 1926
8049 2 8237 2412
8050 1 8914
8051 2 2472 2318
8052 3 1317 2583 8403
8053 2 5530 293
8054 1 3791
8055 3 632 4695 245
8056 2 2829 3954
8057 6 7338 5337 5085 2181 7504 9871
8058 1 5437
8059 5 2872 151 3178 7948 6458
8060 2 7595 6489
8061 3 4427 5497 5098
8062 2 7781 584
8063 2 4374 5002
8064 0
8065 0
8066 3 9532 6877 301
8067 0
8068 2 1435 4702
8069 1 2272
8070 1 9351
8071 1 879
8072 3 6258 4854 8802
8073 0
8074 2 5043 8511
8075 0
8076 2 9112 7403
8077 1 3427
8078 4 4316 5624 959 6004
8079 5 462 9472 3251 6143 963
8080 4 8245 9682 5149 9922
8081 4 1490 359 7282 2805
8082 4 7065 4791 7733 985
8083 3 4677 7480 612
8084 1 3535
8085 5 119 5330 4993 2790 1522
8086 4 6965 5192 340 8634
8087 3 5103 8244 4513
8088 0
8089 4 2376 612 8167 3893
8090 4 4833 2263 6327 89
8091 3 5654 9487 7599
8092 3 4551 5862 6021
8093 2 2731 2255
8094 0
8095 2 9261 3103
8096 3 5958 7994 2796
8097 1 4593
8098 2 5405 3371
8099 3 1065 5600 7220
8100 1 5951
8101 2 9670 2844
8102 2 7143 2940
8103 1 8271
8104 1 5205
8105 1 508
8106 1 303
8107 0
8108 0
8109 1 3281
8110 2 8251 4600
8111 0
8112 2 4737 8485
8113 3 1918 1316 5873
8114 2 5252 2347
8115 2 6986 9445
8116 2 1325 9081
8117 1 7217
8118 2 4760 3272
8119 2 5357 8672
8120 1 7239
8121 4 9018 978 6685 2986
8122 1 9955
8123 3 9838 7381 1703
8124 5 7671 9986 2837 2550 6648
8125 5 1590 1948 2044 4763 56
8126 3 9166 1289 7402
8127 2 6641 4861
8128 0
8129 3 9260 584 622
8130 2 1774 9833
8131 2 5454 545
8132 1 6750
8133 1 3717
8134 2 6500 4137
8135 3 2219 2410 8100
8136 1 2384
8137 2 1284 1623
8138 3 2122 2729 84
8139 3 7653 6256 3996
8140 0
8141 5 4729 5487 407 426 9976
8142 3 9176 3753 5204
8143 6 4716 8932 7700 8243 2690 2344
8144 1 4970
8145 1 9620
8146 1 9506
8147 2 8874 2798
8148 0
8149 4 1280 116 9797 8542
8150 1 9836
8151 3 3926 2397 7015
8152 2 2312 425
8153 1 2584
8154 2 1436 6892
8155 3 9818 165 1562
8156 3 697 7152 2690
8157 1 5907
8158 2 1097 718
8159 2 9232 5340
8160 4 1504 8482 9005 8907
8161 1 3117
8162 1 4881
8163 2 6688 7865
8164 2 2396 4516
8165 1 3642
8166 0
8167 1 7245
8168 3 493 6140 312
8169 3 7292 4065 4
8170 0
8171 2 759 2263
8172 3 825 2155 4014
8173 5 9033 4366 1676 4448 7555
8174 5 3707 9972 7277 4271 3490
8175 1 9299
8176 5 1668 5613 7078 5911 4257
8177 0
8178 0
8179 1 1992
8180 2 3357 332
8181 0
8182 5 6646 8213 4322 9801 9322
8183 1 4980
8184 4 5886 7700 2453 1313
8185 1 2563
8186 1 6521
8187 4 8406 6766 8042 2231
8188 3 3340 4318 3874
8189 2 9839 7842
8190 1 3255
8191 3 8708 2045 234
8192 0
8193 3 7903 9842 1483
8194 1 6254
8195 1 6758
8196 3 7338 3407 9012
8197 1 5070
8198 1 9873
8199 2 7540 1584
8200 3 5965 1834 5869
8201 1 6338
8202 5 3993 4984 1152 9345 3750
8203 2 6470 1314
8204 3 4113 582 6508
8205 0
8206 3 3586 7569 5677
8207 1 1113
8208 4 4332 5052 9254 1485
8209 6 363 1460 7557 4837 321 3014
8210 0
8211 3 3931 1283 318
8212 2 1501 1518
8213 0
8214 2 5517 682
8215 2 3593 2825
8216 3 7690 3978 9351
8217 1 2471
8218 1 3440
8219 1 5162
8220 0
8221 0
8222 2 7107 7559
8223 2 1863 9794
8224 2 510 4753
8225 1 4063
8226 3 575 8877 6243
8227 0
8228 1 2581
8229 2 8548 7606
8230 0
8231 2 132 5032
8232 3 7085 882 9547
8233 4 4577 5297 8087 9997
8234 3 2522 9703 7388
8235 3 4262 7570 1429
8236 3 3079 344 6628
8237 3 3722 7111 3615
8238 3 6341 3693 8057
8239 1 2519
8240 0
8241 2 3470 3453
8242 3 346 1105 1678
8243 2 7361 3063
8244 2 9154 1352
8245 1 7330
8246 4 9484 2608 1535 9387
8247 1 9193
8248 1 1110
8249 3 6372 1552 3669
8250 3 2665 6512 1575
8251 0
8252 1 413
8253 3 1341 5194 2646
8254 1 4889
8255 1 258
8256 2 5804 6584
8257 0
8258 0
8259 3 5247 9817 6192
8260 2 214 8953
8261 1 8819
8262 3 9689 385 5595
8263 1 8214
8264 3 2258 716 8798
8265 1 1937
8266 2 4033 7886
8267 4 8707 6645 6653 4881
8268 0
8269 3 5471 6880 2690
8270 3 1491 3808 6923
8271 2 6111 7936
8272 2 3549 957
8273 3 8393 5811 1383
8274 1 8153
8275 0
8276 0
8277 2 7574 5450
8278 0
8279 2 8151 13
8280 2 6808 9904
8281 0
8282 2 2988 7043
8283 3 3566 1370 8245
8284 0
8285 3 20 7639 1194
8286 3 8839 9850 6460
8287 2 823 9151
8288 0
8289 3 6181 5240 6355
8290 1 6813
8291 2 9116 1851
8292 4 4185 8097 9264 9702
8293 0
8294 1 7384
8295 2 5179 5889
8296 4 4206 8924 7641 9460
8297 1 112
8298 0
8299 5 1145 9482 7611 9474 5255
8300 0
8301 1 9102
8302 2 4873 9747
8303 3 6758 6434 3423
8304 2 2762 8449
8305 3 4865 1139 4058
8306 2 3361 6406
8307 2 2192 6841
8308 2 2727 4648
8309 4 9389 511 1166 7095
8310 2 2952 3738
8311 1 2494
8312 0
8313 0
8314 2 3045 656
8315 4 5307 243 9558 712
8316 1 6593
8317 3 9363 2692 626
8318 1 1663
8319 5 1645 8910 5730 3346 8322
8320 0
8321 2 9882 8182
8322 2 5989 1182
8323 1 5877
8324 2 9484 2969
8325 3 9184 9108 7668
8326 3 4360 5706 4320
8327 0
8328 3 4429 6401 1902
8329 2 9773 2491
8330 5 9967 9672 9166 9880 7981
8331 3 2351 5578 6998
8332 4 5729 2759 8172 4576
8333 7 3858 4343 6024 1546 2818 9886 8978
8334 1 3414
8335 2 2826 9554
8336 1 8072
8337 2 3869 9177
8338 1 4110
8339 4 1068 6227 1801 987
8340 2 6778 9033
8341 2 5127 2492
8342 1 8475
8343 1 400
8344 3 7555 3783 8784
8345 3 6202 3903 5168
8346 2 7867 2714
8347 4 8316 1986 8302 9914
8348 1 103
8349 3 4165 2032 3733
8350 3 3086 8719 1071
8351 2 7717 6605
8352 2 9001 5952
8353 3 6776 2747 3288
8354 1 9624
8355 4 6549 7663 5317 2357
8356 1 5876
8357 3 8964 8885 7327
8358 4 1226 4015 8285 9362
8359 3 8486 7855 1193
8360 1 2713
8361 3 9119 1802 4064
8362 3 4123 9842 7580
8363 2 9518 1633
8364 3 8201 5648 6364
8365 1 5826
8366 2 7780 2699
8367 1 2206
8368 1 8135
8369 2 8684 8056
8370 4 350 4876 5399 6995
8371 1 1507
8372 2 770 2645
8373 2 4216 6068
8374 1 9230
8375 2 6862 6854
8376 1 8698
8377 2 6015 4000
8378 4 9479 6453 79 431
8379 3 7739 9294 6230
8380 5 1960 606 7984 7611 3389
8381 1 983
8382 3 5535 1528 7699
8383 3 7624 7339 8530
8384 2 786 9664
8385 2 9173 7457
8386 5 9185 9765 1770 3504 4966
8387 3 2752 9440 6882
8388 0
8389 3 6675 6643 1450
8390 3 4988 4817 3190
8391 0
8392 1 2830
8393 1 2680
8394 2 1177 6566
8395 3 9543 1093 558
8396 0
8397 3 2740 7395 1125
8398 1 1608
8399 3 8578 7888 4681
8400 4 2631 2377 4720 4045
8401 2 7368 1622
8402 6 9889 2877 8679 8898 3071 6850
8403 3 6650 7495 1410
8404 1 2668
8405 1 1970
8406 2 3421 7347
8407 2 8714 6348
8408 2 3566 6765
8409 0
8410 2 9100 8114
8411 2 1382 7394
8412 2 2402 4683
8413 3 9452 2441 9491
8414 0
8415 2 6227 3893
8416 2 8803 5809
8417 3 6992 9224 7321
8418 2 4563 1693
8419 2 8361 5758
8420 3 1709 4103 4827
8421 0
8422 0
8423 5 4894 8868 6325 9732 4155
8424 0
8425 1 6992
8426 2 9715 8398
8427 2 3987 6502
8428 2 8532 2749
8429 0
8430 3 3643 3348 3992
8431 1 403
8432 1 6002
8433 4 595 1555 2222 1459
8434 2 7648 1173
8435 4 6154 7288 8740 4689
8436 1 5522
8437 1 199
8438 0
8439 2 3457 3822
8440 1 7873
8441 3 7038 1972 2750
8442 0
8443 2 7720 6179
8444 1 9731
8445 5 6307 8069 2582 6925 6636
8446 0
8447 1 7073
8448 3 3486 9414 1764
8449 2 243 2524
8450 3 5293 3092 8232
8451 0
8452 4 3484 5883 5086 2751
8453 2 6257 4507
8454 1 3732
8455 1 6024
8456 2 5251 4735
8457 3 5194 5068 5339
8458 4 4606 8324 9668 5835
8459 1 170
8460 0
8461 0
8462 1 9029
8463 3 2927 2354 8641
8464 4 8889 7721 8485 8859
8465 5 7843 6465 9395 2990 8416
8466 1 9089
8467 1 9057
8468 0
8469 3 1302 885 8722
8470 4 3554 1754 5959 7922
8471 2 6395 499
8472 2 7290 8008
8473 0
8474 0
8475 4 1317 7045 7929 6458
8476 2 8210 9821
8477 2 3307 4818
8478 3 4969 3564 7691
8479 1 9727
8480 3 1787 4026 538
8481 2 941 2860
8482 1 4799
8483 1 5584
8484 1 2039
8485 1 163
8486 1 3751
8487 1 8262
8488 1 8675
8489 0
8490 3 6481 4888 1810
8491 1 7988
8492 2 4862 1497
8493 1 1954
8494 2 14 9832
8495 0
8496 3 9456 1209 2145
8497 2 5950 9603
8498 1 5250
8499 2 8805 8887
8500 1 2048
8501 2 8266 3195
8502 2 4255 6152
8503 2 7140 9124
8504 0
8505 2 9937 891
8506 3 4186 8929 1015
8507 3 5020 8866 9470
8508 2 2137 9755
8509 2 8224 474
8510 0
8511 1 7835
8512 0
8513 1 227
8514 3 3198 9971 7876
8515 3 22 3554 4971
8516 1 4963
8517 1 560
8518 0
8519 4 1118 8778 8241 8601
8520 3 9030 30 9091
8521 4 4638 6252 1999 7231
8522 2 3959 5521
8523 1 2943
8524 1 9875
8525 4 6089 5954 3998 3258
8526 0
8527 0
8528 2 3867 3069
8529 1 7647
8530 1 813
8531 1 3591
8532 2 4282 2456
8533 0
8534 1 8437
8535 1 8244
8536 0
8537 1 8887
8538 2 2278 7713
8539 3 645 9454 7389
8540 2 3214 4857
8541 2 2686 5659
8542 2 4681 2678
8543 4 7839 9142 3941 3023
8544 1 1586
8545 1 1914
8546 1 273
8547 3 1801 2455 1818
8548 0
8549 2 9271 335
8550 3 1008 3098 157
8551 2 7398 9384
8552 3 7305 6802 1920
8553 2 245 5902
8554 3 1633 5872 8076
8555 3 3602 9758 7165
8556 1 7976
8557 2 2761 9380
8558 1 1627
8559 1 3465
8560 2 1046 9483
8561 3 3848 6581 8360
8562 2 4289 1192
8563 2 3015 8030
8564 1 3063
8565 2 3058 6924
8566 2 1086 500
8567 5 1309 4436 7662 1809 7462
8568 3 5362 5608 2042
8569 2 6054 9455
8570 1 289
8571 0
8572 1 563
8573 5 7166 6802 9476 2227 2203
8574 1 2436
8575 1 976
8576 2 8089 8922
8577 1 4025
8578 1 145
8579 4 5288 9496 5718 8605
8580 2 4693 7808
8581 0
8582 4 6342 8074 7799 5431
8583 2 9559 510
8584 1 6255
8585 2 2832 651
8586 0
8587 4 586 7270 749 2261
8588 3 6759 5666 3121
8589 2 6504 3011
8590 2 9991 7503
8591 3 5940 8414 4811
8592 1 7602
8593 1 3899
8594 1 1585
8595 2 8253 1565
8596 6 8571 447 3888 1423 5628 8817
8597 0
8598 1 2076
8599 3 4479 9422 5048
8600 2 5919 1546
8601 2 9852 8133
8602 0
8603 5 9492 515 5758 2546 720
8604 5 9931 5789 8589 4746 2807
8605 3 7758 7962 9232
8606 4 3975 6357 2667 1556
8607 4 8028 8589 6740 5009
8608 1 6826
8609 0
8610 1 5066
8611 3 5913 6520 8478
8612 2 7686 7288
8613 3 2652 9590 8723
8614 5 1951 4330 7388 5090 1843
8615 3 5844 1282 4441
8616 1 338
8617 2 3427 534
8618 2 3763 6006
8619 4 8059 5461 2660 7309
8620 2 9363 2186
8621 2 6226 5244
8622 1 7851
8623 2 1718 9206
8624 5 5314 8645 2925 9884 1968
8625 4 6029 788 9463 7732
8626 1 2904
8627 2 7882 771
8628 2 1749 7925
8629 3 3821 1548 4351
8630 2 4696 1285
8631 4 8480 338 7376 7239
8632 1 6051
8633 4 3688 7233 5911 5245
8634 3 3078 2835 1339
8635 2 9888 6112
8636 1 9761
8637 1 8539
8638 2 9040 5105
8639 3 2564 5536 6820
8640 4 1358 8170 5791 2588
8641 1 3571
8642 1 8958
8643 4 5146 8231 298 8721
8644 2 5151 3711
8645 1 543
8646 3 6461 7541 8231
8647 2 2693 381
8648 1 1050
8649 3 6153 941 3272
8650 2 6952 7090
8651 1 3071
8652 2 390 2208
8653 1 403
8654 3 9910 5297 7589
8655 2 2297 824
8656 2 6881 8030
8657 1 9394
8658 3 5006 5204 2076
8659 1 1168
8660 1 5674
8661 2 4621 4142
8662 2 5444 5859
8663 5 1880 2941 6589 6918 7281
8664 1 771
8665 3 3852 7653 9488
8666 3 9318 6972 9553
8667 1 5093
8668 4 9555 7764 8896 2495
8669 1 1565
8670 0
8671 1 7204
8672 1 5080
8673 1 3297
8674 2 4894 4484
8675 2 1449 1275
8676 1 5512
8677 2 2161 6
8678 1 6141
8679 1 5682
8680 2 5942 8222
8681 5 6404 9004 2621 6277 7237
8682 1 5006
8683 1 7707
8684 1 4276
8685 2 7750 2678
8686 1 8013
8687 4 4233 330 9070 2444
8688 0
8689 2 642 6527
8690 1 1230
8691 2 9953 8735
8692 5 9556 4196 2459 7119 222
8693 2 6611 105
8694 0
8695 1 8506
8696 3 1128 7284 620
8697 2 1626 4043
8698 3 9995 7741 7695
8699 2 2438 1131
8700 3 3900 7696 8959
8701 4 3154 1321 4014 9823
8702 1 8798
8703 3 5319 3640 9211
8704 2 7882 9673
8705 2 3803 4838
8706 0
8707 0
8708 2 6293 5428
8709 2 3010 3797
8710 1 4578
8711 1 9571
8712 2 5421 1211
8713 5 253 7968 173 8330 7826
8714 0
8715 2 317 6218
8716 1 710
8717 3 3244 1180 7873
8718 1 4182
8719 0
8720 2 1101 2038
8721 0
8722 4 9300 2051 9731 8470
8723 3 2898 329 7707
8724 1 8102
8725 1 2908
8726 0
8727 1 2365
8728 3 8767 8845 98
8729 3 4094 1815 1717
8730 2 3166 1254
8731 1 2915
8732 1 7147
8733 3 8855 3438 5320
8734 2 1246 9493
8735 3 8014 9528 2923
8736 1 1484
8737 5 8388 4210 4830 6410 4936
8738 1 3483
8739 3 7644 1364 2665
8740 2 2341 240
8741 2 9971 1449
8742 1 1503
8743 3 1329 8587 3058
8744 2 6512 2670
8745 1 9356
8746 2 9562 5350
8747 2 7571 5971
8748 0
8749 3 2281 7251 8160
8750 2 4949 5640
8751 2 5870 3086
8752 3 1727 8461 6178
8753 4 7570 7823 8072 6905
8754 1 6880
8755 2 8530 693
8756 0
8757 2 3528 4098
8758 1 104
8759 2 5832 4696
8760 2 1231 3526
8761 2 8013 8203
8762 3 3741 5915 630
8763 3 3444 7423 1092
8764 3 5797 2925 9331
8765 2 7553 2696
8766 4 8735 8060 4518 18
8767 2 7592 2075
8768 1 2327
8769 1 8412
8770 0
8771 0
8772 2 3285 2533
8773 0
8774 2 5200 7451
8775 3 4616 6541 3261
8776 2 8812 4859
8777 4 544 9345 7543 2330
8778 2 6265 8476
8779 5 4775 5937 8784 6335 1979
8780 5 956 8059 8709 6457 8521
8781 1 3767
8782 2 4737 790
8783 6 7630 1065 131 6952 6048 2560
8784 2 2984 3033
8785 0
8786 3 9144 2982 2674
8787 2 4245 1822
8788 2 3377 8296
8789 1 399
8790 1 3794
8791 1 2655
8792 1 9493
8793 1 7928
8794 2 6154 290
8795 1 3415
8796 1 5785
8797 0
8798 3 220 8243 7646
8799 0
8800 1 8654
8801 1 1854
8802 3 5053 1194 1564
8803 2 2852 8901
8804 3 2538 7605 5437
8805 5 9050 4538 1157 1618 6992
8806 3 7289 830 6056
8807 2 9544 9164
8808 7 8783 6791 2537 3682 6277 352 154
8809 1 161
8810 1 45
8811 3 5148 5469 1550
8812 2 1358 268
8813 2 2309 7406
8814 3 4470 7019 2064
8815 4 6399 7808 7649 4270
8816 2 5671 2250
8817 0
8818 7 7909 4211 5225 6984 5380 7194 6453
8819 4 357 8631 8057 2163
8820 2 5605 5775
8821 1 9421
8822 4 8842 5371 4290 8613
8823 1 7281
8824 2 1413 4637
8825 0
8826 1 8874
8827 3 6940 8744 3439
8828 5 8170 4577 1520 7678 4093
8829 2 7963 6594
8830 1 3105
8831 0
8832 2 4743 9586
8833 1 6964
8834 2 2103 8017
8835 4 9724 1570 8470 8222
8836 1 5354
8837 0
8838 2 5724 831
8839 4 8763 7669 9838 4263
8840 6 1302 1687 5869 7405 5562 4923
8841 1 2385
8842 1 4215
8843 2 963 6071
8844 2 9003 2635
8845 5 3176 8313 2995 2655 6765
8846 3 5445 4269 903
8847 0
8848 2 3379 3423
8849 1 8093
8850 0
8851 4 9312 520 1410 763
8852 3 8025 7525 4904
8853 1 9343
8854 1 9410
8855 5 2562 6980 494 2224 2945
8856 1 3178
8857 1 3738
8858 2 9102 9321
8859 2 5410 9490
8860 0
8861 0
8862 0
8863 0
8864 1 120
8865 1 4091
8866 0
8867 3 1556 1873 4129
8868 1 7361
8869 5 2982 9133 7316 2621 1555
8870 1 2236
8871 1 4850
8872 1 9148
8873 1 8190
8874 2 8275 2934
8875 4 7327 2307 2906 8628
8876 1 6651
8877 3 8117 3326 660
8878 2 6743 3618
8879 4 6625 1202 6668 2180
8880 2 2017 1686
8881 2 1025 9757
8882 4 1438 974 3921 8531
8883 2 2859 1530
8884 3 5954 5421 5983
8885 0
8886 2 1450 2249
8887 1 4721
8888 3 8730 3911 9482
8889 3 8146 2196 2320
8890 2 2099 4836
8891 2 1216 5207
8892 3 73 5226 7055
8893 2 247 2621
8894 1 6537
8895 2 3784 8732
8896 0
8897 2 9846 8676
8898 2 1842 8314
8899 2 4050 8301
8900 5 7617 4238 6419 7804 8943
8901 2 7427 8902
8902 2 9770 2339
8903 4 1451 9987 2900 1046
8904 1 630
8905 3 9326 489 8259
8906 3 970 3122 2926
8907 2 7225 3569
8908 2 1527 6949
8909 4 6075 5975 9657 4761
8910 0
8911 1 3707
8912 1 5981
8913 6 8185 4910 8699 6202 7143 9765
8914 2 6894 1048
8915 2 882 5942
8916 4 8696 334 8256 3537
8917 3 4882 861 243
8918 2 2209 3337
8919 4 6917 713 6934 2252
8920 2 2822 5034
8921 3 5696 7513 7968
8922 3 7158 443 1612
8923 1 4213
8924 1 6493
8925 1 2325
8926 3 9744 9303 1817
8927 2 2299 2774
8928 1 9006
8929 1 4865
8930 2 8763 641
8931 2 244 8731
8932 0
8933 1 9265
8934 3 5174 9205 724
8935 3 8979 6671 9843
8936 0
8937 3 8301 1289 6521
8938 1 4760
8939 0
8940 4 4310 8523 3889 6970
8941 3 8964 5033 7944
8942 4 1796 8119 1820 6439
8943 2 1159 7853
8944 3 1624 2342 5581
8945 2 5764 5500
8946 3 5789 170 8117
8947 1 7977
8948 2 2815 6744
8949 2 2406 7269
8950 1 2500
8951 0
8952 1 5087
8953 3 7461 1216 263
8954 0
8955 3 4816 1707 145
8956 3 7177 753 9501
8957 3 319 479 469
8958 5 4229 5049 8345 4622 8582
8959 2 7140 2876
8960 6 2576 4022 160 2090 2776 8679
8961 4 8155 6535 2541 5020
8962 2 5832 6429
8963 2 889 3302
8964 2 3349 9506
8965 1 4591
8966 1 1474
8967 1 6262
8968 2 7812 1975
8969 1 2496
8970 0
8971 1 797
8972 2 2406 7658
8973 1 9069
8974 2 989 3821
8975 1 8274
8976 2 2287 8486
8977 0
8978 2 6804 89
8979 0
8980 0
8981 3 3172 803 4509
8982 4 4627 112 9784 9468
8983 3 2587 3434 5734
8984 5 9507 1321 3326 375 6095
8985 1 4116
8986 1 8878
8987 2 6561 2168
8988 5 3850 89 1741 9682 6047
8989 3 9790 3824 2434
8990 1 8483
8991 4 479 3167 6167 9862
8992 1 9521
8993 1 5316
8994 3 5989 9149 6904
8995 5 4929 2194 5067 1890 7617
8996 2 5652 6038
8997 1 9752
8998 4 4072 3570 9270 9765
8999 2 6587 7043
9000 0
9001 3 3073 6830 4090
9002 1 3816
9003 3 7057 1169 4425
9004 2 7007 9362
9005 4 4017 8888 4614 5337
9006 4 7436 4781 1448 8790
9007 3 9819 5490 6573
9008 5 5877 6940 1100 7540 9734
9009 2 283 481
9010 0
9011 1 6389
9012 1 4648
9013 1 9890
9014 3 244 6 9913
9015 0
9016 3 7411 5966 5174
9017 3 9136 8900 2698
9018 0
9019 3 6970 916 4980
9020 0
9021 3 898 9690 9737
9022 3 9211 9344 3445
9023 3 9994 1749 4518
9024 3 774 6810 3048
9025 1 6857
9026 1 5246
9027 2 4798 4110
9028 4 9393 2007 6031 5698
9029 1 5781
9030 0
9031 2 7002 9638
9032 2 7070 9615
9033 3 4839 8495 3768
9034 1 4084
9035 0
9036 1 4533
9037 3 1357 7360 2579
9038 2 2828 2422
9039 2 2485 2895
9040 5 1174 9384 3795 3010 7296
9041 1 6385
9042 2 5808 2673
9043 2 3733 2048
9044 2 1430 9839
9045 6 3337 8549 8002 7704 1327 2635
9046 5 6413 3908 2786 8383 6396
9047 6 5466 5696 2027 7285 9074 9009
9048 4 1106 7412 9702 1451
9049 2 5286 1936
9050 2 5420 142
9051 0
9052 0
9053 1 2971
9054 3 1338 9964 5594
9055 4 6794 6248 7015 2837
9056 0
9057 4 3213 4796 6789 9090
9058 1 3260
9059 2 548 5169
9060 3 838 9737 4118
9061 3 1462 3649 3669
9062 2 4339 3650
9063 1 9566
9064 0
9065 1 3630
9066 3 2455 3029 117
9067 2 7625 2709
9068 2 3271 718
9069 2 4116 2494
9070 0
9071 2 3956 298
9072 4 6349 3999 1451 3501
9073 1 1889
9074 0
9075 3 1353 7283 1613
9076 2 2635 5519
9077 0
9078 3 3463 3435 1469
9079 1 8729
9080 3 4988 6469 2175
9081 5 1220 4806 98 5365 4516
9082 6 2006 5962 8761 3915 5308 3986
9083 2 7215 6031
9084 0
9085 1 4644
9086 2 2304 4379
9087 0
9088 4 3397 6683 8793 6864
9089 0
9090 0
9091 4 7938 696 4317 8489
9092 2 7101 9477
9093 1 8210
9094 0
9095 0
9096 1 5794
9097 2 6475 6350
9098 2 7083 4491
9099 2 6268 2452
9100 5 4519 174 5539 3943 2082
9101 2 8996 7222
9102 3 687 3223 1085
9103 2 3235 9623
9104 0
9105 2 9621 8059
9106 4 5028 9713 4630 3952
9107 0
9108 3 7584 7443 7920
9109 0
9110 0
9111 1 8106
9112 1 4480
9113 1 2499
9114 3 5785 2839 705
9115 7 2048 6940 4893 3119 8913 3079 1634
9116 1 1612
9117 2 8885 9524
9118 1 1806
9119 3 4880 7001 5788
9120 1 4177
9121 0
9122 2 734 9273
9123 3 925 3461 8887
9124 1 2220
9125 1 1108
9126 1 5622
9127 4 4907 7874 2867 9325
9128 2 1244 153
9129 4 6423 1736 8742 7945
9130 1 5255
9131 2 5782 3235
9132 2 7753 5307
9133 3 3852 9694 6510
9134 4 5429 8257 3409 5477
9135 5 2766 8080 3122 3725 6350
9136 3 4191 294 3867
9137 1 5009
9138 0
9139 2 3310 6939
9140 1 2957
9141 2 5238 5780
9142 2 8277 7931
9143 1 3510
9144 1 8316
9145 2 3989 8212
9146 0
9147 4 4506 3428 4924 7501
9148 2 5759 3652
9149 6 4321 2967 8667 3347 8055 9006
9150 3 2274 6010 4254
9151 1 6900
9152 3 7995 9776 3103
9153 0
9154 1 6033
9155 1 2806
9156 0
9157 2 3629 9354
9158 4 6731 3334 9979 9524
9159 2 8074 9531
9160 3 8471 6289 3685
9161 3 1191 5995 2637
9162 2 6434 4953
9163 3 3968 7545 8022
9164 1 2945
9165 1 7848
9166 3 6826 6223 1231
9167 3 4760 2453 1731
9168 2 112 8882
9169 3 1850 4822 8076
9170 3 47 1408 7274
9171 2 8701 7825
9172 2 3964 2069
9173 2 4932 4340
9174 0
9175 2 1510 6475
9176 0
9177 2 6380 8668
9178 1 831
9179 0
9180 4 9608 5219 1843 2384
9181 2 5271 2814
9182 2 4571 9630
9183 0
9184 3 4050 1494 5790
9185 1 1773
9186 1 3968
9187 2 9491 2335
9188 0
9189 1 1707
9190 4 2220 8609 2295 6044
9191 2 5947 8904
9192 1 5584
9193 1 2878
9194 3 6172 8921 9766
9195 1 1191
9196 4 5612 2190 4687 2317
9197 1 9144
9198 2 616 2359
9199 3 8584 1492 3175
9200 0
9201 1 2800
9202 0
9203 1 8679
9204 4 9913 5012 9037 8180
9205 0
9206 1 9609
9207 3 4404 9910 7172
9208 2 6564 3633
9209 2 3776 2000
9210 3 4932 5776 4025
9211 3 7351 6632 1382
9212 3 3888 3381 173
9213 1 1989
9214 1 7642
9215 1 3213
9216 0
9217 0
9218 2 4581 4445
9219 4 6743 2831 8678 6050
9220 1 3893
9221 0
9222 1 1326
9223 2 8037 395
9224 1 9569
9225 1 8947
9226 5 2437 2404 5026 682 66
9227 1 135
9228 2 366 7743
9229 3 5908 7151 2568
9230 0
9231 3 5259 7006 2261
9232 2 1796 1141
9233 1 1330
9234 1 6036
9235 3 288 9413 9607
9236 2 8004 2382
9237 2 501 6738
9238 4 9408 6125 2282 6639
9239 1 8926
9240 2 3772 6991
9241 3 5471 3859 670
9242 0
9243 1 3949
9244 2 9909 7297
9245 0
9246 4 1096 4438 2235 642
9247 2 3032 4183
9248 2 1796 5113
9249 1 8663
9250 3 5751 5901 1588
9251 1 5535
9252 1 4694
9253 2 1022 8414
9254 1 1934
9255 1 9553
9256 1 3613
9257 1 1990
9258 0
9259 4 9324 1978 446 7138
9260 4 7787 1681 6657 8526
9261 1 5742
9262 3 7737 1753 9241
9263 1 719
9264 2 4759 3388
9265 4 2853 730 7414 3502
9266 0
9267 5 9165 6527 7247 6761 1954
9268 0
9269 1 2115
9270 1 1241
9271 2 5278 9779
9272 3 3149 6111 3532
9273 0
9274 1 7762
9275 1 9555
9276 0
9277 2 4937 7346
9278 2 4168 4290
9279 3 9247 130 959
9280 1 3055
9281 1 3991
9282 0
9283 3 3893 5856 8768
9284 2 9682 5154
9285 2 8341 8519
9286 0
9287 1 7422
9288 1 4753
9289 2 2524 2601
9290 1 1465
9291 1 4323
9292 1 6835
9293 0
9294 4 635 3706 4193 6036
9295 0
9296 2 6608 3734
9297 2 786 4849
9298 1 3244
9299 2 1806 2785
9300 3 8252 4329 5955
9301 5 898 1424 6509 9657 8577
9302 1 758
9303 4 4833 6224 9321 7267
9304 2 835 9387
9305 2 9040 8197
9306 4 3671 7559 8549 2372
9307 3 7299 9951 7541
9308 2 630 7703
9309 1 4230
9310 2 2035 6189
9311 0
9312 2 1969 7854
9313 0
9314 2 9613 255
9315 1 6202
9316 2 1609 5897
9317 1 9686
9318 2 4181 8355
9319 1 7851
9320 2 4490 8638
9321 5 6737 1139 4587 9167 8157
9322 5 4245 8069 1575 6430 2303
9323 2 6366 6573
9324 2 8984 1402
9325 2 4398 5568
9326 0
9327 2 6307 746
9328 1 3513
9329 2 8407 8438
9330 3 8387 8412 70
9331 3 8848 173 1442
9332 0
9333 3 3403 2485 5697
9334 1 7668
9335 2 4573 9698
9336 1 2938
9337 1 7807
9338 1 6450
9339 1 608
9340 0
9341 3 4197 1253 7480
9342 3 1833 2665 4556
9343 1 4994
9344 0
9345 3 8196 3404 2013
9346 0
9347 2 9394 4340
9348 1 6013
9349 3 3731 6853 1710
9350 1 9228
9351 0
9352 2 7496 869
9353 1 5455
9354 4 2446 5024 5202 4192
9355 2 3582 6036
9356 3 5399 1718 1089
9357 1 9812
9358 2 9883 3423
9359 0
9360 2 2354 3852
9361 6 7820 3099 4859 678 6532 5186
9362 0
9363 3 824 7344 607
9364 2 4021 4494
9365 2 6108 1071
9366 2 2962 9101
9367 2 4084 8492
9368 0
9369 3 9150 8462 9114
9370 1 8008
9371 2 5166 1299
9372 1 159
9373 1 6600
9374 2 5280 4986
9375 0
9376 7 4184 2180 8094 4888 2473 6072 6871
9377 3 1118 3146 3586
9378 2 6979 7022
9379 2 8033 5689
9380 1 754
9381 2 197 207
9382 2 4177 1977
9383 2 6857 4956
9384 0
9385 1 4197
9386 2 7099 7015
9387 2 1145 8400
9388 2 4513 6193
9389 2 9610 8006
9390 2 1507 5050
9391 1 5246
9392 3 5996 5281 73
9393 1 9977
9394 0
9395 0
9396 4 139 4663 514 6604
9397 2 1031 9504
9398 1 7208
9399 1 4718
9400 2 424 8609
9401 1 7323
9402 1 8485
9403 2 1073 5282
9404 2 3762 7050
9405 5 4662 4401 7433 8433 9417
9406 1 4419
9407 4 3213 5165 6446 7609
9408 2 1704 380
9409 1 315
9410 2 3038 5157
9411 0
9412 3 3391 6888 841
9413 2 8768 4039
9414 1 1770
9415 1 4454
9416 1 1196
9417 2 7906 8464
9418 2 4134 2225
9419 0
9420 0
9421 1 6931
9422 2 4098 8727
9423 0
9424 2 8871 6980
9425 4 6045 2182 9130 3682
9426 1 8399
9427 2 7734 2140
9428 2 8365 753
9429 3 418 2135 4566
9430 2 8575 5590
9431 0
9432 2 712 4818
9433 0
9434 2 5600 3405
9435 3 7415 8535 2366
9436 1 5402
9437 1 1797
9438 3 1830 535 5467
9439 2 7299 9988
9440 1 7278
9441 1 4916
9442 1 2315
9443 4 5593 4766 1176 5007
9444 1 9253
9445 0
9446 1 3887
9447 4 6799 3791 3896 9771
9448 1 6246
9449 2 8557 6460
9450 2 9594 8242
9451 3 4660 2965 2346
9452 1 9454
9453 2 6484 3392
9454 0
9455 1 9077
9456 0
9457 1 9532
9458 2 5126 4918
9459 0
9460 2 3979 8161
9461 2 4902 7004
9462 7 3311 4955 6992 3777 252 220 1258
9463 4 3722 9922 9345 4896
9464 2 4861 1092
9465 4 2387 4455 8071 2624
9466 1 9896
9467 1 9610
9468 3 5294 6366 2889
9469 2 3714 5821
9470 5 5802 5674 3991 6751 507
9471 1 7814
9472 0
9473 1 9590
9474 1 7415
9475 0
9476 2 6168 8314
9477 3 5490 8428 366
9478 4 6011 7086 7712 4814
9479 4 109 7622 3439 5623
9480 2 7253 8073
9481 2 6025 7297
9482 1 8016
9483 3 4510 8100 6726
9484 1 7775
9485 2 5387 8025
9486 1 4121
9487 1 3863
9488 1 2292
9489 3 2729 4816 3618
9490 1 7412
9491 2 8240 524
9492 2 4432 5472
9493 3 6104 3793 2202
9494 2 6450 2258
9495 2 3779 5459
9496 2 41 4455
9497 2 6657 5638
9498 0
9499 1 6096
9500 2 9446 4310
9501 4 7127 1059 9117 6728
9502 4 2387 769 6554 9848
9503 4 3885 8821 787 8091
9504 1 4994
9505 0
9506 2 6767 4988
9507 5 4848 7913 5055 1332 5494
9508 1 5664
9509 1 4621
9510 1 4134
9511 0
9512 1 8661
9513 4 8399 1996 1046 8193
9514 3 3630 8031 3693
9515 2 8619 4110
9516 1 5157
9517 2 3248 5292
9518 0
9519 7 7110 6299 8508 4407 2863 1736 6355
9520 2 8676 8820
9521 0
9522 4 4777 7829 716 3640
9523 1 7281
9524 2 8953 6433
9525 0
9526 0
9527 0
9528 3 2250 8295 1854
9529 0
9530 2 3525 7744
9531 3 906 218 7697
9532 0
9533 3 7081 8467 7538
9534 6 4482 5663 726 8315 9489 8174
9535 2 7853 2454
9536 2 6070 6385
9537 2 8010 7974
9538 3 5786 2637 1744
9539 3 832 2142 7612
9540 1 9876
9541 1 9943
9542 4 9043 2342 6267 3421
9543 2 6339 5865
9544 0
9545 1 3474
9546 3 9037 3367 346
9547 0
9548 3 537 2124 637
9549 2 462 7042
9550 4 9242 2561 8779 6003
9551 2 1320 1610
9552 4 6476 6642 7374 6928
9553 2 3953 9286
9554 3 282 120 9646
9555 2 5986 8582
9556 0
9557 4 1430 5005 6230 5250
9558 0
9559 1 357
9560 4 7207 9998 6388 4001
9561 6 3886 7326 2239 8746 2544 3665
9562 3 8575 1230 3345
9563 4 7302 2478 8153 1312
9564 0
9565 4 9405 1369 5569 8997
9566 2 8272 6446
9567 2 5184 5415
9568 0
9569 1 6160
9570 3 3055 6020 698
9571 0
9572 2 4239 6388
9573 4 2898 1845 7318 5878
9574 2 9267 174
9575 0
9576 0
9577 0
9578 3 5479 5130 8456
9579 1 1560
9580 1 9171
9581 1 9640
9582 1 9881
9583 4 2385 6702 547 5804
9584 1 264
9585 2 9704 9616
9586 1 4360
9587 1 2066
9588 0
9589 2 2631 67
9590 3 4868 5981 2111
9591 2 96 7480
9592 3 8351 9235 5674
9593 0
9594 2 6937 959
9595 0
9596 4 516 890 1800 6530
9597 1 5863
9598 3 5560 8487 988
9599 2 813 4868
9600 1 2796
9601 3 8557 2977 7631
9602 2 4818 7471
9603 3 1727 7647 3681
9604 1 9566
9605 1 3776
9606 3 3874 7919 3455
9607 0
9608 0
9609 1 3865
9610 1 4768
9611 0
9612 3 9934 6066 1219
9613 3 2606 5158 8318
9614 4 8515 3762 2433 3751
9615 2 6526 4903
9616 2 8344 5301
9617 0
9618 2 2655 2740
9619 2 2516 5372
9620 1 8199
9621 2 853 4204
9622 0
9623 2 7891 8749
9624 2 8204 1113
9625 2 3643 1224
9626 2 5519 7245
9627 1 4700
9628 2 4381 5130
9629 2 2763 9693
9630 2 8892 5440
9631 1 4824
9632 0
9633 1 9342
9634 0
9635 2 9108 6581
9636 3 2394 8915 1856
9637 3 9148 4607 9565
9638 1 848
9639 0
9640 0
9641 3 6959 6378 1155
9642 1 6314
9643 4 5730 3484 1059 3592
9644 1 9308
9645 0
9646 1 6663
9647 4 7142 6175 7817 7307
9648 1 208
9649 2 2463 3192
9650 1 9204
9651 2 1485 6584
9652 1 3422
9653 0
9654 1 7959
9655 0
9656 3 4460 9114 2714
9657 2 5089 1922
9658 2 3917 440
9659 1 9241
9660 2 1418 2185
9661 2 6106 3354
9662 3 629 8918 5012
9663 1 4870
9664 2 6953 3379
9665 2 4736 1741
9666 3 6076 5131 7238
9667 3 7080 9579 460
9668 2 6716 9924
9669 1 6030
9670 2 4824 5321
9671 1 4810
9672 2 7078 1348
9673 1 6970
9674 2 3606 4546
9675 2 8851 627
9676 2 1828 7546
9677 3 8292 5833 1565
9678 3 8790 7468 395
9679 0
9680 4 737 7487 9036 3773
9681 2 2963 8473
9682 2 6665 9354
9683 0
9684 1 8640
9685 3 7009 4204 848
9686 2 5446 8101
9687 1 6808
9688 1 5976
9689 1 574
9690 0
9691 5 2053 3850 30 5756 5226
9692 0
9693 1 7881
9694 1 6678
9695 2 3422 8183
9696 3 862 4695 1092
9697 2 683 8576
9698 1 872
9699 2 3953 356
9700 2 2636 8220
9701 0
9702 1 6179
9703 1 4440
9704 1 3590
9705 3 5877 1561 4360
9706 1 444
9707 2 6472 223
9708 1 138
9709 1 958
9710 4 2469 4226 7199 3734
9711 0
9712 1 3177
9713 5 7250 7106 377 2295 6403
9714 3 9180 6097 9476
9715 1 2588
9716 1 8976
9717 3 5214 9493 8347
9718 4 4769 8752 339 3804
9719 1 2842
9720 1 7758
9721 3 277 7285 201
9722 5 1787 9563 2262 2433 1552
9723 4 3850 2173 3272 8555
9724 2 8410 7916
9725 2 8159 5797
9726 3 3412 2907 6938
9727 4 1009 8779 2872 1184
9728 2 2845 8832
9729 1 2741
9730 4 8915 374 878 2736
9731 2 708 7428
9732 1 6733
9733 8 9362 9368 859 1269 3089 6394 2352 9403
9734 2 2849 6272
9735 1 9832
9736 3 2597 9040 8371
9737 1 1634
9738 1 5999
9739 0
9740 4 3107 2772 9008 1456
9741 1 2330
9742 2 6223 9855
9743 3 2946 426 8219
9744 2 3630 7164
9745 1 6721
9746 4 7206 6217 6418 534
9747 0
9748 2 5385 7039
9749 1 5343
9750 3 8415 9211 6556
9751 0
9752 4 5205 6475 9106 4798
9753 1 1451
9754 1 8864
9755 1 3435
9756 2 3539 5475
9757 2 3260 6581
9758 1 7235
9759 4 7888 612 1393 7183
9760 1 8585
9761 3 6677 8935 7491
9762 3 3002 6428 2339
9763 2 7702 363
9764 2 6692 9077
9765 4 3479 2687 3149 8145
9766 2 6744 5684
9767 1 7990
9768 2 4060 2184
9769 1 3652
9770 4 213 9435 4578 8714
9771 2 2229 1501
9772 0
9773 2 6277 8709
9774 0
9775 2 8428 3390
9776 0
9777 1 4054
9778 1 7935
9779 2 9699 6775
9780 4 796 1884 8321 2855
9781 6 8093 7741 8174 7364 4065 9826
9782 0
9783 2 3967 3988
9784 1 4476
9785 0
9786 4 314 9003 593 4999
9787 2 6158 6036
9788 4 5946 7040 1209 840
9789 3 7607 739 645
9790 1 6191
9791 2 6078 8471
9792 1 7578
9793 0
9794 1 9422
9795 1 6851
9796 5 5372 9169 2979 8729 5944
9797 1 8044
9798 0
9799 2 5869 44
9800 1 2751
9801 2 8271 2150
9802 3 8899 6868 5362
9803 2 4413 7180
9804 2 7868 38
9805 3 9154 4148 1893
9806 1 5664
9807 0
9808 1 1632
9809 0
9810 3 2976 8213 5648
9811 2 2614 267
9812 2 9743 5068
9813 1 5176
9814 3 2922 6766 8032
9815 2 9861 1407
9816 0
9817 2 9347 8946
9818 2 7747 4398
9819 5 5664 4988 5967 2475 3966
9820 1 7918
9821 2 4665 757
9822 3 3485 9560 1559
9823 0
9824 0
9825 1 5438
9826 0
9827 1 2092
9828 1 86
9829 0
9830 3 813 7048 145
9831 1 3537
9832 2 9808 247
9833 3 4314 9696 2093
9834 3 4584 3664 5256
9835 3 7698 6039 5590
9836 1 7063
9837 1 5183
9838 0
9839 5 4293 191 7643 9987 2133
9840 2 9406 325
9841 3 5187 5048 874
9842 2 4805 2305
9843 0
9844 2 4368 4531
9845 0
9846 3 8269 2818 3852
9847 3 2600 3635 5097
9848 4 8884 3632 8802 7968
9849 2 9632 5207
9850 2 7783 9314
9851 2 740 6678
9852 0
9853 5 7299 493 4041 5738 9492
9854 5 7462 5254 5967 1286 5041
9855 2 6487 8512
9856 5 692 3298 542 8964 8794
9857 1 7672
9858 1 7512
9859 2 9692 5389
9860 1 2833
9861 3 7087 8907 1061
9862 2 7245 8057
9863 4 3036 4810 2065 7210
9864 4 1648 4762 7626 9078
9865 0
9866 1 4227
9867 4 1101 8499 5516 1410
9868 1 3630
9869 1 6249
9870 1 6080
9871 3 7108 2071 3814
9872 1 4176
9873 4 7024 6028 3857 9403
9874 2 7374 8316
9875 3 5844 4166 2505
9876 0
9877 4 8775 433 2533 8888
9878 2 2604 8724
9879 3 9134 9187 9826
9880 2 4118 8135
9881 4 1543 2269 6386 5171
9882 1 240
9883 1 7283
9884 0
9885 4 8281 2492 7435 3936
9886 0
9887 2 9088 3266
9888 8 3206 7253 1522 7034 2853 8300 2164 886
9889 5 5433 5051 3583 5204 4099
9890 2 9650 9177
9891 1 9141
9892 1 9796
9893 4 7100 2749 6465 8775
9894 4 5460 8988 7214 5116
9895 1 4278
9896 2 5497 1845
9897 2 4527 1051
9898 1 1472
9899 2 1538 6546
9900 3 5099 5269 7740
9901 1 8667
9902 1 9277
9903 2 4481 5187
9904 1 6102
9905 1 667
9906 3 5972 8510 5566
9907 1 4745
9908 1 159
9909 3 5579 3353 3553
9910 2 4119 5277
9911 4 2248 2685 9915 7559
9912 1 5748
9913 3 6411 1625 6416
9914 0
9915 3 8425 6412 8309
9916 2 21 8951
9917 0
9918 0
9919 1 1687
9920 1 7584
9921 1 9316
9922 3 6144 4358 4400
9923 5 6090 4411 4938 3863 7387
9924 0
9925 2 6731 800
9926 1 6316
9927 2 9807 6052
9928 2 3288 4820
9929 2 7835 2711
9930 3 5044 6559 5236
9931 1 747
9932 3 8870 8588 9783
9933 0
9934 3 3003 7396 5028
9935 2 6635 2467
9936 8 7412 8480 6748 1294 4159 4454 1133 9250
9937 2 6627 3557
9938 0
9939 5 3472 1907 6093 9674 2625
9940 2 3348 421
9941 1 8583
9942 1 6891
9943 6 3761 4893 4557 4049 3935 3513
9944 4 6316 7584 7513 1468
9945 2 1182 9431
9946 2 3799 8153
9947 1 2904
9948 1 4080
9949 4 7523 1973 6115 1606
9950 3 8712 5347 9023
9951 4 91 5139 2669 6244
9952 1 8626
9953 3 3152 4390 6302
9954 2 7098 2825
9955 2 6662 4060
9956 1 967
9957 1 5206
9958 2 4274 2728
9959 0
9960 5 9714 2394 9909 1209 1010
9961 4 6157 4096 7518 1757
9962 2 9526 423
9963 4 2808 425 3198 3633
9964 1 4664
9965 2 1433 5175
9966 0
9967 0
9968 1 7897
9969 4 4536 4754 4423 9485
9970 1 629
9971 0
9972 2 1944 4740
9973 1 3094
9974 1 6157
9975 3 2833 2411 3812
9976 0
9977 1 4387
9978 1 9395
9979 1 1211
9980 3 2517 7268 6238
9981 2 5932 160
9982 2 5122 9074
9983 2 526 6925
9984 1 6155
9985 4 7644 1999 7483 3805
9986 3 3440 8855 3096
9987 2 9663 7736
9988 0
9989 2 2205 5221
9990 0
9991 3 9549 7812 5283
9992 5 3843 6442 7740 1477 51
9993 2 250 5579
9994 2 7558 2420
9995 4 1183 5929 4973 9797
9996 2 675 1637
9997 0
9998 4 3464 7275 2132 9098
9999 3 367 6659 4408
0.85
0.000001
100
